route,lon,lat,area_m2
A1,32.5881061,0.31358929,449.9769
A1,32.59228798,0.31619936,756.6563
A1,32.5930036,0.31621027,272.904
A1,32.59261434,0.31639646,593.1697
A1,32.59277102,0.3168925,1547.9708
A1,32.59603544,0.31837929,705.8854
A1,32.59620323,0.31859361,43.9543
A1,32.59625485,0.31863101,76.8407
A1,32.59631865,0.31867877,75.6465
A1,32.59891491,0.32054755,601.0459
A1,32.59904072,0.32077778,81.9494
A1,32.59914202,0.32082732,101.3173
A1,32.59923042,0.32085655,214.8483
A1,32.60019537,0.32143742,623.1894
A1,32.59991745,0.32142889,265.4608
A1,32.59988094,0.32148274,26.9059
A1,32.6002099,0.3216782,204.6723
A1,32.60032552,0.32176822,80.0879
A1,32.60043768,0.32185597,199.7177
A1,32.60069499,0.32202384,729.1249
A1,32.60094175,0.32224766,97.5466
A1,32.60157464,0.32278848,36.2418
A1,32.59770957,0.31992662,32.8891
A1,32.60305365,0.32378931,531.4128
A1,32.60365028,0.32431602,388.809
A1,32.60421554,0.32444518,1395.7545
A1,32.60434446,0.32468846,445.6315
A1,32.5883937,0.31366001,427.6205
A1,32.58928412,0.3136806,767.8338
A1,32.58854373,0.31375529,114.3244
A1,32.58969308,0.31442123,180.669
A1,32.58979374,0.31449788,170.6782
A1,32.58987942,0.31456016,206.7705
A1,32.59126585,0.31494195,425.8605
A1,32.59104608,0.31478435,359.8608
A1,32.59063286,0.31499597,1473.3882
A1,32.59146248,0.31512422,149.6602
A1,32.59172497,0.31520092,761.697
A1,32.59196042,0.3153386,857.0774
A1,32.59216021,0.31557793,482.9802
A1,32.59166047,0.3157726,869.4084
A1,32.59243328,0.31577569,604.2448
A1,32.59287695,0.31583449,796.3989
A1,32.59198552,0.31595683,607.058
A1,32.5872128,0.31296834,360.2487
A1,32.5874894,0.31320384,324.7788
A1,32.61121396,0.32775022,9.8977
A1,32.61242727,0.32896746,144.5631
A1,32.61352131,0.32953883,31.7377
A1,32.61357079,0.32959786,26.3425
A1,32.61360424,0.32966659,33.9015
A1,32.62696727,0.3388872,23.5979
A1,32.62889204,0.33975532,11.8328
A1,32.63184149,0.3404727,125.8403
A1,32.63221527,0.34076873,34.0517
A1,32.63243815,0.34085179,64.905
A1,32.63267975,0.34095986,21.5751
A1,32.63273186,0.34097186,29.2818
A1,32.62062105,0.33615174,12.5373
A1,32.63326649,0.34144124,556.4041
A1,32.63396107,0.34163067,37.7707
A1,32.63484183,0.34176465,62.8354
A1,32.63590434,0.34220195,18.8405
A1,32.63624616,0.34231848,10.6199
A1,32.63636228,0.34235969,19.8113
A1,32.63653157,0.34242367,28.5882
A1,32.6376355,0.34282281,145.1189
A1,32.63776775,0.3428975,29.61
A1,32.63745754,0.34312872,417.4863
A1,32.63826266,0.34327718,29.3591
A1,32.64125801,0.34416827,133.5929
A1,32.65702955,0.35165642,17.9819
A1,32.65822674,0.35210061,73.1025
A1,32.65837301,0.35211327,158.1452
A1,32.65816446,0.35211849,13.7809
A1,32.65876353,0.35226155,48.1777
A1,32.65981803,0.35246432,21.198
A1,32.66362836,0.35257474,133.8878
A1,32.66444183,0.35258207,117.0539
A1,32.66373597,0.35261679,34.5189
A1,32.66459191,0.35262084,42.0494
A1,32.66513092,0.35263764,157.1784
A1,32.66162829,0.35265362,36.1093
A1,32.66093013,0.35265992,32.5369
A1,32.6618335,0.35267432,73.7968
A1,32.665424,0.35263273,89.6224
A1,32.65982473,0.35264968,33.7564
A1,32.66545984,0.35269795,14.1164
A1,32.66197131,0.35269505,37.4136
A1,32.66113467,0.35275959,67.5433
A1,32.66401033,0.3528142,16.3355
A1,32.66755951,0.35280662,187.383
A1,32.66729946,0.3528317,20.7487
A1,32.66737358,0.35284394,30.1493
A1,32.66748098,0.35285034,6.3134
A1,32.66748567,0.35286864,10.3444
A1,32.66798633,0.35293315,21.3003
A1,32.66788547,0.35293899,10.7817
A1,32.66877602,0.35302874,211.3377
A1,32.66715454,0.35304698,40.9089
A1,32.66896326,0.35309513,14.532
A1,32.66987782,0.35325783,32.0742
A1,32.66870196,0.35329876,17.0107
A1,32.66882499,0.35331909,14.8739
A1,32.66888789,0.35332147,21.775
A1,32.67033345,0.35338361,23.8422
A1,32.67040007,0.35341159,6.413
A1,32.67189244,0.35356209,212.7616
A1,32.67201128,0.35359758,32.6454
A1,32.67189389,0.35367234,30.1067
A1,32.67210428,0.35367336,10.1464
A1,32.67461869,0.35412014,24.1853
A1,32.67517788,0.35423514,42.1151
A1,32.67524675,0.35423816,48.4473
A1,32.6753163,0.35425286,11.3405
A1,32.67584218,0.35425665,167.291
A1,32.67564662,0.35425809,246.2653
A1,32.67530495,0.35427114,6.8135
A1,32.6757592,0.3543138,94.3609
A1,32.67602516,0.35433186,45.5269
A1,32.67599199,0.35434286,45.5444
A1,32.67744174,0.35452561,76.9672
A1,32.67751914,0.35456309,111.7225
A1,32.67776896,0.3546687,32.7763
A1,32.6778833,0.35466905,99.1606
A1,32.6776562,0.35471053,37.7448
A1,32.6780005,0.35473491,18.5742
A1,32.67788966,0.35476484,12.2915
A1,32.67839401,0.35476768,24.8439
A1,32.67858444,0.35477562,190.433
A1,32.67988147,0.35508016,15.4439
A1,32.67997558,0.35514655,33.5699
A1,32.75584263,0.35511403,7.8034
A1,32.75581663,0.35520675,171.4786
A1,32.75573314,0.35529443,262.4977
A1,32.7556131,0.35538165,188.9463
A1,32.75552302,0.35549806,439.8086
A1,32.75542674,0.35558004,451.549
A1,32.75531091,0.35563988,182.9667
A1,32.75520291,0.35572683,192.4773
A1,32.75513156,0.35578794,118.4169
A1,32.7547976,0.35607789,136.945
A1,32.754626,0.35626201,251.7197
A1,32.75456865,0.35632819,288.9659
A1,32.75446456,0.35635429,198.3436
A1,32.7543614,0.35645925,261.7332
A1,32.75380107,0.35650456,22.7917
A1,32.75406946,0.35669492,215.4166
A1,32.75271944,0.35763282,66.2697
A1,32.75250265,0.35784872,30.3647
A1,32.75244199,0.35787259,73.6915
A1,32.75232139,0.35792003,133.1551
A1,32.75220488,0.35798563,63.4459
A1,32.75212844,0.35806656,107.4559
A1,32.75196715,0.35813463,172.0228
A1,32.75104748,0.35821653,24.1937
A1,32.7517489,0.35822484,186.1874
A1,32.7516157,0.35829388,24.7606
A1,32.7515535,0.35837756,124.6844
A1,32.75089819,0.35870082,127.7486
A1,32.75079661,0.35870159,72.3866
A1,32.75070549,0.35878303,170.1942
A1,32.75060011,0.35887978,400.4459
A1,32.74884424,0.35933412,25.4693
A1,32.68992299,0.35885797,48.6581
A1,32.69002682,0.35929515,22.2167
A1,32.69017015,0.35936647,13.4016
A1,32.6910509,0.35985575,210.6045
A1,32.69122692,0.36005561,231.7598
A1,32.69146884,0.36007477,33.2323
A1,32.69153718,0.36010685,25.8199
A1,32.69164924,0.36012995,9.2896
A1,32.74625908,0.36091692,18.4221
A1,32.74619225,0.36096026,31.3275
A1,32.74551822,0.36169805,351.9523
A1,32.74480688,0.36189831,8.0851
A1,32.74499158,0.36202992,15.7443
A1,32.74488846,0.36207135,17.622
A1,32.74495956,0.36211941,110.6424
A1,32.74490787,0.36222781,301.3937
A1,32.74473847,0.3624575,466.9991
A1,32.74454941,0.36262767,254.4177
A1,32.74433858,0.36282462,353.5265
A1,32.74410938,0.36298694,244.2201
A1,32.74402524,0.3631331,405.0337
A1,32.74385849,0.36321593,193.7073
A1,32.7437595,0.36329979,65.0279
A1,32.74370676,0.3633539,147.6093
A1,32.74360642,0.36347451,287.6874
A1,32.74349604,0.36358992,189.4426
A1,32.74331388,0.36380484,301.7605
A1,32.74319987,0.3638692,162.9659
A1,32.74310138,0.3639494,151.71
A1,32.74253911,0.36403609,34.9949
A1,32.70191128,0.36518176,26.6762
A1,32.74250416,0.36451216,385.6495
A1,32.74176586,0.36480475,112.6614
A1,32.74187561,0.36496505,26.0283
A1,32.70479205,0.36656889,13.654
A1,32.70912754,0.36699051,47.7288
A1,32.70860457,0.3669709,12.7517
A1,32.70939876,0.36707936,72.156
A1,32.70945495,0.36710528,22.8234
A1,32.739724,0.36716599,17.495
A1,32.70845143,0.36719341,15.6074
A1,32.7105142,0.36744395,42.3971
A1,32.71062383,0.36748894,126.3322
A1,32.64611121,0.34559908,20.7974
A1,32.64616842,0.34562866,11.1591
A1,32.64774893,0.34606065,114.3741
A1,32.64787261,0.34609377,31.0395
A1,32.64953418,0.34659976,37.9071
A1,32.6493527,0.34689726,245.3433
A1,32.65082227,0.34726198,44.9225
A1,32.65188422,0.34752108,27.8556
A1,32.64135505,0.34426382,18.6335
A1,32.64127508,0.34449437,47.0642
A1,32.64231115,0.34453231,46.8321
A1,32.64329051,0.34481545,8.9442
A1,32.64361227,0.34482449,107.8205
A1,32.64332309,0.34483204,22.4156
A1,32.64373623,0.34488918,123.2872
A1,32.64364042,0.34494035,19.7537
A1,32.64383574,0.34494879,266.8169
A1,32.64400985,0.34498093,67.9363
A1,32.64412044,0.34507255,99.8178
A1,32.64423932,0.34509884,72.1863
A1,32.64437795,0.34512826,40.1353
A1,32.64460294,0.34517716,17.3761
A1,32.64438778,0.34518184,10.631
A1,32.64502042,0.34531629,17.0371
A1,32.64471662,0.34537781,39.9287
A1,32.64586184,0.34553471,6.0817
A1,32.64701362,0.34581444,64.9336
A1,32.64687294,0.34585902,23.2091
A1,32.64723074,0.34593867,15.8905
A1,32.63532948,0.34214529,17.7424
A1,32.63682373,0.34293977,164.6059
A1,32.64084883,0.3440494,76.2476
A1,32.63978916,0.34395389,8.2094
A1,32.63981549,0.34395745,8.653
A1,32.64108875,0.34412895,124.316
A1,32.64075526,0.34440614,616.2297
A1,32.71167131,0.36773926,582.0638
A1,32.71145101,0.36778627,313.3476
A1,32.71172598,0.36789792,50.5845
A1,32.71180144,0.36792213,159.9249
A1,32.71192031,0.36798741,170.0435
A1,32.71204268,0.36804884,138.3102
A1,32.71209835,0.36807332,61.2146
A1,32.71215431,0.36808854,118.6203
A1,32.71221466,0.36810055,113.4108
A1,32.7123894,0.36818352,92.4791
A1,32.71228002,0.36821726,12.3268
A1,32.71231615,0.36823281,11.9
A1,32.71256387,0.36825445,306.5141
A1,32.71305791,0.36834053,312.0777
A1,32.71271521,0.36831926,156.1798
A1,32.71277177,0.36841122,64.2213
A1,32.71287525,0.36841787,117.8492
A1,32.71294684,0.36844523,97.5432
A1,32.71315982,0.36848375,212.6757
A1,32.71324483,0.36855342,140.7658
A1,32.71331179,0.36858071,113.8407
A1,32.71341402,0.36864521,199.5754
A1,32.71351351,0.36866725,149.8361
A1,32.71385754,0.36888307,28.5444
A1,32.71399791,0.36891309,132.8503
A1,32.73830679,0.36813203,36.4628
A1,32.73807453,0.36838796,50.6664
A1,32.73797631,0.36844224,46.6639
A1,32.71428317,0.36902203,220.9247
A1,32.71459505,0.36913119,115.7213
A1,32.71446107,0.36914965,28.1763
A1,32.71468756,0.36916963,130.8955
A1,32.71479189,0.36921787,161.072
A1,32.71460636,0.36961266,234.5958
A1,32.71599049,0.36985735,33.1441
A1,32.71652027,0.37001568,334.8206
A1,32.73629441,0.37008179,14.4353
A1,32.73627128,0.37009983,9.2474
A1,32.72576456,0.37013879,128.3544
A1,32.71697576,0.37023404,137.7063
A1,32.73607346,0.37029772,17.3333
A1,32.72613437,0.37042614,21.6186
A1,32.72607144,0.37042891,38.9821
A1,32.72712,0.37133348,8.0578
A1,32.72717342,0.37136532,9.3501
A1,32.73437243,0.37179996,87.3175
A1,32.73453979,0.37190102,29.1041
A1,32.73446504,0.37195183,29.5385
A1,32.70144595,0.36471289,233.7377
A1,32.70137917,0.36512219,130.4678
A1,32.67003178,0.35352331,22.6394
A1,32.67043106,0.35359638,11.2182
A2,32.41972855,0.26019154,21.5764
A2,32.39928625,0.25475079,187.562
A2,32.39943929,0.25491126,8.9493
A2,32.3994733,0.25497666,29.6914
A2,32.40081464,0.25605802,17.2888
A2,32.40088118,0.25611753,16.7584
A2,32.40102332,0.25623091,32.3467
A2,32.40107278,0.25625234,7.4863
A2,32.40153924,0.25655627,16.4506
A2,32.40156353,0.25655977,10.0204
A2,32.40159958,0.25657204,12.774
A2,32.40193245,0.25681676,47.8493
A2,32.40229149,0.25687521,18.5041
A2,32.4021571,0.25689554,22.0059
A2,32.40278131,0.25728531,14.4144
A2,32.40296629,0.25742862,28.5074
A2,32.40441535,0.25802412,18.0782
A2,32.409658,0.25830499,104.009
A2,32.40897143,0.2586478,14.0426
A2,32.40605865,0.25867799,22.1724
A2,32.40880971,0.25869632,13.1241
A2,32.4082431,0.2587481,18.9949
A2,32.42477759,0.26233166,22.3574
A2,32.42500703,0.26260826,16.5624
A2,32.42565227,0.26293241,21.84
A2,32.42572056,0.26299639,117.6978
A2,32.42680704,0.26346712,13.17
A2,32.42691585,0.26353756,26.7284
A2,32.42740399,0.26367425,21.5852
A2,32.42771316,0.26370997,8.7946
A2,32.42867855,0.26442345,7.4208
A2,32.43219405,0.26619141,59.9563
A2,32.43385028,0.26670733,28.1994
A2,32.46352137,0.27166224,50.9207
A2,32.46457812,0.27193618,22.1391
A2,32.46459869,0.271973,12.5474
A2,32.46469953,0.27201834,22.1941
A2,32.46492191,0.27216769,35.8925
A2,32.46538314,0.27238438,15.531
A2,32.46244147,0.27167269,10.8457
A2,32.46686503,0.27322077,21.6275
A2,32.46692982,0.27326776,116.4348
A2,32.46697372,0.27336491,16.828
A2,32.46701644,0.27342754,25.1472
A2,32.46727384,0.27373351,16.6932
A2,32.46736451,0.27381244,28.0794
A2,32.46752014,0.27466828,20.9364
A2,32.46821999,0.27579264,104.3638
A2,32.46820965,0.27592898,14.7552
A2,32.46824011,0.27597523,15.3951
A2,32.46827599,0.27606664,25.9305
A2,32.46812683,0.27631875,227.8227
A2,32.45903817,0.27620739,33.0906
A2,32.4590895,0.27623958,26.6755
A2,32.45857481,0.2775511,30.8605
A2,32.4747759,0.27835854,9.4605
A2,32.45858512,0.2781601,15.099
A2,32.45850999,0.27834896,85.5171
A2,32.47391726,0.27887361,27.8066
A2,32.47036412,0.27919652,106.5595
A2,32.44688306,0.27906338,10.3057
A2,32.44708569,0.27928706,27.516
A2,32.45766572,0.28030429,22.2183
A2,32.45740305,0.28030853,18.9248
A2,32.44923757,0.28117733,53.9335
A2,32.44935843,0.28125172,79.6252
A2,32.4494705,0.2813454,91.3784
A2,32.44999568,0.28175873,522.2511
A2,32.47697346,0.27821467,45.3529
A2,32.47843329,0.27876566,19.352
A2,32.49095349,0.28523043,51.165
A2,32.49510016,0.2864144,29.1733
A2,32.4966308,0.2867941,6.7964
A2,32.4974234,0.28754518,11.0526
A2,32.49724582,0.28761824,21.529
A2,32.49755202,0.28819359,38.827
A2,32.49756207,0.28827566,20.2038
A2,32.49756542,0.28831442,15.5332
A2,32.4976157,0.28844989,16.2602
A2,32.49893536,0.29104132,146.7095
A2,32.49906581,0.29115972,203.0252
A2,32.4570722,0.28183229,379.7254
A2,32.45680918,0.28244744,21.4257
A2,32.45064701,0.28198514,9.2417
A2,32.45166387,0.28226942,46.839
A2,32.45140566,0.28228658,16.8872
A2,32.45619254,0.28344853,50.5439
A2,32.45614877,0.28346858,21.7903
A2,32.4535525,0.28384732,25.7376
A2,32.45574011,0.28392228,163.6961
A2,32.54492591,0.29588266,28.0757
A2,32.54483973,0.29609836,12.2269
A2,32.54488493,0.29612496,37.3691
A2,32.54399285,0.29633124,11.385
A2,32.54200823,0.29660167,17.3938
A2,32.5407049,0.29721042,80.0369
A2,32.54030226,0.29731714,28.5051
A2,32.54368535,0.29645707,35.8671
A2,32.54296879,0.29657778,12.5198
A2,32.54293589,0.29663056,65.7775
A2,32.50755495,0.29855605,134.2362
A2,32.52662345,0.30229917,18.2286
A2,32.52583222,0.30233181,104.6874
A2,32.52490736,0.30271819,67.1134
A2,32.52491606,0.30284025,14.2526
A2,32.52454157,0.30293212,19.5987
A2,32.52329641,0.30373422,16.1061
A2,32.52271344,0.30398219,17.0868
A2,32.52223193,0.3041374,9.6419
A2,32.52214701,0.30415916,8.8968
A2,32.52207443,0.30418685,13.7016
A2,32.52216107,0.30419974,12.3835
A2,32.52213393,0.30421265,11.0499
A2,32.5218794,0.30428867,9.6078
A2,32.52098369,0.30442619,77.1149
A2,32.51948447,0.30547901,120.2217
A2,32.51906681,0.30565852,29.5847
A2,32.51851571,0.3056827,32.7634
A2,32.51878221,0.30580603,11.3281
A2,32.51832023,0.30583177,33.6206
A2,32.51526216,0.30585025,7.4514
A2,32.51818354,0.30589395,31.0271
A2,32.51542683,0.30599948,10.0754
A2,32.51546029,0.3060259,14.9881
A2,32.51824421,0.30608651,19.742
A2,32.51813631,0.30615685,35.3778
A2,32.51810265,0.30617541,20.002
A2,32.43911492,0.27130087,14.942
A2,32.43914627,0.27133854,13.7279
A2,32.43943492,0.2725579,5.6274
A2,32.4407319,0.27495735,11.1696
A2,32.49870383,0.29132382,42.8428
A2,32.49878094,0.29141058,84.7461
A2,32.49941514,0.29143312,112.4741
A2,32.49892222,0.29151884,41.0259
A2,32.49980837,0.29152868,636.0545
A2,32.49909656,0.29166545,107.0653
A2,32.49915782,0.29172647,46.2953
A2,32.49923545,0.29174756,82.6255
A2,32.49956285,0.2919423,83.5599
A2,32.49964889,0.29197624,52.8142
A2,32.49970633,0.29199576,43.4273
A2,32.50081925,0.29204703,126.9956
A2,32.50001132,0.2920878,10.1875
A2,32.50061628,0.29233396,22.6048
A2,32.50104343,0.29251239,40.6237
A2,32.50164747,0.29294104,138.7764
A2,32.50236301,0.29316149,105.3718
A2,32.50219162,0.29344214,59.5461
A2,32.50288474,0.29388478,24.3892
A2,32.5037103,0.29529346,25.221
A2,32.50443895,0.29587444,13.1815
A2,32.50529869,0.29655709,197.9348
A2,32.5060724,0.29727623,121.713
A2,32.50604008,0.29758512,6.8488
A2,32.50619623,0.29772116,15.9144
A2,32.5351971,0.29869989,70.1266
A2,32.53502193,0.29875317,20.879
A2,32.53495254,0.29875901,7.0083
A2,32.53492724,0.29877203,22.3785
A2,32.53854059,0.29778183,154.6649
A2,32.53841193,0.29781588,68.2702
A2,32.53833549,0.29781713,25.752
A2,32.53729368,0.29783892,19.1773
A2,32.5378206,0.29791889,15.0442
A2,32.53767083,0.29795848,34.5616
A2,32.53725608,0.29808013,16.6247
A2,32.53719802,0.29810935,24.036
A2,32.53700791,0.29811396,12.472
A2,32.5361889,0.29821555,23.1798
A2,32.5373735,0.29814068,302.8406
A2,32.53676145,0.29814661,19.8738
A2,32.53546528,0.29858035,199.0027
A2,32.53525727,0.29869002,85.3738
A2,32.53489822,0.29879189,17.8233
A2,32.53516343,0.29881896,293.3295
A2,32.53369693,0.29909019,14.3618
A2,32.54831508,0.29525906,203.2269
A2,32.54811122,0.2953382,171.9726
A2,32.54735744,0.29545437,55.5499
A2,32.5473768,0.29549888,35.5276
A2,32.54555242,0.29593433,19.754
A2,32.51556397,0.30610246,71.9627
A2,32.5161864,0.30615068,270.1286
A2,32.51569948,0.30621116,50.0986
A2,32.51576137,0.30626295,10.9744
A2,32.51801108,0.30626114,124.2647
A2,32.51701945,0.30651298,28.9474
A2,32.51680414,0.30683462,32.5183
A2,32.51668269,0.30711981,22.6683
A2,32.51660981,0.30714831,32.4985
A2,32.52011403,0.30483379,32.6654
A2,32.51993269,0.3048434,88.5305
A2,32.52073342,0.30485351,42.0672
A2,32.5201532,0.30507261,22.2721
A2,32.53357896,0.29919195,19.2777
A2,32.53267192,0.2996838,14.5258
A2,32.53377929,0.29952007,1654.1639
A2,32.53232195,0.29957867,111.9603
A2,32.52970803,0.3009741,16.7481
A2,32.52779453,0.30177854,28.0862
A2,32.52766071,0.30187567,324.5104
A2,32.52738127,0.30208603,298.6975
A2,32.52517431,0.30264396,13.2881
A2,32.5564062,0.29438451,32.2216
A2,32.5565396,0.29441173,274.0361
A2,32.55284064,0.29423406,53.1445
A2,32.55353534,0.29463434,117.7261
A2,32.55306356,0.29465516,202.8388
A2,32.55519778,0.29458329,5.8792
A2,32.55497583,0.29459158,9.6595
A2,32.55467659,0.29460543,111.9295
A2,32.55169642,0.29427148,29.3165
A2,32.55186555,0.29459598,7.3175
A2,32.55142525,0.29466105,7.8493
A2,32.55188634,0.29467352,188.6497
A2,32.55156005,0.29467664,140.3497
A2,32.55148812,0.29467846,76.2186
A2,32.55066902,0.29475816,29.9757
A2,32.5507086,0.29475929,17.09
A2,32.55051751,0.29492766,595.4056
A2,32.54979025,0.29499144,122.6636
A2,32.54924144,0.29501432,8.8412
A2,32.54884392,0.29516233,325.0283
A2,32.56021566,0.29390419,50.2638
A2,32.56084688,0.29403017,86.9962
A2,32.56058986,0.29410849,259.1534
A2,32.55767336,0.29434731,18.795
A2,32.55630617,0.29443269,131.58
A2,32.55622236,0.29445572,43.5494
A2,32.56927636,0.29243129,172.8387
A2,32.56941356,0.29244763,120.8482
A2,32.56947461,0.29252569,10.1021
A2,32.56950619,0.29257124,30.2851
A2,32.56907379,0.29265753,24.44
A2,32.56977708,0.29267008,18.7665
A2,32.57010895,0.29267261,262.9028
A2,32.56947633,0.29276536,17.2855
A2,32.56940826,0.29285417,283.2605
A2,32.57042381,0.29286918,155.1618
A2,32.56959712,0.29288502,127.2394
A2,32.56991472,0.29300307,81.5082
A2,32.5697169,0.29299238,399.8564
A2,32.56539077,0.29309694,42.9921
A2,32.56586635,0.29311755,212.9376
A2,32.57040776,0.29309835,38.0539
A2,32.57041474,0.29317438,33.6629
A2,32.57055592,0.29324196,26.3013
A2,32.57209247,0.29366646,48.4099
A2,32.57218744,0.29368981,99.7502
A2,32.57075594,0.29337388,34.7656
A2,32.56368368,0.29343232,7.9656
A2,32.56404267,0.29343432,115.8111
A2,32.56446887,0.2934496,997.1648
A2,32.56335278,0.29321516,113.3353
A2,32.56327748,0.29324181,101.2241
A2,32.56321565,0.29327969,20.4904
A2,32.56250634,0.29340027,53.401
A2,32.56256877,0.29363401,13.3247
A2,32.56254149,0.2936655,38.869
A2,32.56247235,0.29367801,39.4503
A2,32.57198317,0.29369461,109.9403
A3,32.54008435,0.13951637,15.7951
A3,32.54012527,0.13955896,17.7454
A3,32.54129499,0.14087699,25.1702
A3,32.54159104,0.14116973,8.9542
A3,32.54163268,0.14121709,20.9134
A3,32.54298015,0.14267931,42.1938
A3,32.54500856,0.14599844,16.0248
A3,32.54516206,0.14633593,14.1504
A3,32.53858323,0.17743718,4159.9148
A3,32.53850236,0.18079023,91.5797
A3,32.53854889,0.18168705,45.8873
A3,32.53855462,0.18187026,26.9352
A3,32.53855733,0.1822415,23.504
A3,32.54596703,0.15198823,7.314
A3,32.54597025,0.15201041,7.5392
A3,32.5424227,0.16930834,59.2528
A3,32.54524677,0.16065701,8.4616
A3,32.54393803,0.16369782,12.9325
A3,32.54392533,0.1637236,11.1406
A3,32.54379065,0.16397433,22.6148
A3,32.54360833,0.16437314,45.0617
A3,32.54272925,0.16814558,46.7586
A3,32.5427333,0.16833083,24.4684
A3,32.54382365,0.1639296,32.7493
A3,32.53930406,0.19071934,25.5327
A3,32.53932544,0.19106053,7.5507
A3,32.53950531,0.19193476,173.6511
A3,32.53964999,0.194466,34.2169
A3,32.53973285,0.19531611,72.7194
A3,32.53982286,0.19631373,62.2307
A3,32.53989252,0.19645077,346.5099
A3,32.53982914,0.19669776,10.7694
A3,32.54011981,0.20077599,8.926
A3,32.54049903,0.20469272,15.5231
A3,32.53874746,0.18444156,18.5501
A3,32.53879226,0.18470994,12.3666
A3,32.53888286,0.18857142,34.6758
A3,32.54055837,0.20544286,10.1903
A3,32.5404365,0.20636747,25.715
A3,32.54085975,0.20846429,39.2888
A3,32.54142523,0.2105075,8.7742
A3,32.54146011,0.21064119,22.9175
A3,32.54147468,0.21069546,21.3723
A3,32.54150143,0.21083163,42.9693
A3,32.54151286,0.21093628,35.4763
A3,32.54157157,0.21110051,21.7067
A3,32.54275701,0.21416218,149.1708
A3,32.54294262,0.21466422,142.9721
A3,32.54282135,0.21471921,19.8855
A3,32.54301923,0.21497314,7.9993
A3,32.54422645,0.21728892,9.7438
A3,32.54451888,0.21787163,26.7113
A3,32.54581113,0.22026265,12.2892
A3,32.54638216,0.22184615,13.2742
A3,32.55294834,0.23376256,44.3661
A3,32.55373576,0.23516043,96.7772
A3,32.55529371,0.23939632,19.9544
A3,32.55784776,0.24555392,77.2561
A3,32.55839649,0.2462362,5.9647
A3,32.56003658,0.24889342,44.39
A3,32.55139151,0.23083212,24.5108
A3,32.54761495,0.22371587,21.5726
A3,32.54849616,0.22578854,16.8861
A3,32.55990934,0.24874817,11.2501
A3,32.55988677,0.24876981,17.7486
A3,32.5599689,0.24879959,81.2224
A3,32.55048179,0.22968737,36.5958
A3,32.56091599,0.25022727,39.8225
A3,32.56112757,0.25049478,137.5286
A3,32.56130796,0.25077734,136.4483
A3,32.56130337,0.25090088,26.1071
A3,32.562096,0.25193208,52.2799
A3,32.56237564,0.25227936,34.242
A3,32.56245244,0.25233912,140.4243
A3,32.56194388,0.25247506,31.0357
A3,32.56253315,0.2525469,260.1123
A3,32.5621961,0.25281083,265.9895
A3,32.56268077,0.25279,101.1686
A3,32.56275945,0.25287273,50.2441
A3,32.56224709,0.25291344,34.1439
A3,32.56234406,0.25303736,110.9642
A3,32.56307152,0.25329637,274.1935
A3,32.56313182,0.25340528,99.1338
A3,32.56266383,0.25343775,31.415
A3,32.56270743,0.25354363,60.8089
A3,32.56321263,0.25369094,6.9756
A3,32.56328801,0.25369478,59.9068
A3,32.56283781,0.25372494,105.8455
A3,32.56289293,0.25377367,13.6475
A3,32.56290354,0.25380449,28.4045
A3,32.56294138,0.25383489,15.2034
A3,32.56338353,0.25385478,31.5607
A3,32.56342604,0.25391673,11.127
A3,32.56299375,0.25392822,105.7858
A3,32.56321673,0.25425064,30.8307
A3,32.56324665,0.25432167,115.0821
A3,32.56370402,0.25433795,22.0539
A3,32.56336632,0.25457424,212.3969
A3,32.56361589,0.25480772,41.7584
A3,32.56385783,0.25517387,66.7745
A3,32.56395786,0.25543995,334.7982
A3,32.56452027,0.25552684,21.8893
A3,32.56479395,0.25597733,15.2059
A3,32.56484001,0.25611907,17.4198
A3,32.56456116,0.25632681,54.2664
A3,32.56503535,0.25649774,9.5224
A3,32.56465172,0.25653395,215.3052
A3,32.56453626,0.25642256,179.9314
A3,32.56472494,0.25679099,117.7316
A3,32.5647578,0.25686586,76.4068
A3,32.56477525,0.2570012,198.7602
A3,32.56491618,0.25726451,47.0837
A3,32.56536693,0.25774979,29.7528
A3,32.56556307,0.25839181,32.5166
A3,32.5652323,0.25863909,37.1752
A3,32.565267,0.25877845,22.6513
A3,32.56531076,0.25938258,188.8093
A3,32.56583569,0.25946861,164.4442
A3,32.56541831,0.25959871,22.2729
A3,32.56542293,0.25963373,25.8202
A3,32.56552056,0.25978142,19.2781
A3,32.56623536,0.26130717,198.0576
A3,32.56637175,0.26179978,291.2116
A3,32.56642799,0.26194032,189.2312
A3,32.56643856,0.26237515,22.1086
A3,32.56637363,0.26254132,80.1987
A3,32.56656161,0.26308824,46.7648
A3,32.56615831,0.26312262,30.6034
A3,32.56661069,0.26321356,102.8438
A3,32.56617734,0.26337865,62.8771
A3,32.56620827,0.26342142,68.7075
A3,32.56622743,0.26356793,225.4054
A3,32.56667037,0.26362891,68.2567
A3,32.5666719,0.26371006,26.7227
A3,32.56629956,0.26362485,4.3057
A3,32.56629562,0.26369011,51.0479
A3,32.56629661,0.26387353,116.0324
A3,32.56671923,0.26395801,29.218
A3,32.5667306,0.26400161,32.709
A3,32.56674498,0.264356,38.943
A3,32.56677863,0.26439986,38.0426
A3,32.56679008,0.26455807,112.6985
A3,32.56681424,0.26466337,105.8988
A3,32.56636256,0.2644761,112.1536
A3,32.56633624,0.26466291,359.8168
A3,32.56640757,0.26497494,102.1318
A3,32.56676822,0.26472904,37.0219
A3,32.56676315,0.26481874,47.1141
A3,32.56681484,0.26502864,86.2652
A3,32.5667507,0.26504833,19.4466
A3,32.56677264,0.26509712,43.6185
A3,32.56677001,0.26514475,28.7968
A3,32.56639727,0.26509845,174.501
A3,32.566767,0.26546317,11.6812
A3,32.56676521,0.26562029,11.47
A3,32.56638284,0.26571708,34.4044
A3,32.56676768,0.2657578,73.2159
A3,32.56672318,0.26579423,7.3889
A3,32.56676263,0.26594755,401.6311
A3,32.56672805,0.26612813,59.6418
A3,32.56667631,0.2663384,124.4083
A3,32.56666267,0.26647592,134.4917
A3,32.56659931,0.26650839,10.7158
A3,32.5662872,0.26637528,14.787
A3,32.56659098,0.26655787,9.853
A3,32.56620217,0.26683667,12.4235
A3,32.56617806,0.26698429,8.1874
A3,32.56617257,0.26715494,8.6232
A3,32.56613932,0.26716375,12.5944
A3,32.56610421,0.26725323,39.7711
A3,32.56608361,0.26734688,27.5722
A3,32.56611899,0.26738505,10.9531
A3,32.56611322,0.26742032,8.8117
A3,32.56607764,0.26743198,13.7542
A3,32.56641521,0.26749119,23.128
A3,32.56641683,0.26760089,24.4818
A3,32.56594609,0.26784157,331.2125
A3,32.56634534,0.26796758,9.878
A3,32.56592732,0.26803425,118.0369
A3,32.56628059,0.26864053,166.6178
A3,32.5657923,0.2687631,122.7588
A3,32.56580589,0.26888705,15.8236
A3,32.56578822,0.26894595,42.0478
A3,32.565785,0.26900232,30.3919
A3,32.56576286,0.269102,23.436
A3,32.56610306,0.26912914,13.4543
A3,32.56573735,0.26916755,76.3184
A3,32.56610155,0.26954632,143.0102
A3,32.56562947,0.26982379,434.2583
A3,32.56607268,0.26987512,171.7266
A3,32.56604991,0.2699973,188.9493
A3,32.5656025,0.27003243,68.421
A3,32.56602114,0.27013473,160.5724
A3,32.56052352,0.24971427,9.3949
A3,32.56562752,0.27024937,9.3453
A3,32.56597991,0.27030535,200.805
A3,32.56550448,0.27059868,219.5209
A3,32.56547456,0.27074201,152.2878
A3,32.5654445,0.2708822,128.9082
A3,32.56541875,0.27107567,127.3012
A3,32.56578478,0.2714076,108.8458
A3,32.56572293,0.27142667,17.8462
A3,32.565637,0.27218012,87.865
A3,32.56521922,0.2721934,117.7462
A3,32.5657855,0.27162694,293.165
A3,32.56567321,0.27243859,353.542
A3,32.56518789,0.27228573,82.3197
A3,32.56501083,0.27325089,129.5808
A3,32.5644364,0.25604651,32.3478
A3,32.56445254,0.2561457,27.1194
A3,32.56502947,0.27346776,37.697
A3,32.5649267,0.27359258,209.9101
A3,32.56497818,0.27372897,16.4719
A3,32.5649778,0.27377392,53.8995
A3,32.56489484,0.27498464,111.8139
A3,32.5649328,0.2750733,9.2523
A3,32.56494564,0.27520825,127.6476
A3,32.56494485,0.27531,64.4577
A3,32.56503395,0.27565358,84.4034
A3,32.56502402,0.27570921,11.3697
A3,32.56505141,0.2760197,98.5102
A3,32.5651319,0.27620178,93.1055
A3,32.56514488,0.27632536,181.3505
A3,32.5652698,0.27694705,154.2571
A3,32.5653003,0.2770511,67.1602
A3,32.56530284,0.27712492,31.2309
A3,32.56537656,0.27744138,237.2961
A3,32.565497,0.2775002,6.9756
A3,32.5654455,0.2778283,95.455
A3,32.56550116,0.27787544,9.9072
A3,32.56548513,0.2779615,126.9298
A3,32.56555727,0.27796386,10.555
A3,32.565571,0.27814328,45.7746
A3,32.56559182,0.27826411,50.0675
A3,32.5656,0.27834265,83.0069
A3,32.5655994,0.27839685,23.5494
A3,32.56561412,0.27851083,215.42
A3,32.56567059,0.27863016,71.7003
A3,32.56567706,0.27874776,183.1684
A3,32.56567009,0.27904945,1040.4494
A3,32.5661147,0.28055626,23.2384
A3,32.56610776,0.28066367,38.6049
A3,32.56611968,0.28071488,72.3281
A3,32.56614958,0.28079307,160.1556
A3,32.56621969,0.28097848,26.1968
A3,32.56621355,0.28108367,65.9646
A3,32.56630145,0.28129122,118.981
A3,32.56635213,0.28136265,114.7466
A3,32.56637872,0.28148145,42.4591
A3,32.56642534,0.28159084,251.4227
A3,32.56649611,0.28176161,206.2642
A3,32.56690953,0.28177498,32.0175
A3,32.56654538,0.28190765,189.3738
A3,32.56662924,0.28206934,254.0489
A3,32.56669429,0.28214667,21.076
A3,32.5666976,0.2822223,153.5524
A3,32.56676049,0.28240697,90.044
A3,32.56681481,0.2825198,142.4425
A3,32.56702021,0.28285448,10.6854
A3,32.56703855,0.28296642,38.9939
A3,32.56712003,0.28320421,259.5393
A3,32.56725675,0.28344453,16.7722
A3,32.56732958,0.28357103,24.7364
A3,32.56804913,0.28521362,199.3896
A3,32.5683358,0.28573449,36.2457
A3,32.5675432,0.2839748,36.7483
A3,32.56756411,0.28418257,213.1165
A3,32.56766244,0.28429615,12.1993
A3,32.56768809,0.28441089,82.34
A3,32.56778355,0.28463068,86.876
A3,32.5678194,0.28474581,185.4587
A3,32.56790711,0.28484583,17.0743
A3,32.56853104,0.28628227,89.0282
A3,32.56880373,0.28684953,377.6243
A3,32.56901609,0.28716633,52.0253
A3,32.56886199,0.28727667,573.3517
A3,32.56906451,0.28740843,16.7107
A3,32.5692118,0.28760603,36.6058
A3,32.56925994,0.28803407,527.7221
A3,32.56935596,0.28828723,174.8379
A3,32.56948183,0.28861028,532.8207
A3,32.56966006,0.28862352,27.9576
A3,32.56975325,0.28905786,135.4868
A3,32.56992623,0.28936793,118.3136
A3,32.57003808,0.28942224,51.2117
A3,32.56996693,0.28945645,87.9042
A3,32.56993956,0.28956503,117.3042
A3,32.57003568,0.28969553,324.8029
A3,32.57014545,0.28970746,40.1389
A3,32.57009167,0.28987588,420.306
A3,32.57023191,0.28996068,77.8405
A3,32.5702421,0.2901027,195.5146
A3,32.57065576,0.29073105,296.5453
A3,32.57080797,0.29085934,34.4372
A3,32.57158833,0.29188395,34.0151
A3,32.57162056,0.29193479,32.0857
A3,32.57168531,0.29211453,17.4977
A3,32.57173291,0.29211996,8.2508
A3,32.57193284,0.29242334,34.8986
A3,32.57198493,0.29250165,18.4166
A3,32.5719154,0.29251679,256.4566
A3,32.57204546,0.29286693,289.9648
A3,32.57233568,0.29307457,203.6511
A5,32.44039935,0.3208735,7.4732
A5,32.44026518,0.32093108,11.5324
A5,32.44031398,0.32095929,17.1838
A5,32.44019691,0.32096587,29.9815
A5,32.43988999,0.32114981,4.3845
A5,32.43988426,0.32115931,6.3657
A5,32.43986638,0.3211694,9.4139
A5,32.43979753,0.32121156,31.3545
A5,32.43965916,0.32126894,26.5657
A5,32.43972216,0.32127665,99.8434
A5,32.43932978,0.32140302,9.5353
A5,32.43891289,0.32156595,10.5096
A5,32.43893008,0.32156783,6.2813
A5,32.43879304,0.3216544,10.0253
A5,32.43812706,0.32189751,37.9317
A5,32.43776038,0.32212032,15.7873
A5,32.4357464,0.32290068,9.0435
A5,32.43570302,0.32293223,14.1467
A5,32.43574293,0.32295344,10.2342
A5,32.43569154,0.32296392,7.4556
A5,32.43570239,0.32297545,9.3974
A5,32.43544289,0.32337158,28.7008
A5,32.4350075,0.32357943,7.6581
A5,32.43376243,0.32416158,42.6406
A5,32.43380054,0.3242269,129.7969
A5,32.43344105,0.32433229,8.86
A5,32.4305069,0.32541861,8.6912
A5,32.43051208,0.32543385,7.8016
A5,32.43048943,0.32544862,11.5873
A5,32.43005902,0.32563541,66.4399
A5,32.42992286,0.32570018,28.1648
A5,32.42952049,0.32589693,28.5577
A5,32.42821709,0.32679623,24.4707
A5,32.45440381,0.3232081,60.2133
A5,32.45465818,0.32329626,18.459
A5,32.45492639,0.32331802,37.9231
A5,32.443222,0.31984272,26.2921
A5,32.44330711,0.31984673,5.4912
A5,32.4433377,0.31985105,12.5977
A5,32.44336697,0.31985513,12.7191
A5,32.44338443,0.31987514,14.125
A5,32.4436628,0.31992308,22.6627
A5,32.44265512,0.32004208,10.6493
A5,32.44330983,0.32004626,8.6919
A5,32.44322849,0.32006717,12.3486
A5,32.44327339,0.32007033,13.0096
A5,32.44331942,0.32007689,6.7802
A5,32.44291698,0.3200816,29.1499
A5,32.44364532,0.32015954,87.9456
A5,32.44387967,0.3202507,11.7039
A5,32.44378806,0.32025198,66.2697
A5,32.44182462,0.32026359,11.8585
A5,32.44449885,0.32027379,60.7341
A5,32.44456605,0.32035082,14.3324
A5,32.44418105,0.32036239,19.5416
A5,32.44460134,0.32038985,8.2736
A5,32.50563297,0.32054295,8.0837
A5,32.50581378,0.32063849,13.118
A5,32.505775,0.32068766,6.7742
A5,32.50578112,0.32070125,7.2898
A5,32.50570177,0.32072866,14.483
A5,32.5056712,0.3207565,6.0969
A5,32.50563406,0.32082907,19.5601
A5,32.50525611,0.32106243,11.3842
A5,32.5053567,0.32108641,188.1766
A5,32.50525297,0.32111488,44.2904
A5,32.50519719,0.32117194,101.5406
A5,32.50507686,0.32120841,13.0936
A5,32.50463295,0.32153125,10.3233
A5,32.50473532,0.32158038,221.4336
A5,32.50445192,0.32176327,107.5835
A5,32.50433647,0.32185764,9.6454
A5,32.50431818,0.32189059,11.4285
A5,32.50389368,0.32211054,11.8227
A5,32.50360969,0.32250169,192.8431
A5,32.50368733,0.32304076,19.8027
A5,32.50374447,0.32305484,72.5432
A5,32.50369728,0.3230801,13.3235
A5,32.50359313,0.32336993,18.5228
A5,32.50354913,0.32340181,14.8523
A5,32.50354175,0.32359077,366.8323
A5,32.50325483,0.32372092,15.5037
A5,32.50340852,0.32372775,17.4271
A5,32.5033781,0.32386391,24.9416
A5,32.5031192,0.32386861,7.752
A5,32.50313276,0.32448836,56.2692
A5,32.50299612,0.32467587,27.7659
A5,32.50286325,0.32479817,22.3762
A5,32.50245715,0.32527469,13.2483
A5,32.50239689,0.32532192,7.8388
A5,32.50237064,0.32537756,23.446
A5,32.5023306,0.32541382,8.0211
A5,32.50224822,0.32547613,11.8811
A5,32.50212202,0.32554734,15.9703
A5,32.50183869,0.32575741,24.1764
A5,32.50176869,0.32579345,52.2821
A5,32.50112294,0.32586456,14.5083
A5,32.50166307,0.32587778,22.6427
A5,32.50162098,0.32590969,11.9126
A5,32.50131659,0.32600603,5.6364
A5,32.50159785,0.32594354,36.9952
A5,32.49931716,0.32616088,13.159
A5,32.50103246,0.32617798,81.5029
A5,32.50095524,0.32619067,19.7363
A5,32.50087568,0.32619383,8.8054
A5,32.50076205,0.32620244,5.8389
A5,32.49825289,0.32650259,15.5871
A5,32.49821758,0.32652834,16.3034
A5,32.4981152,0.32659684,9.2935
A5,32.49831544,0.32676767,9.8527
A5,32.44464014,0.32040806,15.8514
A5,32.44472031,0.32046433,8.1637
A5,32.44442851,0.32048024,49.8716
A5,32.44475206,0.32048987,9.0623
A5,32.44476919,0.3205065,10.5624
A5,32.44484288,0.32057449,30.2621
A5,32.4408986,0.32071909,35.2583
A5,32.44086197,0.32075045,67.582
A5,32.44019309,0.32099065,22.2926
A5,32.44013785,0.3210633,34.0268
A5,32.44006107,0.32108229,38.7141
A5,32.44543991,0.32114636,12.6305
A5,32.44546339,0.32117083,10.795
A5,32.44548213,0.32118582,11.7601
A5,32.45268063,0.32247019,16.3383
A5,32.45313595,0.32252191,8.7126
A5,32.45317008,0.32253269,13.5991
A5,32.4464788,0.3224315,29.7446
A5,32.44717528,0.32257381,12.924
A5,32.45073893,0.32248732,36.2109
A5,32.44722507,0.32256298,73.8808
A5,32.45374403,0.32269561,12.5356
A5,32.45377388,0.32269794,19.2115
A5,32.45382595,0.32271685,37.6559
A5,32.45388563,0.32273268,16.7517
A5,32.45392932,0.3227461,20.8538
A5,32.44876851,0.3227392,9.8526
A5,32.45076454,0.32275828,65.1866
A5,32.45028424,0.32281237,61.2691
A5,32.44698874,0.32278103,66.3311
A5,32.45313992,0.32276396,8.5136
A5,32.45395575,0.32277038,16.4359
A5,32.45324155,0.322795,88.7463
A5,32.45401066,0.32279609,22.8227
A5,32.45406081,0.32280719,21.756
A5,32.45409979,0.32282798,15.8133
A5,32.4472501,0.32285899,13.434
A5,32.44732337,0.32286238,24.4481
A5,32.44963339,0.32287755,15.1938
A5,32.44928876,0.32288486,7.4046
A5,32.44736064,0.32292441,38.1384
A5,32.45373103,0.32288322,14.7935
A5,32.45372143,0.32291533,15.0096
A5,32.45379471,0.32294501,37.3847
A5,32.45360985,0.32295995,152.0365
A5,32.45394193,0.32300497,6.4912
A5,32.45395407,0.32301208,11.2059
A5,32.44832813,0.323003,6.0814
A5,32.44833978,0.32300791,7.3207
A5,32.44763811,0.32303649,175.9666
A5,32.45569015,0.3238263,75.1875
A5,32.45598863,0.32392047,22.8504
A5,32.45660354,0.32416182,14.2187
A5,32.45661575,0.32418476,11.046
A5,32.45801479,0.32443576,387.7962
A5,32.45738509,0.32447197,24.6573
A5,32.45750362,0.3245184,40.5299
A5,32.45830338,0.32491059,6.9329
A5,32.45904096,0.32502172,12.9272
A5,32.45859324,0.32504909,11.7589
A5,32.45873578,0.32513088,11.7952
A5,32.45937336,0.32521255,24.9639
A5,32.4590331,0.32530861,55.4722
A5,32.45909172,0.32532918,42.6676
A5,32.45974054,0.32559986,55.2622
A5,32.45982518,0.32564966,13.7569
A5,32.45987771,0.32567413,27.4965
A5,32.46026875,0.32586296,72.4636
A5,32.46269901,0.32658885,313.2522
A5,32.47167534,0.32661864,8.3942
A5,32.47193025,0.32666195,28.4613
A5,32.42753838,0.32720428,69.4441
A5,32.42505669,0.32827076,19.1534
A5,32.42302101,0.32860198,27.8057
A5,32.41958292,0.32903212,27.7581
A5,32.41946725,0.32903676,38.6811
A5,32.49750833,0.32739408,30.6662
A5,32.49722345,0.32742536,14.2801
A5,32.49707168,0.32759424,57.6078
A5,32.49731464,0.32764332,8.1188
A5,32.49732062,0.32774146,402.5528
A5,32.47540147,0.32773919,119.9796
A5,32.4763798,0.32831608,137.7521
A5,32.47650753,0.32837699,146.4203
A5,32.47674083,0.32858505,17.4197
A5,32.49689543,0.32786928,14.1613
A5,32.49652713,0.32989911,10.4901
A5,32.49624678,0.33001767,62.4363
A5,32.49617014,0.33024444,42.5214
A5,32.47829139,0.32948444,15.5829
A5,32.47800872,0.32957986,8.2172
A5,32.47871868,0.32974726,7.3943
A5,32.47882259,0.32975775,40.0071
A5,32.47886139,0.32978075,37.5075
A5,32.47870737,0.32999956,14.6539
A5,32.47924226,0.33000932,50.1706
A5,32.47915514,0.33001803,7.2669
A5,32.47928954,0.33003611,39.9803
A5,32.47927345,0.33009394,24.2643
A5,32.47895499,0.33013503,29.1589
A5,32.47901586,0.33016883,61.189
A5,32.47950221,0.33021201,10.2149
A5,32.47997807,0.33045836,64.5586
A5,32.48066798,0.33079856,124.0238
A5,32.48027396,0.33089312,74.9639
A5,32.49622339,0.33064522,16.6747
A5,32.49573872,0.33092682,17.268
A5,32.4956664,0.33095915,43.0979
A5,32.49561689,0.33103272,35.1123
A5,32.49578117,0.33123998,28.3741
A5,32.49521801,0.33137869,26.5147
A5,32.48034961,0.33094085,31.9729
A5,32.48147514,0.33132197,6.9224
A5,32.48148338,0.33133013,6.9587
A5,32.48103562,0.33135165,15.2355
A5,32.48175606,0.33145519,8.2371
A5,32.48157367,0.3316201,6.1824
A5,32.49489319,0.33160031,17.4751
A5,32.49527042,0.33169558,65.2695
A5,32.49506644,0.33171475,10.8589
A5,32.49507813,0.33175551,61.4924
A5,32.4949902,0.33182092,13.7737
A5,32.49488396,0.33185086,34.0316
A5,32.49478984,0.33193894,25.7642
A5,32.49411639,0.33203857,11.8962
A5,32.49460866,0.33203886,20.7096
A5,32.49453954,0.33211109,112.468
A5,32.49439874,0.33215727,98.8559
A5,32.49432112,0.33220078,61.9729
A5,32.48188733,0.33171297,12.0544
A5,32.48202336,0.33185134,61.2625
A5,32.48265105,0.33188276,34.9156
A5,32.48284895,0.33193628,30.6426
A5,32.48235188,0.33202981,117.0837
A5,32.48248219,0.33206576,35.2935
A5,32.48275,0.33216126,29.0848
A5,32.48294621,0.33223417,22.8954
A5,32.49427051,0.33224762,90.7496
A5,32.49360739,0.33254014,14.2795
A5,32.48405196,0.33269336,62.4266
A5,32.49131392,0.33273231,90.3974
A5,32.49313001,0.33271072,24.7072
A5,32.49296917,0.33274134,8.4592
A5,32.4928426,0.33276281,15.9788
A5,32.49208369,0.33284054,17.7243
A5,32.49203774,0.33285522,21.5815
A5,32.49156407,0.33293884,12.2606
A5,32.49241751,0.33288463,100.0073
A5,32.4921458,0.33291649,113.8696
A5,32.49203122,0.33296298,421.282
A5,32.4911416,0.33300027,8.314
A5,32.49109443,0.33300065,7.3393
A5,32.49100842,0.33302212,43.7844
A5,32.48844002,0.33310598,31.0514
A5,32.48822006,0.33312141,40.8623
A5,32.49044368,0.33314511,237.4954
A5,32.48454451,0.33289064,60.3444
A5,32.4848103,0.3328933,19.4286
A5,32.48462776,0.33291001,59.5244
A5,32.48501725,0.33294116,30.1255
A5,32.48490044,0.333018,38.3312
A5,32.48720335,0.3331893,292.007
A5,32.48629827,0.33320149,31.887
A5,32.4855182,0.33327112,20.4336
A5,32.48652932,0.33338316,35.3071
A5,32.48793815,0.33340162,13.2464
A5,32.48798302,0.33341276,20.0223
A5,32.48705111,0.33347714,12.4164
A5,32.48685639,0.33347937,31.5399
A5,32.48701773,0.33348134,19.9728
A5,32.48714423,0.33348301,20.1916
A5,32.4884344,0.33337225,158.1807
A5,32.51668269,0.30711981,22.6683
A5,32.51660981,0.30714831,32.4985
A5,32.51253986,0.31520312,35.6725
A5,32.51233172,0.31568054,13.522
A5,32.5121376,0.31586604,13.6379
A5,32.51195145,0.31643702,62.7831
A5,32.5115489,0.31667641,8.4185
A5,32.5118103,0.31670246,10.9664
A5,32.51559098,0.30841742,8.3448
A5,32.51539519,0.30879807,5.7176
A5,32.51533679,0.30893198,4.6628
A5,32.51517053,0.3091966,5.9146
A5,32.51156036,0.31714475,25.2731
A5,32.51165153,0.31719413,291.3315
A5,32.51155001,0.31720003,46.7613
A5,32.51136167,0.31726753,21.2602
A5,32.51117803,0.31747936,13.2038
A5,32.51127474,0.31779531,37.4254
A5,32.51098902,0.31780418,28.5441
A5,32.51092561,0.31785041,105.7993
A5,32.51069151,0.31878419,12.9242
A5,32.51067346,0.31880794,14.7778
A5,32.51065545,0.31885724,31.5604
A5,32.51061538,0.3189134,18.6256
A5,32.51056621,0.31895137,27.8223
A5,32.51052779,0.31899139,18.0823
A5,32.51040737,0.31911979,23.8194
A5,32.51033132,0.31917136,14.137
A5,32.50794836,0.31921382,18.0635
A5,32.50789521,0.31922355,36.989
A5,32.50821447,0.31924033,25.0624
A5,32.50957785,0.31928631,8.2314
A5,32.5072227,0.31937375,24.3914
A5,32.50764419,0.31944192,6.0815
A5,32.50808035,0.31946097,89.9257
A5,32.5079137,0.31948849,111.1864
A5,32.50836275,0.31951502,111.3422
A5,32.50767733,0.3195159,73.6455
A5,32.5070275,0.31959581,23.2251
A5,32.5094107,0.31958306,41.0789
A5,32.50917589,0.31958916,63.917
A5,32.50713032,0.31969977,17.7786
A5,32.50701392,0.31980314,13.5088
A5,32.51524199,0.31010833,37.4609
A5,32.50674471,0.31993047,9.5217
A5,32.50660507,0.32004414,11.0255
A5,32.5066568,0.32005306,7.376
A5,32.50656974,0.32012967,25.5571
A5,32.46128257,0.32607587,13.0966
A5,32.46136484,0.32607604,11.6996
A5,32.46138051,0.32609713,10.9822
A5,32.46148176,0.32612243,27.2001
A5,32.4615342,0.32613195,48.8432
A5,32.46096816,0.3261442,7.5462
A5,32.46167752,0.32623623,37.404
A5,32.46140273,0.32633111,11.9464
A5,32.46173314,0.32653717,436.9466
A5,32.47100046,0.32671448,8.6299
A5,32.47052817,0.3268633,14.2808
A5,32.46927467,0.32702048,16.2666
A5,32.46904314,0.32703484,41.8401
A5,32.46881953,0.32706851,51.1863
A5,32.46871795,0.3271163,8.2299
A5,32.46995983,0.32715797,162.5696
A5,32.4696396,0.3271904,83.9439
A5,32.47372071,0.32715276,10.5053
A5,32.4693962,0.32724176,44.662
A5,32.46930511,0.3272444,8.8967
A5,32.46862546,0.32732481,34.9885
A5,32.46876868,0.32733081,8.3934
A5,32.46857448,0.32734699,6.2825
A5,32.46796447,0.32736892,42.3966
A5,32.474133,0.32742294,125.7117
A5,32.47510277,0.32755409,68.2238
A5,32.46670123,0.32750174,69.142
A5,32.46604807,0.32755201,20.397
A5,32.46612616,0.32755299,31.1708
A5,32.46618631,0.32756048,37.3259
A5,32.4620598,0.32669342,55.2191
A5,32.46278492,0.32673515,20.416
A5,32.46285844,0.32698615,46.7927
A5,32.46317276,0.3271404,48.6789
A5,32.46321855,0.32716966,38.194
A5,32.46329174,0.32719936,49.271
A5,32.46346022,0.32725739,47.9827
A5,32.46374778,0.32734685,8.4424
A6,32.56246267,0.35132832,278.2146
A6,32.56252881,0.35142201,127.0402
A6,32.56258832,0.35152895,214.8814
A6,32.56259368,0.35163526,144.2384
A6,32.56291439,0.35160026,57.8642
A6,32.56260794,0.35192169,99.1259
A6,32.56271676,0.35201843,28.2244
A6,32.56262194,0.35207239,144.5144
A6,32.56320098,0.35211617,1530.5063
A6,32.56262716,0.3521914,22.693
A6,32.56263128,0.35223722,32.5679
A6,32.56256214,0.35343442,322.8571
A6,32.56301343,0.35328802,389.4425
A6,32.56295772,0.35346893,138.9318
A6,32.56299741,0.35360049,213.5117
A6,32.56259894,0.35360591,81.9891
A6,32.56295202,0.353855,340.3436
A6,32.56284407,0.35397903,11.5845
A6,32.56300248,0.35405941,290.1341
A6,32.56293152,0.35433559,208.1394
A6,32.54244575,0.40569903,117.7001
A6,32.5423415,0.4057409,6.5871
A6,32.54238927,0.40577005,103.7931
A6,32.54228691,0.40579513,26.5919
A6,32.54224092,0.4059068,68.9658
A6,32.54218492,0.40592618,23.5311
A6,32.54214567,0.40595764,12.3904
A6,32.54201013,0.40621233,67.3193
A6,32.54184011,0.40625423,10.8437
A6,32.5418316,0.40631795,5.5541
A6,32.54592679,0.40088395,217.9112
A6,32.54586415,0.40103783,203.3051
A6,32.54575311,0.40123473,114.7534
A6,32.54575379,0.40142501,202.8465
A6,32.54571759,0.40150565,73.53
A6,32.54568364,0.40162797,229.7617
A6,32.54554012,0.40170597,10.5687
A6,32.54559928,0.40173896,71.2914
A6,32.54556376,0.40185813,128.5181
A6,32.54552917,0.40193064,123.331
A6,32.54550403,0.40199456,70.1831
A6,32.54544172,0.40228299,363.5754
A6,32.54533696,0.40242483,322.8693
A6,32.54520918,0.40246149,18.5614
A6,32.54526437,0.40254608,91.1594
A6,32.54499024,0.40286885,29.2407
A6,32.54482812,0.40302871,18.2159
A6,32.54482851,0.40308926,13.1577
A6,32.54475449,0.40310841,24.8256
A6,32.54484553,0.40311627,39.2489
A6,32.54479592,0.4031381,26.0691
A6,32.5447237,0.40322906,122.9238
A6,32.54452123,0.40343691,10.2058
A6,32.5443771,0.40367096,101.3754
A6,32.54408451,0.40382009,12.2595
A6,32.54410533,0.40386802,37.1297
A6,32.54374023,0.4043318,79.0671
A6,32.5436403,0.40433416,17.1101
A6,32.54362508,0.4043861,37.9753
A6,32.54358269,0.40446852,31.0528
A6,32.54333963,0.40463779,24.6497
A6,32.54339263,0.404694,95.3087
A6,32.54337508,0.40477672,134.0715
A6,32.54320204,0.40482306,26.6733
A6,32.54319156,0.40486045,23.0611
A6,32.54321729,0.40492581,72.6398
A6,32.54307344,0.40496383,23.4437
A6,32.543109,0.40497314,9.8895
A6,32.54260226,0.40549368,68.8245
A6,32.54256959,0.40555325,87.6178
A6,32.54253087,0.40559051,32.3181
A6,32.54066902,0.40760359,14.9636
A6,32.54064647,0.40768255,53.4228
A6,32.5398527,0.40850253,25.7157
A6,32.53845018,0.40988847,21.5882
A6,32.53844733,0.4099541,8.4929
A6,32.53822452,0.41013522,5.7176
A6,32.53819338,0.41024684,10.6129
A6,32.53470158,0.42912473,10.124
A6,32.534681,0.42945651,10.6859
A6,32.53470226,0.42977398,174.5465
A6,32.53706158,0.41178338,50.397
A6,32.53700477,0.41185091,21.7921
A6,32.53698793,0.41196143,12.1169
A6,32.53697916,0.41201316,50.3428
A6,32.53692466,0.4121735,38.2262
A6,32.53690294,0.41221565,16.3411
A6,32.53689526,0.41235795,107.5619
A6,32.53689578,0.41252579,43.306
A6,32.53689298,0.41296615,169.3547
A6,32.53684087,0.41312061,20.3559
A6,32.53690001,0.41326371,51.432
A6,32.53694335,0.41360582,77.16
A6,32.53688098,0.41372291,7.9134
A6,32.53690757,0.41377106,40.1322
A6,32.53692204,0.41384587,18.5303
A6,32.53688575,0.41397782,10.5549
A6,32.53689208,0.41402532,7.321
A6,32.53696436,0.41427184,12.0627
A6,32.53699244,0.41449406,54.4695
A6,32.53699782,0.41454168,17.2326
A6,32.53029095,0.43804609,10.7129
A6,32.52967901,0.4385915,8.5541
A6,32.52992231,0.43861211,9.8308
A6,32.52985367,0.43866715,14.1127
A6,32.52900683,0.44029033,15.488
A6,32.53697343,0.41466784,13.4718
A6,32.53680798,0.41488483,6.7121
A6,32.53717474,0.41534841,436.1446
A6,32.53709478,0.4155818,94.3612
A6,32.53712025,0.41586146,90.4385
A6,32.53706799,0.41590971,8.6363
A6,32.53712628,0.41628204,46.9672
A6,32.53712112,0.41654298,101.807
A6,32.53718858,0.41671276,120.7961
A6,32.53719653,0.41685175,221.8602
A6,32.5372032,0.41700484,119.594
A6,32.53720703,0.41711651,197.1042
A6,32.53692473,0.41712472,17.7055
A6,32.53721031,0.41739746,239.7024
A6,32.53712014,0.41777511,16.3744
A6,32.53712699,0.41794502,34.8485
A6,32.5370348,0.4187412,189.3288
A6,32.53696915,0.41886824,10.5772
A6,32.5369677,0.41903294,49.3508
A6,32.53688151,0.42012139,266.8349
A6,32.53678147,0.42013961,32.8946
A6,32.5368085,0.42051985,14.6882
A6,32.53637217,0.42289822,59.6693
A6,32.53637569,0.42297663,26.5141
A6,32.53630079,0.42326824,27.3424
A6,32.53628245,0.42338177,47.1245
A6,32.52330042,0.46439693,19.0107
A6,32.52306972,0.46444369,14.0184
A6,32.52326711,0.46455869,30.2813
A6,32.5217194,0.46532347,33.956
A6,32.52165757,0.46543118,7.5574
A6,32.52188229,0.46543844,19.0284
A6,32.5214495,0.46562619,27.8659
A6,32.51963027,0.46710093,24.4976
A6,32.51925481,0.46718817,22.6537
A6,32.51918473,0.46777756,6.6011
A6,32.51917391,0.4677862,8.8768
A6,32.53556432,0.42525608,187.7029
A6,32.5354955,0.4252838,22.0354
A6,32.53481755,0.4278803,138.3859
A6,32.53480899,0.4279604,194.6831
A6,32.53478636,0.42811409,240.361
A6,32.5347248,0.42823883,29.8317
A6,32.53470584,0.42835477,19.9866
A6,32.53449131,0.42840587,58.0028
A6,32.53440337,0.43369764,29.724
A6,32.53154434,0.43649504,16.362
A6,32.53155992,0.43653587,20.7391
A6,32.53106346,0.43684566,123.36
A6,32.53086855,0.43704045,23.0472
A6,32.53402794,0.43403924,39.3386
A6,32.53156353,0.44826565,21.9112
A6,32.53161323,0.44834748,37.3849
A6,32.52852029,0.44311121,13.0262
A6,32.52944069,0.44617998,68.6563
A6,32.53253459,0.44933476,25.0589
A6,32.53246165,0.44927773,20.482
A6,32.53257145,0.44935215,23.9875
A6,32.5326603,0.44946094,10.4021
A6,32.53242318,0.44953474,36.2043
A6,32.53290683,0.44970421,18.0327
A6,32.5333285,0.45093027,30.3154
A6,32.53047018,0.45765211,35.0517
A6,32.53024682,0.458196,79.8957
A6,32.53013169,0.45823556,16.8892
A6,32.53323629,0.45317198,12.3439
A6,32.53278098,0.45371048,25.9387
A6,32.53274955,0.4537854,39.5435
A6,32.53288036,0.45417232,34.0001
A6,32.53266108,0.45474025,31.0025
A6,32.53265337,0.45485661,44.5049
A6,32.53263125,0.45491021,7.5782
A6,32.53261903,0.45491933,6.9588
A6,32.53250058,0.45532386,23.349
A6,32.5323876,0.45577248,66.8442
A6,32.53222603,0.45606629,44.294
A6,32.51905072,0.46832939,74.4029
A6,32.51901892,0.46840116,46.0434
A6,32.51899607,0.46849516,21.9194
A6,32.51865232,0.47192358,31.7028
A6,32.51865364,0.47207921,36.9871
A6,32.51863686,0.47219341,60.9591
A6,32.51979357,0.46666171,35.6168
A6,32.52032619,0.48416832,164.6771
A6,32.52055343,0.48457218,41.1986
A6,32.5221821,0.48806118,33.5896
A6,32.52260087,0.4890791,15.9944
A6,32.51925997,0.48236548,9.5036
A6,32.51933335,0.48251393,14.557
A6,32.51944923,0.48260161,276.6885
A6,32.52003331,0.48366034,155.1142
A6,32.52009204,0.48373301,29.2406
A6,32.5321706,0.45615531,18.8192
A6,32.53205514,0.45631953,17.7866
A6,32.53189304,0.45650681,7.8177
A6,32.52991729,0.45845681,13.4206
A6,32.52992283,0.45851828,67.5462
A6,32.52979014,0.45858084,29.266
A6,32.5295233,0.45859124,31.9037
A6,32.52955562,0.4587888,37.3712
A6,32.52948034,0.45892934,119.6448
A6,32.52976486,0.45865502,79.9451
A6,32.52965915,0.45870793,35.7328
A6,32.52921625,0.4592422,34.9769
A6,32.52919169,0.45928031,21.6817
A6,32.5291403,0.45935295,25.2653
A6,32.52909646,0.45941651,24.8221
A6,32.52901566,0.4595405,12.1925
A6,32.52902447,0.45958595,37.2235
A6,32.52878136,0.45993757,16.1132
A6,32.52759577,0.46149484,15.1212
A6,32.52755682,0.46156052,86.9722
A6,32.52617404,0.46239649,35.4991
A6,32.53114152,0.45690004,5.9026
A9,32.54059253,0.34814561,22.9574
A9,32.53888529,0.35031306,33.068
A9,32.53865645,0.35068286,118.1114
A9,32.53857451,0.35080097,107.2837
A9,32.53852144,0.35082792,31.8676
A9,32.53423454,0.35602489,149.1486
A9,32.53822608,0.35110767,14.1454
A9,32.53827149,0.35113175,128.8486
A9,32.53822121,0.35122034,73.4414
A9,32.53804034,0.35137615,51.5229
A9,32.53814345,0.35139325,215.4172
A9,32.53750177,0.35164392,60.1769
A9,32.53775336,0.3517863,43.3978
A9,32.53690927,0.35248754,9.7122
A9,32.53694127,0.35285772,45.5455
A9,32.53677507,0.35315385,288.2593
A9,32.53608573,0.35352112,30.0539
A9,32.5359119,0.35419902,8.5948
A9,32.53585031,0.35434616,116.0382
A9,32.53561949,0.35459885,70.2955
A9,32.53493926,0.35508312,16.0812
A9,32.53519257,0.35514301,20.5424
A9,32.53517636,0.35519121,29.7062
A9,32.53462678,0.35551939,41.4293
A9,32.53395075,0.35679433,21.0181
A9,32.53361545,0.35685934,16.0836
A9,32.53123986,0.36001232,11.4297
A9,32.53050416,0.36180614,879.6945
A9,32.52987222,0.3625937,18.6293
A9,32.52940034,0.36288696,11.7904
A9,32.52965597,0.36307063,136.5709
A9,32.52947658,0.36323966,83.2486
A9,32.52941249,0.36327285,12.8182
A9,32.52936918,0.36331388,11.5497
A9,32.51439563,0.38611018,14.8477
A9,32.52530545,0.366307,111.4182
A9,32.52524011,0.36644565,376.0143
A9,32.5235836,0.36725834,9.4487
A9,32.52330124,0.36781614,18.1575
A9,32.52348995,0.36788313,123.0435
A9,32.5392095,0.35003261,261.4338
A9,32.5221025,0.3716387,15.5085
A9,32.52207309,0.37193242,64.2883
A9,32.52204971,0.37200374,72.2476
A9,32.52102294,0.37525702,8.8083
A9,32.51997063,0.37776424,109.8158
A9,32.52022025,0.37788715,16.1585
A9,32.52020742,0.37795488,80.9949
A9,32.52021912,0.37804129,111.0831
A9,32.51998854,0.37861654,99.4602
A9,32.5196408,0.37894254,24.9249
A9,32.51962381,0.37901414,10.8655
A9,32.51979229,0.37928581,21.5261
A9,32.51975699,0.3793618,83.7901
A9,32.51974962,0.37961488,302.9337
A9,32.51961088,0.38003237,116.4619
A9,32.50582341,0.39095075,132.913
A9,32.50565877,0.39135967,16.0774
A9,32.50006631,0.39425933,10.8789
A9,32.49972336,0.39443145,54.5021
A9,32.49961556,0.39478492,37.0545
A9,32.49944411,0.39488497,23.9018
A9,32.49771677,0.39553601,11.3696
A9,32.49649793,0.39588255,8.4835
A9,32.49708175,0.39599433,13.9247
A9,32.46243246,0.41054711,16.1993
A9,32.46240085,0.41089,194.7886
A9,32.47476383,0.40385651,108.8966
A9,32.47390125,0.40430722,7.826
A9,32.47328384,0.40466832,72.9503
A9,32.47319791,0.40469401,18.1379
A9,32.47311941,0.40477866,74.939
A9,32.47285873,0.40487397,60.6443
A9,32.47288112,0.40491953,53.5532
A9,32.47277832,0.40495756,56.0862
A9,32.47214423,0.40500072,63.62
A9,32.47220626,0.40500342,37.2405
A9,32.47271908,0.4049754,7.3305
A9,32.47264403,0.40504685,129.1706
A9,32.47205404,0.40535311,93.7123
A9,32.47193427,0.40547849,116.8766
A9,32.47145395,0.40569055,20.4393
A9,32.4713969,0.40574076,54.7982
A9,32.46817181,0.40740783,16.4609
A9,32.43783309,0.41420018,25.1386
A9,32.43751807,0.41426393,33.8393
A9,32.43799747,0.41435365,16.0314
A9,32.43806367,0.41436786,26.0829
A9,32.43790253,0.41441217,22.7532
A9,32.43487117,0.4152634,21.1568
A9,32.433903,0.4152819,38.4042
A9,32.43105063,0.41636563,5.4788
A9,32.43013359,0.41641073,8.1871
A9,32.42998269,0.41644697,18.8159
A9,32.42936343,0.4165754,101.1068
A9,32.42996276,0.41678192,409.5024
A9,32.42930799,0.41689288,59.5209
A9,32.42923112,0.41692617,50.4348
A9,32.42672045,0.41730904,133.8325
A9,32.49296605,0.39657476,12.6167
A9,32.49261181,0.39669939,130.6285
A9,32.49029829,0.39668532,174.7334
A9,32.49063014,0.39693559,73.0287
A9,32.49021158,0.39696169,86.0546
A9,32.48795455,0.39728881,140.66
A9,32.48508656,0.39734029,31.2113
A9,32.48728611,0.39734218,77.5206
A9,32.48631925,0.39742501,11.6307
A9,32.48371049,0.39773928,24.8873
A9,32.48156304,0.39778271,7.6306
A9,32.48399664,0.39775288,119.457
A9,32.48092364,0.39785036,36.9494
A9,32.48291868,0.3978943,102.3659
A9,32.48325053,0.39785112,60.6806
A9,32.48282096,0.3979123,143.094
A9,32.48253149,0.39794062,89.9736
A9,32.48147652,0.3980423,61.5985
A9,32.48208024,0.39804886,202.8338
A9,32.47939834,0.39827155,35.3338
A9,32.47934233,0.39859929,42.6476
A9,32.47917468,0.39878707,197.1753
A9,32.47889063,0.39893159,26.3964
A9,32.47852931,0.39941784,78.7539
A9,32.47697114,0.40184566,37.0486
A9,32.40886626,0.41857017,29.9596
A9,32.40892611,0.41857458,20.3059
A9,32.40899678,0.41860534,7.1272
A9,32.40987126,0.41869949,74.8131
A9,32.41001704,0.41870858,128.647
A9,32.40959806,0.41872703,55.9227
A9,32.41123757,0.41889571,241.7739
A9,32.41187912,0.41902207,240.8964
A9,32.41203427,0.41904534,104.0695
A9,32.41211295,0.41907429,41.8143
A9,32.41219403,0.41908234,113.3467
A9,32.41236464,0.41910312,163.1606
A9,32.4125509,0.41912458,125.7271
A9,32.41276461,0.41914615,81.3759
A9,32.41267455,0.41915573,70.4579
A9,32.41301585,0.41917676,73.122
A9,32.41314281,0.41918318,106.5475
A9,32.4128422,0.41918364,61.3085
A9,32.41373278,0.41923724,140.9858
A9,32.41352928,0.4192616,77.7214
A9,32.41424535,0.41928118,23.3507
A9,32.41481046,0.41928186,14.3619
A9,32.41360031,0.4192911,51.6113
A9,32.41333509,0.41929834,27.4257
A9,32.41446211,0.41930234,22.0055
A9,32.41478412,0.41932412,11.3433
A9,32.41281126,0.41942951,25.162
A9,32.52921523,0.36359824,145.524
A9,32.5283874,0.36397712,9.8784
A9,32.52692026,0.365261,137.7187
A9,32.5268368,0.3653042,46.2168
A9,32.52626689,0.36569599,124.1935
A9,32.52609152,0.36581891,106.1016
A9,32.52540799,0.36624755,125.7355
A9,32.51880821,0.38142828,93.568
A9,32.51885706,0.38146264,23.9753
A9,32.51890259,0.38200952,7.8541
A9,32.51884861,0.38220159,33.4749
A9,32.5187688,0.38233297,33.6014
A9,32.51868402,0.38243343,13.103
A9,32.51825673,0.38263899,63.9294
A9,32.5186136,0.38273335,220.7369
A9,32.51847509,0.38287148,84.5815
A9,32.51839691,0.38305768,294.4325
A9,32.51721783,0.38377762,57.3273
A9,32.51625957,0.38492519,13.3139
A9,32.50719326,0.39052304,138.4116
A9,32.50657019,0.39053454,87.453
A9,32.51995766,0.37764756,145.6327
A9,32.5201013,0.37817602,10.7351
A9,32.51507226,0.38587064,19.2157
A9,32.51497202,0.38592595,13.6419
A9,32.515076,0.38596341,178.3003
A9,32.47468022,0.40356863,55.0002
A9,32.46620996,0.40869147,36.943
A9,32.46614104,0.40872167,13.3904
A9,32.46596384,0.40882763,44.0725
A9,32.46586644,0.40885737,32.1592
A9,32.46461418,0.40924035,168.6182
A9,32.4646593,0.4095606,11.4257
A9,32.46456199,0.40958883,8.2884
A9,32.46145493,0.41109354,14.4244
A9,32.46114442,0.4112903,21.0255
A9,32.46115313,0.41152266,60.2557
A9,32.4611051,0.41158348,34.0329
A9,32.46062405,0.41159029,11.0464
A9,32.46007588,0.41179762,248.4713
A9,32.45995931,0.41196814,10.9987
A9,32.46039819,0.41198078,55.9706
A9,32.45989476,0.41225687,18.8067
A9,32.45971,0.41236004,28.1069
A9,32.45908999,0.41246614,25.286
A9,32.45961415,0.41240382,65.2932
A9,32.45946376,0.41250373,8.4091
A9,32.45935466,0.41266488,78.9273
A9,32.45913383,0.41271586,27.8727
A9,32.45891647,0.41283015,83.7231
A9,32.45800632,0.41287916,81.4658
A9,32.4586877,0.41289087,19.3533
A9,32.44291654,0.41334854,64.3656
A9,32.45108359,0.41344884,11.2588
A9,32.45114732,0.4134605,40.03
A9,32.44343306,0.41336817,48.5983
A9,32.44373025,0.41338179,14.5534
A9,32.44368202,0.41338734,6.4187
A9,32.44393784,0.41339508,14.6818
A9,32.44189496,0.41339694,12.2852
A9,32.44387006,0.41339963,7.8353
A9,32.44366892,0.41341113,19.9061
A9,32.44375403,0.41340864,23.5213
A9,32.44388735,0.41341048,7.1273
A9,32.44379366,0.41341271,8.3911
A9,32.45527352,0.41340266,29.7436
A9,32.44168791,0.41341934,10.3783
A9,32.44156695,0.41343207,9.9035
A9,32.4411032,0.41344764,42.4845
A9,32.44263877,0.41341489,24.2283
A9,32.44372417,0.41342196,17.8306
A9,32.44393353,0.41342338,10.7633
A9,32.44395969,0.41342372,11.6721
A9,32.44500171,0.41358532,15.4263
A9,32.4430632,0.41359404,7.539
A9,32.44300357,0.41360572,8.0838
A9,32.44275027,0.41360624,15.1908
A9,32.45136833,0.41347084,71.6364
A9,32.45084684,0.4134825,11.8906
A9,32.44944992,0.41348602,73.9389
A9,32.44767169,0.4135116,16.1195
A9,32.44733866,0.41352689,51.3201
A9,32.44911788,0.41353488,29.8988
A9,32.44931364,0.41355096,47.1264
A9,32.44854603,0.41355446,72.7846
A9,32.44762229,0.41356206,60.366
A9,32.44001381,0.41356313,26.038
A9,32.44112742,0.41366286,23.7509
A9,32.44869023,0.41357708,324.208
A9,32.4397506,0.41367054,22.7324
A9,32.44021227,0.4137655,36.5522
A9,32.43916019,0.41395772,19.944
A9,32.46447165,0.40966617,10.933
A9,32.4635016,0.40989656,40.948
A9,32.45848363,0.41301618,42.2308
A9,32.4581283,0.41313581,51.3307
A9,32.42628028,0.41750205,25.1807
Bishop Tucker Road,32.71175605,0.33312219,13.2974
Bishop Tucker Road,32.71183543,0.33314734,26.8671
Bishop Tucker Road,32.71136199,0.33315189,10.7595
Bishop Tucker Road,32.71179843,0.33318765,4.8561
Bishop Tucker Road,32.7118125,0.33319442,16.9853
Bishop Tucker Road,32.71278857,0.33325296,13.7592
Bishop Tucker Road,32.71165714,0.33325824,38.5992
Bishop Tucker Road,32.712012,0.33326597,51.9142
Bishop Tucker Road,32.71273931,0.33328542,61.7525
Bishop Tucker Road,32.71200092,0.33329649,10.5599
Bishop Tucker Road,32.71175209,0.33330314,10.7092
Bishop Tucker Road,32.71268636,0.33331253,38.0067
Bishop Tucker Road,32.71301384,0.33320509,19.9106
Bishop Tucker Road,32.71296981,0.33326977,8.2889
Bishop Tucker Road,32.71209463,0.33331311,23.9431
Bishop Tucker Road,32.71199692,0.3333195,12.2168
Bishop Tucker Road,32.71262302,0.33332497,93.2738
Bishop Tucker Road,32.71203555,0.33333754,9.8367
Bishop Tucker Road,32.71185105,0.33334446,8.8068
Bishop Tucker Road,32.71178064,0.33334804,61.7834
Bishop Tucker Road,32.71129697,0.33336466,47.686
Bishop Tucker Road,32.71212739,0.33336987,24.397
Bishop Tucker Road,32.71257226,0.33337318,50.6488
Bishop Tucker Road,32.71251152,0.33338425,73.5228
Bishop Tucker Road,32.71185488,0.33338521,53.3653
Bishop Tucker Road,32.71173382,0.33339491,32.446
Bishop Tucker Road,32.71222076,0.33340025,7.503
Bishop Tucker Road,32.71243997,0.33340544,35.0264
Bishop Tucker Road,32.7123865,0.33343581,50.5634
Bishop Tucker Road,32.71224018,0.33344371,12.9066
Bishop Tucker Road,32.71234372,0.33345553,15.2088
Bishop Tucker Road,32.71193076,0.33346741,67.093
Bishop Tucker Road,32.71268144,0.33348839,7.3782
Bishop Tucker Road,32.71260446,0.33352564,47.7427
Bishop Tucker Road,32.71205157,0.33352569,11.6418
Bishop Tucker Road,32.71253307,0.33354994,51.3971
Bishop Tucker Road,32.71248926,0.33356596,38.9249
Bishop Tucker Road,32.71327277,0.33347988,22.2677
Bishop Tucker Road,32.71329888,0.33351334,23.5635
Bishop Tucker Road,32.71310623,0.33366506,11.0911
Bishop Tucker Road,32.71242414,0.33359019,69.8328
Bishop Tucker Road,32.71220407,0.33359354,76.8035
Bishop Tucker Road,32.7123507,0.33361596,54.9566
Bishop Tucker Road,32.71228532,0.33362665,21.3292
Bishop Tucker Road,32.71117186,0.3338597,56.4755
Bishop Tucker Road,32.71098159,0.33406062,18.511
Bishop Tucker Road,32.71093509,0.33412557,27.9614
Bishop Tucker Road,32.71057261,0.33423333,2740.3459
Bishop Tucker Road,32.71106886,0.33437003,37.2016
Bishop Tucker Road,32.71106726,0.33447786,32.3177
Bishop Tucker Road,32.71102438,0.33452752,6.1911
Bishop Tucker Road,32.71106956,0.33454507,47.4787
Bishop Tucker Road,32.7110253,0.33462501,48.9344
Bishop Tucker Road,32.71099399,0.33468119,23.5449
Bishop Tucker Road,32.71100704,0.33474272,40.2562
Bishop Tucker Road,32.71098371,0.33477461,30.136
Bishop Tucker Road,32.710746,0.33484426,25.8573
Bishop Tucker Road,32.71085893,0.33510962,52.3302
Bishop Tucker Road,32.7107623,0.3352058,9.0893
Bishop Tucker Road,32.71082698,0.33522473,33.7497
Bishop Tucker Road,32.71619759,0.33613874,8.8138
Bishop Tucker Road,32.71636425,0.33620828,40.9141
Bishop Tucker Road,32.71072251,0.33530416,30.9201
Bishop Tucker Road,32.71069619,0.33540063,8.2754
Bishop Tucker Road,32.71050514,0.33540525,15.2944
Bishop Tucker Road,32.71071665,0.33543235,16.4893
Bishop Tucker Road,32.7106679,0.3355477,20.511
Bishop Tucker Road,32.71060927,0.33561951,13.8905
Bishop Tucker Road,32.71792361,0.33682506,26.0574
Bishop Tucker Road,32.71813417,0.33704216,500.0413
Bishop Tucker Road,32.7179712,0.33724728,19.4407
Bishop Tucker Road,32.71031901,0.33587854,15.1719
Bishop Tucker Road,32.71035203,0.33590787,18.2756
Bishop Tucker Road,32.71797716,0.33729602,13.2596
Bishop Tucker Road,32.7181625,0.33736883,720.5648
Bishop Tucker Road,32.71834103,0.33774795,799.9953
Bishop Tucker Road,32.70857336,0.33836297,12.8017
Bishop Tucker Road,32.71816472,0.33844244,128.5463
Bishop Tucker Road,32.71818888,0.33900177,140.9198
Bishop Tucker Road,32.71816959,0.33916312,77.8542
Bishop Tucker Road,32.71815051,0.33935462,89.4723
Bishop Tucker Road,32.72986691,0.34347415,50.3704
Bishop Tucker Road,32.72993808,0.34350014,100.7715
Bishop Tucker Road,32.7180143,0.3396113,13.6624
Bishop Tucker Road,32.71820664,0.33969757,46.3079
Bishop Tucker Road,32.71817276,0.33970583,56.8719
Bishop Tucker Road,32.71834868,0.33981652,557.8157
Bishop Tucker Road,32.73011954,0.34350682,80.461
Bishop Tucker Road,32.73004545,0.34351475,82.8776
Bishop Tucker Road,32.73028982,0.3435432,77.0877
Bishop Tucker Road,32.73021363,0.34356108,7.3213
Bishop Tucker Road,32.73035093,0.34362009,23.5072
Bishop Tucker Road,32.72972135,0.34362723,41.1684
Bishop Tucker Road,32.73039841,0.34363058,13.1187
Bishop Tucker Road,32.73038359,0.34366663,16.4826
Bishop Tucker Road,32.72968461,0.34369043,17.9464
Bishop Tucker Road,32.73049444,0.34369216,34.0803
Bishop Tucker Road,32.72969647,0.34371688,89.9159
Bishop Tucker Road,32.72965073,0.34374486,26.695
Bishop Tucker Road,32.73065984,0.3437464,105.1649
Bishop Tucker Road,32.73078846,0.34374994,128.7025
Bishop Tucker Road,32.73084387,0.34382301,11.0511
Bishop Tucker Road,32.73042468,0.34383302,37.2174
Bishop Tucker Road,32.73089052,0.34387387,25.5297
Bishop Tucker Road,32.73049182,0.34387557,58.0177
Bishop Tucker Road,32.73117699,0.34393569,80.3563
Bishop Tucker Road,32.7298216,0.34398059,83.6745
Bishop Tucker Road,32.72970678,0.3439972,18.6386
Bishop Tucker Road,32.73113673,0.34399937,12.7088
Bishop Tucker Road,32.73079309,0.34401579,7.0031
Bishop Tucker Road,32.73113279,0.34401643,12.7519
Bishop Tucker Road,32.73133379,0.34402085,93.9508
Bishop Tucker Road,32.73055906,0.3440469,371.1176
Bishop Tucker Road,32.73136597,0.34407587,21.7964
Bishop Tucker Road,32.72973213,0.34409234,149.8381
Bishop Tucker Road,32.73101731,0.34411439,13.9094
Bishop Tucker Road,32.73130986,0.34411944,42.7162
Bishop Tucker Road,32.73085305,0.3441233,162.063
Bishop Tucker Road,32.73135676,0.34414744,6.0631
Bishop Tucker Road,32.73153012,0.34417062,10.6554
Bishop Tucker Road,32.73112781,0.34417556,5.681
Bishop Tucker Road,32.72972719,0.34417938,75.6752
Bishop Tucker Road,32.73116562,0.34419484,39.4958
Bishop Tucker Road,32.73158135,0.34420782,12.9725
Bishop Tucker Road,32.73120837,0.34421151,35.3909
Bishop Tucker Road,32.73124003,0.34424007,9.4825
Bishop Tucker Road,32.73155978,0.34424192,6.8149
Bishop Tucker Road,32.731765,0.3442945,85.9112
Bishop Tucker Road,32.73182589,0.34432817,55.2684
Bishop Tucker Road,32.73136612,0.34432897,10.4367
Bishop Tucker Road,32.73175494,0.34434725,10.6865
Bishop Tucker Road,32.73170546,0.344354,7.753
Bishop Tucker Road,32.73191153,0.34437471,111.1989
Bishop Tucker Road,32.73177192,0.34439081,6.1654
Bishop Tucker Road,32.72926117,0.34433041,16.9649
Bishop Tucker Road,32.73197368,0.34441782,118.7099
Bishop Tucker Road,32.7320409,0.34448801,94.5266
Bishop Tucker Road,32.73212334,0.34453839,71.2879
Bishop Tucker Road,32.7322129,0.34457985,126.48
Bishop Tucker Road,32.7293136,0.34456872,44.1421
Bishop Tucker Road,32.72925884,0.34462455,62.2499
Bishop Tucker Road,32.7192593,0.34462644,9.0082
Bishop Tucker Road,32.71926519,0.34465582,12.06
Bishop Tucker Road,32.72919741,0.34465988,37.7455
Bishop Tucker Road,32.73230455,0.34465113,86.2171
Bishop Tucker Road,32.73179853,0.34467604,126.9189
Bishop Tucker Road,32.73224558,0.34468259,14.4921
Bishop Tucker Road,32.72917706,0.34470168,33.4368
Bishop Tucker Road,32.729159,0.34473875,29.6804
Bishop Tucker Road,32.73260205,0.34483043,129.4675
Bishop Tucker Road,32.73253175,0.34484781,27.8982
Bishop Tucker Road,32.71926356,0.34489049,12.3353
Bishop Tucker Road,32.71947273,0.34491907,120.4098
Bishop Tucker Road,32.7192478,0.34492071,10.7906
Bishop Tucker Road,32.71924779,0.34499178,30.9211
Bishop Tucker Road,32.71945956,0.34499222,51.1489
Bishop Tucker Road,32.72881415,0.34511425,143.8126
Bishop Tucker Road,32.72873288,0.345191,117.2588
Bishop Tucker Road,32.72870076,0.34523439,66.0228
Bishop Tucker Road,32.7338185,0.34530653,264.0936
Bishop Tucker Road,32.7345131,0.34532085,254.3818
Bishop Tucker Road,32.72868278,0.34530115,223.2771
Bishop Tucker Road,32.73413047,0.34534194,297.6779
Bishop Tucker Road,32.73302174,0.34537404,49.7413
Bishop Tucker Road,32.73433995,0.34538618,243.1238
Bishop Tucker Road,32.73543701,0.34557988,111.9588
Bishop Tucker Road,32.7353502,0.34559882,116.8208
Bishop Tucker Road,32.73554164,0.34568554,85.421
Bishop Tucker Road,32.73562967,0.34569713,72.6161
Bishop Tucker Road,32.73572572,0.34570331,139.7941
Bishop Tucker Road,32.73610599,0.34574831,253.7825
Bishop Tucker Road,32.73594796,0.34574792,97.5073
Bishop Tucker Road,32.71930358,0.34577071,129.7649
Bishop Tucker Road,32.71932439,0.34588085,59.2839
Bishop Tucker Road,32.73667994,0.34587518,164.7166
Bishop Tucker Road,32.73648842,0.34588967,18.7048
Bishop Tucker Road,32.73658056,0.34590772,138.4955
Bishop Tucker Road,32.73697603,0.34597351,369.0825
Bishop Tucker Road,32.71973255,0.3460802,287.1162
Bishop Tucker Road,32.73636089,0.34609034,9.5612
Bishop Tucker Road,32.7364599,0.34609585,16.208
Bishop Tucker Road,32.73649506,0.34609983,11.3539
Bishop Tucker Road,32.71943465,0.34616988,75.0819
Bishop Tucker Road,32.73722595,0.34623285,7.3397
Bishop Tucker Road,32.73728311,0.34624099,41.5332
Bishop Tucker Road,32.73745979,0.34633251,16.0844
Bishop Tucker Road,32.73692532,0.34635903,151.3031
Bishop Tucker Road,32.7371819,0.34642922,5.7842
Bishop Tucker Road,32.72698973,0.34641281,54.3519
Bishop Tucker Road,32.73734622,0.3465637,13.1274
Bishop Tucker Road,32.7376672,0.34667425,51.0438
Bishop Tucker Road,32.73740722,0.346679,69.0431
Bishop Tucker Road,32.7240633,0.34665744,32.7871
Bishop Tucker Road,32.7195183,0.3467101,87.6918
Bishop Tucker Road,32.72186373,0.34674335,323.7664
Bishop Tucker Road,32.73741294,0.34685868,244.2332
Bishop Tucker Road,32.73780168,0.34689336,134.3653
Bishop Tucker Road,32.72128711,0.3469125,23.4304
Bishop Tucker Road,32.7213745,0.34694122,8.8104
Bishop Tucker Road,32.72099855,0.34696291,79.7886
Bishop Tucker Road,32.72105465,0.34696368,76.5285
Bishop Tucker Road,32.72094131,0.34697743,85.3057
Bishop Tucker Road,32.72369852,0.34698972,132.155
Bishop Tucker Road,32.72206576,0.34699315,26.4381
Bishop Tucker Road,32.72161359,0.34704674,5.8392
Bishop Tucker Road,32.72075114,0.34704815,43.3378
Bishop Tucker Road,32.73767969,0.34702554,17.0965
Bishop Tucker Road,32.73761812,0.34706156,111.1092
Bishop Tucker Road,32.73768938,0.34707324,16.0019
Bishop Tucker Road,32.72122712,0.34715437,27.4432
Bishop Tucker Road,32.71950686,0.34736577,85.8878
Bishop Tucker Road,32.72023714,0.34749704,210.524
Bishop Tucker Road,32.73810379,0.34749238,16.3212
Bishop Tucker Road,32.73791791,0.34751905,10.4256
Bishop Tucker Road,32.73811083,0.34753981,17.868
Bishop Tucker Road,32.73795179,0.34760582,19.2727
Bishop Tucker Road,32.71978996,0.34761965,144.8282
Bishop Tucker Road,32.73815452,0.34761794,8.0459
Bishop Tucker Road,32.7381452,0.34763376,9.5836
Bishop Tucker Road,32.73793792,0.34773876,180.3473
Bishop Tucker Road,32.738048,0.34782106,32.9325
Bishop Tucker Road,32.73806164,0.34787145,8.1295
Bishop Tucker Road,32.73805954,0.3479349,75.4317
Bishop Tucker Road,32.73802922,0.34804393,124.2904
Bishop Tucker Road,32.73828392,0.34822786,12.593
Bishop Tucker Road,32.73813099,0.34828236,42.3349
Bishop Tucker Road,32.73806145,0.34828613,103.1622
Bishop Tucker Road,32.73830777,0.34829606,72.8589
Bishop Tucker Road,32.73811734,0.34837383,63.9396
Bishop Tucker Road,32.73815688,0.34846151,59.8515
Bishop Tucker Road,32.73817304,0.34855041,34.7079
Bishop Tucker Road,32.73817732,0.34860354,66.5354
Bishop Tucker Road,32.73820267,0.34865366,7.469
Bishop Tucker Road,32.73822024,0.34870985,17.0661
Bishop Tucker Road,32.7384093,0.34871468,206.9105
Bishop Tucker Road,32.73816215,0.34872029,26.8409
Bishop Tucker Road,32.73818783,0.34877921,87.8819
Bishop Tucker Road,32.73819423,0.34886052,61.1255
Bishop Tucker Road,32.73841284,0.34888204,99.8795
Bishop Tucker Road,32.73825224,0.34893347,8.6367
Bishop Tucker Road,32.73818295,0.34897707,74.2604
Bishop Tucker Road,32.73824787,0.34905524,19.8858
Bishop Tucker Road,32.73817842,0.34905728,29.7814
Bishop Tucker Road,32.73824584,0.34909367,13.8181
Bishop Tucker Road,32.73824417,0.34913656,35.1673
Bishop Tucker Road,32.7382457,0.34917107,19.4005
Bishop Tucker Road,32.73816998,0.34924552,120.9546
Bishop Tucker Road,32.73823852,0.34924868,83.8088
Bishop Tucker Road,32.73823327,0.34931444,23.7691
Bishop Tucker Road,32.7384175,0.34932775,27.3064
Bishop Tucker Road,32.73846652,0.34933133,94.0596
Bishop Tucker Road,32.73828385,0.34941868,91.8231
Bishop Tucker Road,32.73847051,0.34943786,8.5968
Bishop Tucker Road,32.7384498,0.34947231,10.3798
Bishop Tucker Road,32.73822447,0.34949244,79.3015
Bishop Tucker Road,32.73845224,0.34951893,12.1047
Bishop Tucker Road,32.73830587,0.34954259,7.0871
Bishop Tucker Road,32.73827201,0.34956428,11.5241
Bishop Tucker Road,32.73852365,0.34961635,204.588
Bishop Tucker Road,32.73827999,0.34963012,6.9691
Bishop Tucker Road,32.73831638,0.34964156,31.436
Bishop Tucker Road,32.73825866,0.34966601,45.209
Bishop Tucker Road,32.73825569,0.34972494,60.6886
Bishop Tucker Road,32.73831386,0.3497253,22.3909
Bishop Tucker Road,32.73826716,0.34977716,40.8322
Bishop Tucker Road,32.73851135,0.34980835,13.0593
Bishop Tucker Road,32.7382497,0.34982895,108.3323
Bishop Tucker Road,32.73852633,0.3498666,23.1211
Bishop Tucker Road,32.73827829,0.34999553,351.1671
Bishop Tucker Road,32.73828828,0.35021594,127.7489
Bishop Tucker Road,32.73831914,0.35035423,141.2488
Bishop Tucker Road,32.73831572,0.35044901,103.1366
Bishop Tucker Road,32.73832501,0.35071567,196.3149
Bishop Tucker Road,32.73834679,0.3508479,91.5449
Bishop Tucker Road,32.73837576,0.35094298,108.8397
Bishop Tucker Road,32.73835119,0.35104988,114.7427
Bishop Tucker Road,32.73835062,0.35112515,108.1654
Bishop Tucker Road,32.73841257,0.35119783,18.8873
Bishop Tucker Road,32.73872631,0.35123193,801.4672
Bishop Tucker Road,32.73851028,0.35249996,18.9026
Bishop Tucker Road,32.73854054,0.35281002,65.0778
Bishop Tucker Road,32.73849683,0.3528149,103.0217
Bishop Tucker Road,32.73841967,0.35301562,267.6942
Bishop Tucker Road,32.73848901,0.3532558,174.0714
Bishop Tucker Road,32.73868726,0.35431765,14.7602
Bishop Tucker Road,32.73869691,0.35434649,10.7517
Bishop Tucker Road,32.73868622,0.35441347,63.4393
Bishop Tucker Road,32.73870921,0.35449336,46.7507
Bishop Tucker Road,32.73872639,0.35455515,13.4922
Bishop Tucker Road,32.73871847,0.35463311,15.0579
Bishop Tucker Road,32.73873502,0.35466156,14.626
Bishop Tucker Road,32.7387449,0.35470481,23.3623
Bishop Tucker Road,32.73875055,0.35477198,10.6025
Bishop Tucker Road,32.73877479,0.35484707,14.2255
Bishop Tucker Road,32.738784,0.35489035,51.5051
Bishop Tucker Road,32.73909428,0.35581994,8.1334
Bishop Tucker Road,32.73979309,0.35742597,18.1175
Bishop Tucker Road,32.73982775,0.35756383,334.3674
Bishop Tucker Road,32.74078732,0.35917784,107.0452
Bishop Tucker Road,32.74087197,0.35919463,7.3178
Bishop Tucker Road,32.74087097,0.35922067,15.1416
Bishop Tucker Road,32.74082014,0.35927803,75.6081
Bishop Tucker Road,32.74128943,0.36017401,9.276
Bishop Tucker Road,32.74132116,0.36018048,10.4955
Bishop Tucker Road,32.74131692,0.360204,13.0281
Bishop Tucker Road,32.74584982,0.36037361,26.7446
Bishop Tucker Road,32.7463726,0.3604138,35.7705
Bishop Tucker Road,32.74594066,0.36059927,101.2936
Bishop Tucker Road,32.74610382,0.36060856,325.2792
Bishop Tucker Road,32.74578695,0.3606133,16.3611
Bishop Tucker Road,32.74538314,0.36071222,10.5675
Bishop Tucker Road,32.74547777,0.36072716,12.8003
Bishop Tucker Road,32.74583282,0.3607273,450.5102
Bishop Tucker Road,32.74537768,0.36076736,33.1829
Bishop Tucker Road,32.74428172,0.36078025,7.9659
Bishop Tucker Road,32.743988,0.36078619,119.3044
Bishop Tucker Road,32.74526162,0.36078839,114.4651
Bishop Tucker Road,32.7449171,0.36084184,7.0062
Bishop Tucker Road,32.74563073,0.36084261,978.5015
Bishop Tucker Road,32.74445997,0.36094242,6.3524
Bishop Tucker Road,32.74450447,0.36094435,17.9555
Bishop Tucker Road,32.74469766,0.36095333,229.1711
Bishop Tucker Road,32.74435726,0.36095738,6.8788
Bishop Tucker Road,32.74485191,0.36096068,372.3969
Bishop Tucker Road,32.74430005,0.36098675,33.1065
Bishop Tucker Road,32.7445916,0.36101999,203.3395
Bishop Tucker Road,32.74452247,0.36102849,109.7877
Bishop Tucker Road,32.74418751,0.36103379,148.4928
Bishop Tucker Road,32.74393975,0.36110062,196.4167
Bishop Tucker Road,32.74261847,0.36112138,10.2107
Bishop Tucker Road,32.74274618,0.36115826,52.0094
Bishop Tucker Road,32.74412186,0.36117967,554.0294
Bishop Tucker Road,32.74287312,0.36128258,591.7888
Bwaise I 14302,32.56294454,0.35533489,183.6537
Bwaise I 14302,32.5629344,0.35545199,60.9096
Bwaise I 14302,32.56293515,0.35562778,254.4521
Bwaise I 14302,32.56291914,0.35577236,68.7884
Bwaise I 14302,32.56260914,0.35595083,54.3017
Bwaise I 14302,32.56282145,0.35612935,26.8566
Bwaise I 14302,32.56280821,0.35629201,15.9783
Bwaise I 14302,32.5627869,0.35650845,136.948
Bwaise I 14302,32.56276286,0.35667746,163.2722
Bwaise I 14302,32.56274583,0.35680844,23.8612
Bwaise I 14302,32.56267399,0.35711816,22.0513
Bwaise I 14302,32.56267106,0.35715331,9.4097
Bwaise I 14302,32.56272634,0.35727042,575.3806
Bwaise I 14302,32.56234603,0.3576414,50.7583
Bwaise I 14302,32.56257095,0.35778161,37.5741
Bwaise I 14302,32.5626611,0.35750751,188.4193
Bwaise I 14302,32.56265475,0.35763445,185.7379
Bwaise I 14302,32.56252499,0.35805767,58.8178
Bwaise I 14302,32.5624361,0.35855088,70.6306
Bwaise I 14302,32.56237715,0.35869274,61.292
Bwaise I 14302,32.5623976,0.35885843,111.8089
Bwaise I 14302,32.56228162,0.35926308,8.137
Bwaise I 14302,32.56216563,0.35991724,56.7389
Bwaise I 14302,32.56206427,0.360295,16.5634
Bwaise I 14302,32.56201158,0.36056503,77.8912
Bwaise I 14302,32.56161089,0.36088586,39.0657
Bwaise I 14302,32.56181082,0.36095386,8.6231
Bwaise I 14302,32.56116937,0.36188316,104.434
Bwaise I 14302,32.56102364,0.36216548,124.2606
Bwaise I 14302,32.5613399,0.36226726,156.4594
Bwaise I 14302,32.56123767,0.36242535,32.637
Bwaise I 14302,32.56109455,0.3630845,64.5229
Bwaise I 14302,32.54697823,0.39797086,59.4044
Bwaise I 14302,32.54696357,0.39801289,42.6285
Bwaise I 14302,32.54678861,0.39835196,6.7121
Bwaise I 14302,32.5467103,0.39853745,12.9731
Bwaise I 14302,32.54663732,0.39870533,16.629
Bwaise I 14302,32.54673004,0.39882323,241.257
Bwaise I 14302,32.54662127,0.39888944,240.9887
Bwaise I 14302,32.54657961,0.39896979,29.7308
Bwaise I 14302,32.54647409,0.39920983,13.2306
Bwaise I 14302,32.54645606,0.39923944,8.5607
Bwaise I 14302,32.54622632,0.39996956,30.4918
Bwaise I 14302,32.54620825,0.40009449,84.5204
Bwaise I 14302,32.54616111,0.40021775,183.0144
Bwaise I 14302,32.54606214,0.40049443,23.0686
Bwaise I 14302,32.54602587,0.40063237,118.3198
Bwaise I 14302,32.54595558,0.40075537,117.5414
Bwaise I 14302,32.54592679,0.40088395,217.9112
Bwaise I 14302,32.54586415,0.40103783,203.3051
Bwaise I 14302,32.55379384,0.38642784,89.8242
Bwaise I 14302,32.55377981,0.38653736,248.6601
Bwaise I 14302,32.55343772,0.38680641,18.6992
Bwaise I 14302,32.55341481,0.38687868,42.0247
Bwaise I 14302,32.55337863,0.38697269,69.9187
Bwaise I 14302,32.55333247,0.38705438,93.8951
Bwaise I 14302,32.55328218,0.38716352,168.7845
Bwaise I 14302,32.55313896,0.38725604,19.3923
Bwaise I 14302,32.55309233,0.38731818,24.5918
Bwaise I 14302,32.55310042,0.3873752,79.1389
Bwaise I 14302,32.5530402,0.38745988,88.5918
Bwaise I 14302,32.55304845,0.38759963,97.507
Bwaise I 14302,32.552031,0.38885347,18.0015
Bwaise I 14302,32.55189146,0.3890523,12.422
Bwaise I 14302,32.55194798,0.38910043,121.8941
Bwaise I 14302,32.551729,0.38929016,14.8981
Bwaise I 14302,32.55111673,0.38973093,22.8023
Bwaise I 14302,32.55080042,0.39015851,20.3251
Bwaise I 14302,32.55045257,0.3912012,194.6942
Bwaise I 14302,32.55022864,0.39151384,56.7818
Bwaise I 14302,32.55006216,0.3916703,15.0442
Bwaise I 14302,32.550041,0.39176106,119.7619
Bwaise I 14302,32.54955654,0.3919651,17.5274
Bwaise I 14302,32.5497908,0.39209814,93.4624
Bwaise I 14302,32.54938016,0.39263137,33.5074
Bwaise I 14302,32.54931274,0.39276563,44.1204
Bwaise I 14302,32.54927453,0.39276981,41.31
Bwaise I 14302,32.54925318,0.39295581,311.3912
Bwaise I 14302,32.549158,0.39303122,15.3625
Bwaise I 14302,32.54912769,0.39316687,154.8113
Bwaise I 14302,32.5490559,0.39326492,149.5647
Bwaise I 14302,32.54895035,0.39331609,4.979
Bwaise I 14302,32.5489645,0.39336728,94.0959
Bwaise I 14302,32.54886031,0.39352676,30.7527
Bwaise I 14302,32.54878894,0.39352934,8.9472
Bwaise I 14302,32.54889021,0.39364346,267.445
Bwaise I 14302,32.54871857,0.39373597,52.0105
Bwaise I 14302,32.54879108,0.3937822,188.6094
Bwaise I 14302,32.54865676,0.39385063,7.8049
Bwaise I 14302,32.54853129,0.39413071,88.9289
Bwaise I 14302,32.54852251,0.39424513,268.251
Bwaise I 14302,32.54830399,0.39452161,90.5443
Bwaise I 14302,32.5481878,0.39466875,26.8413
Bwaise I 14302,32.54819946,0.39475096,66.0456
Bwaise I 14302,32.54774966,0.39493028,192.0745
Bwaise I 14302,32.54816682,0.39478969,54.7739
Bwaise I 14302,32.54793635,0.39520855,5.8792
Bwaise I 14302,32.5478737,0.3955559,62.3595
Bwaise I 14302,32.54781007,0.39565013,7.641
Bwaise I 14302,32.54748604,0.39578739,39.0358
Bwaise I 14302,32.54771474,0.39601768,116.4632
Bwaise I 14302,32.54763841,0.39610082,9.6319
Bwaise I 14302,32.5476592,0.39613555,46.8712
Bwaise I 14302,32.54764234,0.39620015,42.8713
Bwaise I 14302,32.54734137,0.3962065,27.8999
Bwaise I 14302,32.54742685,0.39666089,14.6055
Bwaise I 14302,32.54711086,0.39684694,14.4109
Bwaise I 14302,32.5471826,0.39728137,17.4336
Bwaise I 14302,32.56005746,0.36621827,20.8028
Bwaise I 14302,32.55956093,0.36752862,9.7333
Bwaise I 14302,32.55884991,0.36939911,33.1849
Bwaise I 14302,32.55883875,0.36942936,22.0731
Bwaise I 14302,32.55878776,0.36946054,33.0296
Bwaise I 14302,32.55875926,0.36957822,14.944
Bwaise I 14302,32.55876129,0.36961789,42.4413
Bwaise I 14302,32.55850524,0.36971573,31.2944
Bwaise I 14302,32.5567883,0.37466758,14.7256
Bwaise I 14302,32.55842877,0.37046618,120.7197
Bwaise I 14302,32.55739509,0.37244087,52.0249
Bwaise I 14302,32.55723035,0.37303279,30.0853
Bwaise I 14302,32.55726869,0.37342514,33.3113
Bwaise I 14302,32.55723064,0.37367121,64.7441
Bwaise I 14302,32.55681776,0.37391833,57.9321
Bwaise I 14302,32.55709675,0.37413546,846.7681
Bwaise I 14302,32.55672065,0.37423491,28.5926
Bwaise I 14302,32.55663509,0.3758016,83.7436
Bwaise I 14302,32.55693983,0.37581559,101.2235
Bwaise I 14302,32.55685772,0.37618111,31.4545
Bwaise I 14302,32.55701444,0.376656,244.9492
Bwaise I 14302,32.55707575,0.37671805,102.0462
Bwaise I 14302,32.55709368,0.37679553,122.6198
Bwaise I 14302,32.55743761,0.37689304,11.8532
Bwaise I 14302,32.55752365,0.3771768,130.7644
Bwaise I 14302,32.55753925,0.37736849,129.5688
Bwaise I 14302,32.55758989,0.37756128,95.1572
Bwaise I 14302,32.55760614,0.37776385,114.3455
Bwaise I 14302,32.55762433,0.37787606,52.7391
Bwaise I 14302,32.55763282,0.37795,73.7616
Bwaise I 14302,32.55743245,0.37813455,32.6807
Bwaise I 14302,32.557655,0.37816377,49.0097
Bwaise I 14302,32.55676072,0.37507768,239.0395
Bwaise I 14302,32.55653214,0.37513443,33.9151
Bwaise I 14302,32.55654862,0.37531845,27.288
Bwaise I 14302,32.55661138,0.38145873,75.1499
Bwaise I 14302,32.55660154,0.3815389,121.1654
Bwaise I 14302,32.55655181,0.38171928,183.1384
Bwaise I 14302,32.55765749,0.37824925,79.227
Bwaise I 14302,32.5576648,0.37837216,123.5217
Bwaise I 14302,32.55768043,0.37872925,217.1847
Bwaise I 14302,32.55764799,0.37898097,384.7417
Bwaise I 14302,32.55708457,0.38046066,52.1846
Bwaise I 14302,32.55700018,0.38067657,37.6747
Bwaise I 14302,32.55657169,0.38077755,150.3828
Bwaise I 14302,32.55649089,0.38180578,170.9512
Bwaise I 14302,32.55646285,0.38186869,83.6163
Bwaise I 14302,32.55638394,0.38194639,178.5682
Bwaise I 14302,32.55631075,0.38205548,194.3753
Bwaise I 14302,32.55623158,0.3821407,21.3141
Bwaise I 14302,32.55625553,0.38221342,88.5631
Bwaise I 14302,32.55619218,0.38226616,14.0799
Bwaise I 14302,32.55617894,0.38229026,14.0325
Bwaise I 14302,32.55616145,0.38231995,22.4145
Bwaise I 14302,32.55599731,0.38252634,18.3721
Bwaise I 14302,32.55607124,0.38257861,133.2844
Bwaise I 14302,32.55602708,0.3826412,27.0268
Bwaise I 14302,32.55598838,0.3826776,54.5573
Bwaise I 14302,32.55592355,0.38280559,29.4839
Bwaise I 14302,32.55581829,0.38285996,14.6443
Bwaise I 14302,32.55587365,0.38290505,53.5138
Bwaise I 14302,32.55583361,0.38296567,7.5234
Bwaise I 14302,32.55581783,0.38302469,32.9667
Bwaise I 14302,32.5557941,0.38317363,358.0202
Bwaise I 14302,32.55566825,0.38320024,10.682
Bwaise I 14302,32.55571617,0.38332126,199.3267
Bwaise I 14302,32.55564933,0.38344408,116.981
Bwaise I 14302,32.55558239,0.38353209,141.1864
Bwaise I 14302,32.55550932,0.38367645,102.6667
Bwaise I 14302,32.55541672,0.38372939,57.7299
Bwaise I 14302,32.55547521,0.38376833,126.9825
Bwaise I 14302,32.55544474,0.38385597,141.8258
Bwaise I 14302,32.55532098,0.38389961,28.5961
Bwaise I 14302,32.55539503,0.38392626,96.6657
Bwaise I 14302,32.55536131,0.38405212,360.215
Bwaise I 14302,32.55518795,0.38431226,176.6731
Bwaise I 14302,32.55508904,0.38451785,259.9949
Bwaise I 14302,32.55503426,0.38465315,208.2755
Bwaise I 14302,32.55495137,0.38469327,21.0778
Bwaise I 14302,32.55492588,0.38478627,194.7191
Bwaise I 14302,32.55484885,0.38490573,143.0285
Bwaise I 14302,32.55479401,0.38498137,31.0129
Bwaise I 14302,32.55463047,0.3851069,15.0793
Bwaise I 14302,32.55470543,0.38512712,201.5703
Bwaise I 14302,32.55461435,0.38522942,108.4263
Bwaise I 14302,32.55452693,0.38530077,47.7534
Bwaise I 14302,32.55450791,0.38539745,119.5123
Bwaise I 14302,32.5543843,0.38544548,4.6686
Bwaise I 14302,32.55439514,0.38550134,65.5643
Bwaise I 14302,32.5543417,0.38568721,368.7612
Bwaise I 14302,32.55420897,0.38580916,114.496
Bwaise I 14302,32.55415138,0.38588888,89.7229
Bwaise I 14302,32.55409162,0.38588897,8.3646
Bwaise I 14302,32.5541183,0.38594751,41.3134
Bwaise I 14302,32.55402516,0.38596835,41.5552
Bwaise I 14302,32.5540773,0.38598296,52.5869
Bwaise I 14302,32.55403679,0.38602554,39.6057
Bwaise I 14302,32.55402991,0.38608303,63.6689
Bwaise I 14302,32.55397728,0.38616451,83.2259
Bwaise I 14302,32.55383398,0.38622166,18.2617
Bwaise I 14302,32.55391857,0.38627192,215.7102
Bwaise I 14302,32.55383392,0.38636743,53.9596
Gayaza Road,32.57186322,0.34076437,16.6049
Gayaza Road,32.57149163,0.34135341,42.4231
Gayaza Road,32.57145812,0.34148407,264.9577
Gayaza Road,32.57142045,0.34167054,161.6418
Gayaza Road,32.57142439,0.3418326,40.4047
Gayaza Road,32.5713857,0.34191514,200.3573
Gayaza Road,32.57129447,0.3423963,303.9646
Gayaza Road,32.57125766,0.34251599,103.4104
Gayaza Road,32.57160796,0.34252113,26.1338
Gayaza Road,32.57139505,0.34256259,21.184
Gayaza Road,32.57130229,0.34261563,140.8948
Gayaza Road,32.57153208,0.34368967,16.0035
Gayaza Road,32.57115487,0.34387096,142.6703
Gayaza Road,32.57099875,0.34533643,290.3321
Gayaza Road,32.57140825,0.34561509,594.7614
Gayaza Road,32.57129695,0.34630539,118.3066
Gayaza Road,32.57097839,0.34631889,19.8448
Gayaza Road,32.57125398,0.34684791,500.0526
Gayaza Road,32.57059213,0.34844426,117.7377
Gayaza Road,32.57101175,0.34855617,25.7157
Gayaza Road,32.57070134,0.34859423,155.5001
Gayaza Road,32.57103404,0.34868743,92.7322
Gayaza Road,32.57071945,0.34870333,31.628
Gayaza Road,32.5709961,0.34887869,13.5205
Gayaza Road,32.57104784,0.3488932,166.0624
Gayaza Road,32.57100097,0.34896101,24.6074
Gayaza Road,32.57106707,0.34922105,68.0593
Gayaza Road,32.5710801,0.34928826,44.1608
Gayaza Road,32.57110944,0.34934966,62.2895
Gayaza Road,32.57112757,0.34956179,30.9978
Gayaza Road,32.57115461,0.34961519,51.9183
Gayaza Road,32.57121424,0.34964614,107.2499
Gayaza Road,32.57102918,0.35045255,43.6875
Gayaza Road,32.57106235,0.35057056,97.5865
Gayaza Road,32.57355698,0.35819936,187.7697
Gayaza Road,32.57374366,0.35879733,54.3318
Gayaza Road,32.57382356,0.35905524,264.8721
Gayaza Road,32.57388656,0.35932527,133.2544
Gayaza Road,32.57399283,0.35999474,173.7299
Gayaza Road,32.57532215,0.36375734,12.9618
Gayaza Road,32.57578794,0.36532163,59.301
Gayaza Road,32.57594843,0.36599804,17.7532
Gayaza Road,32.60600172,0.44095992,13.4831
Gayaza Road,32.60618687,0.44104634,111.5219
Gayaza Road,32.61348134,0.45267895,235.8255
Gayaza Road,32.61312842,0.45269777,46.2852
Gayaza Road,32.61351402,0.45286257,55.6794
Gayaza Road,32.62590338,0.46286956,20.9164
Gayaza Road,32.63744411,0.46030869,29.0558
Gayaza Road,32.63794225,0.46032755,24.9574
Gayaza Road,32.63806486,0.46035383,42.6931
Gayaza Road,32.63821366,0.46037804,26.1906
Gayaza Road,32.63826128,0.46042382,10.6709
Gayaza Road,32.63844084,0.4604273,8.3724
Gayaza Road,32.63740832,0.46052127,64.3404
Gayaza Road,32.63752103,0.46053078,73.0005
Gayaza Road,32.63759909,0.46054514,84.1241
Gayaza Road,32.59925422,0.42797392,47.1552
Gayaza Road,32.59972284,0.42872932,26.8634
Gayaza Road,32.60431857,0.43983807,11.1525
Gayaza Road,32.57660362,0.37343111,111.6039
Gayaza Road,32.57652676,0.3745353,64.458
Gayaza Road,32.57651276,0.37506307,31.7118
Gayaza Road,32.57666137,0.37762219,9.8911
Gayaza Road,32.57668548,0.37762442,26.7644
Gayaza Road,32.57656354,0.37871005,57.8029
Gayaza Road,32.57696483,0.3800335,89.1712
Gayaza Road,32.57699356,0.38030781,107.6894
Gayaza Road,32.577007,0.38045176,193.1619
Gayaza Road,32.57703129,0.38060702,135.6786
Gayaza Road,32.57700053,0.38070647,10.3029
Gayaza Road,32.5770596,0.38078028,205.0701
Gayaza Road,32.57714243,0.38111695,412.9448
Gayaza Road,32.57684442,0.38139432,8.1072
Gayaza Road,32.57684359,0.38142581,8.8781
Gayaza Road,32.57708945,0.38166948,106.0155
Gayaza Road,32.576945,0.3824861,24.7258
Gayaza Road,32.57708196,0.38311787,26.7485
Gayaza Road,32.58030519,0.39226228,131.2125
Gayaza Road,32.58048445,0.39254064,386.6366
Gayaza Road,32.58020975,0.39218536,7.2599
Gayaza Road,32.58079384,0.39381634,147.4615
Gayaza Road,32.58083912,0.39404341,82.2952
Gayaza Road,32.58120576,0.39524906,22.3528
Gayaza Road,32.5811822,0.39527933,24.7703
Gayaza Road,32.58248679,0.39909287,21.4894
Gayaza Road,32.58293417,0.40022181,129.6233
Gayaza Road,32.58310968,0.40120457,25.6582
Gayaza Road,32.5838453,0.40181474,31.2273
Gayaza Road,32.58505951,0.40281965,33.7161
Gayaza Road,32.58510101,0.40283722,47.9777
Gayaza Road,32.58524148,0.40301565,10.4152
Gayaza Road,32.58781353,0.40470379,21.7103
Gayaza Road,32.58868773,0.40510582,60.7457
Gayaza Road,32.58897863,0.40527755,39.3431
Gayaza Road,32.58899552,0.40536151,6.6199
Gayaza Road,32.58903188,0.40538401,11.5952
Gayaza Road,32.58917582,0.405418,32.3719
Gayaza Road,32.58923231,0.40549264,13.6784
Gayaza Road,32.58949342,0.40563809,24.8941
Gayaza Road,32.58980356,0.40567399,633.3726
Gayaza Road,32.58958492,0.40567689,31.6624
Gayaza Road,32.58983973,0.40583358,28.7807
Gayaza Road,32.5900136,0.40603566,9.0378
Gayaza Road,32.59057992,0.40630439,68.0829
Gayaza Road,32.5908559,0.4065502,10.632
Gayaza Road,32.59393333,0.40874042,5.352
Gayaza Road,32.59429032,0.40913574,168.0459
Gayaza Road,32.59435058,0.40925652,32.9793
Gayaza Road,32.59437555,0.40930847,34.7439
Gayaza Road,32.59454571,0.40958888,28.0816
Gayaza Road,32.5948387,0.41026925,8.4949
Gayaza Road,32.5953034,0.41180519,18.4653
Gayaza Road,32.5958151,0.41353925,282.2388
Gayaza Road,32.59572826,0.41362346,21.728
Gayaza Road,32.59564791,0.41409433,21.4922
Gayaza Road,32.59661782,0.4168027,34.5881
Gayaza Road,32.59677429,0.41722314,265.3305
Gayaza Road,32.59701323,0.41804645,135.7485
Gayaza Road,32.59709444,0.41837329,511.6279
Gayaza Road,32.59758412,0.42040428,83.1598
Gayaza Road,32.59787779,0.42267069,57.4481
Gayaza Road,32.5979819,0.42313687,21.8358
Gayaza Road,32.63101811,0.45979622,90.4121
Gayaza Road,32.63107721,0.45980465,26.2997
Gayaza Road,32.63113252,0.45982346,15.2475
Gayaza Road,32.63174725,0.45984768,38.6616
Gayaza Road,32.62980419,0.45987286,13.1696
Gayaza Road,32.62977072,0.4598855,10.2229
Gayaza Road,32.62968859,0.45990697,15.0479
Gayaza Road,32.62927149,0.45993549,94.1134
Gayaza Road,32.62917428,0.45998144,132.4068
Gayaza Road,32.62994055,0.46007331,7.1118
Gayaza Road,32.62904999,0.46010382,8.0932
Gayaza Road,32.63164868,0.4600872,13.3156
Gayaza Road,32.62981656,0.46010495,15.3023
Gayaza Road,32.62892539,0.46015016,7.2906
Gayaza Road,32.63566185,0.46020967,49.8876
Gayaza Road,32.63288854,0.4601915,7.1362
Gayaza Road,32.6331195,0.46019962,10.3835
Gayaza Road,32.63278719,0.46020829,60.5944
Gayaza Road,32.63285838,0.46020881,21.8573
Gayaza Road,32.63291596,0.46021429,17.0066
Gayaza Road,32.62885116,0.46019983,8.5505
Gayaza Road,32.62883179,0.46021646,10.8744
Gayaza Road,32.628734,0.46026381,13.8404
Gayaza Road,32.62872037,0.46028272,6.8802
Gayaza Road,32.63572017,0.46019607,43.5535
Gayaza Road,32.63677793,0.46022745,9.0473
Gayaza Road,32.63658074,0.46023672,10.7821
Gayaza Road,32.63661728,0.46023874,12.7673
Gayaza Road,32.6368442,0.46024043,12.8279
Gayaza Road,32.62851087,0.46035657,30.0372
Gayaza Road,32.63893024,0.46057883,11.4263
Gayaza Road,32.63901608,0.46058336,5.5639
Gayaza Road,32.63923795,0.46062042,50.2321
Gayaza Road,32.63937297,0.46063532,200.0984
Gayaza Road,32.64035065,0.4608432,337.9872
Gayaza Road,32.6402445,0.46087817,42.8145
Gayaza Road,32.6406551,0.46109113,65.8117
Gayaza Road,32.62712924,0.4618384,17.1558
Gayaza Road,32.64246665,0.46328047,36.5448
Gayaza Road,32.64246434,0.46336438,12.6853
Gayaza Road,32.64246673,0.46340303,17.1435
Gayaza Road,32.64252784,0.46349635,10.458
Gayaza Road,32.64254742,0.46357659,9.2108
Gayaza Road,32.64239903,0.463833,8.3143
Gayaza Road,32.6427116,0.46398838,11.9169
Gayaza Road,32.64282987,0.46418098,78.1496
Gayaza Road,32.64310568,0.4642865,654.4884
Gayaza Road,32.64367879,0.46621876,28.6025
Gayaza Road,32.64352074,0.46639668,19.3108
Gayaza Road,32.6438324,0.46654191,21.4202
Gayaza Road,32.64473992,0.46779126,7.5236
Gayaza Road,32.64495358,0.46798882,42.7788
Gayaza Road,32.64513981,0.46806655,13.4789
Gayaza Road,32.60547749,0.44065653,20.3672
Gayaza Road,32.60734129,0.44198086,138.3354
Gayaza Road,32.60772299,0.4423777,34.5172
Gayaza Road,32.60775453,0.44240438,22.6103
Gayaza Road,32.60803393,0.44261352,42.8252
Gayaza Road,32.60860324,0.44304796,67.3102
Gayaza Road,32.60864061,0.44311298,29.2439
Gayaza Road,32.60869939,0.44349239,23.2532
Gayaza Road,32.60917949,0.44353495,42.1728
Gayaza Road,32.60926829,0.44366556,25.4852
Gayaza Road,32.60967191,0.44401216,26.0309
Gayaza Road,32.60994749,0.44422097,21.2287
Gayaza Road,32.60959265,0.44423225,18.0132
Gayaza Road,32.61002133,0.44430106,10.8008
Gayaza Road,32.61206751,0.44674583,28.8167
Gayaza Road,32.61213496,0.44684401,107.1546
Gayaza Road,32.61213304,0.44693794,77.7436
Gayaza Road,32.61214022,0.44702118,37.4078
Gayaza Road,32.61223569,0.44743537,81.8259
Gayaza Road,32.61224979,0.44750125,78.3279
Gayaza Road,32.61225589,0.44759582,263.872
Gayaza Road,32.61226798,0.4479365,281.1533
Gayaza Road,32.61218464,0.44809562,73.7007
Gayaza Road,32.61211417,0.44875717,59.9484
Gayaza Road,32.61214691,0.44883817,222.1775
Gayaza Road,32.61178655,0.44884787,80.9441
Gayaza Road,32.61212077,0.44974122,2196.231
Gayaza Road,32.61184227,0.45011542,21.3265
Gayaza Road,32.61200418,0.45019595,60.1173
Gayaza Road,32.61207806,0.45051537,216.8264
Gayaza Road,32.6121325,0.4508086,35.3016
Gayaza Road,32.61208134,0.45081262,12.7312
Gayaza Road,32.61218242,0.45095354,31.4112
Gayaza Road,32.61198964,0.45107962,25.2188
Gayaza Road,32.61243435,0.45128027,11.4589
Gayaza Road,32.61252297,0.45144588,11.1975
Gayaza Road,32.61265464,0.45156029,122.8981
Gayaza Road,32.6127312,0.45165439,156.7524
Gayaza Road,32.61280489,0.45172746,148.6019
Gayaza Road,32.61269765,0.45173566,20.7781
Gayaza Road,32.61272018,0.45178535,27.0697
Gayaza Road,32.61292395,0.45194159,46.8529
Gayaza Road,32.61298095,0.4520033,162.0069
Gayaza Road,32.61291664,0.45200965,18.8143
Gayaza Road,32.61302014,0.45207497,68.6052
Gayaza Road,32.61301236,0.45214948,18.7773
Gayaza Road,32.61301787,0.4522141,31.3504
Gayaza Road,32.61333558,0.45258155,13.8388
Gayaza Road,32.61331372,0.45259866,7.8494
Gayaza Road,32.61334727,0.45261564,10.2501
Gayaza Road,32.6137238,0.45305988,53.8624
Gayaza Road,32.61353377,0.45324302,12.8604
Gayaza Road,32.61395888,0.45344933,12.4053
Gayaza Road,32.6140735,0.45353051,51.9946
Gayaza Road,32.61413223,0.45358225,60.1556
Gayaza Road,32.61444414,0.45408791,11.5435
Gayaza Road,32.61420361,0.45415318,8.7602
Gayaza Road,32.64958302,0.46849986,7.479
Gayaza Road,32.64950144,0.468515,20.8711
Gayaza Road,32.64958956,0.46851979,6.8883
Gayaza Road,32.64883544,0.46867603,5.8464
Gayaza Road,32.65573655,0.4663068,65.9643
Gayaza Road,32.65315327,0.46650336,112.5194
Gayaza Road,32.61425787,0.4542632,28.8377
Gayaza Road,32.6148054,0.45464422,7.5235
Gayaza Road,32.61461369,0.45471929,12.6712
Gayaza Road,32.61498434,0.45472243,69.3447
Gayaza Road,32.61488934,0.45473201,10.4953
Gayaza Road,32.61464349,0.45476612,20.8203
Gayaza Road,32.61475152,0.4548866,6.5872
Gayaza Road,32.61522043,0.45512211,32.1807
Gayaza Road,32.61532125,0.45521078,205.0008
Gayaza Road,32.61534475,0.45532737,50.4454
Gayaza Road,32.61545016,0.45549081,6.5561
Gayaza Road,32.61557592,0.45558325,100.3464
Gayaza Road,32.61559878,0.45564641,18.257
Gayaza Road,32.61564254,0.45569581,105.1928
Gayaza Road,32.61581018,0.45592221,80.4635
Gayaza Road,32.61625028,0.45652711,47.9819
Gayaza Road,32.61627299,0.45657328,27.7623
Gayaza Road,32.61630256,0.45658993,41.1296
Gayaza Road,32.61633943,0.45662971,52.819
Gayaza Road,32.61648317,0.45692312,5.4254
Gayaza Road,32.61677254,0.45728604,7.8494
Gayaza Road,32.61678845,0.45735207,10.1258
Gayaza Road,32.61662282,0.45746067,5.7177
Gayaza Road,32.61661795,0.45747382,6.0817
Gayaza Road,32.61664947,0.45752039,35.3125
Gayaza Road,32.61675662,0.45766635,61.2834
Gayaza Road,32.61708753,0.45768918,50.3376
Gayaza Road,32.61684147,0.45775695,8.0282
Gayaza Road,32.61715176,0.45779152,19.2935
Gayaza Road,32.61715623,0.45782469,9.7917
Gayaza Road,32.61733321,0.45798947,84.328
Gayaza Road,32.61706229,0.45810986,100.8835
Gayaza Road,32.61732592,0.45804037,7.8774
Gayaza Road,32.61738332,0.45815392,17.2926
Gayaza Road,32.61762566,0.45856497,31.274
Gayaza Road,32.61780134,0.45868668,6.0764
Gayaza Road,32.61788111,0.45876365,18.5959
Gayaza Road,32.61800464,0.45895264,26.208
Gayaza Road,32.61803339,0.45902938,22.7204
Gayaza Road,32.61810782,0.45914985,7.8263
Gayaza Road,32.61820323,0.45923083,22.9228
Gayaza Road,32.61823621,0.45926532,26.7054
Gayaza Road,32.61862222,0.45976731,103.5059
Gayaza Road,32.61870339,0.45996881,68.9968
Gayaza Road,32.61895413,0.46033036,19.7136
Gayaza Road,32.61905511,0.46044305,31.5702
Gayaza Road,32.61909258,0.46049615,14.2982
Gayaza Road,32.61917363,0.46057417,20.0482
Gayaza Road,32.61926516,0.46069397,31.5714
Gayaza Road,32.61940317,0.4607939,93.2766
Gayaza Road,32.61933088,0.46115396,43.0632
Gayaza Road,32.6200826,0.46136688,9.149
Gayaza Road,32.62122837,0.46197539,9.6451
Gayaza Road,32.6213389,0.46200443,40.2746
Gayaza Road,32.62131623,0.4620589,19.6169
Gayaza Road,32.62154523,0.46214484,8.3642
Gayaza Road,32.62192699,0.46228367,32.647
Gayaza Road,32.62133064,0.46229097,14.2224
Gayaza Road,32.62136214,0.46231604,23.332
Gayaza Road,32.6222994,0.46246169,147.6785
Gayaza Road,32.62224675,0.46250683,17.4784
Gayaza Road,32.62237879,0.46252056,101.9034
Gayaza Road,32.62249812,0.46258165,156.8787
Gayaza Road,32.62186848,0.46259784,105.0173
Gayaza Road,32.6225751,0.4626489,46.9716
Gayaza Road,32.62265143,0.46267124,92.1156
Gayaza Road,32.62583494,0.46291698,27.105
Gayaza Road,32.6257859,0.4629491,21.2957
Gayaza Road,32.62573905,0.46296729,19.9567
Gayaza Road,32.62567996,0.4629894,35.4319
Gayaza Road,32.62587896,0.46313778,8.7959
Gayaza Road,32.62411562,0.46317186,92.9871
Gayaza Road,32.62486346,0.46322367,8.7959
Gayaza Road,32.62410968,0.46325078,9.6824
Gayaza Road,32.62509656,0.46337866,12.5894
Gayaza Road,32.6249743,0.46340014,13.4365
Gayaza Road,32.62502179,0.46340382,4.7477
Gayaza Road,32.62541493,0.46335413,36.4017
Gayaza Road,32.62506991,0.46342143,54.7763
Gayaza Road,32.62514192,0.46342487,62.3189
Gayaza Road,32.6242061,0.46343744,27.9017
Gayaza Road,32.62417047,0.46343833,18.0176
Gayaza Road,32.62528533,0.46344303,280.6018
Gayaza Road,32.64513841,0.46808783,8.6424
Gayaza Road,32.64567631,0.46839615,11.0733
Gayaza Road,32.64553245,0.46832844,69.0798
Gayaza Road,32.64562421,0.46835828,12.0662
Gayaza Road,32.64692368,0.46858763,9.0704
Gayaza Road,32.6469331,0.46859997,7.9346
Gayaza Road,32.64689787,0.46860168,9.1255
Gayaza Road,32.6469033,0.46880835,22.6879
Gayaza Road,32.64706293,0.46885026,14.0307
Gayaza Road,32.65304048,0.46667588,31.9916
Gayaza Road,32.6525119,0.46698397,18.8882
Gayaza Road,32.65201158,0.46722705,15.5932
Gayaza Road,32.65228193,0.46711356,10.7659
Gayaza Road,32.65219145,0.46713973,15.2889
Gayaza Road,32.65191015,0.46726709,31.454
Gayaza Road,32.65187212,0.46730984,5.6492
Gayaza Road,32.65186921,0.46732136,6.014
Gayaza Road,32.65171963,0.46743627,51.164
Gayaza Road,32.65149631,0.46751553,15.3117
Gayaza Road,32.65015174,0.46829467,7.6256
Gayaza Road,32.64978519,0.46866424,27.5295
Gayaza Road,32.64874254,0.46869629,14.3768
Gayaza Road,32.64874932,0.4687173,10.3109
Ggaba Road,32.60553389,0.29357403,21.0305
Ggaba Road,32.60554848,0.2937331,149.9811
Ggaba Road,32.59834497,0.29829406,1384.1186
Ggaba Road,32.59853411,0.29839925,21.8655
Ggaba Road,32.60508307,0.29465145,36.737
Ggaba Road,32.60476889,0.29633087,9.8991
Ggaba Road,32.60473321,0.29658289,7.8671
Ggaba Road,32.6045805,0.29683338,14.4826
Ggaba Road,32.6043706,0.29696638,104.9222
Ggaba Road,32.60433689,0.29725047,15.8326
Ggaba Road,32.6031952,0.29719859,680.3797
Ggaba Road,32.60350158,0.29719218,7.7531
Ggaba Road,32.60378334,0.2973899,7.4313
Ggaba Road,32.60077602,0.29765897,42.0661
Ggaba Road,32.6017482,0.2977955,180.1713
Ggaba Road,32.60153208,0.29781465,24.8558
Ggaba Road,32.60100582,0.29783479,22.9334
Ggaba Road,32.6012203,0.29785845,10.5002
Ggaba Road,32.60087102,0.29790747,11.2219
Ggaba Road,32.60080947,0.29791365,96.2593
Ggaba Road,32.60090666,0.29796618,145.5861
Ggaba Road,32.60069946,0.29798566,67.7265
Ggaba Road,32.59935711,0.29803443,134.3389
Ggaba Road,32.59947386,0.29803295,115.0666
Ggaba Road,32.60004541,0.29810093,11.8608
Ggaba Road,32.59936357,0.29810268,40.9594
Ggaba Road,32.59904385,0.29811304,326.9029
Ggaba Road,32.59995367,0.29811961,10.5547
Ggaba Road,32.59981234,0.29824207,249.0714
Ggaba Road,32.59972236,0.29828174,155.7845
Ggaba Road,32.62000528,0.26937353,47.0339
Ggaba Road,32.61965176,0.26988089,26.8827
Ggaba Road,32.61962149,0.26993238,56.6184
Ggaba Road,32.6194783,0.2701376,42.8509
Ggaba Road,32.62493749,0.26498526,17.0036
Ggaba Road,32.62489084,0.26568255,170.6173
Ggaba Road,32.62419124,0.26608088,47.0036
Ggaba Road,32.61313153,0.27957635,18.6768
Ggaba Road,32.6127092,0.28007074,7.54
Ggaba Road,32.61258978,0.28034383,37.7251
Ggaba Road,32.61248333,0.28053321,23.22
Ggaba Road,32.61239861,0.28055617,7.5829
Ggaba Road,32.61231456,0.28066529,20.7722
Ggaba Road,32.61234754,0.28067435,10.2276
Ggaba Road,32.62354536,0.26683378,41.2763
Ggaba Road,32.62364036,0.26675299,36.206
Ggaba Road,32.62358953,0.26679984,7.2164
Ggaba Road,32.62278253,0.26744349,372.2406
Ggaba Road,32.62186794,0.26794602,17.0153
Ggaba Road,32.6216178,0.26813741,28.9597
Ggaba Road,32.61923825,0.270449,45.409
Ggaba Road,32.61894404,0.27102018,217.7548
Ggaba Road,32.61880466,0.2710767,29.1892
Ggaba Road,32.6188439,0.27108046,13.2788
Ggaba Road,32.61882016,0.27120905,54.8325
Ggaba Road,32.61876859,0.27122982,16.56
Ggaba Road,32.61839378,0.27170843,112.3623
Ggaba Road,32.61821716,0.27204989,114.2285
Ggaba Road,32.61808961,0.27211502,10.1897
Ggaba Road,32.61812037,0.27216943,63.6124
Ggaba Road,32.61804931,0.27232737,250.0744
Ggaba Road,32.6180057,0.27247989,194.836
Ggaba Road,32.61792208,0.27248723,32.7282
Ggaba Road,32.61757299,0.27254979,22.1226
Ggaba Road,32.61775256,0.27266933,34.0999
Ggaba Road,32.61785157,0.27268493,150.8905
Ggaba Road,32.61742952,0.27275694,13.2826
Ggaba Road,32.61747793,0.2731079,83.2409
Ggaba Road,32.61706033,0.27377653,39.6631
Ggaba Road,32.61698118,0.27382088,25.7353
Ggaba Road,32.61655202,0.2740575,54.8129
Ggaba Road,32.61654591,0.27450059,21.7826
Ggaba Road,32.61624999,0.2749465,42.7978
Ggaba Road,32.61620302,0.27504926,73.2591
Ggaba Road,32.61559312,0.27543726,49.4646
Ggaba Road,32.61567054,0.27580981,42.408
Ggaba Road,32.61559011,0.27587143,11.7675
Ggaba Road,32.61551955,0.27615549,204.2137
Ggaba Road,32.61522292,0.27647465,18.0721
Ggaba Road,32.61536327,0.27633028,221.1103
Ggaba Road,32.61187546,0.28101435,24.715
Ggaba Road,32.61208027,0.28109239,24.1202
Ggaba Road,32.61173464,0.28161083,9.0942
Ggaba Road,32.61118789,0.28199842,29.0645
Ggaba Road,32.61115756,0.28204264,29.0445
Ggaba Road,32.61125982,0.28235849,162.9879
Ggaba Road,32.61092618,0.28236207,49.5401
Ggaba Road,32.61088889,0.28274091,41.5067
Ggaba Road,32.61069336,0.28298556,14.0342
Ggaba Road,32.61029086,0.28303482,9.3259
Ggaba Road,32.61013139,0.28321896,13.272
Ggaba Road,32.61038049,0.2832565,49.6753
Ggaba Road,32.61013342,0.28344343,5.7178
Ggaba Road,32.60956009,0.28403703,116.1642
Ggaba Road,32.60968916,0.28410438,906.7744
Ggaba Road,32.60911692,0.28450029,287.4016
Ggaba Road,32.60889976,0.28472897,142.1782
Ggaba Road,32.60869205,0.28488044,34.7344
Ggaba Road,32.60832639,0.2853757,38.5504
Ggaba Road,32.60832773,0.28547273,28.4456
Ggaba Road,32.60755339,0.28640786,18.1515
Ggaba Road,32.62789639,0.25817654,42.8711
Ggaba Road,32.62758093,0.25842818,43.2943
Ggaba Road,32.62675916,0.25951947,61.775
Ggaba Road,32.62673431,0.25958745,61.7065
Ggaba Road,32.62670433,0.25964777,41.3195
Ggaba Road,32.60713605,0.28762034,28.1866
Ggaba Road,32.60693943,0.28764297,12.355
Ggaba Road,32.6071803,0.28766509,33.2708
Ggaba Road,32.60677712,0.2886497,18.1755
Ggaba Road,32.60686733,0.28870854,331.5855
Ggaba Road,32.60679137,0.28886273,195.647
Ggaba Road,32.60670524,0.2890215,57.2091
Ggaba Road,32.60654967,0.289628,139.6451
Ggaba Road,32.60658295,0.2897331,153.1162
Ggaba Road,32.60620346,0.28976902,20.3606
Ggaba Road,32.6064692,0.28981331,174.7958
Ggaba Road,32.60645931,0.28997079,349.0197
Ggaba Road,32.60636912,0.29011337,168.1203
Ggaba Road,32.60628407,0.29018782,24.5044
Ggaba Road,32.60634306,0.29019756,80.0445
Ggaba Road,32.60625017,0.29036205,126.7007
Ggaba Road,32.60618912,0.29050122,83.8271
Ggaba Road,32.62107094,0.26847746,45.372
Ggaba Road,32.61487451,0.27700075,37.4841
Ggaba Road,32.61483252,0.27706427,86.3689
Ggaba Road,32.60581357,0.29089678,82.4295
Ggaba Road,32.6057965,0.29097805,21.2573
Ggaba Road,32.60568808,0.29113864,287.693
Ggaba Road,32.58569982,0.30364766,27.3393
Ggaba Road,32.58560671,0.30369419,31.7533
Ggaba Road,32.59875147,0.29858475,29.3628
Ggaba Road,32.59843433,0.29870479,39.6866
Ggaba Road,32.59861754,0.29863202,74.2768
Ggaba Road,32.59784261,0.29895661,329.5421
Ggaba Road,32.59380562,0.30050794,23.3428
Ggaba Road,32.59325136,0.30084127,388.8763
Ggaba Road,32.59377198,0.30079198,1212.3402
Ggaba Road,32.5923575,0.30126139,948.4377
Ggaba Road,32.58882516,0.30244241,11.9331
Ggaba Road,32.58882222,0.30247827,31.0597
Ggaba Road,32.58865181,0.30253166,52.337
Ggaba Road,32.58850583,0.30258413,28.7635
Ggaba Road,32.58806922,0.30271888,8.6123
Ggaba Road,32.58709008,0.30284707,63.823
Ggaba Road,32.58778925,0.30286487,8.4693
Ggaba Road,32.58763828,0.30290648,6.6344
Ggaba Road,32.58752758,0.3030912,502.5866
Ggaba Road,32.58730029,0.30313019,520.0354
Ggaba Road,32.5871376,0.30315949,45.5243
Ggaba Road,32.59530168,0.29962549,134.7466
Ggaba Road,32.59572702,0.29976378,51.9677
Ggaba Road,32.59913572,0.29841909,24.9792
Ggaba Road,32.59910441,0.2984353,9.3298
Kampala Road,32.58184684,0.31290235,44.4048
Kampala Road,32.58029503,0.31307936,1107.6746
Kampala Road,32.58234726,0.31322932,679.5311
Kampala Road,32.5818424,0.3132962,703.8809
Kampala Road,32.57757467,0.31510753,26.7707
Kampala Road,32.577811,0.31526013,1502.5866
Kampala Road,32.57819273,0.31481422,13.0157
Kampala Road,32.57813242,0.3148655,16.5427
Kampala Road,32.57828099,0.31488167,103.42
Kampala Road,32.57706831,0.31550506,18.7366
Kampala Road,32.5775804,0.31551541,425.6475
Kampala Road,32.57728982,0.31573093,205.0974
Kampala Road,32.57711844,0.31602922,322.5964
Kampala Road,32.57694978,0.31617366,462.9519
Kampala Road,32.57669336,0.31582245,568.5886
Kampala Road,32.57631609,0.31611347,307.6615
Kampala Road,32.57619179,0.31623511,947.5238
Kampala Road,32.57686873,0.31636324,514.7263
Kampala Road,32.57676357,0.31646534,494.7612
Kampala Road,32.57656195,0.3165682,422.9141
Kampala Road,32.57588034,0.31666588,1305.7063
Kampala Road,32.57541779,0.31706964,920.9255
Kampala Road,32.57603913,0.31718585,283.5343
Kampala Road,32.57593694,0.31726819,600.7667
Kampala Road,32.57582413,0.31738161,525.4339
Kampala Road,32.57568503,0.31756433,542.6045
Kampala Road,32.57552645,0.31766343,298.3337
Kampala Road,32.57546823,0.31778937,443.5967
Kampala Road,32.57522346,0.31733248,641.2101
Kampala Road,32.57505514,0.31742491,454.9725
Kampala Road,32.57498638,0.31755961,303.6762
Kampala Road,32.57638093,0.31674735,394.2762
Kampala Road,32.57628009,0.31693997,520.1552
Kampala Road,32.57615876,0.31704342,450.6843
Kampala Road,32.57496702,0.3176981,55.9611
Kampala Road,32.57488891,0.31775049,52.2951
Kampala Road,32.57479215,0.31784666,64.391
Kampala Road,32.5745522,0.31790289,783.7216
Kampala Road,32.57513963,0.31804409,947.3278
Kampala Road,32.57493451,0.31865445,1901.7534
Kampala Road,32.57462299,0.31880118,538.2408
Kampala Road,32.57416004,0.31992991,1498.8265
Kampala Road,32.57406327,0.32065616,1249.9181
Kampala Road,32.57409734,0.32131173,875.0656
Kampala Road,32.57411565,0.32176866,353.6592
Kampala Road,32.57416887,0.32217646,811.1676
Kampala Road,32.5868876,0.31238197,550.2081
Kampala Road,32.5872128,0.31296834,360.2487
Kampala Road,32.5853432,0.31211843,977.9595
Kampala Road,32.58622889,0.31222397,383.4763
Kampala Road,32.58591721,0.31226015,10.4754
Kampala Road,32.58339343,0.31221855,2293.7033
Kampala Road,32.58502795,0.3122578,56.6695
Kampala Road,32.58402463,0.31246729,105.9345
Kampala Road,32.58304244,0.31254148,190.0218
Kampala Road,32.58281573,0.31262383,50.4246
Kampala Road,32.58214575,0.3126537,1093.3397
Kampala Road,32.5816324,0.3126797,581.8663
Kampala Road,32.58596185,0.31254908,11.1888
Kampala Road,32.58557637,0.31256863,626.7332
Kampala Road,32.58607691,0.31258422,209.3013
Kampala Road,32.58627463,0.31261775,363.0233
Kampala Road,32.58595079,0.31266397,319.9436
Kampala Road,32.58645819,0.31263797,71.9692
Kampala Road,32.58537381,0.31270125,580.8996
Kampala Road,32.58290008,0.31256275,194.81
Kampala Road,32.58356237,0.31256619,88.092
Kampala Road,32.58365574,0.31282085,455.2267
Kampala Road,32.58436371,0.31283829,444.9304
Kampala Road,32.58664388,0.31270406,280.8328
Kampala Road,32.58339121,0.31294275,287.0272
Kampala Road,32.58282861,0.31300549,128.5559
Kampala Road,32.58311118,0.31303585,167.0892
Kampala Road,32.58295134,0.31304034,408.3269
Kampala Road,32.57924321,0.31379082,28.5521
Kampala Road,32.57876982,0.31402416,331.6759
Kampala Road,32.57856019,0.31417152,460.7628
Kampala Road,32.5782188,0.31453306,22.2273
Kireka Road,32.62946633,0.31799281,470.8665
Kireka Road,32.6297525,0.31820339,136.7672
Kireka Road,32.6299591,0.31831757,21.8046
Kireka Road,32.62971367,0.31846789,22.7279
Kireka Road,32.63019336,0.31837073,105.0844
Kireka Road,32.62983473,0.31851969,19.0598
Kireka Road,32.62989932,0.31855374,20.8359
Kireka Road,32.63148926,0.31887914,8.8003
Kireka Road,32.63168095,0.31888923,22.3621
Kireka Road,32.63247696,0.31893593,105.4244
Kireka Road,32.63216739,0.31894393,27.9298
Kireka Road,32.63256641,0.31896141,39.6169
Kireka Road,32.6308251,0.31900229,1148.2295
Kireka Road,32.63328829,0.31923703,171.2017
Kireka Road,32.63345009,0.31930268,170.6253
Kireka Road,32.63344009,0.31944178,38.6833
Kireka Road,32.63357293,0.31954622,35.6424
Kireka Road,32.63367095,0.31965196,20.1049
Kireka Road,32.63397122,0.31965883,372.0685
Kireka Road,32.63390544,0.3197849,73.7317
Kireka Road,32.63423948,0.32002307,206.0972
Kireka Road,32.63434306,0.32010392,91.3241
Kireka Road,32.63439926,0.32012398,75.5836
Kireka Road,32.63443294,0.3202442,14.4937
Kireka Road,32.63456445,0.32030667,39.6737
Kireka Road,32.63464504,0.32031611,104.9612
Kireka Road,32.63458608,0.32036093,4.9425
Kireka Road,32.63462179,0.32059844,15.2732
Kireka Road,32.63501495,0.32060273,114.6255
Kireka Road,32.63509977,0.32069838,95.6151
Kireka Road,32.63522727,0.32078271,119.8865
Kireka Road,32.63536158,0.32084762,122.1059
Kireka Road,32.63528684,0.32092195,32.454
Kireka Road,32.63507601,0.32096149,23.3141
Kireka Road,32.6354491,0.32097732,27.739
Kireka Road,32.63548428,0.3210132,50.6619
Kireka Road,32.63553185,0.32106687,79.154
Kireka Road,32.63520827,0.32114794,69.7162
Kireka Road,32.63563529,0.32117203,152.263
Kireka Road,32.63553962,0.3211856,120.9542
Kireka Road,32.63579011,0.32141228,23.6558
Kireka Road,32.63582267,0.3215108,65.089
Kireka Road,32.63596017,0.32160666,295.9339
Kireka Road,32.63626644,0.32196131,181.0696
Kireka Road,32.63571998,0.32143711,7.2184
Kireka Road,32.63575778,0.32146196,76.9468
Kireka Road,32.63630926,0.32208965,69.9642
Kireka Road,32.63636514,0.32218682,13.6823
Kireka Road,32.63646992,0.32223689,139.2549
Kireka Road,32.63635185,0.3221473,15.1144
Kireka Road,32.63650125,0.32231292,50.1173
Kireka Road,32.63652299,0.32237002,116.5187
Kireka Road,32.63617725,0.32240213,237.2096
Kireka Road,32.63656467,0.32243897,64.5934
Kireka Road,32.63651649,0.32246301,20.5077
Kireka Road,32.63659705,0.32247761,53.1324
Kireka Road,32.63667351,0.32272992,30.7306
Kireka Road,32.64597565,0.34327908,43.7818
Kireka Road,32.64594959,0.34329758,17.8366
Kireka Road,32.63688111,0.3234262,92.7912
Kireka Road,32.6368689,0.32361486,184.003
Kireka Road,32.63690996,0.32372457,20.734
Kireka Road,32.63693523,0.32396598,166.1224
Kireka Road,32.63695682,0.32420809,9.9953
Kireka Road,32.63700464,0.32429486,6.8644
Kireka Road,32.63700337,0.32432051,32.5248
Kireka Road,32.63695679,0.32433012,11.8823
Kireka Road,32.63702244,0.32437091,38.5859
Kireka Road,32.63678808,0.32439782,36.7471
Kireka Road,32.63702058,0.32443191,73.5225
Kireka Road,32.63704649,0.3245223,111.6274
Kireka Road,32.63707386,0.32467566,165.2169
Kireka Road,32.63704816,0.32477838,83.6366
Kireka Road,32.63686085,0.32489883,34.9641
Kireka Road,32.637083,0.32492163,131.6691
Kireka Road,32.63690067,0.32507193,24.1264
Kireka Road,32.63710099,0.32504619,102.5067
Kireka Road,32.63715458,0.3251609,70.2405
Kireka Road,32.63690548,0.32513895,35.3113
Kireka Road,32.63715034,0.32522172,57.7147
Kireka Road,32.6371473,0.325283,62.3752
Kireka Road,32.63717372,0.32546233,168.073
Kireka Road,32.63723469,0.32564552,71.1731
Kireka Road,32.63723407,0.32572202,97.2611
Kireka Road,32.63695093,0.32571804,91.0211
Kireka Road,32.63702077,0.32581202,19.3559
Kireka Road,32.63720652,0.32580678,32.3707
Kireka Road,32.63700615,0.32613815,117.203
Kireka Road,32.63718924,0.32586742,13.8717
Kireka Road,32.63727962,0.32587466,122.7668
Kireka Road,32.63727502,0.32598551,128.4653
Kireka Road,32.63729341,0.32613434,199.3914
Kireka Road,32.63698951,0.3262368,138.1503
Kireka Road,32.63734875,0.32635428,230.7205
Kireka Road,32.63711443,0.32646247,9.8492
Kireka Road,32.6373502,0.32648439,75.8057
Kireka Road,32.63732945,0.32654379,25.9835
Kireka Road,32.63732043,0.32659323,26.1538
Kireka Road,32.63739029,0.32672812,207.5199
Kireka Road,32.63659168,0.3225562,51.2817
Kireka Road,32.6367158,0.33099884,49.4766
Kireka Road,32.6366416,0.33102028,18.6295
Kireka Road,32.63661942,0.33104538,17.6297
Kireka Road,32.63626893,0.33117263,29.9428
Kireka Road,32.63648542,0.33119124,12.7245
Kireka Road,32.6365055,0.33120662,13.0502
Kireka Road,32.63602793,0.33152524,45.9818
Kireka Road,32.63625336,0.33153558,11.966
Kireka Road,32.63622848,0.33155956,8.3613
Kireka Road,32.63743874,0.32705578,53.1151
Kireka Road,32.63752335,0.32705982,108.2823
Kireka Road,32.63766758,0.32732676,308.8975
Kireka Road,32.63774111,0.32753401,215.0953
Kireka Road,32.63751159,0.32761695,7.1779
Kireka Road,32.63773786,0.32764392,28.9937
Kireka Road,32.63781531,0.32770934,137.1061
Kireka Road,32.63754583,0.3277307,17.8716
Kireka Road,32.63756775,0.32774814,5.9148
Kireka Road,32.6375751,0.32778975,32.6829
Kireka Road,32.63783817,0.32783392,18.8436
Kireka Road,32.63790193,0.32787241,129.1048
Kireka Road,32.6379185,0.3279451,10.5955
Kireka Road,32.63769581,0.32800146,7.175
Kireka Road,32.63793094,0.3280531,105.2242
Kireka Road,32.63795822,0.3281272,11.9379
Kireka Road,32.63792252,0.32812979,13.9156
Kireka Road,32.63797232,0.32820271,112.6364
Kireka Road,32.63773481,0.32821021,53.845
Kireka Road,32.63802963,0.32829714,156.7046
Kireka Road,32.63800164,0.32837979,21.387
Kireka Road,32.63780174,0.32849478,13.5868
Kireka Road,32.63801941,0.32852551,16.6015
Kireka Road,32.63807594,0.32856309,111.5776
Kireka Road,32.63802253,0.32856467,37.2371
Kireka Road,32.63802528,0.32866716,17.4246
Kireka Road,32.63811119,0.32873201,179.0925
Kireka Road,32.63760591,0.32924392,155.5449
Kireka Road,32.63757165,0.32941367,104.1485
Kireka Road,32.63792017,0.32943193,84.3613
Kireka Road,32.63779113,0.32958188,73.3397
Kireka Road,32.63737292,0.3296834,71.4588
Kireka Road,32.63765413,0.32969986,13.7776
Kireka Road,32.63765388,0.32977522,36.9512
Kireka Road,32.63762326,0.32980994,70.7736
Kireka Road,32.63755929,0.32983824,10.265
Kireka Road,32.63727976,0.32984619,80.9854
Kireka Road,32.63754287,0.32992879,97.729
Kireka Road,32.63748069,0.32998993,68.2885
Kireka Road,32.63740013,0.33004544,25.6497
Kireka Road,32.63736972,0.33010756,49.9362
Kireka Road,32.63697839,0.33020149,90.2168
Kireka Road,32.63733062,0.33015351,19.5279
Kireka Road,32.63730245,0.33018017,10.2452
Kireka Road,32.63727286,0.33022872,58.9579
Kireka Road,32.63692508,0.33032836,16.4176
Kireka Road,32.63685328,0.3303375,123.9561
Kireka Road,32.63722391,0.3303303,47.742
Kireka Road,32.63719213,0.33036353,48.1186
Kireka Road,32.63711736,0.33041936,9.5898
Kireka Road,32.63709401,0.33047898,48.0446
Kireka Road,32.6367878,0.33051774,13.1509
Kireka Road,32.63707361,0.33052594,36.4032
Kireka Road,32.63703021,0.33055928,64.3843
Kireka Road,32.63697998,0.33060992,51.8816
Kireka Road,32.63672519,0.33061884,30.0168
Kireka Road,32.63697296,0.33068901,113.8797
Kireka Road,32.6369045,0.33070093,29.0644
Kireka Road,32.63683764,0.33082511,126.7679
Kireka Road,32.63677444,0.33085084,23.6375
Kireka Road,32.63673598,0.33086583,53.3121
Kireka Road,32.63651592,0.33089901,15.6901
Kireka Road,32.63643539,0.33090149,74.2787
Kireka Road,32.6367674,0.33091769,22.677
Kireka Road,32.63668792,0.33093882,41.2134
Kireka Road,32.63641123,0.33096765,47.5759
Kireka Road,32.63666987,0.33107868,75.5018
Kireka Road,32.63656689,0.33114864,130.4892
Kireka Road,32.63652216,0.33125927,65.4128
Kireka Road,32.63647115,0.33128209,36.753
Kireka Road,32.63644627,0.3313365,67.0059
Kireka Road,32.6363432,0.33146696,92.9218
Kireka Road,32.63606108,0.33147253,21.2889
Kireka Road,32.63596561,0.33159233,43.962
Kireka Road,32.63618764,0.33163768,9.0347
Kireka Road,32.63596002,0.33204649,22.2052
Kireka Road,32.64121027,0.34118226,21.6069
Kireka Road,32.64118907,0.34121535,12.8302
Kireka Road,32.64126919,0.341242,32.6914
Kireka Road,32.64100365,0.34137633,42.3473
Kireka Road,32.64104827,0.34140675,61.5775
Kireka Road,32.64150728,0.34151472,8.2271
Kireka Road,32.64209113,0.34152411,24.0326
Kireka Road,32.64121253,0.3415249,223.1948
Kireka Road,32.64145294,0.34157946,180.2336
Kireka Road,32.64169681,0.34159431,21.5825
Kireka Road,32.64257891,0.34170365,117.0784
Kireka Road,32.6353053,0.33261801,22.6945
Kireka Road,32.63528284,0.33269938,18.9751
Kireka Road,32.63548518,0.33279268,14.6455
Kireka Road,32.63543245,0.33289727,50.6585
Kireka Road,32.63514011,0.33290845,15.6505
Kireka Road,32.63507149,0.33292759,100.477
Kireka Road,32.6351035,0.33296068,54.7496
Kireka Road,32.63504907,0.33304333,7.6434
Kireka Road,32.63500673,0.33307633,27.2697
Kireka Road,32.63483505,0.33316665,152.871
Kireka Road,32.63479525,0.3332652,126.5574
Kireka Road,32.63512312,0.33327373,81.451
Kireka Road,32.63506651,0.33334851,59.7223
Kireka Road,32.63504202,0.33338479,35.8377
Kireka Road,32.63471847,0.33342318,188.1997
Kireka Road,32.63501053,0.33344212,91.5927
Kireka Road,32.63464018,0.33350829,34.1628
Kireka Road,32.6346971,0.33351313,13.014
Kireka Road,32.63495933,0.33352092,118.6415
Kireka Road,32.63485455,0.33361188,74.7729
Kireka Road,32.63490749,0.33361606,58.4302
Kireka Road,32.63451428,0.33364225,134.7286
Kireka Road,32.63481126,0.33369731,40.8929
Kireka Road,32.63479287,0.33374742,72.3164
Kireka Road,32.63447589,0.33378513,21.0194
Kireka Road,32.63468346,0.33378954,8.4478
Kireka Road,32.63472079,0.33382443,30.5849
Kireka Road,32.63465722,0.3338382,12.7918
Kireka Road,32.63467923,0.33389335,72.0128
Kireka Road,32.63458531,0.33397029,54.4105
Kireka Road,32.63462362,0.33400043,102.9222
Kireka Road,32.63455487,0.33406958,48.1838
Kireka Road,32.63447956,0.33408631,18.0974
Kireka Road,32.63450282,0.33411154,32.1468
Kireka Road,32.63412924,0.3341716,85.7857
Kireka Road,32.63446677,0.33414118,28.2861
Kireka Road,32.63443133,0.33416353,14.8695
Kireka Road,32.63437388,0.33425035,13.0806
Kireka Road,32.6343945,0.33428828,35.819
Kireka Road,32.63430414,0.33443075,32.6529
Kireka Road,32.63423634,0.33445119,9.877
Kireka Road,32.63425187,0.33449576,20.5031
Kireka Road,32.63426798,0.33454678,164.8944
Kireka Road,32.63424715,0.33467543,251.4245
Kireka Road,32.63415515,0.33472348,7.2512
Kireka Road,32.63418368,0.33475349,14.3733
Kireka Road,32.63424347,0.33478853,100.7218
Kireka Road,32.63417504,0.33478635,8.2535
Kireka Road,32.63427232,0.33487772,184.2573
Kireka Road,32.63430452,0.33510067,51.0626
Kireka Road,32.63432811,0.33516337,89.6004
Kireka Road,32.63435884,0.33527707,66.0965
Kireka Road,32.63436856,0.33532786,33.4694
Kireka Road,32.63433007,0.33534531,17.821
Kireka Road,32.63438575,0.33536448,19.1183
Kireka Road,32.634406,0.33539143,19.2031
Kireka Road,32.63440808,0.33542885,36.0403
Kireka Road,32.63435821,0.33542658,20.3119
Kireka Road,32.63442378,0.33545345,22.1484
Kireka Road,32.63443842,0.33548065,21.6498
Kireka Road,32.63446394,0.33552057,46.2605
Kireka Road,32.63440527,0.3355318,43.2671
Kireka Road,32.63446056,0.33560611,69.2162
Kireka Road,32.63450049,0.33567239,59.1799
Kireka Road,32.63455068,0.33570389,22.0886
Kireka Road,32.63451304,0.33572423,24.1494
Kireka Road,32.634482,0.33575593,7.3162
Kireka Road,32.63448049,0.33576336,3.5439
Kireka Road,32.63454304,0.33577397,11.9867
Kireka Road,32.63450561,0.33578568,12.7212
Kireka Road,32.63458496,0.33579464,42.0178
Kireka Road,32.63452863,0.33583263,17.1109
Kireka Road,32.63463817,0.33589284,19.0551
Kireka Road,32.63462809,0.33593561,13.674
Kireka Road,32.63460795,0.33597992,7.1808
Kireka Road,32.63471244,0.33599921,28.8288
Kireka Road,32.63463947,0.33603116,15.3354
Kireka Road,32.63471589,0.33605074,16.907
Kireka Road,32.63474886,0.33608153,56.15
Kireka Road,32.63480249,0.33611816,11.654
Kireka Road,32.63477482,0.33613926,9.0471
Kireka Road,32.63482573,0.33614598,22.3003
Kireka Road,32.63488234,0.33618972,23.7278
Kireka Road,32.63480325,0.33619944,35.2321
Kireka Road,32.63484105,0.33623577,20.7187
Kireka Road,32.63490127,0.33623811,16.9255
Kireka Road,32.63487301,0.3362699,36.3833
Kireka Road,32.63492617,0.33631086,31.8937
Kireka Road,32.63497251,0.33633372,20.4588
Kireka Road,32.63490172,0.33634693,8.7384
Kireka Road,32.63523099,0.33664633,5.34
Kireka Road,32.63523864,0.33665499,6.3522
Kireka Road,32.63529022,0.33667426,44.1822
Kireka Road,32.63535995,0.33670648,44.4106
Kireka Road,32.63509614,0.33680459,10.9514
Kireka Road,32.63519164,0.33690865,6.4757
Kireka Road,32.63534042,0.3370371,15.92
Kireka Road,32.63568952,0.33704318,275.8807
Kireka Road,32.63576372,0.33718535,10.2916
Kireka Road,32.63571319,0.33745745,34.1814
Kireka Road,32.6359204,0.33782241,24.4982
Kireka Road,32.63649581,0.33814793,86.6851
Kireka Road,32.63644644,0.33816771,7.29
Kireka Road,32.63656268,0.33822201,67.0071
Kireka Road,32.63664382,0.338268,12.7601
Kireka Road,32.63677413,0.33832005,82.4999
Kireka Road,32.63683527,0.33832681,55.1208
Kireka Road,32.63637601,0.33835277,22.7566
Kireka Road,32.63739335,0.33904741,31.3889
Kireka Road,32.63744152,0.33910906,20.8312
Kireka Road,32.63748463,0.33920682,45.7037
Kireka Road,32.63777991,0.33943471,7.7225
Kireka Road,32.63805015,0.33944086,45.2358
Kireka Road,32.63780096,0.339465,29.0636
Kireka Road,32.6378521,0.339498,42.0534
Kireka Road,32.63793697,0.33958244,13.2948
Kireka Road,32.63837818,0.33962302,10.3969
Kireka Road,32.63643513,0.33810148,23.4901
Kireka Road,32.63693535,0.33839635,47.4719
Kireka Road,32.63643058,0.33840613,16.6194
Kireka Road,32.63696671,0.33842577,43.1237
Kireka Road,32.63651002,0.33847417,41.3117
Kireka Road,32.63694211,0.33849085,15.067
Kireka Road,32.63658148,0.33853753,102.127
Kireka Road,32.63798169,0.33963906,67.3047
Kireka Road,32.63840308,0.33965007,14.0736
Kireka Road,32.63806613,0.33967704,30.0072
Kireka Road,32.63810188,0.33970176,14.3311
Kireka Road,32.63814118,0.33972894,34.3798
Kireka Road,32.63818351,0.33976561,23.2969
Kireka Road,32.63825638,0.33983695,52.8822
Kireka Road,32.63872516,0.33987054,69.9982
Kireka Road,32.63849891,0.33995873,12.369
Kireka Road,32.63854362,0.33999444,14.7202
Kireka Road,32.63861612,0.34001545,25.0166
Kireka Road,32.63858427,0.34003815,40.6264
Kireka Road,32.63869731,0.34006211,12.9596
Kireka Road,32.63870799,0.34007584,6.4751
Kireka Road,32.6391779,0.34009535,62.5536
Kireka Road,32.6392296,0.34013471,15.9763
Kireka Road,32.63884887,0.34017085,10.0264
Kireka Road,32.63931023,0.34018925,19.815
Kireka Road,32.63892592,0.34019716,38.1012
Kireka Road,32.63946524,0.34030482,8.9511
Kireka Road,32.63949026,0.34031578,15.9438
Kireka Road,32.63973403,0.34045072,60.4442
Kireka Road,32.63981417,0.34048958,138.6301
Kireka Road,32.63942506,0.34051208,20.2674
Kireka Road,32.63945862,0.34054375,12.1102
Kireka Road,32.64009638,0.34059384,80.9531
Kireka Road,32.64014526,0.34064595,98.6908
Kireka Road,32.6395828,0.34064997,95.2131
Kireka Road,32.6396538,0.34067376,53.9744
Kireka Road,32.64023218,0.34071169,64.6496
Kireka Road,32.63971892,0.3407155,72.8625
Kireka Road,32.63978437,0.34074429,40.6781
Kireka Road,32.64028918,0.34076956,24.5192
Kireka Road,32.64031418,0.34079725,24.6271
Kireka Road,32.64024451,0.34082314,8.3624
Kireka Road,32.6399064,0.3408233,45.0781
Kireka Road,32.64043529,0.34083962,8.2861
Kireka Road,32.640509,0.34085153,104.9954
Kireka Road,32.64039984,0.34085666,39.5454
Kireka Road,32.64058925,0.34089822,52.869
Kireka Road,32.64046892,0.3409052,12.1959
Kireka Road,32.64073185,0.34095206,143.2556
Kireka Road,32.64064004,0.34093369,21.591
Kireka Road,32.6402734,0.34100665,31.0748
Kireka Road,32.64084446,0.34103313,59.663
Kireka Road,32.64102155,0.34105971,84.6623
Kireka Road,32.64090998,0.34107451,107.4779
Kireka Road,32.64106546,0.34112852,44.8174
Kireka Road,32.64040605,0.34114018,252.3286
Kireka Road,32.64138758,0.3412829,23.2281
Kireka Road,32.64157506,0.34128876,121.5831
Kireka Road,32.64074111,0.34130093,207.2412
Kireka Road,32.64165384,0.34133995,41.0479
Kireka Road,32.64095689,0.341358,49.6388
Kireka Road,32.64217333,0.34182172,156.0208
Kireka Road,32.64265708,0.34172969,85.6924
Kireka Road,32.64283557,0.34183015,72.9174
Kireka Road,32.64291499,0.3418569,12.0927
Kireka Road,32.6430673,0.34191447,76.8209
Kireka Road,32.64300109,0.34191976,27.5194
Kireka Road,32.64316828,0.34192904,95.4798
Kireka Road,32.64335592,0.3420558,12.912
Kireka Road,32.64330974,0.34206657,26.1955
Kireka Road,32.64276602,0.34207431,32.0006
Kireka Road,32.64334748,0.34208737,12.2991
Kireka Road,32.6435041,0.34210731,53.7405
Kireka Road,32.6434033,0.3421085,27.5428
Kireka Road,32.64359507,0.3421682,19.9154
Kireka Road,32.64367729,0.3421957,107.1946
Kireka Road,32.64390098,0.34256314,8.8033
Kireka Road,32.6439285,0.3425677,9.1526
Kireka Road,32.64399173,0.34259011,7.4127
Kireka Road,32.64462044,0.34262821,14.1549
Kireka Road,32.644722,0.34269744,28.6617
Kireka Road,32.64480821,0.34270492,17.5785
Kireka Road,32.64431716,0.34273393,19.3856
Kireka Road,32.64499514,0.34286075,11.0932
Kireka Road,32.64493006,0.34302888,13.773
Kireka Road,32.64524505,0.34316886,4.8456
Lubiri Ring Road,32.5688139,0.29461375,336.5236
Lubiri Ring Road,32.56860485,0.29463051,194.1998
Lubiri Ring Road,32.57009918,0.2946351,42.6667
Lubiri Ring Road,32.56899897,0.29463976,130.845
Lubiri Ring Road,32.5692771,0.2946558,24.3386
Lubiri Ring Road,32.5732307,0.29692708,20.9048
Lubiri Ring Road,32.57372313,0.29750625,738.9779
Lubiri Ring Road,32.57390288,0.29792488,136.0344
Lubiri Ring Road,32.57389471,0.29802178,101.8275
Lubiri Ring Road,32.57392072,0.2982493,234.5662
Lubiri Ring Road,32.57389275,0.29835345,28.4637
Lubiri Ring Road,32.57389337,0.2985066,106.6542
Lubiri Ring Road,32.57392663,0.29862442,107.8003
Lubiri Ring Road,32.57389657,0.29872511,160.0342
Lubiri Ring Road,32.56558624,0.29540908,1053.9651
Lubiri Ring Road,32.56812608,0.2947644,29.1856
Lubiri Ring Road,32.56446754,0.29596221,42.018
Lubiri Ring Road,32.57123829,0.29496532,19.3793
Lubiri Ring Road,32.57141524,0.29506038,92.1288
Lubiri Ring Road,32.5706495,0.29509164,243.3827
Lubiri Ring Road,32.57244206,0.29573042,183.2107
Lubiri Ring Road,32.57267003,0.29598926,7.5203
Lubiri Ring Road,32.57261696,0.29612927,58.7226
Lubiri Ring Road,32.57295108,0.29663392,276.7906
Lubiri Ring Road,32.56334083,0.29766505,13.2968
Lubiri Ring Road,32.56338216,0.29767015,10.7179
Lubiri Ring Road,32.56328268,0.29785173,34.52
Lubiri Ring Road,32.56331898,0.29798905,14.0948
Lubiri Ring Road,32.56330437,0.29805147,86.1908
Lubiri Ring Road,32.56321589,0.29807147,66.8865
Lubiri Ring Road,32.56327009,0.29813942,96.3118
Lubiri Ring Road,32.56326165,0.29821092,82.9483
Lubiri Ring Road,32.56324461,0.29830438,43.6416
Lubiri Ring Road,32.56318633,0.29836411,172.3397
Lubiri Ring Road,32.5632213,0.29875709,65.0775
Lubiri Ring Road,32.56372332,0.29677144,290.6658
Lubiri Ring Road,32.56358517,0.29715277,113.0366
Lubiri Ring Road,32.56364718,0.30084476,128.4863
Lubiri Ring Road,32.56919173,0.29469435,30.5909
Lubiri Ring Road,32.56877078,0.29472139,12.5862
Lubiri Ring Road,32.57319378,0.30072615,118.7236
Lubiri Ring Road,32.57312292,0.30081795,194.6189
Lubiri Ring Road,32.57304342,0.30100596,545.9952
Lubiri Ring Road,32.57286511,0.30128509,35.6682
Lubiri Ring Road,32.57280291,0.30133176,37.9623
Lubiri Ring Road,32.57275094,0.30139128,44.4075
Lubiri Ring Road,32.57278076,0.30144036,34.0029
Lubiri Ring Road,32.57271324,0.30144654,15.9244
Lubiri Ring Road,32.5727416,0.301472,11.176
Lubiri Ring Road,32.57272566,0.30150188,8.7473
Lubiri Ring Road,32.57252777,0.30178637,6.7122
Lubiri Ring Road,32.57227128,0.30224934,23.1746
Lubiri Ring Road,32.57214179,0.30239452,18.7604
Lubiri Ring Road,32.5719259,0.30260857,120.6447
Lubiri Ring Road,32.56312775,0.29909812,157.4986
Lubiri Ring Road,32.56317196,0.29951777,85.8015
Lubiri Ring Road,32.56315491,0.29965669,170.4776
Lubiri Ring Road,32.56326342,0.29975505,15.4901
Lubiri Ring Road,32.56319477,0.29976924,95.5789
Lubiri Ring Road,32.56324611,0.30004683,194.6043
Lubiri Ring Road,32.56336366,0.30026237,188.9985
Lubiri Ring Road,32.56367784,0.30096698,162.332
Lubiri Ring Road,32.56423636,0.30176001,25.8701
Lubiri Ring Road,32.56445725,0.30224391,120.4752
Lubiri Ring Road,32.56467133,0.29585575,31.9215
Lubiri Ring Road,32.56701642,0.29502478,14.9936
Lubiri Ring Road,32.57060451,0.30326703,205.6222
Lubiri Ring Road,32.57388054,0.29883681,99.3231
Lubiri Ring Road,32.57380593,0.29902199,180.7271
Lubiri Ring Road,32.57372923,0.29908436,15.0986
Lubiri Ring Road,32.57372902,0.29912406,14.1354
Lubiri Ring Road,32.57373088,0.29925519,114.532
Lubiri Ring Road,32.57376548,0.29931816,174.9063
Lubiri Ring Road,32.57373535,0.29939885,176.5098
Lubiri Ring Road,32.57362873,0.29951749,113.8134
Lubiri Ring Road,32.57359094,0.29970096,21.1012
Lubiri Ring Road,32.57355521,0.29977194,24.869
Lubiri Ring Road,32.57351981,0.2998204,25.4264
Lubiri Ring Road,32.57355774,0.2998973,36.0275
Lubiri Ring Road,32.57349077,0.2999155,78.2846
Lubiri Ring Road,32.57351617,0.29998276,64.9703
Lubiri Ring Road,32.57341993,0.30014955,56.1789
Lubiri Ring Road,32.57341488,0.30019231,76.0714
Lubiri Ring Road,32.57336215,0.300255,67.0881
Lubiri Ring Road,32.57329012,0.30035921,83.53
Lubiri Ring Road,32.57333307,0.30039589,52.2381
Lubiri Ring Road,32.57328941,0.30044915,7.4162
M20,32.52183043,0.31893601,16.5957
M20,32.5241478,0.32625581,43.3077
M20,32.5536779,0.34700847,7.5412
M20,32.57887627,0.35057353,74.9955
M20,32.65393029,0.34936245,8.6317
M20,32.65379674,0.34969163,24.0687
M20,32.60067439,0.35948724,119.7653
M20,32.6013256,0.35994282,157.7669
M20,32.60150387,0.36000802,20.2226
M20,32.60146109,0.36007262,194.8179
M20,32.60157029,0.3601266,87.2713
M20,32.60165111,0.36019328,166.1665
M20,32.60367579,0.36404707,33.4518
M20,32.65167053,0.35474948,9.3604
M20,32.65009308,0.36205847,19.0354
M20,32.60958312,0.36581265,11.2141
M20,32.6107504,0.36598829,34.4312
M20,32.63286086,0.36735176,9908.1645
M20,32.63132116,0.36826166,19.3332
M20,32.62086385,0.36901006,30.9316
Mbogo Road,32.62475798,0.36899058,13.7875
Mbogo Road,32.62461208,0.36957954,13.1586
Mbogo Road,32.6244143,0.36973456,305.6254
Mbogo Road,32.62470833,0.36989668,10.7298
Mbogo Road,32.62433381,0.37082541,81.6023
Mbogo Road,32.62406698,0.37100191,33.7731
Mbogo Road,32.62396878,0.37109449,33.8015
Mbogo Road,32.62427681,0.37203668,6.5213
Mbogo Road,32.62436354,0.37215042,15.5681
Mbogo Road,32.62439213,0.37228719,26.6794
Mbogo Road,32.62444119,0.37232094,49.4654
Mbogo Road,32.62447247,0.37244307,24.4535
Mbogo Road,32.62460704,0.37282518,184.7574
Mbogo Road,32.62423884,0.37285161,183.0317
Mbogo Road,32.62435724,0.37308557,104.5856
Mbogo Road,32.62466977,0.37318907,9.8362
Mbogo Road,32.62463455,0.37320566,22.0365
Mbogo Road,32.62466985,0.37325445,24.9897
Mbogo Road,32.62471228,0.37340953,21.1191
Mbogo Road,32.6247202,0.37348985,5.4414
Mbogo Road,32.62444387,0.37360586,329.8238
Mbogo Road,32.62484977,0.37380382,157.8137
Mbogo Road,32.62460198,0.37385342,19.6424
Mbogo Road,32.62485084,0.37394207,35.538
Mbogo Road,32.62464484,0.37402559,22.1242
Mbogo Road,32.62487191,0.37403211,73.7647
Mbogo Road,32.6249298,0.37424959,31.2838
Mbogo Road,32.62494207,0.37430201,28.4557
Mbogo Road,32.6250118,0.37435078,119.7612
Mbogo Road,32.6250387,0.37446149,202.2216
Mbogo Road,32.62508663,0.37461116,112.1897
Mbogo Road,32.62510085,0.37473727,79.1026
Mbogo Road,32.62505068,0.37474606,33.7806
Mbogo Road,32.62484787,0.37479425,56.7995
Mbogo Road,32.62506467,0.37481534,24.373
Mbogo Road,32.62508839,0.37488349,37.4188
Mbogo Road,32.62492738,0.37507372,47.2306
Mbogo Road,32.62514771,0.3751249,16.9084
Mbogo Road,32.62520726,0.37513654,33.9937
Mbogo Road,32.6251898,0.37528752,102.9797
Mbogo Road,32.62530789,0.37540001,223.8714
Mbogo Road,32.62519368,0.37542965,7.3507
Mbogo Road,32.62524132,0.37552163,18.8886
Mbogo Road,32.6252538,0.37555236,13.946
Mbogo Road,32.62527036,0.37563697,95.7109
Mbogo Road,32.62530423,0.3758257,23.2233
Mbogo Road,32.62535126,0.37582424,138.9381
Mbogo Road,32.62528754,0.37577772,9.0989
Mbogo Road,32.62509041,0.37580964,26.9448
Mbogo Road,32.6251029,0.3758541,26.5588
Mbogo Road,32.62535933,0.37602528,189.4967
Mbogo Road,32.62540207,0.37630228,79.1793
Mbogo Road,32.62550142,0.37650378,264.1129
Mbogo Road,32.62555355,0.37677444,722.9919
Mbogo Road,32.64146447,0.40218197,57.2069
Mbogo Road,32.64173717,0.40219957,80.1743
Mbogo Road,32.64160001,0.40244833,6.9577
Mbogo Road,32.64182701,0.40257535,6.1614
Mbogo Road,32.64183815,0.40260196,20.0506
Mbogo Road,32.64187261,0.40271159,38.9095
Mbogo Road,32.64189853,0.40279366,63.6694
Mbogo Road,32.64196533,0.40284411,21.6266
Mbogo Road,32.64194584,0.40285798,6.0817
Mbogo Road,32.64207151,0.40310722,274.079
Mbogo Road,32.64183361,0.40326844,9.6435
Mbogo Road,32.63913729,0.39709829,186.0697
Mbogo Road,32.63920631,0.39716852,16.1315
Mbogo Road,32.63916769,0.39721718,39.9881
Mbogo Road,32.63885661,0.39724645,12.1038
Mbogo Road,32.63929991,0.39727881,117.8981
Mbogo Road,32.63992243,0.39814206,16.4072
Mbogo Road,32.64041225,0.39826508,66.1966
Mbogo Road,32.6406051,0.39860559,161.3018
Mbogo Road,32.64073836,0.39895701,36.5806
Mbogo Road,32.64078129,0.39899624,39.3169
Mbogo Road,32.64069667,0.39886386,28.9737
Mbogo Road,32.64075443,0.39905793,20.6366
Mbogo Road,32.64079213,0.39912317,12.279
Mbogo Road,32.6408448,0.39921765,65.7824
Mbogo Road,32.64095515,0.39939475,117.9701
Mbogo Road,32.64098933,0.39965641,243.4169
Mbogo Road,32.6406464,0.39933385,44.051
Mbogo Road,32.64083112,0.4000118,5.8793
Mbogo Road,32.64087092,0.40003,24.2791
Mbogo Road,32.6411033,0.4000352,20.5987
Mbogo Road,32.64059738,0.39983528,437.3995
Mbogo Road,32.6411006,0.40010204,42.4197
Mbogo Road,32.641062,0.40012551,26.4107
Mbogo Road,32.64090592,0.40015892,23.5778
Mbogo Road,32.64108779,0.40017163,29.1203
Mbogo Road,32.64122399,0.4003316,131.5889
Mbogo Road,32.64122493,0.40045294,122.016
Mbogo Road,32.64127735,0.40066587,27.712
Mbogo Road,32.64128313,0.40071832,22.2652
Mbogo Road,32.64106972,0.40079274,23.3675
Mbogo Road,32.64136645,0.40100909,168.3315
Mbogo Road,32.64144062,0.40143217,8.6524
Mbogo Road,32.64145622,0.40143593,5.9443
Mbogo Road,32.641521,0.40156056,35.8708
Mbogo Road,32.64153947,0.40160576,26.0791
Mbogo Road,32.6415433,0.40163975,23.3464
Mbogo Road,32.64154919,0.40167223,22.2507
Mbogo Road,32.64168014,0.40201651,22.1989
Mbogo Road,32.64147247,0.40212643,22.797
Mbogo Road,32.64133632,0.40671315,12.7599
Mbogo Road,32.6415726,0.406883,93.6563
Mbogo Road,32.64152287,0.40706316,14.1555
Mbogo Road,32.64160994,0.40718829,61.0588
Mbogo Road,32.64208602,0.40332971,143.0554
Mbogo Road,32.64210997,0.40343129,15.1504
Mbogo Road,32.64226392,0.4036348,234.6274
Mbogo Road,32.64231356,0.40402465,16.3074
Mbogo Road,32.6420902,0.40413063,22.9109
Mbogo Road,32.64210457,0.40418872,13.8829
Mbogo Road,32.64211642,0.40427297,17.692
Mbogo Road,32.64216557,0.40446342,13.6364
Mbogo Road,32.64258729,0.40487281,669.6547
Mbogo Road,32.64220348,0.40501854,17.7004
Mbogo Road,32.64157671,0.40726692,24.3994
Mbogo Road,32.64162257,0.40727841,29.2268
Mbogo Road,32.64160452,0.40733767,20.2189
Mbogo Road,32.64156842,0.40734171,10.9899
Mbogo Road,32.64168025,0.40744392,151.3519
Mbogo Road,32.64176477,0.40778852,14.297
Mbogo Road,32.64231504,0.40849426,128.5968
Mbogo Road,32.64219724,0.40855695,15.8124
Mbogo Road,32.64252364,0.40874598,696.5894
Mbogo Road,32.6423808,0.40921432,18.8999
Mbogo Road,32.64269519,0.40932015,21.2279
Mbogo Road,32.64242492,0.40929265,13.7427
Mbogo Road,32.64244998,0.40933723,10.363
Mbogo Road,32.64288176,0.40969532,97.4815
Mbogo Road,32.64321289,0.41024059,10.2715
Mbogo Road,32.64328641,0.41027384,50.3819
Mbogo Road,32.64327038,0.41074386,20.3994
Mbogo Road,32.643617,0.41094808,8.8735
Mbogo Road,32.64391538,0.41155742,190.0628
Mbogo Road,32.64390153,0.41169659,38.5412
Mbogo Road,32.64397276,0.41185052,30.5044
Mbogo Road,32.64408917,0.41213439,17.901
Mbogo Road,32.64416322,0.41228468,24.1948
Mbogo Road,32.64423234,0.41239764,17.3301
Mbogo Road,32.64415612,0.41248981,35.8431
Mbogo Road,32.64461133,0.41286932,25.6608
Mbogo Road,32.64435301,0.41294792,73.0829
Mbogo Road,32.6445392,0.41315101,16.7781
Mbogo Road,32.64485956,0.41319604,56.6896
Mbogo Road,32.6449467,0.41327144,56.2062
Mbogo Road,32.64498102,0.41338,35.09
Mbogo Road,32.64541887,0.41522566,326.0441
Mbogo Road,32.64540796,0.41542554,126.5006
Mbogo Road,32.6453735,0.41565471,29.9715
Mbogo Road,32.64531995,0.41575012,15.177
Mbogo Road,32.64510732,0.41580148,32.7082
Mbogo Road,32.64530468,0.41596432,29.7601
Mbogo Road,32.64527856,0.41640739,16.5376
Mbogo Road,32.64507817,0.41684194,6.6392
Mbogo Road,32.64503317,0.41690735,111.1786
Mbogo Road,32.6450576,0.41715068,21.5916
Mbogo Road,32.64528544,0.41724477,13.7791
Mbogo Road,32.64506973,0.4172454,7.2703
Mbogo Road,32.64526314,0.41734517,24.8091
Mbogo Road,32.6453294,0.41749681,76.0912
Mbogo Road,32.64523733,0.41764499,18.7276
Mbogo Road,32.64530414,0.4176837,182.1746
Mbogo Road,32.64523725,0.41783157,17.3997
Mbogo Road,32.6452918,0.41791504,157.3093
Mbogo Road,32.64502346,0.41795563,15.4229
Mbogo Road,32.64523264,0.41807892,21.2583
Mbogo Road,32.6453089,0.41808445,73.9671
Mbogo Road,32.64525537,0.41811087,20.201
Mbogo Road,32.64536158,0.41857942,1274.9293
Mbogo Road,32.64508072,0.41906079,11.0994
Mbogo Road,32.64513678,0.419065,31.8985
Mbogo Road,32.64507151,0.41927776,37.5637
Mbogo Road,32.64501853,0.41931511,9.7214
Mbogo Road,32.64496605,0.4195256,114.8008
Mbogo Road,32.644917,0.41960831,69.6483
Mbogo Road,32.64464598,0.41966042,79.3853
Mbogo Road,32.64490572,0.41967476,67.2154
Mbogo Road,32.6446915,0.41968799,19.475
Mbogo Road,32.64487133,0.41977909,100.9686
Mbogo Road,32.64483685,0.4198624,84.6582
Mbogo Road,32.64459558,0.4199471,26.6316
Mbogo Road,32.64485599,0.41996984,94.1947
Mbogo Road,32.64479413,0.42010052,123.2207
Mbogo Road,32.6447803,0.42017701,51.2746
Mbogo Road,32.64473862,0.42027983,213.5093
Mbogo Road,32.64467999,0.42049052,52.6985
Mbogo Road,32.64467096,0.42057464,34.1051
Mbogo Road,32.64440922,0.42058329,131.5001
Mbogo Road,32.64466866,0.42063257,17.4825
Mbogo Road,32.64464177,0.42073263,10.9653
Mbogo Road,32.64446022,0.42082062,6.8079
Mbogo Road,32.64441977,0.42082062,15.5119
Mbogo Road,32.64463935,0.42084757,30.5085
Mbogo Road,32.64439303,0.42097206,28.1517
Mbogo Road,32.64432835,0.4211931,142.7311
Mbogo Road,32.64458206,0.42139801,6.2237
Mbogo Road,32.64457086,0.42191398,61.8545
Mbogo Road,32.64419848,0.42247911,30.0945
Mbogo Road,32.64447901,0.42231263,9.5998
Mbogo Road,32.64447194,0.42236041,10.0233
Mbogo Road,32.64445439,0.42249325,23.9199
Mbogo Road,32.6444811,0.42258415,51.6024
Mbogo Road,32.64433589,0.42346778,35.8711
Mbogo Road,32.64412252,0.42338549,16.3479
Mbogo Road,32.64404569,0.42383271,59.2993
Mbogo Road,32.64399023,0.423898,164.6758
Mbogo Road,32.64403138,0.42399431,97.7035
Mbogo Road,32.64407915,0.42399856,12.2317
Mbogo Road,32.6439732,0.42426966,43.6932
Mbogo Road,32.64421428,0.42454615,114.553
Mbogo Road,32.64426581,0.42467162,365.4493
Mbogo Road,32.64420323,0.42524379,63.2488
Mbogo Road,32.6441134,0.42528354,24.5619
Mbogo Road,32.64414974,0.42531832,48.5256
Mbogo Road,32.64378458,0.42546287,288.2349
Mbogo Road,32.64390272,0.42557413,17.4702
Mbogo Road,32.64412721,0.42562845,35.6145
Mbogo Road,32.64390176,0.42563903,27.7017
Mbogo Road,32.64387446,0.4258448,81.5008
Mbogo Road,32.64385837,0.42595098,38.3895
Mbogo Road,32.64387317,0.42599162,20.056
Mbogo Road,32.64388537,0.42602258,11.42
Mbogo Road,32.64408155,0.4274808,16.6876
Mbogo Road,32.64476593,0.42758167,42.6558
Mbogo Road,32.64465516,0.42761845,21.707
Mbogo Road,32.64486402,0.42762102,145.4648
Mbogo Road,32.64475195,0.42762633,11.0784
Mbogo Road,32.64471247,0.42764533,11.6244
Mbogo Road,32.64450899,0.42781301,168.2856
Mbogo Road,32.64568243,0.42825177,14.3128
Mbogo Road,32.6452967,0.42785613,96.0892
Mbogo Road,32.64588017,0.42835651,24.6989
Mbogo Road,32.64561064,0.42842455,10.1258
Mbogo Road,32.64614947,0.42858929,12.3138
Mbogo Road,32.64633617,0.42874282,7.3162
Mbogo Road,32.65025431,0.43169294,155.4892
Mbogo Road,32.65010663,0.43171012,23.0219
Mbogo Road,32.65043713,0.43191156,47.9668
Mbogo Road,32.65053427,0.4319798,26.9517
Mbogo Road,32.65063101,0.43203105,23.9662
Mbogo Road,32.6510731,0.43221719,134.6433
Mbogo Road,32.65141981,0.43242372,126.4533
Mbogo Road,32.65134589,0.43250133,17.978
Mbogo Road,32.65110505,0.43256202,8.2176
Mbogo Road,32.65103528,0.43256619,80.5896
Mbogo Road,32.65167561,0.43271757,16.8388
Mbogo Road,32.65182075,0.43276776,37.0859
Mbogo Road,32.65190087,0.43284351,36.985
Mbogo Road,32.64665901,0.42930824,27.0917
Mbogo Road,32.64669563,0.42931059,8.7455
Mbogo Road,32.64681652,0.42939001,9.5659
Mbogo Road,32.64678166,0.42939365,37.0245
Mbogo Road,32.64697882,0.42956675,35.189
Mbogo Road,32.6474753,0.42965247,23.436
Mbogo Road,32.64778231,0.42990369,24.3897
Mbogo Road,32.64780764,0.42994056,8.6713
Mbogo Road,32.64786964,0.42998288,12.371
Mbogo Road,32.64792186,0.43002958,20.8749
Mbogo Road,32.64797323,0.43006094,12.3441
Mbogo Road,32.64803978,0.43006956,50.7155
Mbogo Road,32.64817161,0.43052941,49.5313
Mbogo Road,32.64895728,0.43085221,75.9415
Mbogo Road,32.64919915,0.43095625,152.0731
Mbogo Road,32.64900869,0.43097777,40.5175
Mbogo Road,32.64926451,0.43104078,60.7353
Mbogo Road,32.64912694,0.43106925,31.137
Mbogo Road,32.64934807,0.43112632,196.8242
Mbogo Road,32.64920693,0.43112173,24.6073
Mbogo Road,32.64946266,0.43118584,49.265
Mbogo Road,32.64986217,0.43148015,50.6541
Mbogo Road,32.6498795,0.43153057,6.9758
Mbogo Road,32.6556976,0.44415801,10.8013
Mbogo Road,32.65577783,0.44454046,16.8573
Mbogo Road,32.65582521,0.44482697,414.193
Mbogo Road,32.65615833,0.44502611,78.6258
Mbogo Road,32.65629739,0.44566589,36.9049
Mbogo Road,32.64649272,0.42885274,15.1456
Mbogo Road,32.64669705,0.428967,61.2053
Mbogo Road,32.64674296,0.42905121,32.8564
Mbogo Road,32.64652087,0.42917596,15.7668
Mbogo Road,32.65250585,0.43311099,58.8422
Mbogo Road,32.65194293,0.43286557,16.3736
Mbogo Road,32.65201202,0.43291991,73.187
Mbogo Road,32.65281211,0.43324606,166.912
Mbogo Road,32.65296698,0.4333729,28.8496
Mbogo Road,32.6527173,0.43339462,24.1763
Mbogo Road,32.65311345,0.43373002,158.7525
Mbogo Road,32.65339662,0.43382247,86.0967
Mbogo Road,32.65399895,0.43385,126.8035
Mbogo Road,32.65410195,0.43402974,121.7255
Mbogo Road,32.65400588,0.43407655,22.8848
Mbogo Road,32.65383657,0.43410287,26.3271
Mbogo Road,32.65405352,0.43414278,21.5157
Mbogo Road,32.65422343,0.43437228,180.1198
Mbogo Road,32.65424799,0.43450728,7.0983
Mbogo Road,32.65428789,0.43470233,61.6524
Mbogo Road,32.65451653,0.43533525,74.1054
Mbogo Road,32.65449971,0.4351607,106.2642
Mbogo Road,32.65506347,0.43630709,93.2429
Mbogo Road,32.65492108,0.4363322,17.2737
Mbogo Road,32.65504692,0.43635722,121.2153
Mbogo Road,32.65514896,0.43664039,183.2627
Mbogo Road,32.65512255,0.43673931,7.9084
Mbogo Road,32.65515267,0.43676718,7.3177
Mbogo Road,32.65522281,0.43680661,107.1703
Mbogo Road,32.65525225,0.43687475,63.9723
Mbogo Road,32.65529402,0.43704737,14.7013
Mbogo Road,32.65525374,0.43709972,11.6628
Mbogo Road,32.6552969,0.43710055,54.1601
Mbogo Road,32.65534759,0.4372099,187.5933
Mbogo Road,32.65535483,0.43766803,6.8965
Mbogo Road,32.65537082,0.43768055,14.6513
Mbogo Road,32.65537822,0.43775343,16.017
Mbogo Road,32.6553813,0.43780453,30.3738
Mbogo Road,32.65543301,0.43802116,10.9413
Mbogo Road,32.65545892,0.43806067,58.2581
Mbogo Road,32.65551731,0.43820213,247.9481
Mbogo Road,32.65543818,0.43866234,105.9612
Mbogo Road,32.65544408,0.43876566,98.1278
Mbogo Road,32.65544077,0.43886916,100.5886
Mbogo Road,32.65536599,0.43917056,24.18
Mbogo Road,32.65532792,0.43926867,37.741
Mbogo Road,32.65532316,0.43934557,12.4688
Mbogo Road,32.65545858,0.43941511,149.9809
Mbogo Road,32.65539725,0.43953314,171.4068
Mbogo Road,32.65546582,0.43968416,143.6601
Mbogo Road,32.65534688,0.43971608,55.9814
Mbogo Road,32.65542441,0.4397373,35.4053
Mbogo Road,32.6553699,0.43984126,35.7042
Mbogo Road,32.65540603,0.43987038,12.3613
Mbogo Road,32.65537495,0.43989672,20.8112
Mbogo Road,32.65534772,0.44018896,13.8596
Mbogo Road,32.65539403,0.44045126,26.817
Mbogo Road,32.65514319,0.44149301,31.7269
Mbogo Road,32.65533942,0.44162454,23.5011
Mbogo Road,32.65536134,0.44166778,19.2759
Mbogo Road,32.6554384,0.44175157,66.5238
Mbogo Road,32.65542612,0.44206677,34.0071
Mbogo Road,32.65664783,0.44717565,12.8894
Mbogo Road,32.65668926,0.44738216,7.9376
Mbogo Road,32.65678318,0.44757525,118.8858
Mbogo Road,32.65698993,0.44874309,8.3143
Mbogo Road,32.65718266,0.4496177,13.5827
Mbogo Road,32.65719986,0.44964753,9.1556
Mbogo Road,32.65722777,0.44968184,13.2823
Mbogo Road,32.65727387,0.44978395,12.899
Mbogo Road,32.65760101,0.44979898,273.1315
Mbogo Road,32.65759838,0.45001158,17.8834
Mbogo Road,32.6576672,0.45002669,76.7063
Mbogo Road,32.65032588,0.43176079,16.5199
Mbogo Road,32.6503948,0.43188577,6.5707
Mbogo Road,32.6507579,0.4321098,11.7276
Mbogo Road,32.65077066,0.43236617,15.2529
Mbogo Road,32.6508687,0.43246326,53.6482
Mbogo Road,32.65800346,0.45077261,10.3896
Mbogo Road,32.6581447,0.45095057,40.3078
Mbogo Road,32.65844381,0.45165615,11.6868
Mbogo Road,32.65901623,0.45381411,12.0631
Mbogo Road,32.65878979,0.45435897,27.3417
Mbogo Road,32.65874788,0.45476633,12.6637
Mbogo Road,32.65637095,0.44577762,59.5738
Mbogo Road,32.65774808,0.46030779,33.8828
Mbogo Road,32.65755682,0.46268163,11.8195
Mbogo Road,32.6574458,0.4632799,8.3113
Mbogo Road,32.65744679,0.46358269,12.1895
Mbogo Road,32.65743644,0.46387221,63.8488
Mbogo Road,32.65733072,0.46396092,15.647
Mbogo Road,32.65736986,0.46409441,24.8035
Mbogo Road,32.65726115,0.46445363,48.8071
Mbogo Road,32.65712831,0.46506893,26.0084
Mbogo Road,32.65708975,0.46507431,6.2933
Mbogo Road,32.65708186,0.46508407,8.1502
Mbogo Road,32.65711077,0.46514427,73.6987
Mbogo Road,32.65710011,0.46520654,34.3429
Mbogo Road,32.65711382,0.46532809,223.5035
Mbogo Road,32.6570909,0.46540499,146.8727
Mbogo Road,32.6569679,0.46545922,119.6721
Mbogo Road,32.65685571,0.46595339,163.55
Mbogo Road,32.65666652,0.4662944,7.5903
Mbogo Road,32.65663852,0.46631446,6.9501
Mbogo Road,32.65661606,0.46632878,17.8543
Mutundwe Road,32.53888336,0.28324271,20.5616
Mutundwe Road,32.53885489,0.28342224,13.9787
Mutundwe Road,32.53878804,0.2835019,40.8725
Mutundwe Road,32.53878754,0.28388541,23.2969
Mutundwe Road,32.53848999,0.28444374,12.8113
Mutundwe Road,32.53849763,0.28459642,218.7486
Mutundwe Road,32.53804841,0.28489129,97.574
Mutundwe Road,32.54198798,0.27773882,13.8745
Mutundwe Road,32.53074949,0.29316089,241.4162
Mutundwe Road,32.53083966,0.2932067,6.0815
Mutundwe Road,32.53087692,0.2932075,25.1462
Mutundwe Road,32.53081698,0.29344159,118.6114
Mutundwe Road,32.5300975,0.29345326,161.5239
Mutundwe Road,32.53064272,0.29346124,68.6307
Mutundwe Road,32.5298837,0.2934602,212.2867
Mutundwe Road,32.53059214,0.29347587,14.4415
Mutundwe Road,32.53052105,0.29350685,109.0933
Mutundwe Road,32.53066105,0.29351727,81.5438
Mutundwe Road,32.5296044,0.29351677,431.9915
Mutundwe Road,32.53773323,0.28567936,193.6607
Mutundwe Road,32.5379097,0.28603245,55.2585
Mutundwe Road,32.5378826,0.28613335,132.7909
Mutundwe Road,32.53779714,0.28627374,5.274
Mutundwe Road,32.53749905,0.28630837,185.4199
Mutundwe Road,32.5377773,0.28641428,41.8949
Mutundwe Road,32.53748987,0.28642513,71.9419
Mutundwe Road,32.53769472,0.28664359,94.9114
Mutundwe Road,32.5376673,0.28673836,45.3128
Mutundwe Road,32.53765252,0.28678991,66.4668
Mutundwe Road,32.53763199,0.28685438,77.5266
Mutundwe Road,32.53758707,0.28688693,9.7812
Mutundwe Road,32.53726273,0.28710683,33.88
Mutundwe Road,32.53746566,0.28718564,15.2973
Mutundwe Road,32.537256,0.28721303,10.3962
Mutundwe Road,32.53745431,0.28726484,7.3924
Mutundwe Road,32.53733189,0.28767269,41.3349
Mutundwe Road,32.53723549,0.28775022,28.9031
Mutundwe Road,32.53727583,0.28780011,99.9663
Mutundwe Road,32.53721847,0.28780842,25.0126
Mutundwe Road,32.53700716,0.28787664,13.5056
Mutundwe Road,32.53720159,0.28801809,29.6819
Mutundwe Road,32.5371318,0.28811432,21.5494
Mutundwe Road,32.53715367,0.28816438,42.015
Mutundwe Road,32.53683202,0.28833437,112.7855
Mutundwe Road,32.53677756,0.28841422,66.0994
Mutundwe Road,32.53661354,0.28898362,10.8105
Mutundwe Road,32.53653248,0.28898654,147.2867
Mutundwe Road,32.53682089,0.28899519,5.6229
Mutundwe Road,32.53680624,0.2890943,57.1172
Mutundwe Road,32.53673263,0.28924776,87.2848
Mutundwe Road,32.53655512,0.28908394,47.0466
Mutundwe Road,32.53651761,0.28915456,25.4065
Mutundwe Road,32.53636073,0.28940165,92.0095
Mutundwe Road,32.53667791,0.28933564,13.1483
Mutundwe Road,32.53630868,0.2895584,88.8815
Mutundwe Road,32.53643593,0.28979896,21.8041
Mutundwe Road,32.53610814,0.28993258,42.996
Mutundwe Road,32.53646108,0.28995124,256.4915
Mutundwe Road,32.53634364,0.28998754,17.2506
Mutundwe Road,32.53627915,0.29003432,25.1365
Mutundwe Road,32.5363267,0.29004665,41.1396
Mutundwe Road,32.53623563,0.29011728,58.7287
Mutundwe Road,32.53620333,0.29017923,8.8754
Mutundwe Road,32.5361753,0.29019696,8.0463
Mutundwe Road,32.53607649,0.29025531,16.4807
Mutundwe Road,32.53577878,0.29032173,53.5145
Mutundwe Road,32.53596967,0.29042413,32.3394
Mutundwe Road,32.53565519,0.29048696,36.9668
Mutundwe Road,32.53553094,0.29050244,219.2277
Mutundwe Road,32.53557645,0.29057035,70.9972
Mutundwe Road,32.5352411,0.29077099,214.1912
Mutundwe Road,32.53533479,0.29081601,27.014
Mutundwe Road,32.53532402,0.29103483,34.4814
Mutundwe Road,32.53526404,0.29114778,37.4543
Mutundwe Road,32.53494992,0.29112782,20.0222
Mutundwe Road,32.53520003,0.2912071,34.407
Mutundwe Road,32.53473546,0.29121821,169.4906
Mutundwe Road,32.53503407,0.29128072,14.1768
Mutundwe Road,32.53493273,0.29136809,16.7766
Mutundwe Road,32.53361734,0.29195423,188.4713
Mutundwe Road,32.53178177,0.2927852,113.9759
Mutundwe Road,32.53163132,0.29285801,16.9375
Mutundwe Road,32.53229673,0.29287683,83.008
Mutundwe Road,32.53125584,0.29302986,14.1468
Mutundwe Road,32.53114428,0.29304196,124.6141
Mutundwe Road,32.53160803,0.29308632,6.5172
Mutundwe Road,32.5309276,0.29314123,119.9013
Mutundwe Road,32.53154627,0.29315382,97.1095
Mutundwe Road,32.53144473,0.29317591,37.593
Mutundwe Road,32.53138576,0.29319529,15.2662
Mutundwe Road,32.53120151,0.29330026,107.6346
Mutundwe Road,32.53050002,0.29327715,188.2065
Mutundwe Road,32.53047758,0.29334507,8.4692
Mutundwe Road,32.53089623,0.29339809,88.637
Mutundwe Road,32.53109204,0.2933298,14.8804
Mutundwe Road,32.53112965,0.29333566,21.0786
Mutundwe Road,32.53100735,0.29338702,100.0875
Mutundwe Road,32.53058141,0.29354339,20.3671
Mutundwe Road,32.53048622,0.29359235,29.2625
Mutundwe Road,32.53033479,0.29360139,166.619
Mutundwe Road,32.5302239,0.29363142,76.9456
Mutundwe Road,32.53014857,0.2936356,57.9226
Mutundwe Road,32.52888726,0.2939717,61.3275
Mutundwe Road,32.52882486,0.2939864,124.404
Mutundwe Road,32.52875826,0.29400123,52.7232
Mutundwe Road,32.52923922,0.29411358,22.4074
Mutundwe Road,32.5285274,0.29416192,11.1531
Mutundwe Road,32.52835039,0.29417791,168.048
Mutundwe Road,32.52777066,0.29446728,67.4262
Mutundwe Road,32.54578765,0.27358071,72.9452
Mutundwe Road,32.54543076,0.27359584,35.7178
Mutundwe Road,32.54553207,0.27359902,34.6307
Mutundwe Road,32.54574082,0.27360045,45.6208
Mutundwe Road,32.54619372,0.27360522,132.5326
Mutundwe Road,32.54597494,0.27361153,101.8366
Mutundwe Road,32.54609598,0.27361464,76.3733
Mutundwe Road,32.54585354,0.27362733,10.9585
Mutundwe Road,32.54661238,0.27348907,14.646
Mutundwe Road,32.54657818,0.27349708,16.8895
Mutundwe Road,32.54637719,0.273577,141.6472
Mutundwe Road,32.54604037,0.27363406,29.3636
Mutundwe Road,32.54622503,0.27384151,12.64
Mutundwe Road,32.54602516,0.27384228,29.784
Mutundwe Road,32.54614771,0.27385053,61.1019
Mutundwe Road,32.54587888,0.27385301,95.7815
Mutundwe Road,32.54596333,0.27389284,124.2611
Mutundwe Road,32.54647003,0.27378351,145.6526
Mutundwe Road,32.54661736,0.27379199,274.3765
Mutundwe Road,32.54636314,0.27381055,115.3671
Mutundwe Road,32.5455932,0.27363598,46.3516
Mutundwe Road,32.54560652,0.27378687,10.0097
Mutundwe Road,32.54561412,0.27384505,149.488
Mutundwe Road,32.54577365,0.27387384,126.9243
Mutundwe Road,32.54508615,0.27358333,17.4814
Mutundwe Road,32.54495086,0.273585,26.3027
Mutundwe Road,32.54499534,0.27358753,72.6536
Mutundwe Road,32.54533262,0.27359254,183.5494
Mutundwe Road,32.5450509,0.27360013,23.4573
Mutundwe Road,32.54540061,0.27368003,18.4759
Mutundwe Road,32.54536871,0.27380556,7.1254
Mutundwe Road,32.54508219,0.27382137,331.3664
Mutundwe Road,32.54526538,0.27384044,103.8555
Mutundwe Road,32.54541106,0.27386236,21.058
Mutundwe Road,32.54415007,0.27384612,119.157
Mutundwe Road,32.54436177,0.27394858,7.6717
Mutundwe Road,32.54380356,0.27449681,19.5076
Mutundwe Road,32.54377465,0.27453047,27.6059
Mutundwe Road,32.54379834,0.27456805,15.0745
Mutundwe Road,32.54374106,0.2746249,51.8398
Mutundwe Road,32.54175632,0.27811449,7.5234
Mutundwe Road,32.54177379,0.27812499,8.3999
Mutundwe Road,32.54174777,0.27815416,16.937
Mutundwe Road,32.54196654,0.27821577,19.3986
Mutundwe Road,32.54191234,0.2782504,12.0074
Mutundwe Road,32.54194908,0.27828567,84.5456
Mutundwe Road,32.54190448,0.27835359,34.0438
Mutundwe Road,32.54134443,0.27879132,116.2741
Mutundwe Road,32.5413037,0.27887061,23.5549
Mutundwe Road,32.54124733,0.27954674,44.316
Mutundwe Road,32.5406598,0.28000843,79.8231
Mutundwe Road,32.54073361,0.28039326,31.1823
Mutundwe Road,32.54042396,0.28054582,5.9146
Mutundwe Road,32.54388729,0.27484206,35.7016
Mutundwe Road,32.54384556,0.27488941,25.7097
Mutundwe Road,32.54364489,0.27481451,75.514
Mutundwe Road,32.54334963,0.27572203,31.0155
Mutundwe Road,32.54307893,0.27577819,36.3518
Mutundwe Road,32.54331502,0.27579028,12.0327
Mutundwe Road,32.54333293,0.27584041,20.2948
Mutundwe Road,32.54300084,0.27589071,131.2971
Mutundwe Road,32.54291356,0.27602495,59.9808
Mutundwe Road,32.54306623,0.27620698,5.4765
Mutundwe Road,32.54289505,0.27657923,62.1118
Mutundwe Road,32.54247748,0.27733691,112.0972
Mutundwe Road,32.54028464,0.2807168,46.6479
Mutundwe Road,32.54023453,0.28076127,98.7409
Mutundwe Road,32.53996748,0.28120602,135.4059
Mutundwe Road,32.54017121,0.28099125,41.2095
Mutundwe Road,32.54003981,0.28108073,131.059
Mutundwe Road,32.54035037,0.28113606,45.194
Mutundwe Road,32.53968125,0.2822599,88.2967
Mutundwe Road,32.53933737,0.28238966,154.7148
Mutundwe Road,32.53940137,0.28280665,33.3994
Mutundwe Road,32.53928549,0.28291068,9.2059
Mutundwe Road,32.539257,0.28302577,106.8818
Mutundwe Road,32.53917984,0.28310597,16.3173
Mutundwe Road,32.53915569,0.28313558,7.6241
Mutundwe Road,32.53909833,0.28334357,8.5616
Mutundwe Road,32.53005188,0.2936856,122.1565
Mutundwe Road,32.52995246,0.29372551,51.5051
Mutundwe Road,32.52990326,0.29373752,23.3961
Mutundwe Road,32.52984835,0.2938269,6.2903
Namugongo Road,32.65170897,0.34979575,303.4151
Namugongo Road,32.65173972,0.34993772,149.3708
Namugongo Road,32.65160659,0.34996881,21.2864
Namugongo Road,32.65160459,0.35013577,28.257
Namugongo Road,32.65169401,0.35049413,14.2535
Namugongo Road,32.6516521,0.35049495,15.4624
Namugongo Road,32.65165881,0.35052949,19.77
Namugongo Road,32.65165774,0.35056994,20.4225
Namugongo Road,32.65170168,0.35063768,64.9777
Namugongo Road,32.65167449,0.35070495,79.9134
Namugongo Road,32.65163901,0.35076384,56.0931
Namugongo Road,32.65160917,0.35089753,58.7167
Namugongo Road,32.65131133,0.35092698,107.589
Namugongo Road,32.65155874,0.35094474,23.7849
Namugongo Road,32.65154514,0.35100858,36.9497
Namugongo Road,32.65109625,0.3513221,86.3597
Namugongo Road,32.6513817,0.35136215,25.4709
Namugongo Road,32.65114605,0.351988,147.1572
Namugongo Road,32.65104977,0.35211949,10.5086
Namugongo Road,32.65080633,0.35209251,6.8931
Namugongo Road,32.65080459,0.35211869,12.9662
Namugongo Road,32.6509531,0.35227412,61.0117
Namugongo Road,32.6508867,0.35235921,43.9553
Namugongo Road,32.65093107,0.35235986,17.0166
Namugongo Road,32.65085667,0.34839976,67.1595
Namugongo Road,32.65064446,0.34844245,7.5577
Namugongo Road,32.65085824,0.34848615,33.587
Namugongo Road,32.65070857,0.34852161,30.7732
Namugongo Road,32.65076448,0.3485963,10.2382
Namugongo Road,32.65066729,0.35248763,6.9888
Namugongo Road,32.65080056,0.35347251,12.9633
Namugongo Road,32.65049575,0.3540128,135.1321
Namugongo Road,32.65052618,0.3540878,20.2316
Namugongo Road,32.65046344,0.35412953,158.1151
Namugongo Road,32.6493527,0.34689726,245.3433
Namugongo Road,32.64949275,0.34713445,22.7581
Namugongo Road,32.64922371,0.34718465,12.2209
Namugongo Road,32.64972077,0.34721881,759.3705
Namugongo Road,32.64903703,0.34721809,470.3007
Namugongo Road,32.64984288,0.3474394,70.4256
Namugongo Road,32.64973757,0.34736774,31.5921
Namugongo Road,32.64928141,0.34743072,1256.2789
Namugongo Road,32.64992781,0.34749126,113.8903
Namugongo Road,32.65006794,0.34754367,152.6092
Namugongo Road,32.64974787,0.34764626,28.8889
Namugongo Road,32.64978381,0.347682,20.6526
Namugongo Road,32.64983644,0.34772537,19.0468
Namugongo Road,32.64994909,0.3478016,13.0794
Namugongo Road,32.65026918,0.34781972,13.6905
Namugongo Road,32.65048767,0.34801239,20.9683
Namugongo Road,32.65059808,0.34804665,136.0065
Namugongo Road,32.65090707,0.34817778,364.4982
Namugongo Road,32.65030615,0.34823847,266.432
Namugongo Road,32.65046022,0.34836315,228.6537
Namugongo Road,32.65017406,0.34760099,282.4611
Namugongo Road,32.65086477,0.34881359,141.6244
Namugongo Road,32.65123163,0.3487853,440.3293
Namugongo Road,32.65112104,0.34899677,15.1718
Namugongo Road,32.65137762,0.34901163,42.3719
Namugongo Road,32.65110883,0.34906245,21.9849
Namugongo Road,32.65143685,0.3490954,98.8117
Namugongo Road,32.6513799,0.34915141,11.9271
Namugongo Road,32.65112581,0.34916508,119.3324
Namugongo Road,32.65150011,0.34920269,79.4259
Namugongo Road,32.6512008,0.34926034,110.7818
Namugongo Road,32.65150477,0.34928605,86.8853
Namugongo Road,32.65146238,0.34930221,29.8821
Namugongo Road,32.65157038,0.34939613,173.6187
Namugongo Road,32.65162275,0.34962489,205.7855
Namugongo Road,32.6508169,0.35296763,11.265
Namugongo Road,32.65083122,0.35300629,9.9954
Namugongo Road,32.65085198,0.35326736,168.3814
Namugongo Road,32.65081816,0.3533898,74.7827
Namugongo Road,32.65077791,0.3533991,13.7952
Namugongo Road,32.65076605,0.35374313,29.5168
Namugongo Road,32.65080957,0.35384199,105.6556
Namugongo Road,32.65078444,0.35390978,27.5141
Namugongo Road,32.65076156,0.35391283,3.9487
Namugongo Road,32.65072921,0.35455648,89.6168
Namugongo Road,32.65041668,0.35476281,95.0697
Namugongo Road,32.65070024,0.35476747,150.8618
Namugongo Road,32.65021466,0.35514397,283.2699
Namugongo Road,32.65041967,0.35565486,67.941
Namugongo Road,32.65007635,0.35582534,10.729
Namugongo Road,32.65030976,0.35592965,84.6419
Namugongo Road,32.65026537,0.35610889,135.3671
Namugongo Road,32.65015767,0.356234,29.1257
Namugongo Road,32.65014293,0.3562741,53.4625
Namugongo Road,32.65010306,0.35643267,120.6667
Namugongo Road,32.65001402,0.35650235,36.5515
Namugongo Road,32.65050186,0.35422633,30.3435
Namugongo Road,32.65050097,0.35430113,18.8954
Namugongo Road,32.65050155,0.35538915,285.6338
Namugongo Road,32.64989539,0.35677686,145.4145
Namugongo Road,32.64983931,0.35691345,91.0873
Namugongo Road,32.64943452,0.35746336,137.4723
Namugongo Road,32.64936877,0.35759165,80.0477
Namugongo Road,32.64932405,0.35766011,22.6675
Namugongo Road,32.64928782,0.35770569,36.6647
Namugongo Road,32.6492524,0.35780692,65.6593
Namugongo Road,32.64900657,0.35816437,174.4194
Namugongo Road,32.64892944,0.35823972,33.5984
Namugongo Road,32.64886698,0.35833929,18.6718
Namugongo Road,32.6482537,0.35878743,43.6712
Namugongo Road,32.64845515,0.35897722,543.3682
Namugongo Road,32.64805528,0.35907066,116.8208
Namugongo Road,32.64786761,0.35983419,14.7666
Namugongo Road,32.64774298,0.36008911,98.288
Namugongo Road,32.64766374,0.36018457,16.1552
Namugongo Road,32.64764661,0.36028041,36.2789
Namugongo Road,32.64748506,0.36075692,9.7186
Namugongo Road,32.64752655,0.36102781,74.3385
Namugongo Road,32.64753358,0.36135949,14.6942
Namugongo Road,32.64769069,0.36200491,31.8779
Namugongo Road,32.64791385,0.36261082,125.8846
Namugongo Road,32.64798558,0.36317297,18.2854
Namugongo Road,32.64805831,0.36427187,34.4609
Namugongo Road,32.64836234,0.36457455,37.8402
Namugongo Road,32.64837094,0.36461595,35.7051
Namugongo Road,32.64841532,0.36491485,9.4744
Namugongo Road,32.6482208,0.36520977,45.8086
Namugongo Road,32.64838668,0.36550206,21.7827
Namugongo Road,32.64830098,0.36599983,6.2829
Namugongo Road,32.64830508,0.36600933,5.8793
Namugongo Road,32.64829648,0.36617511,17.0828
Namugongo Road,32.64832226,0.36638018,23.7393
Namugongo Road,32.64830172,0.36648641,188.1182
Namugongo Road,32.64832326,0.36657815,21.7862
Namugongo Road,32.64833838,0.36665186,79.366
Namugongo Road,32.64858488,0.3670166,45.6585
Namugongo Road,32.64838182,0.36706167,16.4326
Namugongo Road,32.64860184,0.36709338,14.0242
Namugongo Road,32.64863994,0.36757939,21.4503
Namugongo Road,32.64894339,0.36854808,50.4712
Namugongo Road,32.64899048,0.36865571,47.232
Namugongo Road,32.64920922,0.3692398,14.6599
Namugongo Road,32.64922937,0.36929263,76.6692
Namugongo Road,32.64898242,0.36931765,14.7297
Namugongo Road,32.6492482,0.369362,64.5259
Namugongo Road,32.64899534,0.36937789,20.5276
Namugongo Road,32.64928631,0.36947374,44.5571
Namugongo Road,32.64929752,0.36956448,57.7875
Namugongo Road,32.64931894,0.37005021,38.8944
Namugongo Road,32.6493849,0.37042783,142.6765
Namugongo Road,32.6493074,0.37045821,11.0971
Namugongo Road,32.64933286,0.37051303,42.9355
Namugongo Road,32.6494449,0.37106942,85.1025
Namugongo Road,32.64943323,0.37235211,23.0743
Namugongo Road,32.64949445,0.37245357,160.904
Namugongo Road,32.64942793,0.37368753,45.9235
Namugongo Road,32.64943548,0.37384405,14.4303
Namugongo Road,32.64943372,0.37386802,8.6838
Namugongo Road,32.64947087,0.37402306,98.6141
Namugongo Road,32.64964756,0.37453261,657.6604
Namugongo Road,32.64934531,0.37479858,6.9889
Namugongo Road,32.64937415,0.3748304,79.2998
Namugongo Road,32.64935637,0.37488725,47.2866
Namugongo Road,32.64932508,0.37495419,31.3128
Namugongo Road,32.64902849,0.37503742,108.486
Namugongo Road,32.64928914,0.37505422,26.8451
Namugongo Road,32.64897477,0.37522245,55.2161
Namugongo Road,32.64888977,0.37565465,14.6955
Namugongo Road,32.64904588,0.37602114,24.9624
Namugongo Road,32.64896769,0.37614573,37.1032
Namugongo Road,32.64855823,0.37670369,9.5812
Namugongo Road,32.64849239,0.37679509,16.1033
Namugongo Road,32.6484382,0.37689105,33.6346
Namugongo Road,32.64843043,0.37695207,10.1148
Namugongo Road,32.64858695,0.37707488,26.464
Namugongo Road,32.64841212,0.37756225,122.7244
Namugongo Road,32.64805815,0.37806022,55.4042
Namugongo Road,32.64796387,0.37831208,104.3676
Namugongo Road,32.64790956,0.37837333,8.9085
Namugongo Road,32.64794103,0.37856227,435.368
Namugongo Road,32.64767115,0.37883455,31.2065
Namugongo Road,32.64717676,0.3795808,11.8147
Nsanji - Buloba Road,32.45622819,0.28339708,33.6936
Nsanji - Buloba Road,32.45619254,0.28344853,50.5439
Nsanji - Buloba Road,32.45614877,0.28346858,21.7903
Nsanji - Buloba Road,32.45613352,0.28351721,14.5468
Nsanji - Buloba Road,32.45617532,0.28352314,22.5603
Nsanji - Buloba Road,32.45615213,0.28359294,89.5558
Nsanji - Buloba Road,32.45583421,0.28424534,18.274
Nsanji - Buloba Road,32.45569006,0.2842646,15.6766
Nsanji - Buloba Road,32.45561467,0.2842755,98.5129
Nsanji - Buloba Road,32.45588448,0.28435412,115.4037
Nsanji - Buloba Road,32.45591821,0.28375107,52.7248
Nsanji - Buloba Road,32.45587968,0.2838037,15.4126
Nsanji - Buloba Road,32.45602317,0.28381586,61.6848
Nsanji - Buloba Road,32.45609588,0.2838305,126.0151
Nsanji - Buloba Road,32.45586059,0.28383454,22.5056
Nsanji - Buloba Road,32.45599171,0.28391097,45.2799
Nsanji - Buloba Road,32.45574011,0.28392228,163.6961
Nsanji - Buloba Road,32.45578275,0.28393506,115.8849
Nsanji - Buloba Road,32.4559588,0.28396043,24.4438
Nsanji - Buloba Road,32.45573728,0.28406219,65.2619
Nsanji - Buloba Road,32.4556711,0.28409526,65.5045
Nsanji - Buloba Road,32.45588354,0.28416406,13.7542
Nsanji - Buloba Road,32.45589901,0.2841824,11.9188
Nsanji - Buloba Road,32.45578377,0.28456881,32.3193
Nsanji - Buloba Road,32.4557385,0.28465319,88.9899
Nsanji - Buloba Road,32.45570823,0.28471265,13.8299
Nsanji - Buloba Road,32.45568627,0.28479315,57.8126
Nsanji - Buloba Road,32.45562736,0.28487771,44.854
Nsanji - Buloba Road,32.45559147,0.28491455,4.3201
Nsanji - Buloba Road,32.45543873,0.28491709,65.0888
Nsanji - Buloba Road,32.45560522,0.28492467,7.3173
Nsanji - Buloba Road,32.45556417,0.28500907,14.5786
Nsanji - Buloba Road,32.4553504,0.2850162,131.0308
Nsanji - Buloba Road,32.45536543,0.28514028,11.6442
Nsanji - Buloba Road,32.45556368,0.28518224,103.1017
Nsanji - Buloba Road,32.45534003,0.28519645,34.1604
Nsanji - Buloba Road,32.45529375,0.28519745,29.1976
Nsanji - Buloba Road,32.45552071,0.28532463,181.6424
Nsanji - Buloba Road,32.45530158,0.28537575,13.8911
Nsanji - Buloba Road,32.4554487,0.28539398,13.5252
Nsanji - Buloba Road,32.45547289,0.28549143,138.7351
Nsanji - Buloba Road,32.45539982,0.28575809,135.1719
Nsanji - Buloba Road,32.45506401,0.28579424,112.3986
Nsanji - Buloba Road,32.45535536,0.28587835,134.2151
Nsanji - Buloba Road,32.45502223,0.28598828,80.7969
Nsanji - Buloba Road,32.45530413,0.28599796,114.9263
Nsanji - Buloba Road,32.45497158,0.28616097,101.6797
Nsanji - Buloba Road,32.45495527,0.28623742,26.0869
Nsanji - Buloba Road,32.45521232,0.28625123,121.7563
Nsanji - Buloba Road,32.45514467,0.28630106,7.3337
Nsanji - Buloba Road,32.45516196,0.28630955,7.539
Nsanji - Buloba Road,32.45519253,0.28638616,72.2393
Nsanji - Buloba Road,32.45490765,0.28639188,125.3856
Nsanji - Buloba Road,32.45513398,0.28640658,18.7588
Nsanji - Buloba Road,32.45512088,0.28656183,4.3332
Nsanji - Buloba Road,32.45511878,0.28660848,28.0397
Nsanji - Buloba Road,32.45488765,0.28661767,31.7763
Nsanji - Buloba Road,32.45576311,0.28442131,42.4211
Nsanji - Buloba Road,32.4557441,0.28447984,18.6101
Nsanji - Buloba Road,32.45466958,0.29030541,172.0698
Nsanji - Buloba Road,32.45441727,0.29090323,75.0083
Nsanji - Buloba Road,32.45508617,0.2871907,11.3998
Nsanji - Buloba Road,32.45516644,0.28723212,61.55
Nsanji - Buloba Road,32.45484742,0.28799861,86.3066
Nsanji - Buloba Road,32.45490337,0.28960029,44.9943
Nsanji - Buloba Road,32.45482216,0.28975595,5.465
Nsanji - Buloba Road,32.45481404,0.2897609,5.7175
Nsanji - Buloba Road,32.45477251,0.29004246,106.9864
Nsanji - Buloba Road,32.45468223,0.29004378,7.4763
Nsanji - Buloba Road,32.45468586,0.2900599,7.1252
Nsanji - Buloba Road,32.45431478,0.29095283,9.2558
Nsanji - Buloba Road,32.45430355,0.29101101,25.6836
Nsanji - Buloba Road,32.45428729,0.2911716,114.2007
Nsanji - Buloba Road,32.45423925,0.29129368,174.4106
Nsanji - Buloba Road,32.45409585,0.29165105,95.2478
Nsanji - Buloba Road,32.45395901,0.29180859,51.5668
Nsanji - Buloba Road,32.45397659,0.29187789,58.0507
Nsanji - Buloba Road,32.45388186,0.2919077,34.964
Nsanji - Buloba Road,32.45396405,0.29195034,132.8325
Nsanji - Buloba Road,32.45359024,0.29198683,238.0661
Nsanji - Buloba Road,32.45365243,0.29202028,7.6431
Nsanji - Buloba Road,32.45352483,0.29213848,100.1046
Nsanji - Buloba Road,32.45339909,0.29244395,18.1041
Nsanji - Buloba Road,32.45364395,0.29254914,249.1807
Nsanji - Buloba Road,32.45332912,0.29258803,68.4525
Nsanji - Buloba Road,32.45353498,0.29271454,91.5848
Nsanji - Buloba Road,32.45324156,0.29283292,9.8045
Nsanji - Buloba Road,32.45325924,0.29284578,16.0316
Nsanji - Buloba Road,32.45352509,0.29284929,135.5398
Nsanji - Buloba Road,32.45325905,0.29287459,10.8629
Nsanji - Buloba Road,32.45316139,0.2928962,70.9353
Nsanji - Buloba Road,32.45345992,0.29300988,124.1225
Nsanji - Buloba Road,32.45332172,0.29310079,10.6791
Nsanji - Buloba Road,32.45327156,0.2931265,16.1754
Nsanji - Buloba Road,32.45337445,0.29314734,42.9192
Nsanji - Buloba Road,32.45309018,0.29377662,159.2068
Nsanji - Buloba Road,32.45298661,0.29382048,18.4111
Nsanji - Buloba Road,32.4525829,0.29409184,89.7157
Nsanji - Buloba Road,32.4521679,0.29533538,19.2641
Nsanji - Buloba Road,32.45235962,0.29537314,6.5185
Nsanji - Buloba Road,32.45211885,0.2954481,6.8963
Nsanji - Buloba Road,32.452126,0.29546214,6.7165
Nsanji - Buloba Road,32.45211628,0.29573527,31.0489
Nsanji - Buloba Road,32.45190555,0.29584376,12.031
Nsanji - Buloba Road,32.45186434,0.29587939,10.7126
Nsanji - Buloba Road,32.45173499,0.29608004,13.9193
Nsanji - Buloba Road,32.45129544,0.2965124,162.81
Nsanji - Buloba Road,32.45158187,0.29656266,20.8493
Nsanji - Buloba Road,32.45047515,0.29721685,19.2517
Nsanji - Buloba Road,32.45019867,0.29741436,9.495
Nsanji - Buloba Road,32.45021349,0.29742532,7.6608
Nsanji - Buloba Road,32.44975247,0.29759762,154.2106
Nsanji - Buloba Road,32.4499268,0.29781016,19.589
Nsanji - Buloba Road,32.45294442,0.29386156,48.338
Nsanji - Buloba Road,32.44914557,0.29797956,63.9598
Nsanji - Buloba Road,32.44906471,0.29799986,60.7437
Nsanji - Buloba Road,32.44951079,0.29805107,72.2719
Nsanji - Buloba Road,32.44901244,0.29806319,31.2096
Nsanji - Buloba Road,32.44909385,0.29822954,10.7173
Nsanji - Buloba Road,32.44810493,0.29927049,109.1796
Nsanji - Buloba Road,32.4479202,0.29936103,40.0482
Nsanji - Buloba Road,32.44786918,0.2994682,30.1879
Nsanji - Buloba Road,32.44770554,0.29962114,20.8775
Nsanji - Buloba Road,32.44734879,0.30202866,77.957
Nsanji - Buloba Road,32.44735136,0.30211787,143.2474
Nsanji - Buloba Road,32.44713418,0.30205268,25.9035
Nsanji - Buloba Road,32.4470529,0.30241508,99.9466
Nsanji - Buloba Road,32.44719321,0.30249911,26.8828
Nsanji - Buloba Road,32.44726943,0.30261051,22.0589
Nsanji - Buloba Road,32.44703437,0.3024984,43.0094
Nsanji - Buloba Road,32.44709742,0.30254142,17.2762
Nsanji - Buloba Road,32.44704269,0.30255593,70.4442
Nsanji - Buloba Road,32.44702969,0.30272599,147.2205
Nsanji - Buloba Road,32.44698916,0.30286847,205.2085
Nsanji - Buloba Road,32.44694989,0.30300362,192.0996
Nsanji - Buloba Road,32.44720405,0.30296953,19.3212
Nsanji - Buloba Road,32.44721418,0.30300724,16.118
Nsanji - Buloba Road,32.44718434,0.30305947,37.5813
Nsanji - Buloba Road,32.44718125,0.30316178,17.325
Nsanji - Buloba Road,32.44710908,0.30353415,26.0889
Nsanji - Buloba Road,32.44705255,0.30387936,58.6948
Nsanji - Buloba Road,32.44718448,0.30318059,15.2621
Nsanji - Buloba Road,32.44702631,0.30411065,238.2382
Nsanji - Buloba Road,32.44693625,0.30418444,12.1167
Nsanji - Buloba Road,32.44703109,0.30426414,283.4889
Nsanji - Buloba Road,32.44666434,0.30532793,7.8469
Nsanji - Buloba Road,32.44643549,0.30538473,10.6215
Nsanji - Buloba Road,32.44644642,0.30540031,8.5614
Nsanji - Buloba Road,32.44663931,0.3055475,143.6731
Nsanji - Buloba Road,32.44627245,0.30576357,15.1861
Nsanji - Buloba Road,32.44640479,0.3061373,92.2836
Nsanji - Buloba Road,32.44638439,0.30630405,183.5505
Nsanji - Buloba Road,32.44471269,0.3078107,15.2863
Nsanji - Buloba Road,32.44340956,0.30876416,14.356
Nsanji - Buloba Road,32.44344888,0.30881982,9.5818
Nsanji - Buloba Road,32.4427471,0.31402436,14.6819
Nsanji - Buloba Road,32.44263626,0.31415874,55.5591
Nsanji - Buloba Road,32.44280862,0.31438912,55.0608
Nsanji - Buloba Road,32.44237791,0.31446681,101.961
Nsanji - Buloba Road,32.44280033,0.31447055,79.4552
Nsanji - Buloba Road,32.44271654,0.31450661,14.428
Nsanji - Buloba Road,32.44264905,0.31464679,158.6979
Nsanji - Buloba Road,32.44257965,0.31473084,110.0494
Nsanji - Buloba Road,32.44191663,0.31496048,147.16
Nsanji - Buloba Road,32.44181694,0.31504939,105.6406
Nsanji - Buloba Road,32.44176259,0.31519346,7.0456
Nsanji - Buloba Road,32.44202765,0.31522403,64.8924
Nsanji - Buloba Road,32.44140483,0.31572011,91.5866
Nsanji - Buloba Road,32.44139633,0.31578705,71.9701
Nsanji - Buloba Road,32.44151343,0.31659475,97.3093
Nsanji - Buloba Road,32.44149011,0.3166735,97.2868
Nsanji - Buloba Road,32.44124414,0.31695976,21.2153
Nsanji - Buloba Road,32.44114381,0.31700199,143.3054
Nsanji - Buloba Road,32.44142286,0.31722019,49.4178
Nsanji - Buloba Road,32.4413506,0.31724998,18.8796
Nsanji - Buloba Road,32.44115687,0.31739444,70.9398
Nsanji - Buloba Road,32.44139674,0.31743921,67.6941
Nsanji - Buloba Road,32.44136529,0.31753435,83.2916
Nsanji - Buloba Road,32.44131752,0.31756587,20.2207
Nsanji - Buloba Road,32.44106575,0.31766095,133.0328
Nsanji - Buloba Road,32.44130543,0.31771164,23.6629
Nsanji - Buloba Road,32.44105688,0.31782862,234.6158
Nsanji - Buloba Road,32.4411336,0.31791254,47.6623
Nsanji - Buloba Road,32.44131614,0.31793965,62.0685
Nsanji - Buloba Road,32.44128078,0.31817529,103.2546
Nsanji - Buloba Road,32.44100314,0.31833352,65.7321
Nsanji - Buloba Road,32.44128769,0.31833997,188.0694
Nsanji - Buloba Road,32.44101848,0.31841612,55.6748
Nsanji - Buloba Road,32.44120399,0.31846146,9.8337
Nsanji - Buloba Road,32.4410588,0.31850499,19.2556
Nsanji - Buloba Road,32.44121582,0.31857232,50.8238
Nsanji - Buloba Road,32.44094439,0.31866696,147.8897
Nsanji - Buloba Road,32.44121065,0.31867963,55.5674
Nsanji - Buloba Road,32.44120242,0.31873122,69.8777
Nsanji - Buloba Road,32.44100557,0.31877201,13.4717
Nsanji - Buloba Road,32.44090739,0.31881389,121.8025
Nsanji - Buloba Road,32.44114183,0.31886825,9.345
Nsanji - Buloba Road,32.44086213,0.31889701,154.2164
Nsanji - Buloba Road,32.44095523,0.31903165,9.5873
Nsanji - Buloba Road,32.44088936,0.31903675,60.8388
Nsanji - Buloba Road,32.44080609,0.31906676,134.6711
Nsanji - Buloba Road,32.44114628,0.31907061,75.7189
Nsanji - Buloba Road,32.44111819,0.3191132,20.0069
Nsanji - Buloba Road,32.44084318,0.31913922,100.2249
Nsanji - Buloba Road,32.4409465,0.3191569,11.7668
Nsanji - Buloba Road,32.44083461,0.31922246,95.9839
Nsanji - Buloba Road,32.44076722,0.31930296,246.9305
Nsanji - Buloba Road,32.44110867,0.31947414,120.1262
Nsanji - Buloba Road,32.44079842,0.31952221,150.8977
Nsanji - Buloba Road,32.44107177,0.31955609,51.5805
Nsanji - Buloba Road,32.44076079,0.31962355,72.4136
Nsanji - Buloba Road,32.44101773,0.31963185,8.3218
Nsanji - Buloba Road,32.44077299,0.31972769,6.8157
Nsanji - Buloba Road,32.44100216,0.31974261,16.7267
Nsanji - Buloba Road,32.44102263,0.3198445,45.6874
Nsanji - Buloba Road,32.44098001,0.31994298,140.1057
Nsanji - Buloba Road,32.44092751,0.32005082,61.6372
Nsanji - Buloba Road,32.4406884,0.32007057,74.4489
Nsanji - Buloba Road,32.44075675,0.32008084,5.7175
Nsanji - Buloba Road,32.4408853,0.32013316,12.1481
Nsanji - Buloba Road,32.44074015,0.32015559,41.5695
Nsanji - Buloba Road,32.44068224,0.3201938,92.4708
Nsanji - Buloba Road,32.44064122,0.3202837,78.7214
Nsanji - Buloba Road,32.44091576,0.32030857,263.3833
Nsanji - Buloba Road,32.44070346,0.32036735,52.0644
Old Jinja Road,32.69725796,0.34841195,107.7542
Old Jinja Road,32.69708629,0.34847496,15.2432
Old Jinja Road,32.69732219,0.34869763,25.4725
Old Jinja Road,32.69829503,0.3488057,6.9591
Old Jinja Road,32.69543836,0.34887042,70.2714
Old Jinja Road,32.6984441,0.34893884,23.9757
Old Jinja Road,32.69503733,0.34897467,15.3256
Old Jinja Road,32.69842628,0.3489788,12.0998
Old Jinja Road,32.69505572,0.34898205,5.6815
Old Jinja Road,32.69824658,0.34901594,25.4663
Old Jinja Road,32.69484837,0.3490165,28.7543
Old Jinja Road,32.69833313,0.34906649,29.3341
Old Jinja Road,32.69447095,0.34912664,29.2894
Old Jinja Road,32.69325356,0.34922716,1293.991
Old Jinja Road,32.69303873,0.3493763,484.9083
Old Jinja Road,32.69404365,0.34943138,32.4726
Old Jinja Road,32.67571408,0.34958439,47.9267
Old Jinja Road,32.67564016,0.34960776,66.8867
Old Jinja Road,32.67586419,0.3496194,58.9482
Old Jinja Road,32.67594496,0.34962352,59.212
Old Jinja Road,32.67554698,0.34962988,16.0164
Old Jinja Road,32.67569957,0.34964612,50.1108
Old Jinja Road,32.6753308,0.34964614,94.9935
Old Jinja Road,32.67693495,0.34964753,36.7811
Old Jinja Road,32.67551805,0.34964751,27.2239
Old Jinja Road,32.67560514,0.34964846,20.6833
Old Jinja Road,32.67601307,0.34965081,15.0689
Old Jinja Road,32.67611177,0.34966003,6.7379
Old Jinja Road,32.67615192,0.34966603,16.3828
Old Jinja Road,32.6754216,0.34966958,105.1001
Old Jinja Road,32.67548446,0.34967207,10.6917
Old Jinja Road,32.67524384,0.34967472,57.6717
Old Jinja Road,32.67465657,0.34967716,53.6068
Old Jinja Road,32.67704059,0.34967813,38.035
Old Jinja Road,32.67709338,0.34968542,36.8844
Old Jinja Road,32.6745166,0.34969396,80.954
Old Jinja Road,32.67397112,0.34967973,137.2692
Old Jinja Road,32.69206368,0.34986818,23.4907
Old Jinja Road,32.6754831,0.3496999,13.7978
Old Jinja Road,32.67389333,0.34970461,61.5971
Old Jinja Road,32.67459429,0.34970914,60.6045
Old Jinja Road,32.67430494,0.34971995,47.5881
Old Jinja Road,32.67425231,0.34972017,28.8524
Old Jinja Road,32.67350819,0.34972652,139.7006
Old Jinja Road,32.67482825,0.34972952,9.8122
Old Jinja Road,32.67502635,0.34973176,8.4695
Old Jinja Road,32.67438512,0.34973249,8.7529
Old Jinja Road,32.67286431,0.34973533,123.5027
Old Jinja Road,32.6748362,0.34974356,7.2738
Old Jinja Road,32.67311306,0.34974719,162.6826
Old Jinja Road,32.67322457,0.34974763,101.9229
Old Jinja Road,32.67336498,0.34975242,138.3207
Old Jinja Road,32.67411185,0.3497589,25.503
Old Jinja Road,32.67400096,0.34976537,51.0107
Old Jinja Road,32.67298635,0.34977446,91.1056
Old Jinja Road,32.67611897,0.34977997,9.9706
Old Jinja Road,32.67237812,0.34978157,38.5849
Old Jinja Road,32.67266851,0.34978338,173.2952
Old Jinja Road,32.67647723,0.34980542,65.1512
Old Jinja Road,32.67566216,0.34980553,20.7735
Old Jinja Road,32.67163933,0.34979374,95.6545
Old Jinja Road,32.6727982,0.34980724,56.8612
Old Jinja Road,32.67602906,0.34980799,55.338
Old Jinja Road,32.67656479,0.34980915,115.6638
Old Jinja Road,32.6758509,0.34981113,80.2943
Old Jinja Road,32.67562425,0.34981509,18.224
Old Jinja Road,32.6761155,0.34981629,32.9571
Old Jinja Road,32.6759339,0.34981339,35.8096
Old Jinja Road,32.67663862,0.34982133,73.8152
Old Jinja Road,32.67558923,0.34982449,11.1933
Old Jinja Road,32.67577149,0.34982571,13.336
Old Jinja Road,32.67183907,0.34984279,180.0125
Old Jinja Road,32.6721484,0.34984738,124.5517
Old Jinja Road,32.67171443,0.34985216,71.5596
Old Jinja Road,32.67546485,0.34985898,12.5835
Old Jinja Road,32.67513389,0.34986275,7.2003
Old Jinja Road,32.67563417,0.3498654,25.3277
Old Jinja Road,32.67704055,0.34986911,20.4399
Old Jinja Road,32.67516466,0.34987399,19.8571
Old Jinja Road,32.67552535,0.34987505,41.7455
Old Jinja Road,32.67508795,0.34987805,22.3146
Old Jinja Road,32.67476371,0.34988475,23.5937
Old Jinja Road,32.67528177,0.34988675,96.5632
Old Jinja Road,32.67541931,0.34990049,133.7775
Old Jinja Road,32.67486885,0.34989266,22.7488
Old Jinja Road,32.67480938,0.3498933,28.2265
Old Jinja Road,32.6755951,0.34989333,45.1954
Old Jinja Road,32.67490899,0.34989373,15.3609
Old Jinja Road,32.67449189,0.34989413,15.7481
Old Jinja Road,32.67495777,0.34989503,30.9674
Old Jinja Road,32.67521782,0.34989698,14.3944
Old Jinja Road,32.67503216,0.3498979,14.9013
Old Jinja Road,32.67569574,0.34989271,83.3558
Old Jinja Road,32.67462203,0.34990649,14.1862
Old Jinja Road,32.67436221,0.34990575,44.7013
Old Jinja Road,32.67419421,0.34992308,46.2152
Old Jinja Road,32.67393931,0.34992495,22.3132
Old Jinja Road,32.67430371,0.34992503,41.544
Old Jinja Road,32.67445792,0.34992551,53.235
Old Jinja Road,32.67404662,0.34992894,26.1328
Old Jinja Road,32.67378376,0.34993301,20.1404
Old Jinja Road,32.67480442,0.34993554,12.1825
Old Jinja Road,32.67865791,0.34993601,42.1638
Old Jinja Road,32.67400492,0.34993975,49.9177
Old Jinja Road,32.67387272,0.34993988,18.0626
Old Jinja Road,32.67450262,0.34994002,12.5166
Old Jinja Road,32.67426102,0.34994029,34.0177
Old Jinja Road,32.67344206,0.34994056,12.53
Old Jinja Road,32.67407645,0.34994172,36.9219
Old Jinja Road,32.67329972,0.34994605,13.4179
Old Jinja Road,32.67339261,0.3499466,6.2829
Old Jinja Road,32.67319879,0.34994974,34.5556
Old Jinja Road,32.67412731,0.34995009,57.0257
Old Jinja Road,32.67339223,0.34996018,6.0818
Old Jinja Road,32.67301847,0.34996968,24.1529
Old Jinja Road,32.67495507,0.34996718,68.0629
Old Jinja Road,32.67441229,0.34997247,57.1261
Old Jinja Road,32.67291779,0.34997423,27.6737
Old Jinja Road,32.67884629,0.34997468,21.8511
Old Jinja Road,32.67430067,0.34997569,13.203
Old Jinja Road,32.67297851,0.34997953,11.5815
Old Jinja Road,32.67754416,0.34998206,38.4539
Old Jinja Road,32.67488382,0.34998409,121.4772
Old Jinja Road,32.67282205,0.34999349,12.1005
Old Jinja Road,32.67285348,0.34999393,11.9498
Old Jinja Road,32.69260946,0.34988859,111.6256
Old Jinja Road,32.6924995,0.34992711,56.141
Old Jinja Road,32.66272994,0.34979914,100.5643
Old Jinja Road,32.67087259,0.34988747,303.1796
Old Jinja Road,32.67123375,0.3499033,171.1344
Old Jinja Road,32.66257619,0.34993566,37.0342
Old Jinja Road,32.67053281,0.34995242,157.5368
Old Jinja Road,32.66382103,0.34998624,1299.2054
Old Jinja Road,32.66324421,0.35002291,294.3149
Old Jinja Road,32.66931792,0.3500462,178.8475
Old Jinja Road,32.66913065,0.35004944,109.1397
Old Jinja Road,32.66958932,0.35005549,59.5554
Old Jinja Road,32.66883564,0.3500877,150.9723
Old Jinja Road,32.66895468,0.35009979,75.3689
Old Jinja Road,32.66907705,0.35011618,95.6983
Old Jinja Road,32.66346327,0.35015901,69.8248
Old Jinja Road,32.6687219,0.3501264,191.4446
Old Jinja Road,32.67110273,0.35013292,26.5589
Old Jinja Road,32.67132881,0.35013402,65.778
Old Jinja Road,32.66862677,0.35013428,211.0548
Old Jinja Road,32.67081228,0.35013962,7.1693
Old Jinja Road,32.67125996,0.35014296,81.6838
Old Jinja Road,32.66566363,0.3501596,401.2015
Old Jinja Road,32.6708162,0.35016376,23.2115
Old Jinja Road,32.67077352,0.35016658,25.8994
Old Jinja Road,32.66891133,0.35017387,34.2189
Old Jinja Road,32.67043192,0.35017579,8.8246
Old Jinja Road,32.67120016,0.35017685,6.2846
Old Jinja Road,32.67067574,0.35017906,30.7126
Old Jinja Road,32.67072509,0.35018167,29.3462
Old Jinja Road,32.67097597,0.35018099,59.6574
Old Jinja Road,32.67103568,0.35018785,55.0393
Old Jinja Road,32.6680604,0.35019139,42.258
Old Jinja Road,32.66796289,0.3501946,113.8622
Old Jinja Road,32.67063077,0.35019695,36.2435
Old Jinja Road,32.67048807,0.35020789,39.382
Old Jinja Road,32.67080347,0.35020989,41.8134
Old Jinja Road,32.66338819,0.35017116,14.4854
Old Jinja Road,32.66427608,0.35017996,70.8437
Old Jinja Road,32.66437746,0.35019155,48.94
Old Jinja Road,32.66419648,0.35020295,112.1259
Old Jinja Road,32.66369904,0.35021358,30.6722
Old Jinja Road,32.67056698,0.35021085,45.6084
Old Jinja Road,32.66606246,0.35021967,320.5124
Old Jinja Road,32.67072076,0.35023484,37.8559
Old Jinja Road,32.66771888,0.35023796,28.9694
Old Jinja Road,32.66666319,0.35024206,83.346
Old Jinja Road,32.67087458,0.35024628,62.9703
Old Jinja Road,32.6665924,0.35024744,66.1616
Old Jinja Road,32.67044527,0.35025635,61.1142
Old Jinja Road,32.66688202,0.35027136,65.4114
Old Jinja Road,32.66674412,0.35027853,189.5904
Old Jinja Road,32.6671805,0.35027886,19.6513
Old Jinja Road,32.66713107,0.35027885,11.6612
Old Jinja Road,32.66547123,0.35031281,112.3518
Old Jinja Road,32.66890371,0.35033091,2.9416
Old Jinja Road,32.668936,0.35033094,8.1321
Old Jinja Road,32.66627046,0.35033652,36.0771
Old Jinja Road,32.66917359,0.35033764,43.7252
Old Jinja Road,32.66860628,0.35034262,9.5654
Old Jinja Road,32.66592335,0.3503436,13.1903
Old Jinja Road,32.66894257,0.3503437,6.0544
Old Jinja Road,32.66911725,0.35034451,47.9883
Old Jinja Road,32.66905915,0.35035333,60.4522
Old Jinja Road,32.66878836,0.35036613,11.6131
Old Jinja Road,32.66862337,0.3503825,26.1489
Old Jinja Road,32.66452702,0.35025327,54.6521
Old Jinja Road,32.66311997,0.35041398,291.4188
Old Jinja Road,32.66327094,0.35042281,55.9061
Old Jinja Road,32.66401559,0.35044887,19.7416
Old Jinja Road,32.66350444,0.35045013,61.8051
Old Jinja Road,32.66898019,0.35038876,51.1677
Old Jinja Road,32.66890219,0.35038869,111.5468
Old Jinja Road,32.66829361,0.35041181,17.1313
Old Jinja Road,32.66857348,0.35043764,79.3116
Old Jinja Road,32.66848231,0.3504339,145.6457
Old Jinja Road,32.66838837,0.35043889,127.8936
Old Jinja Road,32.66832831,0.35046589,93.1327
Old Jinja Road,32.66634874,0.35047991,12.0731
Old Jinja Road,32.66355921,0.35045896,38.3748
Old Jinja Road,32.6636433,0.35046804,37.3103
Old Jinja Road,32.66371593,0.35047838,65.2138
Old Jinja Road,32.66625669,0.35049413,5.8793
Old Jinja Road,32.6664097,0.35049473,7.7342
Old Jinja Road,32.66621683,0.35050505,14.4517
Old Jinja Road,32.66548244,0.35051276,53.3693
Old Jinja Road,32.66533293,0.35051121,91.4473
Old Jinja Road,32.66558759,0.35052784,29.1256
Old Jinja Road,32.66641122,0.35052939,14.0749
Old Jinja Road,32.66607839,0.35053083,40.8879
Old Jinja Road,32.66602473,0.35054579,66.8729
Old Jinja Road,32.66525551,0.35054314,114.5258
Old Jinja Road,32.6654376,0.35056984,67.9765
Old Jinja Road,32.67274999,0.35000817,34.9399
Old Jinja Road,32.67224441,0.35003642,14.1868
Old Jinja Road,32.67204429,0.35005408,14.7289
Old Jinja Road,32.67197859,0.35007043,52.3381
Old Jinja Road,32.67191476,0.35007772,41.7672
Old Jinja Road,32.6720642,0.35008772,46.9048
Old Jinja Road,32.67184082,0.35009559,65.2653
Old Jinja Road,32.67163694,0.35012612,51.2666
Old Jinja Road,32.68036112,0.35086775,228.2882
Old Jinja Road,32.68988742,0.35093034,23.1998
Old Jinja Road,32.68909732,0.35099653,21.9294
Old Jinja Road,32.68906544,0.35101189,11.9277
Old Jinja Road,32.6896964,0.35102399,26.0121
Old Jinja Road,32.68148141,0.35144538,64.4755
Old Jinja Road,32.68164162,0.35147058,14.5935
Old Jinja Road,32.68159171,0.3514877,48.2233
Old Jinja Road,32.68169435,0.35151095,48.9944
Old Jinja Road,32.6817555,0.35153746,12.251
Old Jinja Road,32.68183008,0.35159366,25.7703
Old Jinja Road,32.68751937,0.35182076,5.5689
Old Jinja Road,32.68248348,0.35194418,72.1291
Old Jinja Road,32.68702552,0.35197831,14.6244
Old Jinja Road,32.6868307,0.35202868,7.6566
Old Jinja Road,32.6867873,0.35203881,7.3396
Old Jinja Road,32.68297062,0.35204117,8.372
Old Jinja Road,32.6866774,0.35207662,15.5562
Old Jinja Road,32.68308656,0.35208359,24.2115
Old Jinja Road,32.68660249,0.35209441,44.5922
Old Jinja Road,32.68652799,0.35211007,16.0008
Old Jinja Road,32.68634078,0.3521296,14.3881
Old Jinja Road,32.68590831,0.3521975,15.9489
Old Jinja Road,32.68598169,0.35220167,33.7936
Old Jinja Road,32.6859313,0.35220396,10.3502
Old Jinja Road,32.68358197,0.35220891,91.7035
Old Jinja Road,32.66200668,0.3481294,64.3222
Old Jinja Road,32.66217746,0.34838137,145.7352
Old Jinja Road,32.66206069,0.34882218,56.7024
Old Jinja Road,32.66231427,0.34887381,14.7653
Old Jinja Road,32.66230719,0.34890122,24.7225
Old Jinja Road,32.66209954,0.3489187,8.7268
Old Jinja Road,32.66211618,0.34896717,8.2298
Old Jinja Road,32.66213641,0.34903624,49.9576
Old Jinja Road,32.66237354,0.34911153,19.2824
Old Jinja Road,32.6621574,0.34914748,27.9243
Old Jinja Road,32.66243642,0.34918887,84.7681
Old Jinja Road,32.66244183,0.34929301,38.1962
Old Jinja Road,32.6625593,0.34940445,49.6967
Old Jinja Road,32.66267019,0.34960587,142.2266
Old Jinja Road,32.66250367,0.34961671,21.0435
Old Jinja Road,32.66268647,0.34970719,73.4626
