row,col,pop,built_m2,lon,lat,node,access_min,trips_out,mean_trip_min
0,0,859.9531685709953,15333.673,32.35499915058001,0.5450003338199968,1059,20.07790718099717,859.9531685709953,92.67553014501988
0,1,1308.2041724324226,37260.168,32.36499915054001,0.5450003338199968,1059,19.03706968336011,1308.2041724324226,91.63469264738282
0,2,1612.647348344326,31693.068,32.3749991505,0.5450003338199968,1945,15.066991308052668,1612.647348344326,90.56949671740668
0,3,898.6644938588142,17180.824,32.384999150460004,0.5450003338199968,1945,10.192654641670387,898.6644938588142,85.69516005102439
0,4,929.4156445860863,11359.859,32.394999150420006,0.5450003338199968,1945,6.53645186960333,929.4156445860862,82.03895727895734
0,5,1134.9678577184677,16432.904,32.40499915038001,0.5450003338199968,1945,6.596909145550899,1134.9678577184677,82.0994145549049
0,6,1921.7444146871567,32433.297,32.41499915034001,0.5450003338199968,1944,9.246931292410725,1921.744414687157,84.87494921214225
0,7,1338.5967726707458,16662.838,32.4249991503,0.5450003338199968,1944,5.127011311967573,1338.596772670746,80.75502923169908
0,8,1305.1019529104233,17079.11,32.434999150260005,0.5450003338199968,1944,5.387556449005276,1305.1019529104235,81.01557436873678
0,9,2064.8777080774307,40723.684,32.444999150220006,0.5450003338199968,1944,9.68113096808165,2064.8777080774307,85.30914888781317
0,10,1364.1043398976326,31002.416,32.45499915018001,0.5450003338199968,1946,11.783495061083682,1364.1043398976328,79.34341672083274
0,11,1485.2968693375587,31941.805,32.46499915014,0.5450003338199968,2608,12.169815939988988,1485.2968693375587,21.992956364407544
0,12,1236.613851070404,26205.46,32.474999150100004,0.5450003338199968,2608,6.636654855779675,1236.6138510704045,16.45979528019823
0,13,1013.5231958627701,18067.219,32.484999150060005,0.5450003338199968,2608,1.3946211557287276,1013.5231958627701,11.60243276297782
0,14,1782.293431520462,42095.586,32.49499915002001,0.5450003338199968,2605,2.9904056724336603,1782.293431520462,12.672800281051687
0,15,1913.6649321317673,62798.906,32.50499914998001,0.5450003338199968,2605,7.926878644686788,1913.6649321317673,16.990223565506863
0,16,2008.7291102409363,44704.34,32.51499914994,0.5450003338199968,2605,13.367396786255567,2008.7291102409363,22.43074170707564
0,17,1975.4085509181023,42596.48,32.524999149900005,0.5450003338199968,1776,14.52518696801167,1975.4085509181027,86.6921523939945
0,18,2001.516652226448,38366.24,32.534999149860006,0.5450003338199968,1776,14.391085813052543,2001.516652226448,86.5580512390354
0,19,1615.4842495918274,33983.844,32.54499914982001,0.5450003338199968,1776,16.284491337875718,1615.4842495918276,88.45145676385856
0,20,1495.1476942300797,35080.51,32.55499914978,0.5450003338199968,1776,19.627149008954035,1495.1476942300794,91.79411443493689
0,21,1544.3367601037025,36802.87,32.564999149740004,0.5450003338199968,1776,23.816471425002742,1544.3367601037025,95.9834368509856
0,30,2069.4597326517105,60861.156,32.654999149380004,0.5450003338199968,988,20.270953244635628,2069.45973265171,91.13915404544208
0,31,1826.5993830561638,56043.684,32.664999149340005,0.5450003338199968,988,15.002626534588234,1826.5993830561638,85.87082733539467
0,32,450.8437189459801,11619.709,32.67499914930001,0.5450003338199968,988,10.060073223309487,450.8437189459801,80.92827402411591
0,33,481.20695823431015,15809.778,32.68499914926001,0.5450003338199968,988,6.268202007919049,481.20695823431015,77.13640280872549
0,34,899.2791494429111,39819.34,32.69499914922,0.5450003338199968,2239,6.192670983777346,899.2791494429113,77.1331985615039
0,35,365.712706387043,13282.231,32.704999149180004,0.5450003338199968,989,7.283009727012726,365.712706387043,91.41120900516587
0,36,331.63087725639343,11620.564,32.714999149140006,0.5450003338199968,1956,7.227364523222338,331.63087725639343,89.37204367216208
0,37,537.9628209471703,21580.316,32.72499914910001,0.5450003338199968,1956,10.631260960805262,537.9628209471703,92.77594010974501
0,38,732.4594718515873,27352.559,32.73499914906001,0.5450003338199968,1957,14.317952624743299,732.4594718515872,76.30831159524148
0,39,594.9554229974747,25024.172,32.74499914902,0.5450003338199968,1955,10.127715905690033,594.9554229974747,72.09652934445911
0,40,740.6290678679943,33347.9,32.754999148980005,0.5450003338199968,1955,7.821951925096421,740.6290678679943,69.79076536386548
0,41,310.71931263804436,11405.162,32.76499914894001,0.5450003338199968,1955,9.041805527793949,310.71931263804436,71.01061896656302
0,42,798.4298362135887,37102.89,32.77499914890001,0.5450003338199968,200,7.289005647774072,798.4298362135887,68.59192809674764
0,43,2196.717412352562,150825.42,32.78499914886,0.5450003338199968,200,2.808568038767386,2196.717412352562,67.62821677796673
0,44,1854.2125706374645,130434.09,32.794999148820004,0.5450003338199968,201,2.622178422293076,1854.2125706374643,65.7069661761702
0,45,1018.0225435197353,55206.008,32.804999148780006,0.5450003338199968,201,7.651023901036995,1018.0225435197353,69.27418982332766
0,46,348.75354143977165,15161.864,32.81499914874001,0.5450003338199968,201,13.12095753449337,348.75354143977165,74.74412345678405
0,47,254.50676837563515,15478.13,32.82499914870001,0.5450003338199968,1549,15.685834750964343,0.0,0.0
0,48,315.5252226293087,12563.372,32.83499914866,0.5450003338199968,1549,10.244065435844929,315.5252226293088,84.48166699672639
0,49,555.7655406594276,26805.506,32.844999148620005,0.5450003338199968,1549,5.078912708913652,555.7655406594275,79.31651426979512
0,50,791.5914893746376,47979.805,32.854999148580006,0.5450003338199968,1549,2.934083295932645,791.5914893746375,78.66285020305581
0,51,464.9401675760746,21677.758,32.86499914854001,0.5450003338199968,1549,7.306254040338826,464.94016757607454,81.54385560122033
0,52,260.8076696693897,10927.348,32.8749991485,0.5450003338199968,1549,12.653571205319563,0.0,0.0
0,53,246.40564420819283,13711.325,32.884999148460004,0.5450003338199968,1549,18.132936696134124,0.0,0.0
1,0,1348.9648525118828,28986.875,32.35499915058001,0.5350003338599968,1059,14.913271819960062,1348.9648525118828,87.51089478398278
1,1,1120.8661531805992,18651.025,32.36499915054001,0.5350003338599968,1059,13.47936726023836,1120.8661531805992,86.07699022426105
1,2,1937.0753495693207,43418.77,32.3749991505,0.5350003338599968,1945,13.848736186000941,1937.075349569321,89.35124159535494
1,3,1540.0504053235054,25525.92,32.384999150460004,0.5350003338599968,1945,8.286342710561891,1540.0504053235054,83.78884811991588
1,4,2279.7090100049973,57143.77,32.394999150420006,0.5350003338599968,1945,2.738333419464866,2279.7090100049973,79.9953725547197
1,5,1645.7151182293892,24815.61,32.40499915038001,0.5350003338599968,1945,2.879666152034012,1645.7151182293892,80.13670528728885
1,6,2000.8656257987022,55367.562,32.41499915034001,0.5350003338599968,1945,8.428849103524481,2000.8656257987022,83.93135451287849
1,7,1385.391249537468,27160.236,32.4249991503,0.5350003338599968,1944,10.337508506905444,1385.3912495374677,85.96552642663697
1,8,1938.6914849877357,45961.703,32.434999150260005,0.5350003338599968,1944,10.469173875168817,1938.691484987736,86.09719179490034
1,9,1531.817173063755,30605.803,32.444999150220006,0.5350003338599968,1946,8.028898907442715,1531.8171730637553,75.58882056719177
1,10,2595.430266857147,55116.258,32.45499915018001,0.5350003338599968,1946,6.226038039149975,2595.4302668571468,73.78595969889903
1,11,1302.731766819954,22718.863,32.46499915014,0.5350003338599968,1946,8.661575751310286,1302.731766819954,76.22149741105935
1,12,1469.3732370138168,27299.562,32.474999150100004,0.5350003338599968,2608,8.012037358884688,1469.373237013817,17.83517778330324
1,13,1668.1349601745605,53535.797,32.484999150060005,0.5350003338599968,2611,3.6580952519180103,1668.1349601745605,13.048023861154658
1,14,1413.6992745399475,40254.418,32.49499915002001,0.5350003338599968,2605,3.9717406883638677,1413.6992745399475,13.03508560918394
1,15,1147.2708640098572,23818.096,32.50499914998001,0.5350003338599968,2605,8.346712110614162,1147.2708640098572,17.410057031434235
1,16,1422.705286204815,34442.855,32.51499914994,0.5350003338599968,2605,13.620554131571792,1422.705286204815,22.683899052391865
1,17,2239.8637305498123,41849.414,32.524999149900005,0.5350003338599968,1775,13.571961009964117,2239.8637305498123,69.83426075431308
1,18,3105.405674934387,78094.97,32.534999149860006,0.5350003338599968,1775,14.54191238984857,3105.4056749343877,70.8042121341975
1,19,1612.1618540883064,34376.18,32.54499914982001,0.5350003338599968,1775,17.34056859171046,1612.1618540883064,73.60286833605942
1,20,1184.8906703591347,22457.307,32.55499914978,0.5350003338599968,1775,21.25752655049985,1184.8906703591347,77.51982629484881
1,30,846.2315557003021,13888.262,32.654999149380004,0.5350003338599968,988,19.47682444299567,846.2315557003021,90.34502524380213
1,31,2542.9792887568474,164013.62,32.664999149340005,0.5350003338599968,988,13.910929080165737,2542.9792887568474,84.77912988097218
1,32,413.92446929216385,7286.0376,32.67499914930001,0.5350003338599968,988,8.345071491330577,413.92446929216396,79.21327229213699
1,33,629.1100181043148,21435.86,32.68499914926001,0.5350003338599968,988,2.779478611025854,629.1100181043148,74.17157039577408
1,34,904.5302091240883,29456.996,32.69499914922,0.5350003338599968,2239,2.676243485200055,904.5302091240882,74.14326009915389
1,35,372.8445094823837,16736.348,32.704999149180004,0.5350003338599968,2239,8.24212373414869,372.8445094823837,79.18265131187526
1,36,127.73989850282669,2795.944,32.714999149140006,0.5350003338599968,1956,12.567573344743492,0.0,0.0
1,37,417.45963448286057,16793.617,32.72499914910001,0.5350003338599968,1956,14.789618366973377,417.4596344828605,96.93429751591312
1,38,843.5027382969856,38532.918,32.73499914906001,0.5350003338599968,1957,12.180960733772853,843.5027382969856,74.17131970427103
1,39,523.441966086626,17983.453,32.74499914902,0.5350003338599968,1957,6.797522730136031,523.441966086626,68.78788170063422
1,40,1131.0937900543213,60503.86,32.754999148980005,0.5350003338599968,1955,2.3903209536811207,1131.0937900543213,65.17888174216466
1,41,348.97908878326416,10810.244,32.76499914894001,0.5350003338599968,1955,5.126884974868522,348.9790887832642,67.09569841363759
1,42,736.8033388853073,24495.07,32.77499914890001,0.5350003338599968,1958,5.179081379373722,736.8033388853075,68.22087440091055
1,43,2501.617959499359,170671.42,32.78499914886,0.5350003338599968,1559,0.35599360359585924,2501.617959499359,64.9679836076911
1,44,2149.816653072834,155705.28,32.794999148820004,0.5350003338599968,201,4.154319014185113,2149.816653072834,65.77748493647577
1,45,732.1094697266817,24333.52,32.804999148780006,0.5350003338599968,201,8.301850006325093,732.1094697266818,69.92501592861575
1,46,441.12883445620537,20261.408,32.81499914874001,0.5350003338599968,201,13.510813203329358,441.12883445620537,75.13397912562004
1,47,496.37348982691765,25726.791,32.82499914870001,0.5350003338599968,1549,15.729554066758443,496.3734898269176,89.9671556276399
1,48,417.9792470932007,22817.162,32.83499914866,0.5350003338599968,1549,10.310884344147656,417.9792470932007,84.54848590502911
1,49,450.38366612792015,23367.633,32.844999148620005,0.5350003338599968,1549,5.212371207932251,450.38366612792015,79.44997276881372
1,50,539.6437813341618,31780.254,32.854999148580006,0.5350003338599968,1549,3.1594784525278024,539.6437813341618,77.39708001340928
1,51,334.5945642590523,21211.91,32.86499914854001,0.5350003338599968,1549,7.399649140769033,334.5945642590522,81.63725070165052
1,52,431.64371940493584,22312.852,32.8749991485,0.5350003338599968,1549,12.707726923120788,431.64371940493584,86.94532848400225
1,53,73.07527323067188,1923.2268,32.884999148460004,0.5350003338599968,1549,18.17076917828533,0.0,0.0
1,54,144.84035816788673,7284.3286,32.894999148420005,0.5350003338599968,1549,23.6817734627363,0.0,0.0
2,0,1535.6084347367287,28120.994,32.35499915058001,0.5250003338999968,1059,10.18085003757576,1535.6084347367282,82.77847300159848
2,1,1533.9351533055305,39446.664,32.36499915054001,0.5250003338999968,1059,7.933307812506541,1533.9351533055305,80.53093077652923
2,2,1739.2029123306274,32290.55,32.3749991505,0.5250003338999968,1059,9.175186703280067,1739.2029123306272,81.77280966730277
2,3,1175.0537813603878,15402.908,32.384999150460004,0.5250003338999968,1945,9.76716201840196,1175.0537813603878,85.26966742775596
2,4,1211.7850427627563,23122.312,32.394999150420006,0.5250003338999968,1945,5.85085021966806,1211.7850427627563,81.35335562902206
2,5,810.8727038502693,13195.045,32.40499915038001,0.5250003338999968,1945,5.918315260612772,810.8727038502693,81.42082066996679
2,6,1157.8755256533623,29542.473,32.41499915034001,0.5250003338999968,1945,9.888350498784774,1157.8755256533623,85.39085590813878
2,7,645.83025431633,5547.441,32.4249991503,0.5250003338999968,1945,14.91614925110483,645.83025431633,90.41865466045884
2,8,1252.5263761878014,28210.746,32.434999150260005,0.5250003338999968,1946,10.676863013701018,1252.5263761878014,78.23678467345007
2,9,573.9021124839783,6374.001,32.444999150220006,0.5250003338999968,1946,5.13193170069596,573.9021124839783,73.207955192778
2,10,2310.4015003442764,50798.83,32.45499915018001,0.5250003338999968,1946,0.7981572399068833,2310.4015003442764,69.62297321408916
2,11,1854.190096616745,40105.688,32.46499915014,0.5250003338999968,1946,6.074240677678128,1854.1900966167448,73.63416233742717
2,12,654.5095081925392,4437.098,32.474999150100004,0.5250003338999968,2611,11.47459803660299,654.5095081925392,20.864526645839636
2,13,1723.1091517806053,41284.414,32.484999150060005,0.5250003338999968,2611,8.861438058469933,1723.1091517806053,18.251366667706577
2,14,1205.3576848506927,16888.496,32.49499915002001,0.5250003338999968,2605,9.196066202991423,1205.3576848506927,18.259411123811493
2,15,1997.444098353386,44994.105,32.50499914998001,0.5250003338999968,2605,11.766924516273113,1997.444098353386,20.830269437093186
2,16,1965.6209034323692,40733.09,32.51499914994,0.5250003338999968,1775,9.941373363600963,1965.6209034323692,66.20367310794991
2,17,2738.315873980522,48158.453,32.524999149900005,0.5250003338999968,1775,8.008806516627944,2738.315873980522,64.27110626097691
2,18,2041.8528758883476,37534.547,32.534999149860006,0.5250003338999968,1775,9.560861473676274,2041.8528758883476,65.82316121802523
2,19,1305.556450009346,19624.605,32.54499914982001,0.5250003338999968,1775,13.440170209063993,1305.556450009346,69.70246995341294
2,20,1104.2128044962883,15331.109,32.55499914978,0.5250003338999968,1658,17.91256903090148,1104.2128044962885,76.53718247970684
2,21,2129.8134061694145,42369.11,32.564999149740004,0.5250003338999968,1658,21.14333434729918,2129.8134061694145,79.76794779610454
2,29,1458.680351614952,42045.156,32.64499914942001,0.5250003338999968,987,23.207095982760972,1458.6803516149523,86.75691234084529
2,30,1629.5334159135818,32518.773,32.654999149380004,0.5250003338999968,987,18.030780287029756,1629.5334159135818,81.58059664511408
2,31,1330.7080829441547,47844.754,32.664999149340005,0.5250003338999968,987,13.1760306768267,1330.7080829441552,76.72584703491103
2,32,259.4884553849697,9717.852,32.67499914930001,0.5250003338999968,987,9.168726403709606,0.0,0.0
2,33,554.5968904495239,20726.402,32.68499914926001,0.5250003338999968,988,6.174249573068325,554.5968904495239,77.04245037387477
2,34,426.86813244223595,10409.357,32.69499914922,0.5250003338999968,2239,6.15922852110132,426.868132442236,77.09975609882788
2,35,476.87503269314766,18127.053,32.704999149180004,0.5250003338999968,2239,9.935110489173704,476.8750326931476,80.87563806690027
2,36,572.560220271349,27539.75,32.714999149140006,0.5250003338999968,991,11.628803745802191,572.560220271349,83.36742966264035
2,37,300.98352777957916,17611.629,32.72499914910001,0.5250003338999968,991,12.94665889825978,300.9835277795792,84.68528481509794
2,38,463.05340787768364,18423.656,32.73499914906001,0.5250003338999968,1957,12.397925348031132,463.05340787768364,74.3882843185293
2,39,862.4913258254528,39562.91,32.74499914902,0.5250003338999968,1957,7.179071235497863,862.4913258254528,69.16943020599604
2,40,903.4381935298443,34103.516,32.754999148980005,0.5250003338999968,1954,3.3506559807350356,903.4381935298443,65.8105577460883
2,41,750.5407118797302,32110.193,32.76499914894001,0.5250003338999968,1954,5.616420464274055,750.5407118797302,67.5486328289227
2,42,850.8833272755146,37819.188,32.77499914890001,0.5250003338999968,1559,7.857665055434955,850.8833272755145,68.89246199638411
2,43,1098.252671688795,62896.35,32.78499914886,0.5250003338999968,1559,5.807938769989505,1098.252671688795,66.84273571093867
2,44,491.3939106166363,14207.944,32.794999148820004,0.5250003338999968,1559,8.226810938646096,491.3939106166364,69.26160787959523
2,45,620.2997663617134,28132.96,32.804999148780006,0.5250003338999968,201,11.88545210857016,620.2997663617134,73.50861803086084
2,46,252.56424406170845,11932.554,32.81499914874001,0.5250003338999968,201,15.965128615606382,0.0,0.0
2,47,349.4040768444538,17512.477,32.82499914870001,0.5250003338999968,202,16.077103066806046,349.4040768444538,80.01578790766489
2,48,569.4364432692528,30209.191,32.83499914866,0.5250003338999968,1549,13.024918685627949,569.4364432692529,87.26252024650942
2,49,713.105162769556,33371.832,32.844999148620005,0.5250003338999968,1549,9.513305651460588,713.1051627695562,83.75090721234204
2,50,445.603876799345,19691.277,32.854999148580006,0.5250003338999968,1549,8.562504008805972,445.603876799345,82.80010556968745
2,51,116.58525469899178,2873.7283,32.86499914854001,0.5250003338999968,1549,10.866875273753479,0.0,0.0
2,52,464.21730649471283,30493.83,32.8749991485,0.5250003338999968,1549,14.994015284820797,464.2173064947127,89.23161684570228
2,53,138.39230328798294,5921.829,32.884999148460004,0.5250003338999968,1549,19.837112273195284,0.0,0.0
2,54,232.00250560045242,10686.303,32.894999148420005,0.5250003338999968,1549,24.983205661988055,0.0,0.0
3,0,1559.791125178337,26052.457,32.35499915058001,0.5150003339399968,1059,6.845031052048801,1559.7911251783369,79.44265401607151
3,1,3506.878970861435,117504.875,32.36499915054001,0.5150003339399968,1059,2.478329167782845,3506.878970861435,78.72584786589965
3,2,1521.5425043702126,23599.275,32.3749991505,0.5150003339399968,1059,5.233430390857723,1521.5425043702123,77.83105335488044
3,3,955.4179294109344,14443.006,32.384999150460004,0.5150003339399968,1059,10.516391238435062,955.4179294109344,83.11401420245775
3,4,1064.2498639822006,21285.418,32.394999150420006,0.5150003339399968,1945,11.087251155003925,1064.2498639822006,86.58975656435793
3,5,533.3664975166321,11385.503,32.40499915038001,0.5150003339399968,1945,11.123000737442574,533.3664975166321,86.62550614679658
3,6,1402.4227316975594,33723.14,32.41499915034001,0.5150003339399968,1945,13.655554381568079,1402.4227316975594,89.15805979092208
3,7,672.1171924471855,8904.113,32.4249991503,0.5150003339399968,1946,16.95427127000502,672.1171924471856,84.51419292975407
3,8,1073.1274616122246,27297.855,32.434999150260005,0.5150003339399968,1946,11.740086057279324,1073.1274616122246,79.30000771702838
3,9,1873.5323591828346,40152.7,32.444999150220006,0.5150003339399968,1946,7.0831447676576405,1873.5323591828344,74.64306642740671
3,10,2697.517659664154,84625.4,32.45499915018001,0.5150003339399968,1946,4.946844630529995,2697.517659664154,73.02286812261205
3,11,2300.537085175514,67321.484,32.46499915014,0.5150003339399968,1946,7.792985091051267,2300.5370851755147,75.3529067508003
3,12,1637.149115562439,26907.223,32.474999150100004,0.5150003339399968,1946,12.607496749625891,1637.149115562439,80.16741840937495
3,13,2029.545580148697,42219.527,32.484999150060005,0.5150003339399968,2611,14.33977752827456,2029.5455801486971,23.729706137511204
3,14,1546.0910106301308,33461.582,32.49499915002001,0.5150003339399968,2611,14.644006171628385,1546.0910106301308,24.033934780865028
3,15,1610.3881612420082,36196.84,32.50499914998001,0.5150003339399968,899,11.62469336601982,1610.3881612420082,67.07153039187378
3,16,2626.7957607507706,42789.66,32.51499914994,0.5150003339399968,1775,6.382356306539544,2626.7957607507706,62.644656050888486
3,17,4376.375580430031,95727.97,32.524999149900005,0.5150003339399968,1775,2.458566551853444,4376.375580430031,59.84115284071059
3,18,2631.715999722481,44890.68,32.534999149860006,0.5150003339399968,1775,5.7717969288547915,2631.715999722481,62.034096673203734
3,19,2531.937360703945,38773.11,32.54499914982001,0.5150003339399968,1658,10.602389652632505,2531.937360703945,69.22700310143787
3,20,2283.452964782715,47201.97,32.55499914978,0.5150003339399968,1658,13.290301409270137,2283.4529647827153,71.9149148580755
3,21,2299.404583275318,58145.555,32.564999149740004,0.5150003339399968,1658,17.401510554665027,2299.4045832753186,76.0261240034704
3,22,454.80279994010925,4845.677,32.574999149700005,0.5150003339399968,1658,22.15743758765118,454.80279994010925,80.78205103645655
3,29,405.74819099903107,4372.99,32.64499914942001,0.5150003339399968,987,22.04441867258596,405.74819099903107,85.59423503067029
3,30,1509.6269391179085,39274.0,32.654999149380004,0.5150003339399968,987,16.507456751974765,1509.6269391179085,80.0572731100591
3,31,352.6520431935787,10714.51,32.664999149340005,0.5150003339399968,987,10.999767045526678,352.6520431935788,74.549583403611
3,32,609.9911592304707,21755.541,32.67499914930001,0.5150003339399968,987,5.608264840862822,609.9911592304707,69.15808119894714
3,33,1209.047235161066,58548.152,32.68499914926001,0.5150003339399968,987,1.9670807879698604,1209.047235161066,66.11945391411925
3,34,467.2485263347626,15915.7705,32.69499914922,0.5150003339399968,987,6.184269719156302,467.24852633476263,69.73408607724063
3,35,580.1814592778683,16574.795,32.704999149180004,0.5150003339399968,991,8.144774599903705,580.1814592778683,79.88340051674187
3,36,713.1185441613197,31296.457,32.714999149140006,0.5150003339399968,991,6.063434713177291,713.1185441613195,77.80206063001546
3,37,441.79672023653984,19493.828,32.72499914910001,0.5150003339399968,991,8.315776607778101,441.7967202365399,80.05440252461626
3,38,693.1954405903816,32519.627,32.73499914906001,0.5150003339399968,2245,9.898795812625062,693.1954405903817,65.80147180325697
3,39,726.1625057160854,24966.047,32.74499914902,0.5150003339399968,1560,6.213310652917668,726.1625057160855,62.84090247761145
3,40,1404.5459391772747,59382.406,32.754999148980005,0.5150003339399968,1560,5.199250793695824,1404.545939177275,61.8268426183896
3,41,1789.8041145801544,113360.11,32.76499914894001,0.5150003339399968,1560,8.79876134428177,1789.8041145801544,65.42635316897555
3,42,1139.9395597279072,59080.676,32.77499914890001,0.5150003339399968,1559,12.542289780493194,1139.9395597279072,73.57708672144234
3,43,636.7770063281059,27582.492,32.78499914886,0.5150003339399968,1559,11.370940399562722,636.7770063281059,72.40573734051188
3,44,590.6570353806019,31634.09,32.794999148820004,0.5150003339399968,1559,12.77679737002538,590.657035380602,73.81159431097453
3,45,369.05741810798645,19576.74,32.804999148780006,0.5150003339399968,202,13.720545323209418,369.0574181079864,77.65923016406826
3,46,641.2335301041603,29329.637,32.81499914874001,0.5150003339399968,202,10.9173519586351,641.2335301041602,74.85603679949394
3,47,336.209443539381,12896.732,32.82499914870001,0.5150003339399968,202,10.586916285821419,336.209443539381,74.52560112668026
3,48,591.94776943326,30727.18,32.83499914866,0.5150003339399968,202,12.920372747291122,591.9477694332601,76.85905758814997
3,49,592.8954563736916,32196.525,32.844999148620005,0.5150003339399968,1549,14.69006013368418,592.8954563736916,88.92766169456566
3,50,347.37036821246147,16124.334,32.854999148580006,0.5150003339399968,1549,14.092954169157139,347.37036821246147,88.3305557300386
3,51,602.144365221262,32492.277,32.86499914854001,0.5150003339399968,1549,15.600764741783014,602.1443652212619,89.8383663026645
3,52,197.01834999024868,6511.6187,32.8749991485,0.5150003339399968,1549,18.711370251122307,0.0,0.0
3,53,95.40408509969711,4367.007,32.884999148460004,0.5150003339399968,1549,22.77731120331151,0.0,0.0
4,0,2011.1551771759987,39207.33,32.35499915058001,0.5050003339799968,1059,7.212482528487163,2011.155177175999,79.81010549250986
4,1,2587.6171720027924,78595.016,32.36499915054001,0.5050003339799968,1059,3.3626729820343044,2587.6171720027924,78.14444590239968
4,2,1252.5427992343903,20046.861,32.3749991505,0.5050003339799968,1059,5.705632986459392,1252.5427992343903,78.30325595048211
4,3,1087.635156571865,24247.188,32.384999150460004,0.5050003339799968,1059,10.759179280969992,1087.6351565718649,83.35680224499272
4,4,1133.7152929902077,25158.37,32.394999150420006,0.5050003339799968,1059,16.15316200177642,1133.7152929902077,88.75078496579914
4,5,1058.23448741436,21455.518,32.40499915038001,0.5050003339799968,1945,16.564315463990912,1058.2344874143598,92.06682087334491
4,6,1346.462484717369,33481.242,32.41499915034001,0.5050003339799968,1945,18.36108838967406,1346.462484717369,93.86359379902805
4,7,639.1810737848282,15967.056,32.4249991503,0.5050003339799968,1946,19.31947832163745,639.1810737848282,86.8793999813865
4,8,1448.2435465455055,45232.586,32.434999150260005,0.5050003339799968,1946,14.954081347766783,1448.2435465455055,82.51400300751583
4,9,1280.1598923802376,23469.352,32.444999150220006,0.5050003339799968,1946,11.66044030570449,1280.1598923802376,79.22036196545355
4,10,1898.3011294007301,46164.28,32.45499915018001,0.5050003339799968,1946,10.500771406039915,1898.3011294007304,78.06069306578897
4,11,2640.697129368782,69712.266,32.46499915014,0.5050003339799968,1946,12.104773643180998,2640.697129368782,79.66469530293006
4,12,2821.1244806051254,59033.656,32.474999150100004,0.5050003339799968,1946,15.644292972682706,2821.1244806051263,83.20421463243176
4,13,2039.0085431337357,43037.543,32.484999150060005,0.5050003339799968,974,17.35379379448941,2039.0085431337354,70.36528737570698
4,14,1262.5826179981232,27770.54,32.49499915002001,0.5050003339799968,974,15.959073431322947,1262.5826179981234,68.97056701254051
4,15,1429.8022060990334,24175.387,32.50499914998001,0.5050003339799968,899,10.95108524074653,1429.8022060990336,66.39792226660047
4,16,2963.774953007698,65588.016,32.51499914994,0.5050003339799968,899,5.479477083535962,2963.774953007698,60.926314109389914
4,17,5645.599721908569,160996.31,32.524999149900005,0.5050003339799968,899,1.4429425143197152,5645.599721908568,57.9696953639133
4,18,3597.4919514656067,90071.125,32.534999149860006,0.5050003339799968,1658,5.2802393640506295,3597.4919514656062,63.904852812856014
4,19,4515.4511823654175,134113.88,32.54499914982001,0.5050003339799968,1658,5.490296905723786,4515.4511823654175,64.11491035452916
4,20,2400.007801294327,46611.32,32.55499914978,0.5050003339799968,1658,9.714154894585485,2400.007801294327,68.33876834339085
4,21,1769.6698105335236,31896.502,32.564999149740004,0.5050003339799968,1658,14.850766423012304,1769.6698105335233,73.4753798718177
4,22,886.4835606217384,15963.637,32.574999149700005,0.5050003339799968,1658,20.215952468716598,886.4835606217384,78.84056591752197
4,28,544.9108443260193,11775.276,32.63499914946001,0.5050003339799968,1342,24.582282919651718,544.9108443260193,74.02562808994591
4,29,936.1362270116806,18156.973,32.64499914942001,0.5050003339799968,987,22.255430725459963,936.1362270116806,85.80524708354429
4,30,1428.2661921977997,36564.39,32.654999149380004,0.5050003339799968,987,16.788208081323273,1428.2661921978,80.3380244394076
4,31,230.82940098643303,9546.043,32.664999149340005,0.5050003339799968,987,11.416771751215203,0.0,0.0
4,32,728.3036243617535,36905.44,32.67499914930001,0.5050003339799968,987,6.387521952114829,728.3036243617535,69.93733831019917
4,33,724.9149504601955,33479.53,32.68499914926001,0.5050003339799968,987,3.6355479628098553,724.9149504601955,67.58031441464153
4,34,706.7369986772537,25221.623,32.69499914922,0.5050003339799968,2572,2.852420667920298,706.7369986772538,70.92751045328463
4,35,652.6422346234322,21631.602,32.704999149180004,0.5050003339799968,991,5.462071836778717,652.6422346234323,77.80787746712178
4,36,1282.9771651029587,49453.426,32.714999149140006,0.5050003339799968,991,0.5119726436618112,1282.9771651029587,73.2573834254368
4,37,1284.1791448891163,57026.664,32.72499914910001,0.5050003339799968,991,5.713931751199357,1284.1791448891163,77.45255766803751
4,38,1300.0995337367058,62056.117,32.73499914906001,0.5050003339799968,1056,5.817062956873227,1300.0995337367058,62.87788783649155
4,39,2361.7324964106083,198795.84,32.74499914902,0.5050003339799968,1055,2.212532530656346,2361.7324964106087,59.76624319620614
4,40,1732.1925918459892,92793.555,32.754999148980005,0.5050003339799968,1560,1.8668339803038476,1732.1925918459892,60.17720481530389
4,41,689.1117232441902,28955.248,32.76499914894001,0.5050003339799968,1560,7.339690830538955,689.1117232441903,63.96728265523273
4,42,788.7702043056488,37820.895,32.77499914890001,0.5050003339799968,1521,12.676639986877108,788.7702043056488,82.41885791656534
4,43,499.06421783566475,22249.596,32.78499914886,0.5050003339799968,1521,8.886393511961746,499.0642178356647,78.62861144164997
4,44,555.9827934801579,28800.535,32.794999148820004,0.5050003339799968,1521,7.694010058072209,555.9827934801579,77.43622798776043
4,45,442.7486810684204,19529.727,32.804999148780006,0.5050003339799968,1521,10.069091554342576,442.7486810684204,79.8113094840308
4,46,788.0456752479076,38071.344,32.81499914874001,0.5050003339799968,202,5.895662703658892,788.0456752479076,69.83434754451774
4,47,746.4205749630928,29462.98,32.82499914870001,0.5050003339799968,202,5.258617819312563,746.4205749630928,69.19730266017142
4,48,501.1394226551056,20670.842,32.83499914866,0.5050003339799968,202,9.083297686167947,501.1394226551056,73.0219825270268
4,49,396.3783713877201,17670.607,32.844999148620005,0.5050003339799968,202,14.118021999322519,396.3783713877201,78.05670684018135
4,50,155.49792537093163,6443.237,32.854999148580006,0.5050003339799968,202,19.444531527471685,0.0,0.0
4,51,352.40578269958496,17112.445,32.86499914854001,0.5050003339799968,1549,20.7518542387402,352.4057826995849,94.98945579962167
4,52,323.9181154668331,16011.504,32.8749991485,0.5050003339799968,1549,23.181263349784125,323.9181154668331,97.41886491066559
5,0,1398.650856077671,27156.816,32.35499915058001,0.49500033401999677,1059,10.9154051618924,1398.6508560776713,83.5130281259151
5,1,1086.548759818077,22778.7,32.36499915054001,0.49500033401999677,1059,8.85628224531254,1086.548759818077,81.45390520933525
5,2,117.1930268406868,791.5146,32.3749991505,0.49500033401999677,1059,9.984007882644532,0.0,0.0
5,3,137.42148768901825,570.1299,32.384999150460004,0.49500033401999677,1547,12.853355462643774,0.0,0.0
5,4,200.40904480218887,7525.3726,32.394999150420006,0.49500033401999677,1547,15.159219963308729,0.0,0.0
5,5,298.42517775297165,3188.2827,32.40499915038001,0.49500033401999677,1547,18.877345310573137,0.0,0.0
5,6,423.37666416168213,5718.3945,32.41499915034001,0.49500033401999677,1547,23.342351957014735,423.3766641616821,92.48913009784981
5,7,415.63462233543396,9604.167,32.4249991503,0.49500033401999677,1946,22.825378035157186,415.63462233543396,90.38529969490624
5,8,518.1189973950386,13728.42,32.434999150260005,0.49500033401999677,1946,19.271226966211643,518.1189973950386,86.83114862596071
5,9,430.6949788928032,6204.757,32.444999150220006,0.49500033401999677,1946,16.844034788331275,430.6949788928032,84.40395644808034
5,10,1087.7253088355064,20464.842,32.45499915018001,0.49500033401999677,1946,16.06305823775541,1087.7253088355064,83.62297989750446
5,11,1656.8470301032066,41548.535,32.46499915014,0.49500033401999677,1946,17.154625754596506,1656.8470301032066,84.71454741434556
5,12,2218.4423768520355,39700.53,32.474999150100004,0.49500033401999677,974,16.23499958667801,2218.4423768520355,69.24649316789558
5,13,2271.966720163822,54811.11,32.484999150060005,0.49500033401999677,974,12.45608543934645,2271.966720163822,65.46757902056403
5,14,2414.4767948389053,54100.797,32.49499915002001,0.49500033401999677,974,10.42554220158345,2414.4767948389053,63.437035782801026
5,15,2722.740069627762,70974.766,32.50499914998001,0.49500033401999677,900,10.276711777627737,2722.740069627762,61.87321241418132
5,16,3600.309637069702,79157.445,32.51499914994,0.49500033401999677,900,5.289923119519698,3600.309637069702,56.886423756073285
5,17,3340.031982898712,76778.625,32.524999149900005,0.49500033401999677,900,3.5092422390256313,3340.031982898712,55.10574287557921
5,18,2494.148886322975,45006.92,32.534999149860006,0.49500033401999677,1658,2.7521506159248506,2494.148886322975,62.27965036722445
5,19,4557.754512786865,135001.97,32.54499914982001,0.49500033401999677,1658,3.136361806945415,4557.754512786864,61.98775949126821
5,20,2819.3615350723267,70832.87,32.55499914978,0.49500033401999677,1658,8.605708023577424,2819.361535072326,67.2303214723828
5,21,2096.088813960552,49549.164,32.564999149740004,0.49500033401999677,1658,14.150571317863298,2096.088813960552,72.77518476666866
5,22,1818.473150253296,37027.67,32.574999149700005,0.49500033401999677,1658,19.707311828062053,1818.473150253296,78.33192527686742
5,23,1154.0062782168388,21139.254,32.58499914966001,0.49500033401999677,980,24.234025499589006,1154.0062782168388,73.01419130321504
5,26,3051.0605645775795,99864.19,32.614999149540004,0.49500033401999677,984,22.1483851710694,3051.060564577579,69.00124814602762
5,27,1661.2491458654404,41210.906,32.624999149500006,0.49500033401999677,984,20.05472870782498,1661.2491458654406,66.90759168278319
5,28,2121.844702064991,77173.53,32.63499914946001,0.49500033401999677,984,19.38536391803392,2121.844702064991,66.23822689299213
5,29,1996.6801497936249,51597.184,32.64499914942001,0.49500033401999677,1342,17.14580582944854,1996.6801497936247,66.58915099974274
5,30,2850.755738258362,99181.23,32.654999149380004,0.49500033401999677,1962,15.44968904067326,2850.7557382583614,68.77538155353068
5,31,484.4598060846329,8846.843,32.664999149340005,0.49500033401999677,1962,11.510693656546911,484.45980608463293,64.83638616940432
5,32,516.7231182456017,16267.936,32.67499914930001,0.49500033401999677,2260,9.389931412743174,516.7231182456017,62.72673377699392
5,33,1138.7631135582924,57558.336,32.68499914926001,0.49500033401999677,2572,5.072475288699616,1138.7631135582924,72.94001470615915
5,34,1078.648530781269,35727.57,32.69499914922,0.49500033401999677,2572,4.516907692875002,1078.648530781269,72.38444711033455
5,35,717.4334659278393,19457.07,32.704999149180004,0.49500033401999677,991,7.435846671451766,717.4334659278392,79.17447258828993
5,36,571.2349183857441,19935.742,32.714999149140006,0.49500033401999677,991,5.071459647780618,571.2349183857442,77.41726527812366
5,37,1333.061015844345,70435.41,32.72499914910001,0.49500033401999677,991,7.622768724589066,1333.0610158443453,79.36139464142721
5,38,1499.7095361053944,74022.016,32.73499914906001,0.49500033401999677,1056,5.616369434220337,1499.7095361053944,62.677194313838655
5,39,1695.9043423831463,85840.875,32.74499914902,0.49500033401999677,1056,2.6403758201155347,1695.9043423831467,60.18640630093035
5,40,1601.8573305010796,77225.67,32.754999148980005,0.49500033401999677,992,5.688406035230142,1601.8573305010798,61.547245830953656
5,41,999.1176208555698,48970.484,32.76499914894001,0.49500033401999677,1560,9.606489123841365,999.1176208555696,66.23408094853514
5,42,498.5552661418915,21650.404,32.77499914890001,0.49500033401999677,1521,10.332692212587267,498.5552661418915,80.07491014227548
5,43,353.4464143514633,15752.509,32.78499914886,0.49500033401999677,1521,5.003530418874834,353.44641435146343,74.74574834856303
5,44,896.6358599364758,42424.67,32.794999148820004,0.49500033401999677,1521,2.2945844453596043,896.635859936476,73.00150418802134
5,45,593.4064646959305,23728.346,32.804999148780006,0.49500033401999677,1521,6.888681421934313,593.4064646959305,76.63089935162253
5,46,1146.009287983179,45252.242,32.81499914874001,0.49500033401999677,202,3.505683263820285,1146.009287983179,68.45260510871474
5,47,1329.5798432826996,77719.73,32.82499914870001,0.49500033401999677,202,2.276848216396249,1329.5798432826996,67.7857518090429
5,48,740.8741050958633,36075.46,32.83499914866,0.49500033401999677,202,7.748372299164462,740.8741050958633,71.6870571400233
5,49,290.0621343553066,10660.659,32.844999148620005,0.49500033401999677,202,13.298478168733059,0.0,0.0
5,50,368.5517272055149,21204.217,32.854999148580006,0.49500033401999677,205,17.083593102059446,368.5517272055149,83.01654665419876
5,51,370.4231137037277,20357.14,32.86499914854001,0.49500033401999677,205,21.00805999127688,370.42311370372767,86.9410135434162
6,0,577.8731921315193,7094.5703,32.35499915058001,0.4850003340599968,1547,15.332465112967753,577.8731921315193,84.47924325380284
6,1,375.62692952156067,1833.4763,32.36499915054001,0.4850003340599968,1547,10.667738804079706,375.6269295215606,79.81451694491477
6,2,2096.8641026616096,40663.0,32.3749991505,0.4850003340599968,1547,7.38077426666871,2096.8641026616096,76.52755240750376
6,3,1648.3690487742424,38861.15,32.384999150460004,0.4850003340599968,1547,7.557117121671866,1648.3690487742424,76.70389526250692
6,4,1285.6630541682243,25502.84,32.394999150420006,0.4850003340599968,1547,11.031918348028574,1285.6630541682243,80.17869648886364
6,5,479.79077154397964,9905.9,32.40499915038001,0.4850003340599968,1547,15.756123841738777,479.79077154397964,84.90290198257385
6,6,935.7263907194138,21914.527,32.41499915034001,0.4850003340599968,1547,20.898963309856807,935.726390719414,90.04574145069185
6,7,1279.912541270256,39552.656,32.4249991503,0.4850003340599968,970,24.799097065013676,1279.912541270256,89.92953747209793
6,8,1179.9451317191124,40536.492,32.434999150260005,0.4850003340599968,970,20.896399666281177,1179.9451317191124,86.02684007336543
6,9,554.4961296319962,14782.349,32.444999150220006,0.4850003340599968,970,17.8964475697784,554.4961296319962,83.02688797686267
6,10,400.4384331703186,8300.646,32.45499915018001,0.4850003340599968,970,16.305372275861547,400.4384331703186,81.4358126829458
6,11,1560.4422006607056,36931.082,32.46499915014,0.4850003340599968,970,16.535008537124433,1560.4422006607056,81.66544894420869
6,12,3092.373676776886,94802.25,32.474999150100004,0.4850003340599968,974,13.399098047793714,3092.3736767768864,66.41059162901128
6,13,3920.7515292167664,95009.12,32.484999150060005,0.4850003340599968,974,8.432952115792716,3920.7515292167664,61.444445697010295
6,14,4315.439373016357,109196.54,32.49499915002001,0.4850003340599968,974,4.96513314141239,4315.439373016357,57.97662672262996
6,15,2746.2221155166626,61521.887,32.50499914998001,0.4850003340599968,974,6.336357444809026,2746.2221155166626,59.3478510260266
6,16,3610.5352268218994,105124.43,32.51499914994,0.4850003340599968,900,4.798370549953506,3610.5352268218994,56.39487118650709
6,17,2828.5651925206184,69178.9,32.524999149900005,0.4850003340599968,900,2.712167844436204,2828.5651925206184,54.522716204003125
6,18,1885.0139714479446,35920.75,32.534999149860006,0.4850003340599968,1658,7.016298866789757,1885.0139714479446,65.64091231559513
6,19,2821.644674897194,72937.31,32.54499914982001,0.4850003340599968,1658,7.175714749029925,2821.644674897194,65.8003281978353
6,20,3892.193669319153,139159.56,32.55499914978,0.4850003340599968,1658,10.756966457251995,3892.1936693191524,69.38157990605737
6,21,2523.5585768818855,70115.72,32.564999149740004,0.4850003340599968,973,13.137886168973083,2523.5585768818855,61.920402460549894
6,22,2700.3966212272644,66129.086,32.574999149700005,0.4850003340599968,980,16.3636885736993,2700.3966212272644,65.14385437732534
6,23,2192.6431770324707,42193.887,32.58499914966001,0.4850003340599968,981,19.418762669612455,2192.6431770324707,67.47452748226442
6,24,2610.4308389425278,82242.305,32.59499914962001,0.4850003340599968,1963,21.39913278574329,2610.4308389425278,65.46266489460945
6,25,3767.107293367386,119021.24,32.60499914958,0.4850003340599968,1963,19.606520287168912,3767.107293367387,63.670052396035075
6,26,3643.794687271118,113194.3,32.614999149540004,0.4850003340599968,984,17.48662498898857,3643.794687271118,64.33948796394678
6,27,2302.101138472557,75442.625,32.624999149500006,0.4850003340599968,984,14.745278273533266,2302.101138472557,61.59814124849148
6,28,2634.222666800022,74157.06,32.63499914946001,0.4850003340599968,984,13.82112231528555,2634.222666800022,60.67398529024376
6,29,2937.7276968955994,81599.516,32.64499914942001,0.4850003340599968,1342,12.161842209181204,2937.7276968955994,61.6051873794754
6,30,3087.3022598028183,104612.42,32.654999149380004,0.4850003340599968,1342,10.37248311044952,3087.3022598028188,59.81582828074373
6,31,2251.450848519802,61833.023,32.664999149340005,0.4850003340599968,1962,7.729148140635639,2251.450848519802,61.05484065349305
6,32,1414.0113182365894,30881.895,32.67499914930001,0.4850003340599968,1962,3.9372478729557896,1414.0113182365894,57.26294038581321
6,33,1464.3659618794918,57519.01,32.68499914926001,0.4850003340599968,986,4.857811246985675,1464.365961879492,58.36904235233762
6,34,938.6076853573322,35848.094,32.69499914922,0.4850003340599968,2242,8.819435288170029,938.6076853573323,66.17254505371366
6,35,1173.3385228216648,44538.51,32.704999149180004,0.4850003340599968,2242,3.9725280165145738,1173.3385228216648,61.32563778205821
6,36,1147.7885639965534,37862.78,32.714999149140006,0.4850003340599968,2242,3.9671818351981156,1147.7885639965534,61.32029160074176
6,37,729.6500738561153,27000.395,32.72499914910001,0.4850003340599968,2242,8.812212969329375,729.6500738561155,66.16532273487302
6,38,644.5301390588284,29946.777,32.73499914906001,0.4850003340599968,2573,7.203504100673513,644.5301390588285,65.21692693291908
6,39,1060.1426120102406,45655.695,32.74499914902,0.4850003340599968,2573,6.061552282019176,1060.1426120102406,64.07497511426476
6,40,1457.3987485468388,77049.59,32.754999148980005,0.4850003340599968,993,7.747528720527897,1457.3987485468388,61.8323386391788
6,41,581.4440258443356,28762.07,32.76499914894001,0.4850003340599968,993,10.76135789259326,581.4440258443356,64.84616781124416
6,42,738.0059895515442,35838.69,32.77499914890001,0.4850003340599968,1521,10.714129309820077,738.0059895515442,80.45634723950829
6,43,810.2619087994099,48048.188,32.78499914886,0.4850003340599968,1521,5.750074361266111,810.2619087994099,75.49229229095434
6,44,724.0252438485622,33261.566,32.794999148820004,0.4850003340599968,1521,3.6459780970777005,724.0252438485624,73.94310043724997
6,45,451.5810629725456,16338.025,32.804999148780006,0.4850003340599968,1521,7.448622036349208,451.5810629725456,77.19083996603742
6,46,295.5047048032284,8528.869,32.81499914874001,0.4850003340599968,1951,3.507634668724335,0.0,0.0
6,47,839.8847058713436,34069.32,32.82499914870001,0.4850003340599968,204,1.9484136465747015,839.8847058713435,66.54054011102015
6,48,444.87316063046455,22114.543,32.83499914866,0.4850003340599968,204,7.495570859080636,444.87316063046455,71.56765427960052
6,49,276.86974132061005,11296.607,32.844999148620005,0.4850003340599968,205,9.304113522461344,0.0,0.0
6,50,124.58412611484528,3460.9534,32.854999148580006,0.4850003340599968,205,13.194580210349205,0.0,0.0
6,51,346.925743162632,14335.305,32.86499914854001,0.4850003340599968,205,17.988506837636475,346.92574316263205,83.9214603897758
6,52,64.83574065566063,2642.0862,32.8749991485,0.4850003340599968,205,23.130819752000345,0.0,0.0
6,53,503.91899213194847,28606.504,32.884999148460004,0.4850003340599968,206,23.65754002303258,503.91899213194847,96.76926250813683
7,0,1701.9719887971878,31426.38,32.35499915058001,0.4750003340999968,1547,13.74578009740729,1701.9719887971878,82.89255823824237
7,1,699.6830524206161,19005.754,32.36499915054001,0.4750003340999968,1547,8.225730073250219,699.6830524206161,77.37250821408529
7,2,1597.238758444786,27954.316,32.3749991505,0.4750003340999968,1547,2.887527111807635,1597.2387584447858,72.35023045064611
7,3,1597.6521410942078,29780.953,32.384999150460004,0.4750003340999968,1547,3.312401430468716,1597.6521410942078,72.45917957130379
7,4,1906.3552898168564,43587.16,32.394999150420006,0.4750003340999968,1547,8.692825000163907,1906.3552898168562,77.83960314099899
7,5,1026.0513214468956,18364.68,32.40499915038001,0.4750003340999968,1547,14.216800714721801,1026.0513214468956,83.36357885555687
7,6,1148.671646475792,28285.11,32.41499915034001,0.4750003340999968,1546,18.778770668929827,1148.671646475792,83.89250924731876
7,7,1362.3584070205688,38510.695,32.4249991503,0.4750003340999968,970,21.586658601176993,1362.3584070205688,86.71709900826126
7,8,1186.9575692415237,31209.268,32.434999150260005,0.4750003340999968,970,16.960192609070063,1186.9575692415237,82.09063301615431
7,9,697.8504334688187,15452.487,32.444999150220006,0.4750003340999968,970,13.08707186278221,697.8504334688187,78.21751226986646
7,10,1795.1797542572021,46284.805,32.45499915018001,0.4750003340999968,970,10.809892662660118,1795.1797542572021,75.9403330697444
7,11,620.600290119648,6423.5776,32.46499915014,0.4750003340999968,970,11.153256100645073,620.600290119648,76.28369650772933
7,12,1673.4244285225868,35360.023,32.474999150100004,0.4750003340999968,974,12.54819337250017,1673.4244285225868,65.55968695371774
7,13,3345.613151073456,84935.68,32.484999150060005,0.4750003340999968,974,7.002571656650202,3345.6131510734563,60.01406523786778
7,14,3759.426615834236,86321.26,32.49499915002001,0.4750003340999968,974,1.6043302438150278,3759.4266158342357,55.15987522264771
7,15,3079.812081694603,75921.3,32.50499914998001,0.4750003340999968,974,4.250970958222916,3079.8120816946034,57.57179394642529
7,16,3599.2588795423508,82967.15,32.51499914994,0.4750003340999968,901,6.15284553438804,3599.2588795423508,53.29908222577901
7,17,4194.525141716003,141606.75,32.524999149900005,0.4750003340999968,901,5.529200405250494,4194.525141716003,52.67543709664146
7,18,2064.9382692575455,40346.734,32.534999149860006,0.4750003340999968,903,8.947736688492807,2064.9382692575455,54.62194973438767
7,19,3936.3557953834534,119305.02,32.54499914982001,0.4750003340999968,973,8.136803169137844,3936.3557953834543,56.91931946071465
7,20,3231.566315829754,117483.516,32.55499914978,0.4750003340999968,973,6.201375008897306,3231.566315829754,54.98389130047413
7,21,1826.0867027640343,33744.51,32.564999149740004,0.4750003340999968,980,8.49543053031965,1826.086702764034,57.2755963339457
7,22,2921.854263782501,60551.727,32.574999149700005,0.4750003340999968,981,12.556482283844018,2921.854263782501,60.612247096495985
7,23,2392.592410981655,57954.09,32.58499914966001,0.4750003340999968,981,14.409154277512124,2392.592410981655,62.46491909016409
7,24,1762.8751347064972,37627.72,32.59499914962001,0.4750003340999968,1963,16.577904293691972,1762.8751347064972,60.641436402558135
7,25,3045.4779395461082,90360.88,32.60499914958,0.4750003340999968,1963,14.188716099778137,3045.4779395461082,58.2522482086443
7,26,3594.5421241521835,107392.984,32.614999149540004,0.4750003340999968,984,13.52678279670763,3594.5421241521835,60.37964577166584
7,27,4124.014342069626,153386.31,32.624999149500006,0.4750003340999968,984,9.727025788375295,4124.014342069626,56.5798887633335
7,28,4605.722430229187,175876.1,32.63499914946001,0.4750003340999968,984,8.25925065474284,4605.722430229187,55.11211362970105
7,29,2977.276329100132,81183.25,32.64499914942001,0.4750003340999968,1342,7.987669610418611,2977.2763291001324,57.431014780712815
7,30,3469.3680931925774,94959.53,32.654999149380004,0.4750003340999968,1342,4.845705909436103,3469.368093192577,54.2890510797303
7,31,5232.560831069946,166442.03,32.664999149340005,0.4750003340999968,1342,6.716984334357636,5232.560831069946,56.16032950465183
7,32,2524.8061481416225,55757.336,32.67499914930001,0.4750003340999968,1962,2.1693996502329225,2524.8061481416225,55.68574269394175
7,33,1712.1454085707664,74764.8,32.68499914926001,0.4750003340999968,986,3.867678490987996,1712.1454085707667,57.378909596339945
7,34,1011.5138315856457,35752.36,32.69499914922,0.4750003340999968,990,5.872500206018981,1011.5138315856457,61.422708693826976
7,35,1516.7818399965763,74345.11,32.704999149180004,0.4750003340999968,990,2.5079147205719843,1516.781839996576,58.53909718520344
7,36,1136.9491842389107,52034.824,32.714999149140006,0.4750003340999968,2242,3.8991793507120063,1136.9491842389107,61.25228911625564
7,37,902.6787640452385,43420.477,32.72499914910001,0.4750003340999968,2242,8.781808772246745,902.6787640452385,66.13491853779038
7,38,413.3912405073643,14537.03,32.73499914906001,0.4750003340999968,2573,4.156578852882096,413.39124050736416,62.4771373211973
7,39,1106.9865477383137,49009.805,32.74499914902,0.4750003340999968,2573,1.4591410142472165,1106.9865477383137,59.85813941293464
7,40,1947.8334271013737,127177.43,32.754999148980005,0.4750003340999968,993,2.8987346086256367,1947.8334271013737,57.58602857570978
7,41,915.6979377865791,50894.562,32.76499914894001,0.4750003340999968,993,8.011571927425894,915.697937786579,62.09638184607681
7,42,643.3165528476238,33039.324,32.77499914890001,0.4750003340999968,993,13.488028766173057,643.3165528476237,67.57283868482398
7,43,518.8847266733646,24207.016,32.78499914886,0.4750003340999968,1521,10.151458278094248,518.8847266733645,79.89367620778246
7,44,691.0534930229187,40872.418,32.794999148820004,0.4750003340999968,1952,8.306432374555115,691.0534930229187,74.21952012696627
7,45,895.5628672242165,41813.51,32.804999148780006,0.4750003340999968,1952,3.2768400547609957,895.5628672242167,69.18992780717214
7,46,538.3196692764759,23545.424,32.81499914874001,0.4750003340999968,1952,3.7996783452913023,538.319669276476,69.71276609770244
7,47,739.278744995594,26878.16,32.82499914870001,0.4750003340999968,204,5.593961890317743,739.2787449955939,69.66604531083762
7,48,835.3714566528797,35845.527,32.83499914866,0.4750003340999968,205,2.281146189312864,835.3714566528797,68.93429194430131
7,49,261.2948465645313,9646.051,32.844999148620005,0.4750003340999968,205,5.547524997128663,0.0,0.0
7,50,119.02000841498375,3108.789,32.854999148580006,0.4750003340999968,205,10.876830976082061,0.0,0.0
7,51,373.4363968670368,13588.238,32.86499914854001,0.4750003340999968,205,16.364439599406197,373.4363968670368,82.29739315154552
7,52,133.76412624120712,5107.2354,32.8749991485,0.4750003340999968,206,18.73725766071961,0.0,0.0
7,53,123.64687725901604,5482.4785,32.884999148460004,0.4750003340999968,206,18.094336401554994,0.0,0.0
8,0,1341.438115477562,23938.617,32.35499915058001,0.4650003341399968,1547,14.309757721097089,1341.4381154775617,83.45653586193215
8,1,895.2308828234673,12119.748,32.36499915054001,0.4650003341399968,1547,9.137030742434465,895.2308828234673,78.28380888326951
8,2,1704.8023434877396,31681.102,32.3749991505,0.4650003341399968,1547,4.915334004077813,1704.802343487739,74.06211214491289
8,3,1291.3391066789627,31999.074,32.384999150460004,0.4650003341399968,1547,5.176359607561156,1291.3391066789627,74.32313774839623
8,4,1669.4227006435394,44294.902,32.394999150420006,0.4650003341399968,1546,7.263184025674774,1669.4227006435397,72.37692260406372
8,5,2862.6745176315308,99433.39,32.40499915038001,0.4650003341399968,1546,10.960337808531554,2862.6745176315308,76.0740763869205
8,6,1460.0182262063026,42380.227,32.41499915034001,0.4650003341399968,1546,15.794403451706732,1460.0182262063026,80.90814203009568
8,7,1215.8133219480515,29377.504,32.4249991503,0.4650003341399968,970,19.466205469784853,1215.8133219480515,84.59664587686912
8,8,1515.3079007267952,45167.62,32.434999150260005,0.4650003341399968,970,14.163243243158252,1515.307900726795,79.29368365024251
8,9,1384.1663335561752,36175.47,32.444999150220006,0.4650003341399968,970,9.177187792005723,1384.1663335561755,74.30762819908999
8,10,2055.276432156563,58469.51,32.45499915018001,0.4650003341399968,970,5.459222033069008,2055.276432156563,70.58966244015326
8,11,1795.3882640004158,43885.473,32.46499915014,0.4650003341399968,970,6.111010348108536,1795.3882640004153,71.2414507551928
8,12,974.863265812397,14465.2295,32.474999150100004,0.4650003341399968,970,10.33657595989936,974.863265812397,75.46701636698363
8,13,2456.753322124481,55647.92,32.484999150060005,0.4650003341399968,974,9.429636776149069,2456.753322124481,62.441130357366646
8,14,3103.802250146866,78324.91,32.49499915002001,0.4650003341399968,974,6.515820397678397,3103.8022501468654,59.52731397889598
8,15,3101.395982503891,72056.04,32.50499914998001,0.4650003341399968,974,7.61267324999812,3101.3959825038905,60.6241668312157
8,16,5543.616849899292,190300.3,32.51499914994,0.4650003341399968,963,3.1759717058057,5543.616849899292,53.00886096063466
8,17,7804.118501663208,320383.1,32.524999149900005,0.4650003341399968,902,2.105036088495235,7804.118501663208,49.97604583657182
8,18,5750.031368255615,194003.16,32.534999149860006,0.4650003341399968,903,4.47021425665787,5750.031368255615,50.144427302552735
8,19,4636.1077436208725,132648.8,32.54499914982001,0.4650003341399968,973,5.313169990609474,4636.1077436208725,54.095686282186286
8,20,4909.458012461662,160256.92,32.55499914978,0.4650003341399968,973,0.6922871779814256,4909.458012461662,49.94659293359799
8,21,2818.9793173074722,60450.867,32.564999149740004,0.4650003341399968,980,5.804004789362354,2818.9793173074722,54.584170592988386
8,22,2108.916420817375,37178.965,32.574999149700005,0.4650003341399968,981,7.082467241238368,2108.916420817375,55.13823205389034
8,23,2133.2770332694054,47838.77,32.58499914966001,0.4650003341399968,981,10.005989300007867,2133.2770332694054,58.061754112659834
8,24,3374.5123924016953,115651.75,32.59499914962001,0.4650003341399968,311,12.32995660661115,3374.5123924016953,56.464453284134656
8,25,2942.666020989418,92195.22,32.60499914958,0.4650003341399968,1963,8.954574409392936,2942.6660209894176,53.01810651825911
8,26,2205.4342527389526,49332.047,32.614999149540004,0.4650003341399968,1963,8.284694893254864,2205.4342527389526,52.34822700212102
8,27,6645.201553344727,248655.25,32.624999149500006,0.4650003341399968,984,5.810984556494556,6645.201553344727,52.66384753145277
8,28,6704.1927700042725,219924.83,32.63499914946001,0.4650003341399968,984,2.714356683630626,6704.1927700042725,50.34916475063845
8,29,5271.712614059448,163899.95,32.64499914942001,0.4650003341399968,1342,6.4541488357259595,5271.712614059448,55.89749400602016
8,30,4324.792358517647,130293.06,32.654999149380004,0.4650003341399968,1342,1.1550052594000328,4324.792358517647,51.05999305474118
8,31,1800.5169641673565,41659.656,32.664999149340005,0.4650003341399968,1342,4.792812320183597,1800.5169641673567,54.60304830049917
8,32,545.7596313804388,20597.332,32.67499914930001,0.4650003341399968,1962,7.474716073275354,545.7596313804388,60.80040858613276
8,33,643.3435693979263,37479.84,32.68499914926001,0.4650003341399968,986,8.263186746786992,643.3435693979263,61.774417852138946
8,34,779.7732490301132,30966.516,32.69499914922,0.4650003341399968,990,6.139019240562643,779.7732490301132,61.68922772837064
8,35,1176.336469978094,45003.508,32.704999149180004,0.4650003341399968,990,3.0807360828164096,1176.3364699780939,58.933330615264495
8,36,768.2241915166378,30265.605,32.714999149140006,0.4650003341399968,990,6.576726025897529,768.2241915166379,62.12693451370551
8,37,595.9821062684059,22084.627,32.72499914910001,0.4650003341399968,457,7.3933414155114185,595.9821062684059,63.20831838322598
8,38,1133.0433295667171,51553.59,32.73499914906001,0.4650003341399968,2569,3.09087248955079,1133.0433295667171,63.56229030062174
8,39,1052.3558757901192,52747.703,32.74499914902,0.4650003341399968,2567,0.41456796054777595,1052.355875790119,58.21351723547074
8,40,2412.3762831687927,179146.44,32.754999148980005,0.4650003341399968,459,4.23537103475736,2412.376283168793,58.49234238453738
8,41,1144.8540215790272,54065.75,32.76499914894001,0.4650003341399968,993,8.632754908398153,1144.8540215790272,62.71756482704906
8,42,707.6852748095989,31272.521,32.77499914890001,0.4650003341399968,2240,12.281291777393227,707.6852748095989,75.12042779082017
8,43,405.60218930244446,20634.941,32.78499914886,0.4650003341399968,2240,8.396498657752504,405.6021893024444,71.23563467117947
8,44,694.5313566029072,42248.594,32.794999148820004,0.4650003341399968,2240,7.22019837189734,694.5313566029072,70.0593343853243
8,45,217.45885083079338,6828.7373,32.804999148780006,0.4650003341399968,1952,4.183505735210648,0.0,0.0
8,46,255.78983291983604,9707.594,32.81499914874001,0.4650003341399968,1952,4.604518978105094,0.0,0.0
8,47,143.91503247618675,4832.0,32.82499914870001,0.4650003341399968,205,6.910893702787512,0.0,0.0
8,48,493.65009289979935,18054.398,32.83499914866,0.4650003341399968,205,3.3723648373582473,493.65009289979935,69.79214855418265
8,49,673.5293794572353,36441.3,32.844999148620005,0.4650003341399968,205,6.078178201813525,673.5293794572353,72.01113175395285
8,50,277.9030513763428,11581.244,32.854999148580006,0.4650003341399968,205,11.15682162362973,0.0,0.0
8,51,64.18035370111465,1918.0981,32.86499914854001,0.4650003341399968,206,16.32207626752709,0.0,0.0
8,52,219.18095725774765,8719.483,32.8749991485,0.4650003341399968,206,13.445123503328634,0.0,0.0
9,0,957.1929649710655,15163.574,32.35499915058001,0.4550003341799968,1547,16.80930019635058,957.1929649710657,85.95607833718563
9,1,848.0598476529121,18733.938,32.36499915054001,0.4550003341799968,1547,12.69916287960456,848.059847652912,81.84594102043964
9,2,1277.2129047513008,23996.742,32.3749991505,0.4550003341799968,1546,7.915947156014287,1277.2129047513008,73.02968573440324
9,3,1843.5666307210922,40693.77,32.384999150460004,0.4550003341799968,1546,2.4737332919264197,1843.566630721092,68.00720000494347
9,4,860.2386634349823,10621.34,32.394999150420006,0.4550003341799968,1546,3.3963960685052585,860.2386634349823,68.84604356248173
9,5,1358.389918088913,33517.14,32.40499915038001,0.4550003341799968,1546,8.883167731190664,1358.389918088913,73.99690630957963
9,6,1502.2049258947372,37797.812,32.41499915034001,0.4550003341799968,1546,14.430691059634887,1502.204925894737,79.54442963802384
9,7,1065.4194875955582,22648.773,32.4249991503,0.4550003341799968,970,18.810720154324482,1065.4194875955582,83.94116056140876
9,8,995.9203449487686,26669.6,32.434999150260005,0.4550003341799968,970,13.247924233527883,995.9203449487686,78.37836464061213
9,9,1939.3043465018272,43144.39,32.444999150220006,0.4550003341799968,970,7.689656240831983,1939.3043465018272,72.82009664791624
9,10,2323.0468351840973,70762.77,32.45499915018001,0.4550003341799968,970,2.1709773234130143,2323.0468351840973,68.05562793282675
9,11,2047.8345038294792,37848.25,32.46499915014,0.4550003341799968,970,3.50064062810181,2047.8345038294792,69.13304405071113
9,12,1059.8966545462608,20309.275,32.474999150100004,0.4550003341799968,970,9.0418383035308,1059.8966545462608,74.17227871061506
9,13,1058.8314080834389,16879.947,32.484999150060005,0.4550003341799968,969,12.144407728198598,1058.8314080834389,67.33880954938789
9,14,1853.3096799254417,41523.746,32.49499915002001,0.4550003341799968,974,12.012438007444555,1853.3096799254417,65.02393158866212
9,15,2835.784896373749,59201.195,32.50499914998001,0.4550003341799968,963,7.63343453697067,2835.784896373749,57.46632379179963
9,16,5023.293412685394,159290.19,32.51499914994,0.4550003341799968,963,3.1853863986502886,5023.293412685393,53.01827565347924
9,17,7557.680242538452,297863.38,32.524999149900005,0.4550003341799968,904,3.3153077350230653,7557.680242538452,48.920498227109576
9,18,6059.98964881897,214335.5,32.534999149860006,0.4550003341799968,904,4.20004715724475,6059.989648818971,49.805237649331254
9,19,2989.2208223342896,67259.09,32.54499914982001,0.4550003341799968,310,6.56457153654145,2989.220822334289,55.79477206924547
9,20,4929.195478320122,125651.67,32.55499914978,0.4550003341799968,310,1.7886081411267365,4929.195478320122,51.359971882614786
9,21,4266.553840637207,104667.984,32.564999149740004,0.4550003341799968,981,4.076601745251973,4266.553840637207,52.13236655790394
9,22,3960.3294253349304,107510.086,32.574999149700005,0.4550003341799968,981,2.148987809703669,3960.3294253349313,50.456458038814915
9,23,4766.350159645081,178725.89,32.58499914966001,0.4550003341799968,982,5.147922763081382,4766.350159645079,50.87729390759845
9,24,4098.262229442596,126879.11,32.59499914962001,0.4550003341799968,445,8.300150510335314,4098.262229442596,52.65409121306374
9,25,6199.8292446136475,231139.38,32.60499914958,0.4550003341799968,311,4.4835114623534045,6199.8292446136475,48.618008139876906
9,26,5702.880588650703,194261.28,32.614999149540004,0.4550003341799968,1963,3.075974523933691,5702.880588650703,47.13950663279985
9,27,4504.227750718594,166635.19,32.624999149500006,0.4550003341799968,984,5.905993891652176,4504.227750718594,52.75885686661038
9,28,5062.469964981079,139987.83,32.63499914946001,0.4550003341799968,984,2.912207846013885,5062.469964981079,50.5470159130217
9,29,4259.7672209739685,132666.75,32.64499914942001,0.4550003341799968,984,6.6362759180367,4259.7672209739685,53.48913889299491
9,30,2847.2014001607895,67473.64,32.654999149380004,0.4550003341799968,1342,6.414664452802958,2847.2014001607895,55.85800962309716
9,31,743.7327990978956,24751.5,32.664999149340005,0.4550003341799968,1342,7.923694392725895,743.7327990978956,57.367039563020086
9,32,832.9869694709778,42331.5,32.67499914930001,0.4550003341799968,1342,12.098799876364623,832.9869694709778,61.54214504665883
9,33,862.2907659709454,39390.25,32.68499914926001,0.4550003341799968,986,13.548515971102356,862.2907659709454,67.05974707645431
9,34,874.1630214899778,39532.14,32.69499914922,0.4550003341799968,990,10.141477570187593,874.1630214899777,65.69168605799557
9,35,461.7812143266201,20544.336,32.704999149180004,0.4550003341799968,990,8.64019356742583,461.7812143266201,64.19040205523383
9,36,885.4016577005386,36806.285,32.714999149140006,0.4550003341799968,457,6.3765634235276165,885.4016577005384,62.1915403912422
9,37,981.4267737567425,39132.11,32.72499914910001,0.4550003341799968,457,1.8885507396846404,981.4267737567426,57.87273211080982
9,38,735.4070860743523,32599.121,32.73499914906001,0.4550003341799968,2568,5.046382809753853,735.4070860743523,66.90841148614055
9,39,301.67718464136124,13937.838,32.74499914902,0.4550003341799968,2568,0.7437632287797431,301.67718464136124,63.153854070097594
9,40,1240.3368605077267,76417.06,32.754999148980005,0.4550003341799968,2568,6.131835031219209,1240.3368605077267,67.88057515478236
9,41,990.0601944625378,52022.0,32.76499914894001,0.4550003341799968,1520,6.428619146087201,990.0601944625378,59.67574558005625
9,42,1283.4352367818356,67204.38,32.77499914890001,0.4550003341799968,1520,9.859143208934526,1283.4352367818356,63.10626964290357
9,43,1013.0878078043461,58519.945,32.78499914886,0.4550003341799968,2240,4.701234654950291,1013.0878078043462,67.54037066837724
9,44,1151.493725568056,56321.484,32.794999148820004,0.4550003341799968,2240,1.9317562218910973,1151.493725568056,65.23924637693521
9,45,344.64904031157494,21497.402,32.804999148780006,0.4550003341799968,2240,6.8790093583640815,344.64904031157494,69.71814537179104
9,46,479.8056639432907,29463.834,32.81499914874001,0.4550003341799968,1961,5.458631441411213,479.8056639432907,72.15003987677588
9,47,582.3614169061184,29312.541,32.82499914870001,0.4550003341799968,1961,6.690342317581271,582.3614169061184,73.38175075294593
9,48,464.0063320994377,19662.217,32.83499914866,0.4550003341799968,205,8.916432737356258,464.00633209943777,74.84938628949557
9,49,163.67102497816086,7910.0176,32.844999148620005,0.4550003341799968,205,10.25056966302601,0.0,0.0
9,50,512.3476013243198,25547.29,32.854999148580006,0.4550003341799968,205,13.878205824422697,512.3476013243198,79.81115937656202
9,51,159.06257835030556,8941.722,32.86499914854001,0.4550003341799968,206,12.572088393057443,0.0,0.0
9,52,69.7307558953762,2810.4756,32.8749991485,0.4550003341799968,206,8.509910628181627,0.0,0.0
10,0,2656.3271653056145,87011.055,32.35499915058001,0.4450003342199968,1546,19.554215898213332,2656.327165305615,84.66795447660228
10,1,1850.757173538208,34701.848,32.36499915054001,0.4450003342199968,1546,14.209379675175946,1850.757173538208,79.32311825356491
10,2,2146.588066458702,38497.016,32.3749991505,0.4450003342199968,1546,9.132611616863263,2146.588066458702,74.2463501952522
10,3,2284.0252039432526,47488.312,32.384999150460004,0.4450003342199968,1546,5.182830497637392,2284.025203943252,70.29656907602636
10,4,1714.71144926548,32935.047,32.394999150420006,0.4450003342199968,1546,5.681362672969673,1714.71144926548,70.79510125135863
10,5,1265.3170017004013,20225.508,32.40499915038001,0.4450003342199968,1546,9.982637151981544,1265.3170017004013,75.0963757303705
10,6,1468.6141002178192,39743.266,32.41499915034001,0.4450003342199968,1223,15.0598546840404,1468.6141002178192,70.08796245398752
10,7,1745.9398244023323,48384.965,32.4249991503,0.4450003342199968,1223,17.20921479073188,1745.939824402332,72.23732256067899
10,8,1267.8110906481743,25295.988,32.434999150260005,0.4450003342199968,970,14.573202988157309,1267.8110906481745,79.70364339524158
10,9,1203.8973751664162,15106.305,32.444999150220006,0.4450003342199968,970,9.798038678169629,1203.8973751664162,74.9284790852539
10,10,1915.6766303181648,34200.953,32.45499915018001,0.4450003342199968,970,6.448557309624791,1915.6766303181646,71.57899771670905
10,11,1659.2828131914139,22432.516,32.46499915014,0.4450003342199968,970,7.00893955201918,1659.2828131914134,72.13937995910345
10,12,2600.1195883750916,69934.51,32.474999150100004,0.4450003342199968,969,6.331949831775745,2600.1195883750916,61.52635165296501
10,13,2824.140959262848,83299.66,32.484999150060005,0.4450003342199968,969,7.03033042771099,2824.140959262848,62.22473224890028
10,14,1501.0597367286682,33570.992,32.49499915002001,0.4450003342199968,969,10.987106807764484,1501.0597367286682,66.18150862895376
10,15,2728.3594185113907,70906.38,32.50499914998001,0.4450003342199968,963,10.967676352225157,2728.3594185113907,60.80056560705411
10,16,4107.14397418499,132765.9,32.51499914994,0.4450003342199968,963,8.49513320941164,4107.14397418499,58.32802246424058
10,17,6049.25181388855,252398.31,32.524999149900005,0.4450003342199968,905,8.006920300098962,6049.251813888549,50.466370003618906
10,18,5158.657737255096,173008.36,32.534999149860006,0.4450003342199968,905,6.171119828615643,5158.657737255096,48.63056953213558
10,19,4967.699438989162,166435.19,32.54499914982001,0.4450003342199968,310,7.501371349365868,4967.6994389891615,56.73157188206988
10,20,6106.425355911255,161587.81,32.55499914978,0.4450003342199968,309,3.1614958167488063,6106.425355911255,51.39045469364075
10,21,6044.07852935791,213777.34,32.564999149740004,0.4450003342199968,309,2.851493889849363,6044.078529357909,51.57961068933213
10,22,3698.0879760980606,97193.91,32.574999149700005,0.4450003342199968,982,3.29249661765709,3698.087976098061,49.31970524718719
10,23,5083.7512884140015,154975.33,32.58499914966001,0.4450003342199968,982,2.649262212920074,5083.7512884140015,48.85782386750352
10,24,4687.690835475922,133501.0,32.59499914962001,0.4450003342199968,445,3.921091815670034,4687.690835475922,48.27503251839847
10,25,8861.084150314331,340836.8,32.60499914958,0.4450003342199968,446,4.022760465763847,8861.084150314331,45.42876697012863
10,26,8401.704889297485,319518.06,32.614999149540004,0.4450003342199968,979,1.9979665864234175,8401.704889297489,46.12302832063744
10,27,6016.646354675293,239653.72,32.624999149500006,0.4450003342199968,983,5.346099407823373,6016.646354675293,51.54578156309347
10,28,3458.074833035469,87942.75,32.63499914946001,0.4450003342199968,984,8.459012257652413,3458.0748330354686,55.31187523261062
10,29,2313.698834657669,49366.242,32.64499914942001,0.4450003342199968,985,8.435585003764935,2313.698834657669,54.713139965322576
10,30,3955.262630224228,116627.04,32.654999149380004,0.4450003342199968,985,9.18630879711215,3955.2626302242275,55.463863758669795
10,31,1533.7612529695034,44570.14,32.664999149340005,0.4450003342199968,985,12.63235754354093,1533.7612529695036,58.90991250509856
10,32,345.54855927824974,13955.788,32.67499914930001,0.4450003342199968,453,13.804907519009046,345.54855927824974,69.67173355404013
10,33,895.5791714787483,41754.535,32.68499914926001,0.4450003342199968,453,14.07297600047642,895.5791714787483,69.93980203550751
10,34,1130.2533821165562,49005.53,32.69499914922,0.4450003342199968,455,11.15561982709075,1130.2533821165562,66.10507383067375
10,35,808.4346114993095,36178.03,32.704999149180004,0.4450003342199968,455,8.775702692168453,808.4346114993095,63.725156695751444
10,36,386.2687711715698,10049.502,32.714999149140006,0.4450003342199968,456,5.160441667209073,386.2687711715698,60.40055507881223
10,37,398.5444992482662,28574.877,32.72499914910001,0.4450003342199968,456,1.7779223770872525,398.5444992482662,57.14877128601023
10,39,231.79932856559753,10817.082,32.74499914902,0.4450003342199968,2304,4.516476631666431,0.0,0.0
10,40,1318.407184123993,81066.14,32.754999148980005,0.4450003342199968,2304,1.5809887649846712,1318.407184123993,57.788403284078484
10,41,2348.0593361854553,155753.16,32.76499914894001,0.4450003342199968,1520,2.2834996363728375,2348.0593361854553,56.20001400808342
10,42,1327.6293687820435,63451.95,32.77499914890001,0.4450003342199968,1520,7.816004815643074,1327.6293687820435,61.06313124961213
10,43,1172.4447417855263,63966.523,32.78499914886,0.4450003342199968,2240,5.97182856054039,1172.4447417855263,68.81096457396735
10,44,192.01166328787804,10323.881,32.794999148820004,0.4450003342199968,1936,3.4551486373761566,0.0,0.0
10,45,271.3041997849941,10770.925,32.804999148780006,0.4450003342199968,1936,2.8215608121724567,0.0,0.0
10,46,1207.7300993204117,72218.45,32.81499914874001,0.4450003342199968,1961,1.469730942973567,1207.7300993204117,69.68243846153986
10,47,1158.4003325998783,67153.95,32.82499914870001,0.4450003342199968,1961,4.138131481476832,1158.4003325998783,71.66494289906558
10,48,567.3148219585419,27793.617,32.83499914866,0.4450003342199968,1961,9.697791918932106,567.3148219585419,76.38920035429676
10,49,429.44431605935097,20193.88,32.844999148620005,0.4450003342199968,1961,15.262018768161363,429.44431605935097,81.95342720352602
10,51,69.33801132440567,1910.4053,32.86499914854001,0.4450003342199968,206,10.567182734629066,0.0,0.0
10,52,132.07330736517906,3964.4119,32.8749991485,0.4450003342199968,206,5.101619672597277,0.0,0.0
10,53,613.0122123062611,30579.305,32.884999148460004,0.4450003342199968,206,1.5318970109879637,613.0122123062611,76.0093847034035
11,0,2196.038997709751,43357.223,32.35499915058001,0.4350003342599968,1516,19.96401649704053,2196.0389977097516,78.2293444410002
11,1,2677.7162716388702,61419.32,32.36499915054001,0.4350003342599968,1516,15.055357905445724,2677.7162716388693,73.32068584940541
11,2,2819.5124801397324,59385.82,32.3749991505,0.4350003342599968,1516,10.803918801056406,2819.512480139732,69.06924674501609
11,3,1992.6760547161102,31669.135,32.384999150460004,0.4350003342599968,1516,8.291232362574167,1992.6760547161107,66.55656030653385
11,4,1704.5475800037384,34318.914,32.394999150420006,0.4350003342599968,1582,8.545150031421892,1704.5475800037384,65.89203402692924
11,5,2478.0298438072205,44928.29,32.40499915038001,0.4350003342599968,1223,9.337373700104386,2478.0298438072205,64.36548147005149
11,6,2511.5256583690643,51449.305,32.41499915034001,0.4350003342599968,1223,9.725501806737313,2511.5256583690643,64.75360957668441
11,7,2835.740938425064,86658.89,32.4249991503,0.4350003342599968,1223,12.80403202128072,2835.740938425064,67.83213979122783
11,8,1785.402931690216,42165.68,32.434999150260005,0.4350003342599968,1223,17.18313415657901,1785.402931690216,72.21124192652611
11,9,2780.4550392627716,66596.65,32.444999150220006,0.4350003342599968,970,13.958260001875743,2780.4550392627725,79.08870040895998
11,10,3118.400511741638,82709.87,32.45499915018001,0.4350003342599968,970,11.849698380826892,3118.400511741638,76.98013878791116
11,11,1969.225970864296,26048.184,32.46499915014,0.4350003342599968,969,7.524643686687044,1969.225970864296,62.71904550787632
11,12,3593.7060708999634,89683.055,32.474999150100004,0.4350003342599968,969,1.9983010360074387,3593.7060708999634,57.67508140367744
11,13,2635.939838051796,44847.938,32.484999150060005,0.4350003342599968,969,3.6503649517798213,2635.939838051796,59.17566138104326
11,14,3065.3491488695145,80125.9,32.49499915002001,0.4350003342599968,969,9.198702863100221,3065.3491488695145,64.39310468428951
11,15,1756.3430303931236,41252.785,32.50499914998001,0.4350003342599968,969,14.760288522849754,1756.3430303931236,69.95469034403902
11,16,3671.8835656642914,141774.28,32.51499914994,0.4350003342599968,905,10.703269039065294,3671.8835656642914,53.162718742585234
11,17,5947.32147860527,236481.66,32.524999149900005,0.4350003342599968,905,5.154891127644721,5947.32147860527,48.00541604377301
11,18,6507.616732597351,229142.64,32.534999149860006,0.4350003342599968,905,0.7381394074743379,6507.616732597351,43.896765488320135
11,19,5954.635649561882,188588.19,32.54499914982001,0.4350003342599968,905,6.039520665056095,5954.635649561882,48.49897036857604
11,20,4682.093532085419,113749.04,32.55499914978,0.4350003342599968,309,7.322535214610067,4682.09353208542,55.55149409150201
11,21,6094.493556976318,191151.64,32.564999149740004,0.4350003342599968,308,3.6415887094919777,6094.493556976319,49.59321414765757
11,22,4968.982137680054,148667.14,32.574999149700005,0.4350003342599968,308,4.526887761568021,4968.982137680053,50.47851319973362
11,23,4679.547137260437,128727.125,32.58499914966001,0.4350003342599968,445,4.173348997875325,4679.547137260437,48.52728970060375
11,24,6692.258544921875,243965.16,32.59499914962001,0.4350003342599968,446,4.610177347797828,6692.258544921875,46.01618385216262
11,25,9673.664936065674,391354.4,32.60499914958,0.4350003342599968,446,2.1919270317249984,9673.664936065674,44.15817971433204
11,26,7577.317416667938,269827.88,32.614999149540004,0.4350003342599968,983,4.208995046057732,7577.317416667938,50.98622256948324
11,27,6787.922028541565,266501.94,32.624999149500006,0.4350003342599968,983,1.4329435447432468,6787.922028541565,48.7136534767987
11,28,2194.6016677618027,56433.457,32.63499914946001,0.4350003342599968,978,6.788481638502127,2194.6016677618027,52.444693772811256
11,29,4787.776424407959,136928.62,32.64499914942001,0.4350003342599968,985,3.150785303293828,4787.776424407958,49.42834026485148
11,30,4498.08286857605,121199.19,32.654999149380004,0.4350003342599968,985,4.812132893801733,4498.08286857605,51.08968785535938
11,31,1383.0956189632416,34208.65,32.664999149340005,0.4350003342599968,985,9.916895218744825,1383.0956189632416,56.19445018030247
11,32,466.7653623521328,19477.586,32.67499914930001,0.4350003342599968,453,8.347936990965128,466.7653623521328,64.21476302599622
11,33,1310.2286486625671,80031.875,32.68499914926001,0.4350003342599968,453,8.784146737544669,1310.2286486625671,64.65097277257577
11,34,1748.9383552074432,91810.57,32.69499914922,0.4350003342599968,455,7.689798208914296,1748.9383552074435,62.6392522124973
11,35,1274.229871839285,52410.066,32.704999149180004,0.4350003342599968,455,3.420248603328991,1274.229871839285,58.369702606912
11,36,1407.034468561411,57306.17,32.714999149140006,0.4350003342599968,1053,4.699428259538589,1407.034468561411,60.29895960820227
11,37,200.93376857042313,3961.8472,32.72499914910001,0.4350003342599968,1053,1.3184119250226578,0.0,0.0
11,38,612.0845596194267,32336.707,32.73499914906001,0.4350003342599968,1054,1.6327064035978822,612.0845596194267,59.941253957320995
11,39,419.17218431830406,17815.062,32.74499914902,0.4350003342599968,1054,4.216450750050035,419.1721843183041,62.44562096156195
11,40,451.6496750116348,17193.648,32.754999148980005,0.4350003342599968,2304,4.6588920510532015,451.6496750116348,60.44683544548605
11,41,1693.704797834158,101744.68,32.76499914894001,0.4350003342599968,2564,5.21009226801347,1693.704797834158,58.248745646002895
11,42,775.756646245718,37914.066,32.77499914890001,0.4350003342599968,2564,6.909497816956946,775.756646245718,59.948151194946355
11,43,721.4472079873085,34009.49,32.78499914886,0.4350003342599968,1291,7.215944463803096,721.4472079873085,66.65781131955588
11,44,513.1609652638435,23362.504,32.794999148820004,0.4350003342599968,1936,5.184082246164471,513.1609652638435,69.32723372759148
11,45,456.49975246191025,16920.121,32.804999148780006,0.4350003342599968,1936,4.785171057070232,456.49975246191025,68.92832253849724
11,46,604.8803204298019,27159.38,32.81499914874001,0.4350003342599968,1961,6.040221219510032,604.8803204298018,72.73162965487471
11,47,346.76962074637413,17688.559,32.82499914870001,0.4350003342599968,1961,7.172746718926782,346.76962074637413,73.86415515429144
11,48,807.5401157736778,50776.605,32.83499914866,0.4350003342599968,1961,11.33010730040939,807.5401157736779,78.02151573577405
11,49,498.53695264458656,21056.34,32.844999148620005,0.4350003342599968,1622,14.995005330671127,498.53695264458656,76.5767898279046
11,50,112.13712325692177,5131.169,32.854999148580006,0.4350003342599968,206,16.57805318276736,0.0,0.0
11,51,524.8352465927601,19478.441,32.86499914854001,0.4350003342599968,206,11.279805265852328,524.8352465927602,84.39152775095657
11,52,701.8828404545784,32022.152,32.8749991485,0.4350003342599968,206,6.449432469011428,701.8828404545785,79.56115495411568
11,53,773.509666621685,46065.13,32.884999148460004,0.4350003342599968,206,4.232654526509476,773.509666621685,77.93131301970362
11,54,66.43627092242241,1328.3086,32.894999148420005,0.4350003342599968,206,7.496303245000759,0.0,0.0
12,0,889.2837690114975,16169.635,32.35499915058001,0.4250003342999968,1516,18.407160597745623,889.2837690114974,76.6724885417053
12,1,1934.3004972934723,31435.781,32.36499915054001,0.4250003342999968,1516,12.919961619066816,1934.3004972934723,71.18528956302649
12,2,1715.2522814273834,28855.24,32.3749991505,0.4250003342999968,1516,7.5489249590198435,1715.2522814273834,65.81425290297952
12,3,3665.6619889736176,85812.67,32.384999150460004,0.4250003342999968,1516,3.001023270034705,3665.6619889736176,61.26635121399438
12,4,3703.386245250702,120341.86,32.394999150420006,0.4250003342999968,1582,3.2650049815407436,3703.386245250702,60.611888977048075
12,5,3222.9001648426056,83524.46,32.40499915038001,0.4250003342999968,1223,4.115023864833907,3222.900164842605,59.14313163478102
12,6,4120.008971691132,101781.44,32.41499915034001,0.4250003342999968,1223,4.932773984848914,4120.008971691132,59.96088175479601
12,7,3110.79389834404,78438.59,32.4249991503,0.4250003342999968,1223,9.679365154530208,3110.79389834404,64.70747292447732
12,8,2289.9417247772217,62425.375,32.434999150260005,0.4250003342999968,1223,15.000232439390523,2289.9417247772217,70.02834020933763
12,9,3499.1091825962067,90724.164,32.444999150220006,0.4250003342999968,971,11.286049535243482,3499.1091825962067,58.66606568003781
12,10,3419.0246764421463,77434.24,32.45499915018001,0.4250003342999968,971,7.929861790841463,3419.0246764421463,55.30987793563581
12,11,3855.7948117256165,137750.9,32.46499915014,0.4250003342999968,971,7.768495012771869,3855.7948117256165,55.148511157566205
12,12,2541.831766486168,50056.89,32.474999150100004,0.4250003342999968,969,5.463839025191562,2541.831766486168,60.65824084638083
12,13,3198.5191049575806,80946.484,32.484999150060005,0.4250003342999968,969,6.259831798369696,3198.5191049575806,61.45423361955898
12,14,3827.7510899305344,126614.99,32.49499915002001,0.4250003342999968,969,10.510778478605003,3827.751089930534,65.70518029979429
12,15,3007.7881994247437,85664.8,32.50499914998001,0.4250003342999968,966,14.943821161376569,3007.788199424743,59.356694599672885
12,16,1892.1072801351547,61003.9,32.51499914994,0.4250003342999968,967,10.043941502226286,1892.1072801351547,52.379025366868945
12,17,7294.509994506836,331616.44,32.524999149900005,0.4250003342999968,967,5.669053252340576,7294.509994506836,48.00413711698322
12,18,7304.607997894287,242571.88,32.534999149860006,0.4250003342999968,906,4.902815987272884,7304.607997894286,44.972476604389946
12,19,7552.148971557617,232818.14,32.54499914982001,0.4250003342999968,474,3.8041679467388425,7552.148971557617,47.88527918516919
12,20,5535.368421971798,154425.72,32.55499914978,0.4250003342999968,474,2.943987497849268,5535.368421971798,47.2717366257885
12,21,7244.989035606384,234260.12,32.564999149740004,0.4250003342999968,307,3.17931345269077,7244.989035606384,49.105797400266475
12,22,6073.004777431488,166839.5,32.574999149700005,0.4250003342999968,307,4.069262211065218,6073.004777431489,49.99574615864092
12,23,5776.968315124512,173790.47,32.58499914966001,0.4250003342999968,317,8.975541486917884,5776.968315124513,53.422304333590525
12,24,6746.8294105529785,246696.98,32.59499914962001,0.4250003342999968,446,8.475635022224399,6746.829410552978,49.881641526589185
12,25,8309.659999847412,348639.12,32.60499914958,0.4250003342999968,446,7.442257585183095,8309.65999984741,48.84826408954788
12,26,5531.9860663414,144536.05,32.614999149540004,0.4250003342999968,975,2.4892085549070995,5531.986066341399,46.71274448565687
12,27,3953.3671427965164,98040.98,32.624999149500006,0.4250003342999968,975,3.8086466487413775,3953.3671427965164,47.787861620579804
12,28,4073.853746652603,107949.44,32.63499914946001,0.4250003342999968,452,7.181024101956543,4073.853746652603,50.73186806167797
12,29,6702.789218902588,200687.42,32.64499914942001,0.4250003342999968,985,3.264431528379067,6702.789218902587,49.54198648993672
12,30,4946.631544113159,151357.94,32.654999149380004,0.4250003342999968,985,4.887298657093872,4946.631544113159,51.16485361865151
12,31,1896.658725231886,100781.36,32.664999149340005,0.4250003342999968,453,8.077572335568437,1896.658725231886,63.94439837059954
12,32,1624.187710762024,105275.72,32.67499914930001,0.4250003342999968,453,3.280448735488746,1624.187710762024,59.14727477051984
12,33,1808.9851641654968,125252.49,32.68499914926001,0.4250003342999968,453,4.270190371372505,1808.9851641654968,60.1370164064036
12,34,2449.121213912964,165180.38,32.69499914922,0.4250003342999968,455,7.468524001794272,2449.121213912964,62.41797800537727
12,35,2303.382781267166,141941.84,32.704999149180004,0.4250003342999968,455,2.8885904486668816,2303.382781267166,58.3313170372626
12,36,1685.259329199791,96190.41,32.714999149140006,0.4250003342999968,455,4.782057258821827,1685.259329199791,59.73151126240483
12,37,611.5587760806084,20525.531,32.72499914910001,0.4250003342999968,997,2.3504909607658933,611.5587760806084,58.6803939883776
12,38,280.1844485402107,10021.293,32.73499914906001,0.4250003342999968,997,6.356780301811277,0.0,0.0
12,39,679.8382713198662,34084.707,32.74499914902,0.4250003342999968,1054,7.591002531468247,679.8382713198663,65.65350027764462
12,40,1043.323610395193,43300.812,32.754999148980005,0.4250003342999968,1289,5.753012130363277,1043.323610395193,58.04425198346854
12,41,1346.8246208429337,64020.37,32.76499914894001,0.4250003342999968,2305,0.38121942815691534,1346.8246208429337,53.1188247622535
12,42,1176.8448624014854,57460.03,32.77499914890001,0.4250003342999968,2564,4.6540117407884924,1176.8448624014852,57.692665118777924
12,43,816.4673515856266,39254.34,32.78499914886,0.4250003342999968,1004,4.367883694397412,816.4673515856265,63.99961692313118
12,44,1176.1495758593082,63331.43,32.794999148820004,0.4250003342999968,1291,0.8608369675496124,1176.1495758593082,60.947536018158054
12,45,1017.886103451252,55132.5,32.804999148780006,0.4250003342999968,1292,2.5898793565684413,1017.886103451252,64.05105153100524
12,46,724.1550053358078,38720.965,32.81499914874001,0.4250003342999968,1623,3.2956040410666985,724.1550053358078,65.71096201562916
12,47,701.4344931840897,34185.57,32.82499914870001,0.4250003342999968,1622,6.103303371364094,701.4344931840895,67.68508786859759
12,48,502.3823114037514,24830.14,32.83499914866,0.4250003342999968,1622,7.185966607672178,502.3823114037515,68.76775110490566
12,49,198.08626851439476,9671.694,32.844999148620005,0.4250003342999968,1622,11.313042604094424,0.0,0.0
12,50,294.0345758795738,16365.378,32.854999148580006,0.4250003342999968,2389,15.61904948942907,0.0,0.0
12,51,462.9800542294979,25542.16,32.86499914854001,0.4250003342999968,206,14.309555346983062,462.9800542294979,87.42127783208733
12,52,494.8977397084236,21832.47,32.8749991485,0.4250003342999968,206,10.914419204206906,494.8977397084236,84.02614168931116
12,53,252.6979168355465,10983.762,32.884999148460004,0.4250003342999968,1615,8.381188198800334,0.0,0.0
12,54,693.7983239293098,31513.566,32.894999148420005,0.4250003342999968,1615,3.209344199179496,693.7983239293098,74.84882237561219
13,0,383.3527497649193,5962.003,32.35499915058001,0.41500033433999683,1516,18.46742752395703,383.3527497649193,76.7327554679167
13,1,1456.2901210784912,29596.324,32.36499915054001,0.41500033433999683,1516,13.005680540424114,1456.2901210784912,71.2710084843838
13,2,601.4841597676277,3620.795,32.3749991505,0.41500033433999683,1516,7.694711568234348,601.4841597676277,65.96003951219403
13,3,2783.9506070017815,64341.766,32.384999150460004,0.41500033433999683,1516,3.3508892474530674,2783.9506070017815,61.616217191412744
13,4,2338.062059044838,64322.105,32.394999150420006,0.41500033433999683,1582,3.203379075878531,2338.062059044838,60.55026307138587
13,5,3026.6181812286377,88943.68,32.40499915038001,0.41500033433999683,1223,2.939558930387063,3026.6181812286377,58.30736913781998
13,6,1907.1587923169136,31816.156,32.41499915034001,0.41500033433999683,1223,4.004977463440709,1907.1587923169131,59.03308523338782
13,7,2211.5211052894592,54307.65,32.4249991503,0.41500033433999683,1223,9.241087332765519,2211.5211052894592,64.26919510271263
13,8,2552.8878605365753,53369.97,32.434999150260005,0.41500033433999683,971,14.252726032239178,2552.8878605365758,61.63274217703351
13,9,5384.011791229248,191961.11,32.444999150220006,0.41500033433999683,971,8.757224470584836,5384.011791229248,56.13724061537918
13,10,4320.168270111084,135703.73,32.45499915018001,0.41500033433999683,971,3.4923880566293986,4320.168270111084,50.87240420142374
13,11,4839.296800613403,151634.89,32.46499915014,0.41500033433999683,971,3.1086300969561655,4839.296800613403,50.4886462417505
13,12,3138.635389447212,68700.22,32.474999150100004,0.41500033433999683,1840,5.952512644942433,3138.635389447212,50.81360373755055
13,13,4433.693368077278,157741.34,32.484999150060005,0.41500033433999683,1840,8.735782363304086,4433.693368077278,53.5968734559122
13,14,5399.935358047485,183102.31,32.49499915002001,0.41500033433999683,961,10.520747670744463,5399.935358047486,51.531851701139246
13,15,4348.045126438141,134019.84,32.50499914998001,0.41500033433999683,966,9.519162939729336,4348.045126438141,53.93203637802566
13,16,4010.2622269392014,136995.28,32.51499914994,0.41500033433999683,967,9.016601605703027,4010.2622269392004,51.35168547034568
13,17,5640.79374063015,202161.9,32.524999149900005,0.41500033433999683,967,3.5435163882358567,5640.79374063015,45.878600252878506
13,18,6570.771464467049,240746.94,32.534999149860006,0.41500033433999683,475,1.0782277900651498,6570.771464467047,41.64101496314206
13,19,6520.947855949402,206528.9,32.54499914982001,0.41500033433999683,500,3.4795271500538267,6520.947855949403,46.84879287930914
13,20,6299.865040779114,171983.47,32.55499914978,0.41500033433999683,500,2.964293209675786,6299.865040779113,46.584633857026155
13,21,9069.772226333618,327385.3,32.564999149740004,0.41500033433999683,472,2.86283361534186,9069.77222633362,49.37914527122003
13,22,7368.958660125732,210651.45,32.574999149700005,0.41500033433999683,317,2.7320076680548984,7368.958660125733,47.52168976033458
13,23,6284.2037172317505,182168.9,32.58499914966001,0.41500033433999683,412,5.8746827205527605,6284.2037172317505,43.32474958588994
13,24,8523.974306106567,330452.25,32.59499914962001,0.41500033433999683,412,6.811047425268149,8523.97430610657,44.26111429060532
13,25,6025.910400390625,206418.66,32.60499914958,0.41500033433999683,975,10.33247896028395,6025.910400390626,54.31169393212236
13,26,5839.074336051941,187306.9,32.614999149540004,0.41500033433999683,976,6.6799227360086215,5839.074336051941,49.40853101737267
13,27,4911.428056716919,128430.516,32.624999149500006,0.41500033433999683,976,1.2343438224673626,4911.428056716919,44.43456791780901
13,28,6719.193660736084,206226.31,32.63499914946001,0.41500033433999683,2601,4.348106766542786,6719.193660736084,47.41440541913759
13,29,7467.988592147827,218215.28,32.64499914942001,0.41500033433999683,452,1.160898421398144,7467.988592147827,45.081042147600975
13,30,4363.247268199921,133741.19,32.654999149380004,0.41500033433999683,452,5.58518284507297,4363.24726819992,49.1360268047944
13,31,2493.981007307768,90316.44,32.664999149340005,0.41500033433999683,453,8.263242598502147,2493.9810073077683,64.13006863353324
13,32,1632.7574496269226,98911.984,32.67499914930001,0.41500033433999683,453,3.7142088405917226,1632.757449626923,59.581034875622805
13,33,1914.8729646205902,115149.14,32.68499914926001,0.41500033433999683,453,4.611781566067765,1914.8729646205902,60.47860760109885
13,34,2298.836983680725,130334.94,32.69499914922,0.41500033433999683,453,9.523692768374923,2298.836983680725,65.39051880340602
13,35,2353.3900871276855,143508.62,32.704999149180004,0.41500033433999683,455,8.182329775558978,2353.3900871276855,63.13178377914198
13,36,1070.294945627451,49657.715,32.714999149140006,0.41500033433999683,455,9.026330228975672,1070.2949456274507,63.97578423255868
13,37,1125.435220181942,44669.29,32.72499914910001,0.41500033433999683,997,7.897967168197508,1125.4352201819418,64.14488916186616
13,38,932.2999771237373,44417.992,32.73499914906001,0.41500033433999683,997,9.862136352676304,932.2999771237371,66.10905834634495
13,39,124.58014279603958,3915.6897,32.74499914902,0.41500033433999683,1290,8.322903116044774,0.0,0.0
13,40,667.7358594238758,26496.938,32.754999148980005,0.41500033433999683,1289,7.731853312968718,667.7358594238758,60.023093166073984
13,41,1477.953392982483,74012.6,32.76499914894001,0.41500033433999683,2306,2.7182314518961044,1477.953392982483,54.70227133677132
13,42,1332.7851355075836,62231.344,32.77499914890001,0.41500033433999683,2306,3.097651656556914,1332.7851355075836,54.65386183409129
13,43,939.3665618598461,38603.008,32.78499914886,0.41500033433999683,1005,4.3693513111913935,939.366561859846,58.22858301011633
13,44,1097.3486677110195,52510.074,32.794999148820004,0.41500033433999683,1004,5.1285816008994916,1097.3486677110195,64.35098326516194
13,45,724.635858207941,30312.617,32.804999148780006,0.41500033433999683,2558,3.4490049679000134,724.635858207941,67.1756032230481
13,46,660.6923680603504,27491.885,32.81499914874001,0.41500033433999683,2558,2.6237516675067507,660.6923680603504,66.59014331588455
13,47,911.023808568716,42755.47,32.82499914870001,0.41500033433999683,1622,1.5315912125690565,911.0238085687159,64.03756428885723
13,48,1413.4905802607536,83606.516,32.83499914866,0.41500033433999683,1622,4.090669344507571,1413.4905802607539,66.01258707242144
13,49,233.16640079021454,8739.997,32.844999148620005,0.41500033433999683,2389,7.878779663552992,0.0,0.0
13,50,264.964618742466,11311.992,32.854999148580006,0.41500033433999683,1727,12.567587434351406,0.0,0.0
13,51,774.3937430679798,41684.44,32.86499914854001,0.41500033433999683,1727,16.830985174432076,774.3937430679797,74.29692887106978
13,52,656.578121393919,31581.094,32.8749991485,0.41500033433999683,1615,14.22020738525141,656.578121393919,85.85968556168409
13,53,647.9823288917542,29814.29,32.884999148460004,0.41500033433999683,1615,8.961632653313798,647.9823288917542,80.60111082974646
13,54,702.4795533120632,24797.66,32.894999148420005,0.41500033433999683,1615,4.512918609728875,702.4795533120632,76.15239678616156
14,0,430.6103575229645,6550.0835,32.35499915058001,0.40500033437999683,1516,20.130298282398268,430.6103575229645,78.39562622635795
14,1,1692.0264012813568,37798.67,32.36499915054001,0.40500033437999683,1516,15.275167950149925,1692.0264012813568,73.5404958941096
14,2,1274.511532008648,34428.32,32.3749991505,0.40500033437999683,1516,11.108177875063062,1274.511532008648,69.37350581902275
14,3,563.6268522143364,8831.458,32.384999150460004,0.40500033437999683,1516,8.683978830836566,563.6268522143364,66.94930677479624
14,4,1736.0386050343513,36889.2,32.394999150420006,0.40500033437999683,1582,8.474888139815244,1736.0386050343511,65.82177213532259
14,5,2194.2240285873413,57101.03,32.40499915038001,0.40500033437999683,1223,7.893624231403356,2194.2240285873413,62.92173200135046
14,6,2661.5785588026047,65069.176,32.41499915034001,0.40500033437999683,1223,8.349140152377842,2661.5785588026047,63.37724792232495
14,7,2952.41131401062,70317.44,32.4249991503,0.40500033437999683,1223,11.792624470116023,2952.4113140106206,66.82073224006312
14,8,2371.840744674206,58856.727,32.434999150260005,0.40500033437999683,971,14.642915596650228,2371.8407446742053,62.02293174144457
14,9,2812.113175392151,68264.3,32.444999150220006,0.40500033437999683,971,9.378899628888458,2812.113175392151,56.75891577368279
14,10,3982.501279592514,125446.52,32.45499915018001,0.40500033437999683,971,4.844744798092247,3982.501279592514,52.224760942886576
14,11,3990.107362270355,98517.94,32.46499915014,0.40500033437999683,971,4.575845156936139,3990.107362270355,51.95586130173048
14,12,6652.367713928223,224381.6,32.474999150100004,0.40500033437999683,1840,0.9452165567787495,6652.367713928223,46.25540868337744
14,13,7558.024389266968,262965.78,32.484999150060005,0.40500033437999683,1841,4.1598002895832,7558.024389266968,47.09869446055756
14,14,5598.517831802368,202084.12,32.49499915002001,0.40500033437999683,961,4.966910486287433,5598.517831802368,46.34916604399596
14,15,4360.108944416046,109005.93,32.50499914998001,0.40500033437999683,966,4.457784959746291,4360.108944416046,48.870658398042615
14,16,5110.306589722633,176197.48,32.51499914994,0.40500033437999683,966,4.600165579279015,5110.306589722633,49.01303901757534
14,17,3040.2397032380104,87867.53,32.524999149900005,0.40500033437999683,476,7.111272403650131,3040.23970323801,48.37044241580867
14,18,2821.8512974381447,62135.61,32.534999149860006,0.40500033437999683,477,4.699784866664942,2821.8512974381447,44.58542883601729
14,19,7898.076392173767,308010.3,32.54499914982001,0.40500033437999683,907,0.9851536465884576,7898.076392173767,40.860610480373985
14,20,4617.058449149132,125399.516,32.55499914978,0.40500033437999683,500,4.666039830289034,4617.058449149132,48.03530555954435
14,21,6094.3786824941635,202456.8,32.564999149740004,0.40500033437999683,318,4.878264527517247,6094.3786824941635,49.00489620751553
14,22,9785.287313461304,354977.22,32.574999149700005,0.40500033437999683,318,3.5087307428593624,9785.287313461304,47.635362422857646
14,23,7616.996625900269,167106.19,32.58499914966001,0.40500033437999683,412,1.716694143484426,7616.996625900269,39.500754134888595
14,24,8247.751034140587,181312.42,32.59499914962001,0.40500033437999683,412,3.850390726194478,8247.751034140587,41.47208153353387
14,25,4715.202131867409,116144.09,32.60499914958,0.40500033437999683,413,8.101076757359543,4715.202131867409,45.83239845569456
14,26,4905.562665939331,150980.16,32.614999149540004,0.40500033437999683,1463,7.145825373491512,4905.562665939331,45.44636910793192
14,27,6644.550952911377,182698.84,32.624999149500006,0.40500033437999683,2601,4.659430060103438,6644.550952911377,47.52328837761885
14,28,6115.5195055007935,173493.86,32.63499914946001,0.40500033437999683,1335,4.863636280413308,6115.519505500793,43.29914599264663
14,29,7547.6346826553345,219048.69,32.64499914942001,0.40500033437999683,1341,5.390118587941645,7547.634682655336,43.91047950783634
14,30,5097.351204872131,167125.0,32.654999149380004,0.40500033437999683,246,7.72487704150712,5097.351204872131,48.70277410607328
14,31,3644.0910652279854,129789.6,32.664999149340005,0.40500033437999683,246,7.4584668110918555,3644.0910652279863,48.436363875658
14,32,2034.2878848910332,146726.81,32.67499914930001,0.40500033437999683,453,8.876376638088535,2034.287884891033,64.74320267311963
14,33,2114.729492664337,130208.44,32.68499914926001,0.40500033437999683,453,9.287800822734983,2114.729492664337,65.15462685776606
14,34,2488.446958065033,170857.75,32.69499914922,0.40500033437999683,1769,5.725248480668054,2488.446958065033,51.30237540494517
14,35,1994.0400523245335,127274.02,32.704999149180004,0.40500033437999683,1769,4.974887586545664,1994.0400523245335,50.55201451082278
14,36,1004.4789151251316,57218.984,32.714999149140006,0.40500033437999683,454,8.785948710023908,1004.4789151251316,54.22702526813914
14,37,1329.6879447698593,50682.58,32.72499914910001,0.40500033437999683,996,12.55539066399768,1329.6879447698595,58.89153257073524
14,38,1786.746591001749,108110.14,32.73499914906001,0.40500033437999683,1290,8.342333213666581,1786.746591001749,61.99238012153086
14,39,1013.4023939371109,33399.184,32.74499914902,0.40500033437999683,1290,3.4088705382460973,1013.4023939371108,57.05891744611038
14,40,770.3212053179741,32067.453,32.754999148980005,0.40500033437999683,1290,3.9503526522163686,770.3212053179741,57.600399560080646
14,41,1016.3225544989109,55348.754,32.76499914894001,0.40500033437999683,1007,3.5148281286091243,1016.3225544989111,54.150272525518865
14,42,1503.0749146938324,71188.45,32.77499914890001,0.40500033437999683,2241,3.817102715368547,1503.0749146938326,57.709983474100746
14,43,1520.315466850996,72460.34,32.78499914886,0.40500033437999683,1002,0.8255573225469299,1520.315466850996,55.95008222473401
14,44,812.2497607171535,38128.61,32.794999148820004,0.40500033437999683,1002,6.387560415355468,812.2497607171535,61.15919009002305
14,45,946.9762457311153,43662.375,32.804999148780006,0.40500033437999683,2558,7.4996693942102794,946.9762457311153,71.22626764935836
14,46,537.0808848440647,21623.906,32.81499914874001,0.40500033437999683,1726,5.118620905639962,537.0808848440647,67.01823054653464
14,47,126.86022138595581,3784.0557,32.82499914870001,0.40500033437999683,1726,2.6644394715824493,0.0,0.0
14,48,341.9275381267071,13581.4,32.83499914866,0.40500033437999683,2389,2.0286338645595925,341.9275381267071,62.51651569924164
14,49,67.61092436313629,2329.2412,32.844999148620005,0.40500033437999683,1727,4.717545590338675,0.0,0.0
14,50,340.91381654143333,11934.264,32.854999148580006,0.40500033437999683,2250,9.144049636834577,340.91381654143333,66.25406094628562
14,51,680.9231880009174,32124.725,32.86499914854001,0.40500033437999683,1713,12.788276213004178,680.9231880009177,67.43996494176147
14,52,407.1391450166702,12885.619,32.8749991485,0.40500033437999683,1429,10.741350546176934,407.1391450166702,73.75828524665319
14,53,459.1311541199684,18277.492,32.884999148460004,0.40500033437999683,1429,10.229976850376575,459.13115411996836,73.24691155085283
14,54,494.20275071263313,19251.074,32.894999148420005,0.40500033437999683,1615,9.612163651935063,494.202750712633,81.25164182836777
15,0,978.4200137257576,25784.914,32.35499915058001,0.3950003344199968,1517,21.60696700639301,978.4200137257576,88.0933302789447
15,1,218.99934703111649,5261.948,32.36499915054001,0.3950003344199968,1517,17.074622474899822,0.0,0.0
15,2,953.3877804875374,22065.822,32.3749991505,0.3950003344199968,1517,13.348537557992895,953.3877804875374,79.83490083054458
15,3,1169.0535817146301,24860.912,32.384999150460004,0.3950003344199968,1517,11.259804174387712,1169.0535817146301,77.74616744693941
15,4,1186.3902700543404,22782.97,32.394999150420006,0.3950003344199968,1517,11.719297674594907,1186.3902700543404,78.20566094714661
15,5,1891.272108078003,54851.28,32.40499915038001,0.3950003344199968,1223,13.33935200121402,1891.2721080780027,68.36745977116114
15,6,3120.1651768684387,87883.77,32.41499915034001,0.3950003344199968,1223,13.61385873254685,3120.1651768684387,68.64196650249394
15,7,3148.693687915802,82834.66,32.4249991503,0.3950003344199968,1223,15.959166651140452,3148.693687915802,70.98727442108755
15,8,2147.6612313985825,43455.523,32.434999150260005,0.3950003344199968,971,16.960261392310294,2147.6612313985825,64.34027753710463
15,9,1730.2426626682281,40199.715,32.444999150220006,0.3950003344199968,965,12.242463463760608,1730.2426626682281,59.245365832997344
15,10,4233.037238121033,131576.06,32.45499915018001,0.3950003344199968,965,6.678179936261607,4233.037238121033,53.68108230549835
15,11,5235.582006454468,179888.38,32.46499915014,0.3950003344199968,965,1.1301662233481389,5235.582006454469,49.08321846438859
15,12,6793.073842048645,275608.66,32.474999150100004,0.3950003344199968,956,1.6328283429563037,6793.073842048643,48.0186721130623
15,13,7796.2084312438965,293103.2,32.484999150060005,0.3950003344199968,1841,1.4480013187341512,7796.208431243896,45.09791329848678
15,14,7341.102365493774,248911.69,32.49499915002001,0.3950003344199968,961,0.7842062932822453,7341.102365493775,42.978372636096466
15,15,6184.082852363586,190902.9,32.50499914998001,0.3950003344199968,244,1.7364628798272272,6184.082852363586,42.952395598975514
15,16,6205.535190105438,192249.17,32.51499914994,0.3950003344199968,966,3.5184682086558,6205.535190105438,47.93134164695212
15,17,6853.272834420204,297294.97,32.524999149900005,0.3950003344199968,966,8.696453758659386,6853.272834420204,53.10932719695572
15,18,7388.1728348731995,281360.38,32.534999149860006,0.3950003344199968,477,5.490063602047963,7388.1728348732,45.37570757140031
15,19,9503.712755203247,429781.3,32.54499914982001,0.3950003344199968,192,3.142932763291196,9503.712755203247,41.862713005786624
15,20,8928.712802886963,365445.56,32.55499914978,0.3950003344199968,193,3.7431703280565243,8928.712802886963,39.785999524214965
15,21,9576.029430389404,294181.06,32.564999149740004,0.3950003344199968,1738,7.333958100171711,9576.029430389404,44.4044587180709
15,22,14622.497619628906,367968.84,32.574999149700005,0.3950003344199968,444,4.555310595229609,14622.497619628904,41.56518042536183
15,23,12347.419044494629,236150.88,32.58499914966001,0.3950003344199968,438,1.4563151610229104,12347.419044494629,40.683279659472475
15,24,12702.514663696289,255013.89,32.59499914962001,0.3950003344199968,413,0.8887257321500857,12702.514663696289,38.90295134565751
15,25,9062.183440208435,241319.66,32.60499914958,0.3950003344199968,413,6.328837722863043,9062.183440208437,44.06015942119806
15,26,7397.486095428467,267257.56,32.614999149540004,0.3950003344199968,1463,4.798929287411709,7397.486095428466,43.428269945266145
15,27,7939.545486807823,283757.16,32.624999149500006,0.3950003344199968,2602,0.6083325759803404,7939.545486807823,39.56315711538101
15,28,8449.023569107056,264414.62,32.63499914946001,0.3950003344199968,1482,2.307667850327125,8449.023569107056,41.00703328213133
15,29,8156.042664527893,252823.12,32.64499914942001,0.3950003344199968,1340,3.479079295019957,8156.042664527894,41.95463669590873
15,30,7501.311128139496,249654.5,32.654999149380004,0.3950003344199968,460,2.940635092849083,7501.311128139496,43.293982962315276
15,31,8379.615901947021,318292.3,32.664999149340005,0.3950003344199968,246,2.841092912278056,8379.615901947021,44.213727131335546
15,32,2952.3114296793938,156147.22,32.67499914930001,0.3950003344199968,246,8.123165862747886,2952.3114296793938,49.10106292731404
15,33,2908.4961614608765,206886.22,32.68499914926001,0.3950003344199968,245,9.11581313465055,2908.496161460876,54.57197950790775
15,34,2564.4339596033096,151481.89,32.69499914922,0.3950003344199968,245,3.604490322185433,2564.43395960331,49.451221226736315
15,35,2957.841490060091,205781.84,32.704999149180004,0.3950003344199968,454,1.9648907771064952,2957.841490060091,48.06379110380133
15,36,975.6820776164532,60604.727,32.714999149140006,0.3950003344199968,454,7.410111390722382,975.6820776164532,52.851187948837605
15,37,1238.6451803445816,59902.1,32.72499914910001,0.3950003344199968,1019,8.635959359324191,1238.6451803445816,52.876403743470966
15,38,2058.947846353054,123673.734,32.73499914906001,0.3950003344199968,996,4.895946065096312,2058.947846353054,51.23208797183388
15,39,1303.7532406747341,73651.04,32.74499914902,0.3950003344199968,1290,3.991339614501757,1303.7532406747341,57.641386522366034
15,40,988.2841590642929,47645.594,32.754999148980005,0.3950003344199968,1001,4.231738744701559,988.2841590642928,55.115913943433796
15,41,1681.0678412616253,104642.34,32.76499914894001,0.3950003344199968,1001,1.3436473665162507,1681.0678412616253,52.3640691534009
15,42,1452.9605208933353,73608.3,32.77499914890001,0.3950003344199968,1000,4.343327463335783,1452.9605208933353,53.32764902879072
15,43,184.68246556818485,3321.6265,32.78499914886,0.3950003344199968,1002,5.711411369781244,0.0,0.0
15,44,255.8682006597519,8548.529,32.794999148820004,0.3950003344199968,1002,8.528751550014324,0.0,0.0
15,45,199.33665612339973,8679.309,32.804999148780006,0.3950003344199968,1003,9.258895270766558,0.0,0.0
15,46,218.0633566379547,7711.712,32.81499914874001,0.3950003344199968,1003,3.918547726072591,0.0,0.0
15,47,178.1393561065197,9447.744,32.82499914870001,0.3950003344199968,1003,2.6347492783569058,0.0,0.0
15,48,545.0043550729752,21271.742,32.83499914866,0.3950003344199968,1727,3.2382006129719674,545.0043550729752,60.704144309609674
15,49,1173.5926445424557,69099.4,32.844999148620005,0.3950003344199968,2250,2.644167030074479,1173.5926445424557,60.12858212521333
15,50,1178.7936317920685,60963.727,32.854999148580006,0.3950003344199968,1713,4.917001651999262,1178.7936317920685,59.56869038075659
15,51,935.304149389267,45613.81,32.86499914854001,0.3950003344199968,1713,9.710017971585888,935.304149389267,64.3617067003432
15,52,960.9062456786633,53289.617,32.8749991485,0.3950003344199968,1429,5.856001382411139,960.9062456786634,68.8729360828874
15,53,506.8541661798954,20086.18,32.884999148460004,0.3950003344199968,1429,4.854746851709811,506.85416617989534,67.87168155218609
15,54,147.5559712946415,4555.91,32.894999148420005,0.3950003344199968,1429,8.648895572809637,0.0,0.0
16,0,582.8517964482307,15232.811,32.35499915058001,0.3850003344599968,1517,19.343524040134987,582.8517964482307,85.8298873126867
16,1,1420.4516238570213,35719.875,32.36499915054001,0.3850003344599968,1517,14.10154713980981,1420.4516238570213,80.5879104123615
16,2,1780.1975477933884,41548.54,32.3749991505,0.3850003344599968,1517,9.246315699405411,1780.1975477933884,75.73267897195711
16,3,1718.1567670106888,28443.242,32.384999150460004,0.3850003344599968,1517,5.839014396409971,1718.1567670106886,72.32537766896168
16,4,2425.9971717596054,57284.805,32.394999150420006,0.3850003344599968,1517,6.682277834817229,2425.9971717596054,73.16864110736896
16,5,1644.8918278217316,38008.945,32.40499915038001,0.3850003344599968,1517,10.824536841529644,1644.8918278217316,77.31090011408136
16,6,1491.852994441986,25919.969,32.41499915034001,0.3850003344599968,1222,11.407292877457069,1491.852994441986,84.5864488832844
16,7,2798.1843859553337,72638.99,32.4249991503,0.3850003344599968,1222,10.5650416446476,2798.1843859553333,83.74419765047496
16,8,1648.1255821585655,33034.195,32.434999150260005,0.3850003344599968,840,12.446063750019384,1648.1255821585655,66.3957166977832
16,9,2281.4564163684845,54796.58,32.444999150220006,0.3850003344599968,839,12.855426221410143,2281.4564163684845,63.59567351794712
16,10,3508.114991426468,87691.445,32.45499915018001,0.3850003344599968,965,8.551907324106512,3508.114991426468,55.554809693343245
16,11,3500.6700508594513,89018.9,32.46499915014,0.3850003344599968,965,5.460247916662441,3500.6700508594513,52.463150285899175
16,12,2907.4011619091034,77000.875,32.474999150100004,0.3850003344599968,960,5.513370170852629,2907.4011619091034,51.61082475124781
16,13,4617.544049739838,129099.805,32.484999150060005,0.3850003344599968,960,3.9263839800885565,4617.544049739838,50.023838560483746
16,14,5259.8458914756775,154344.5,32.49499915002001,0.3850003344599968,243,5.304084248265829,5259.8458914756775,46.88538486874745
16,15,7986.854417324066,285825.7,32.50499914998001,0.3850003344599968,243,2.173965031103054,7986.854417324066,44.40481094999769
16,16,8680.241876602173,316622.1,32.51499914994,0.3850003344599968,243,6.578597953359998,8680.241876602173,48.15989857384163
16,17,8528.659923553467,319960.84,32.524999149900005,0.3850003344599968,972,7.557118345427112,8528.659923553467,43.43994347033289
16,18,9375.339427947998,466871.44,32.534999149860006,0.3850003344599968,193,9.570388017324488,9375.339427948,45.613217213482926
16,19,9390.337633132935,408593.38,32.54499914982001,0.3850003344599968,193,4.379698232753104,9390.337633132935,40.42252742891156
16,20,10402.694931030273,445540.7,32.55499914978,0.3850003344599968,194,1.159411920391119,10402.694931030273,36.99644536868775
16,21,13649.898738861084,366553.38,32.564999149740004,0.3850003344599968,1738,1.7679907444572147,13649.898738861084,39.209157320179024
16,22,15193.531269073486,375117.25,32.574999149700005,0.3850003344599968,319,2.246496551720475,15193.531269073488,36.69907281894647
16,23,12597.766386032104,276165.12,32.58499914966001,0.3850003344599968,319,4.881337011911572,12597.766386032104,38.72312037693695
16,24,13537.633110046387,313624.44,32.59499914962001,0.3850003344599968,413,6.097318035415515,13537.633110046387,43.82863973375053
16,25,11598.71236038208,289721.72,32.60499914958,0.3850003344599968,653,7.579541811657469,11598.71236038208,43.96741120568598
16,26,8847.133690834045,209689.84,32.614999149540004,0.3850003344599968,1513,4.134893175539376,8847.133690834045,40.93078272523592
16,27,9360.33991241455,430444.62,32.624999149500006,0.3850003344599968,450,0.535656485669667,9360.339912414553,36.632066904375854
16,28,6171.644072055817,176592.39,32.63499914946001,0.3850003344599968,450,5.103960390961248,6171.644072055817,40.56467262377799
16,29,9362.167009353638,374277.88,32.64499914942001,0.3850003344599968,447,2.8341862556398834,9362.167009353638,39.03247531069219
16,30,8429.864828109741,290950.0,32.654999149380004,0.3850003344599968,460,3.4904468447921646,8429.864828109741,43.55578187989492
16,31,6963.01466178894,223171.25,32.664999149340005,0.3850003344599968,246,4.740844039255972,6963.01466178894,45.718741103822126
16,32,3031.6321118175983,128032.195,32.67499914930001,0.3850003344599968,246,8.966025702732782,3031.632111817598,49.943922767298936
16,33,1962.872464954853,120135.84,32.68499914926001,0.3850003344599968,245,11.089359358210546,1962.8724649548535,56.54552573146772
16,34,1435.956548333168,88269.266,32.69499914922,0.3850003344599968,245,7.2710516675645165,1435.9565483331683,52.727218040821704
16,35,3543.6090245246887,241119.64,32.704999149180004,0.3850003344599968,316,3.0853165973668926,3543.6090245246887,46.01208479610065
16,36,3030.9415456056595,203685.1,32.714999149140006,0.3850003344599968,1019,2.836139778405596,3030.9415456056604,47.42387679891271
16,37,2304.0321328639984,158643.12,32.72499914910001,0.3850003344599968,1019,4.37084621213888,2304.032132863999,48.611290596285656
16,38,1873.6296421289444,119113.555,32.73499914906001,0.3850003344599968,996,2.228197783842691,1873.6296421289442,48.813534078073204
16,39,2597.492695212364,151347.69,32.74499914902,0.3850003344599968,995,1.9337508086125892,2597.492695212364,50.10225853206492
16,40,2985.8265924453735,209783.02,32.754999148980005,0.3850003344599968,1910,1.6598293749248876,2985.8265924453735,53.064592938795236
16,41,2406.4863728284836,135214.81,32.76499914894001,0.3850003344599968,1000,4.50342258954315,2406.4863728284836,53.48774415499808
16,42,1325.6869346797466,82029.47,32.77499914890001,0.3850003344599968,1000,5.954972369217645,1325.6869346797466,54.93929393467258
16,43,304.7306829690933,8304.066,32.78499914886,0.3850003344599968,1000,10.611389619084765,304.7306829690933,59.5957111845397
16,44,76.18512445688248,2095.8896,32.794999148820004,0.3850003344599968,1002,12.90887250879184,0.0,0.0
16,45,142.04375195503235,3201.9587,32.804999148780006,0.3850003344599968,1725,11.224105007765907,0.0,0.0
16,47,174.35642924904823,10305.076,32.82499914870001,0.3850003344599968,1003,7.52709151370627,0.0,0.0
16,48,1646.4036254882812,111181.31,32.83499914866,0.3850003344599968,1717,6.02076184293615,1646.4036254882812,60.189853414945894
16,49,2378.3290050029755,170862.88,32.844999148620005,0.3850003344599968,1717,2.1073055813196953,2378.329005002976,57.07042985664614
16,50,1564.888951510191,79189.08,32.854999148580006,0.3850003344599968,1713,4.108778073650397,1564.8889515101912,58.76046680240771
16,51,2269.709632843733,136596.97,32.86499914854001,0.3850003344599968,1428,8.005128271333723,2269.709632843733,66.79017810824297
16,52,831.5502084493637,29511.701,32.8749991485,0.3850003344599968,1429,3.8948176247497384,831.5502084493637,66.911752325226
16,53,552.7477480173111,16579.07,32.884999148460004,0.3850003344599968,1429,2.108416261900469,552.7477480173111,65.26513138734717
16,54,218.82691350579262,7535.63,32.894999148420005,0.3850003344599968,1429,7.461919777686312,0.0,0.0
17,0,345.40718936920166,17063.723,32.35499915058001,0.3750003344999968,1517,18.532229570980352,345.4071893692017,85.01859284353203
17,1,777.3429217040539,16052.532,32.36499915054001,0.3750003344999968,1517,12.966311823973559,777.3429217040539,79.45267509652527
17,2,1054.402281165123,17767.195,32.3749991505,0.3750003344999968,1517,7.400403002087748,1054.402281165123,73.88676627463944
17,3,1699.9181426167488,39933.883,32.384999150460004,0.3750003344999968,1517,1.8345843403128925,1699.9181426167488,68.92543153593567
17,4,1679.387442946434,31261.41,32.394999150420006,0.3750003344999968,1517,3.731547620214435,1679.387442946434,70.5711787498931
17,5,1024.6579613685608,15937.993,32.40499915038001,0.3750003344999968,1517,9.297430204839989,1024.6579613685608,75.7837934773917
17,6,1675.1747524142265,28262.887,32.41499915034001,0.3750003344999968,1222,6.645296595733933,1675.1747524142265,79.82445260156129
17,7,2126.1183819770813,56632.617,32.4249991503,0.3750003344999968,1222,5.06495222152473,2126.1183819770813,78.24410822735209
17,8,1330.2043907642365,9949.493,32.434999150260005,0.3750003344999968,839,7.3856381515756215,1330.2043907642365,58.125885448112605
17,9,3075.8660880327225,71035.445,32.444999150220006,0.3750003344999968,839,7.558179458202071,3075.866088032722,58.298426754739054
17,10,2319.8166122436523,50328.707,32.45499915018001,0.3750003344999968,839,11.030118556502572,2319.8166122436523,61.77036585303954
17,11,1656.1171045303345,33314.562,32.46499915014,0.3750003344999968,965,10.968684991135012,1656.1171045303345,57.97158736037175
17,12,3158.7015928030014,97552.91,32.474999150100004,0.3750003344999968,960,10.102115685357713,3158.7015928030014,56.19957026575288
17,13,3921.1323294639587,130116.12,32.484999150060005,0.3750003344999968,960,9.331236886854757,3921.1323294639587,55.42869146724993
17,14,4786.885702133179,136075.56,32.49499915002001,0.3750003344999968,243,9.060850798184664,4786.885702133179,50.642151418666295
17,15,6906.654251098633,235966.25,32.50499914998001,0.3750003344999968,243,7.661059419605153,6906.654251098632,49.242360040086794
17,16,8963.047443389893,369940.8,32.51499914994,0.3750003344999968,1843,5.100645145759479,8963.047443389893,40.04257904845719
17,17,10236.356266021729,494841.97,32.524999149900005,0.3750003344999968,972,2.056865045556764,10236.356266021729,38.39284450741927
17,18,9623.418270111084,353123.25,32.534999149860006,0.3750003344999968,972,6.472751077285563,9623.418270111084,42.35557620219135
17,19,9804.402683258057,495962.6,32.54499914982001,0.3750003344999968,195,7.3043975017874745,9804.402683258057,41.2538177931866
17,20,12748.63020324707,524692.2,32.55499914978,0.3750003344999968,196,3.0325369739297905,12748.630203247072,36.89429108512349
17,21,15522.053489685059,492522.97,32.564999149740004,0.3750003344999968,479,2.1840459334611615,15522.053489685059,40.39754386773985
17,22,16177.78572845459,466953.47,32.574999149700005,0.3750003344999968,1737,3.388943885049404,16177.785728454592,37.34473706292694
17,23,15254.468322753906,379535.56,32.58499914966001,0.3750003344999968,423,5.402017368465581,15254.468322753908,39.60577744395441
17,24,15331.85977935791,411232.9,32.59499914962001,0.3750003344999968,1325,3.335173322655712,15331.85977935791,35.48716455409074
17,25,14579.759685516357,408140.38,32.60499914958,0.3750003344999968,1329,3.3142252746937135,14579.759685516357,34.13884143544666
17,26,13927.080757141113,362038.47,32.614999149540004,0.3750003344999968,653,1.5342477288553935,13927.080757141113,38.43871518653713
17,27,12895.609886169434,413074.1,32.624999149500006,0.3750003344999968,801,1.177400149531045,12895.609886169434,34.70438024211194
17,28,9616.845952033997,281710.84,32.63499914946001,0.3750003344999968,803,4.591981252596782,9616.845952033997,40.326920544010996
17,29,9723.13822555542,383578.6,32.64499914942001,0.3750003344999968,803,1.1143365067842603,9723.13822555542,37.05875752712124
17,30,8500.595867156982,306953.0,32.654999149380004,0.3750003344999968,462,4.7372094789584445,8500.595867156982,40.50379397170933
17,31,6041.345701217651,190731.1,32.664999149340005,0.3750003344999968,461,4.080202127630932,6041.3457012176505,43.61665897881319
17,32,6560.08464384079,226390.28,32.67499914930001,0.3750003344999968,461,6.585734348997758,6560.08464384079,45.7250641559743
17,33,3890.939931869507,314177.5,32.68499914926001,0.3750003344999968,2303,9.194871605797841,3890.9399318695077,47.087235348041425
17,34,2842.227159023285,219557.28,32.69499914922,0.3750003344999968,315,8.350862350747292,2842.2271590232854,49.519916878191616
17,35,3959.399130344391,317718.78,32.704999149180004,0.3750003344999968,315,2.7879414356668897,3959.3991303443904,44.86636875796881
17,36,4154.289535522461,335745.8,32.714999149140006,0.3750003344999968,315,2.7869958249065196,4154.289535522462,44.86542314720842
17,37,3039.874167919159,207109.31,32.72499914910001,0.3750003344999968,998,3.5854599445262885,3039.874167919159,46.62523371430631
17,38,2292.7519925534725,124042.99,32.73499914906001,0.3750003344999968,999,1.6531675297098014,2292.7519925534725,42.870027040017014
17,39,2988.0244584083557,180536.28,32.74499914902,0.3750003344999968,995,3.672021199088751,2988.0244584083557,51.44264800988609
17,40,3631.1359815597534,280316.7,32.754999148980005,0.3750003344999968,994,2.547778968640669,3631.1359815597534,47.18280466834472
17,41,3282.778890609741,239622.1,32.76499914894001,0.3750003344999968,994,6.109247541469958,3282.778890609741,50.19835344703586
17,42,1880.2426685392857,118428.89,32.77499914890001,0.3750003344999968,1000,10.677996529632269,1880.2426685392857,59.6623180950872
17,43,1459.6757749021053,98346.98,32.78499914886,0.3750003344999968,1000,13.826044395151964,1459.6757749021053,62.810365960606894
17,44,653.9552264809608,19725.469,32.794999148820004,0.3750003344999968,1725,11.6728044515088,653.955226480961,62.242755212430644
17,45,2010.546695560217,119825.58,32.804999148780006,0.3750003344999968,1725,6.828731455671425,2010.5466955602162,57.39868221659327
17,46,1349.752634435892,55211.14,32.81499914874001,0.3750003344999968,1725,4.355203285258645,1349.7526344358923,55.572869704862576
17,47,1280.2941490113735,88098.31,32.82499914870001,0.3750003344999968,1725,7.2981525641738205,1280.2941490113735,57.86810332509567
17,48,2107.2248002290726,126832.95,32.83499914866,0.3750003344999968,1717,9.522278609166186,2107.2248002290726,63.691370181175934
17,49,1336.30597910285,54270.895,32.844999148620005,0.3750003344999968,1717,7.67234993690259,1336.30597910285,61.84144150891234
17,50,770.7850001752377,31557.16,32.854999148580006,0.3750003344999968,1713,8.458600402878211,770.7850001752377,63.11028913163553
17,51,1038.4665465950966,52928.91,32.86499914854001,0.3750003344999968,1428,4.483335028408918,1038.4665465950968,63.268384865318154
17,52,2254.42435836792,151119.47,32.8749991485,0.3750003344999968,1712,1.5882339191679538,2254.42435836792,61.65952236850089
17,53,1336.8610044717789,92137.09,32.884999148460004,0.3750003344999968,1712,6.565086794191028,1336.8610044717789,65.47725375106816
17,54,703.2665359377861,26526.854,32.894999148420005,0.3750003344999968,1429,9.925613855686738,703.266535937786,72.942548556163
18,0,327.05318173766136,16555.992,32.35499915058001,0.3650003345399968,2417,18.813532609449457,327.0531817376613,85.53217526730128
18,2,128.29309599101543,1634.3154,32.3749991505,0.3650003345399968,2417,7.746284584030148,0.0,0.0
18,3,1224.5740260481834,22128.219,32.384999150460004,0.3650003345399968,2417,2.4436452093704926,1224.5740260481834,69.34019362036895
18,4,1309.484947860241,15497.789,32.394999150420006,0.3650003345399968,2418,3.3929528772475073,1309.484947860241,70.2173877534804
18,5,1552.5014246106148,30948.566,32.40499915038001,0.3650003345399968,2418,8.843401086102872,1552.5014246106148,75.66783596233576
18,6,2404.039164185524,55970.17,32.41499915034001,0.3650003345399968,1222,4.489355677909425,2404.039164185524,77.66851168373678
18,7,1174.0329046845436,17460.336,32.4249991503,0.3650003345399968,840,1.2416313093931417,1174.0329046845436,55.24851328369361
18,8,3708.4236365556717,80819.97,32.434999150260005,0.3650003345399968,839,2.8935196212557384,3708.4236365556717,53.82678702052624
18,9,4053.353977203369,124744.76,32.444999150220006,0.3650003345399968,839,3.309211630429571,4053.353977203369,54.04945892696656
18,10,912.4405812621117,11898.363,32.45499915018001,0.3650003345399968,839,8.68840147916088,912.4405812621117,59.428648775697866
18,11,2396.09282374382,50482.562,32.46499915014,0.3650003345399968,838,7.261930282292423,2396.0928237438206,51.03692800416648
18,12,2242.0014328360558,44243.617,32.474999150100004,0.3650003345399968,838,7.36324534197933,2242.0014328360558,51.13824306385339
18,13,4289.956926584244,162621.22,32.484999150060005,0.3650003345399968,1023,10.754858233913344,4289.956926584243,50.9278344607073
18,14,4157.21426486969,124324.22,32.49499915002001,0.3650003345399968,1022,6.360226407997208,4157.21426486969,47.60429711672859
18,15,7108.036088943481,238685.27,32.50499914998001,0.3650003345399968,1022,2.4842478558457377,7108.036088943481,44.04187356220244
18,16,9476.596393585205,399878.2,32.51499914994,0.3650003345399968,722,1.41394169270827,9476.596393585205,40.325137489485414
18,17,10313.293685913086,472203.47,32.524999149900005,0.3650003345399968,720,1.8705672718319624,10313.293685913088,37.963406019517116
18,18,10659.986778259277,431942.22,32.534999149860006,0.3650003345399968,483,3.364682045707512,10659.986778259277,35.711441901510625
18,19,10585.696296691895,484277.9,32.54499914982001,0.3650003345399968,324,3.4669976223642194,10585.696296691895,36.03950904973509
18,20,13069.204452514648,512678.4,32.55499914978,0.3650003345399968,197,4.611466903016472,13069.204452514645,34.526339174169955
18,21,15713.147857666016,475731.94,32.564999149740004,0.3650003345399968,197,3.0671810824285157,15713.147857666012,32.98205335358199
18,22,15819.286506652832,471581.2,32.574999149700005,0.3650003345399968,422,2.170968774980134,15819.286506652832,33.91539309926491
18,23,14449.880336761475,317086.25,32.58499914966001,0.3650003345399968,424,0.18783490993362795,14449.880336761475,34.57526165092564
18,24,14937.527629852295,338887.94,32.59499914962001,0.3650003345399968,1619,2.4061618954758934,14937.527629852295,34.75678852727947
18,25,14354.749374389648,332951.6,32.60499914958,0.3650003345399968,2447,0.09418552599121846,14354.749374389648,29.796710171459445
18,26,15274.84107208252,420693.47,32.614999149540004,0.3650003345399968,1427,1.1547050279504498,15274.84107208252,36.519880192924326
18,27,15960.978733062744,438823.94,32.624999149500006,0.3650003345399968,802,0.8943116679431264,15960.978733062744,34.291472243883774
18,28,11691.48713684082,302279.97,32.63499914946001,0.3650003345399968,804,0.6781092636147155,11691.487136840822,32.83326662391791
18,29,9975.19514465332,381128.84,32.64499914942001,0.3650003345399968,599,1.6343749009724602,9975.19514465332,37.000661940927365
18,30,8619.390565872192,288806.25,32.654999149380004,0.3650003345399968,462,0.84961842534927,8619.390565872192,36.842381798467784
18,31,8207.708080291748,336463.8,32.664999149340005,0.3650003345399968,461,1.551581493821171,8207.708080291748,41.281008319971406
18,32,6010.225297927856,191436.28,32.67499914930001,0.3650003345399968,461,5.397337551535318,6010.225297927857,44.536667358511856
18,33,3519.449460506439,193766.38,32.68499914926001,0.3650003345399968,2171,4.19724166141523,3519.449460506439,41.931981521173164
18,34,3394.3264083862305,258729.55,32.69499914922,0.3650003345399968,2303,3.9888244307686063,3394.3264083862305,41.881188173012184
18,35,3446.0724925994873,239875.95,32.704999149180004,0.3650003345399968,2170,4.593305605797747,3446.0724925994873,43.878415048626316
18,36,3905.9605533480644,346511.62,32.714999149140006,0.3650003345399968,1431,2.3016561393373025,3905.9605533480644,42.017926235436235
18,37,3609.908618927002,280603.94,32.72499914910001,0.3650003345399968,1667,6.150766347533239,3609.908618927002,45.604333630075395
18,38,3796.293390274048,274302.56,32.73499914906001,0.3650003345399968,890,2.2134990908041345,3796.293390274048,46.39164259124784
18,39,3656.071267604828,252330.78,32.74499914902,0.3650003345399968,1666,2.5514498178095057,3656.071267604828,44.7748882395019
18,40,4128.163164138794,339609.38,32.754999148980005,0.3650003345399968,1010,1.8329837760745131,4128.163164138794,45.51076034663544
18,41,3013.4796557426453,199040.3,32.76499914894001,0.3650003345399968,994,6.319950230845432,3013.4796557426453,50.40905613641135
18,42,2139.3792009353638,138908.25,32.77499914890001,0.3650003345399968,1015,8.215818795858947,2139.3792009353638,52.85600319357314
18,43,1324.4951075911522,67096.69,32.78499914886,0.3650003345399968,1015,10.730949533555588,1324.495107591152,55.37113393126978
18,44,509.34135150909424,17116.719,32.794999148820004,0.3650003345399968,1725,10.902573794100121,509.3413515090941,61.47252455502195
18,45,1451.2008902281523,57060.0,32.804999148780006,0.3650003345399968,1725,5.407709761656172,1451.200890228152,55.97766052257801
18,46,2750.0458405017853,180416.62,32.81499914874001,0.3650003345399968,1718,0.3407145589046143,2750.0458405017844,51.548941703666834
18,47,2225.571740090847,168170.36,32.82499914870001,0.3650003345399968,1718,5.38997838338317,2225.5717400908475,55.98505768592983
18,48,751.956123650074,27001.25,32.83499914866,0.3650003345399968,1718,10.952016269512924,751.956123650074,60.89307724891351
18,49,948.4561792016029,37175.547,32.844999148620005,0.3650003345399968,1717,13.238197830514224,948.456179201603,67.40728940252396
18,50,785.0072582364082,36556.695,32.854999148580006,0.3650003345399968,1428,10.82789588823306,785.007258236408,69.61294572514232
18,51,390.25535678863525,15534.543,32.86499914854001,0.3650003345399968,1428,6.170836152234534,390.25535678863525,64.95588598914378
18,52,725.4440110623837,21158.916,32.8749991485,0.3650003345399968,1712,4.319141536526385,725.4440110623837,64.26431648816377
18,53,563.6760412156582,20522.967,32.884999148460004,0.3650003345399968,1712,7.6962887969341,563.6760412156582,66.60845575381123
18,54,361.66236624121666,14625.926,32.894999148420005,0.3650003345399968,1712,12.71887383815526,361.66236624121655,71.6310407950324
19,0,222.3169823139906,14960.141,32.35499915058001,0.3550003345799968,1564,16.600712148063646,0.0,0.0
19,1,131.65846598148346,4225.116,32.36499915054001,0.3550003345799968,1564,13.730250234369379,0.0,0.0
19,2,582.350021854043,35513.023,32.3749991505,0.3550003345799968,2417,8.74907777637486,582.3500218540429,75.46772043422668
19,3,569.5831124186516,30998.996,32.384999150460004,0.3550003345799968,2417,4.744769645573186,569.5831124186516,71.46341230342499
19,4,118.91065335273743,683.8139,32.394999150420006,0.3550003345799968,2417,5.51709424188545,0.0,0.0
19,5,175.72311091423035,323.10208,32.40499915038001,0.3550003345799968,2417,10.016128572950464,0.0,0.0
19,6,1468.8635769486427,32878.63,32.41499915034001,0.3550003345799968,1222,7.6229504435354,1468.8635769486427,80.80210644936275
19,7,2887.1352216005325,70325.99,32.4249991503,0.3550003345799968,840,6.2698345460648035,2887.1352216005325,60.2194874938286
19,8,3205.8415311574936,85285.27,32.434999150260005,0.3550003345799968,839,4.915076011160856,3205.8415311574936,55.65532330769784
19,9,2797.9077463150024,76086.27,32.444999150220006,0.3550003345799968,839,5.170725095367892,2797.9077463150024,55.91097239190488
19,10,1729.6194936037064,36837.914,32.45499915018001,0.3550003345799968,838,8.30225873292854,1729.6194936037064,52.0772564548026
19,11,3839.9324135780334,100832.65,32.46499915014,0.3550003345799968,838,2.9069292695310915,3839.9324135780325,46.83232167493641
19,12,2061.6506477594376,30092.088,32.474999150100004,0.3550003345799968,838,3.151505722565194,2061.6506477594376,46.926503444439255
19,13,5025.042474746704,192328.66,32.484999150060005,0.3550003345799968,838,8.565789612900208,5025.042474746704,52.34078733477427
19,14,4918.851418018341,157566.12,32.49499915002001,0.3550003345799968,1023,3.3524781558877064,4918.851418018341,43.83651135100762
19,15,7419.8910779953,257581.6,32.50499914998001,0.3550003345799968,1023,2.3058095152345404,7419.891077995302,42.969640209934525
19,16,9662.80407333374,411616.7,32.51499914994,0.3550003345799968,496,0.3196378434507957,9662.80407333374,39.09557386255473
19,17,9575.683759689331,433750.88,32.524999149900005,0.3550003345799968,725,2.8136531096746156,9575.683759689331,36.20986864930485
19,18,10312.484020233154,451127.44,32.534999149860006,0.3550003345799968,1024,1.2068441352092008,10312.484020233154,33.77074091378962
19,19,10422.98104095459,474166.8,32.54499914982001,0.3550003345799968,324,2.5586849568110592,10422.98104095459,35.451561493161115
19,20,13035.934043884277,537996.6,32.55499914978,0.3550003345799968,320,0.8154895193809001,13035.934043884277,32.653632141959555
19,21,15067.829429626465,531586.7,32.564999149740004,0.3550003345799968,198,1.259483839787407,15067.829429626467,30.35409563604227
19,22,16112.308631896973,486567.8,32.574999149700005,0.3550003345799968,322,1.2451786798422357,16112.308631896973,29.49550395289631
19,23,15991.670082092285,508295.16,32.58499914966001,0.3550003345799968,2373,2.4188845027908608,15991.670082092285,31.142799832002936
19,24,15382.426448822021,419107.0,32.59499914962001,0.3550003345799968,435,2.227378299454404,15382.426448822021,32.014858181151325
19,25,14140.726387023926,420575.53,32.60499914958,0.3550003345799968,1148,1.8993724691153642,14140.72638702393,35.045408259403246
19,26,16034.82485961914,476599.53,32.614999149540004,0.3550003345799968,2559,0.4553350678628273,16034.82485961914,33.40550939760131
19,27,12812.342559814453,247494.52,32.624999149500006,0.3550003345799968,1344,2.5970651234445588,12812.342559814455,40.18936364596743
19,28,11528.291006088257,184983.66,32.63499914946001,0.3550003345799968,1772,1.055869348625494,11528.291006088253,35.523341087765395
19,29,10499.995784759521,497078.06,32.64499914942001,0.3550003345799968,600,4.741921485985299,10499.995784759521,36.97782870285753
19,30,10155.90884590149,414463.06,32.654999149380004,0.3550003345799968,1131,2.3281016179226315,10155.908845901491,35.988971735132544
19,31,9836.000133514404,428752.22,32.664999149340005,0.3550003345799968,1432,1.5993214247170302,9836.000133514404,36.4579378061977
19,32,7250.480503082275,399878.2,32.67499914930001,0.3550003345799968,2172,1.4746845716643209,7250.480503082275,38.01729307585578
19,33,2781.7998085021973,143731.72,32.68499914926001,0.3550003345799968,2171,3.0525768300164553,2781.7998085021973,40.787316689774386
19,34,2303.940323829651,156924.19,32.69499914922,0.3550003345799968,2303,3.5119103510545946,2303.9403238296504,41.40427409329817
19,35,3580.956541776657,279962.0,32.704999149180004,0.3550003345799968,2137,4.832580232144125,3580.956541776657,52.468005089456675
19,36,1723.5470542609692,111269.35,32.714999149140006,0.3550003345799968,853,4.911333957079023,1723.5470542609692,49.64509317784972
19,37,2859.6804163455963,214145.75,32.72499914910001,0.3550003345799968,853,5.143129792511484,2859.6804163455954,49.876889013282195
19,38,2722.3644130527973,158481.58,32.73499914906001,0.3550003345799968,890,4.4244771308623765,2722.3644130527973,48.10587442530411
19,39,3264.4073371887207,215726.2,32.74499914902,0.3550003345799968,891,2.547551649268846,3264.4073371887207,45.39385575474093
19,40,4330.665217399597,395959.94,32.754999148980005,0.3550003345799968,1011,0.5926962392946457,4330.665217399597,44.64578786386943
19,41,3849.484083175659,318394.06,32.76499914894001,0.3550003345799968,1719,2.809766022661183,3849.484083175659,47.14801553505557
19,42,3035.4500875473022,185348.62,32.77499914890001,0.3550003345799968,1015,2.924787246794102,3035.4500875473022,47.94187873945318
19,43,2048.5988557338715,119274.25,32.78499914886,0.3550003345799968,1015,7.497198132925203,2048.5988557338715,52.137382530639385
19,44,735.441848397255,42523.824,32.794999148820004,0.3550003345799968,1718,12.739584743056131,735.441848397255,62.680645722456724
19,45,1346.0428432822227,52239.113,32.804999148780006,0.3550003345799968,1718,8.204558143171413,1346.0428432822227,58.14561912257201
19,46,1416.4034477472305,59328.55,32.81499914874001,0.3550003345799968,1718,5.855898057137516,1416.4034477472303,55.79695903653812
19,47,1152.2741562128067,50674.89,32.82499914870001,0.3550003345799968,1718,7.951561017704337,1152.2741562128067,57.892621997104925
19,48,535.9877583086491,23833.48,32.83499914866,0.3550003345799968,1718,12.41459286535862,535.9877583086492,62.35565384475921
19,49,703.265055924654,28930.459,32.844999148620005,0.3550003345799968,1718,17.52072835925666,703.265055924654,67.46178933865724
19,50,177.48409086465836,4107.158,32.854999148580006,0.3550003345799968,1428,14.042185254136735,0.0,0.0
19,51,707.9080315828323,22618.0,32.86499914854001,0.3550003345799968,1428,10.863648381773288,707.9080315828322,69.64869821868254
19,52,805.7172399163246,25849.023,32.8749991485,0.3550003345799968,1712,9.836065867378775,805.7172399163246,68.7482328242559
19,53,236.78727772831917,7582.6416,32.884999148460004,0.3550003345799968,1712,11.71862062619486,0.0,0.0
19,54,124.41688990592957,2039.4752,32.894999148420005,0.3550003345799968,1712,15.487509801313333,0.0,0.0
20,0,578.889130204916,22957.344,32.35499915058001,0.3450003346199968,1564,12.82110296487303,578.889130204916,72.86521311513658
20,1,303.9281389415264,11553.892,32.36499915054001,0.3450003346199968,1564,8.792997720425525,303.9281389415264,68.8371078706891
20,2,864.5601074099541,45574.492,32.3749991505,0.3450003346199968,1564,7.225783654294739,864.560107409954,67.26989380455831
20,3,500.26904770731926,32692.291,32.384999150460004,0.3450003346199968,1564,9.437483920923107,500.26904770731926,69.48159407118669
20,4,1069.9689083397388,70844.836,32.394999150420006,0.3450003346199968,2417,10.437455506895985,1069.9689083397388,77.15609816474782
20,5,631.2357885092497,29856.172,32.40499915038001,0.3450003346199968,2310,11.309907117830344,631.2357885092496,64.07182450603602
20,6,584.632451415062,8092.9385,32.41499915034001,0.3450003346199968,2310,8.844772356663144,584.632451415062,61.60668974486881
20,7,3188.7137961387634,80036.16,32.4249991503,0.3450003346199968,2166,7.898266787776888,3188.713796138764,59.40238863362658
20,8,2358.6853209733963,59310.6,32.434999150260005,0.3450003346199968,2166,5.4098481383425545,2358.6853209733963,57.195182862125094
20,9,1807.3131491541862,45999.312,32.444999150220006,0.3450003346199968,2166,7.622946171969151,1807.3131491541862,59.12706801781885
20,10,3104.2391674518585,81567.04,32.45499915018001,0.3450003346199968,2454,8.71906877257262,3104.239167451858,54.30487083085344
20,11,3285.670229911804,112816.48,32.46499915014,0.3450003346199968,951,3.5165488542760723,3285.670229911804,48.28636674958938
20,12,2897.892237663269,77482.11,32.474999150100004,0.3450003346199968,951,2.9388966272782264,2897.892237663269,47.83354517951226
20,13,6112.31943655014,242720.62,32.484999150060005,0.3450003346199968,951,8.17723203528822,6112.31943655014,52.94704993060151
20,14,6148.521084308624,190472.95,32.49499915002001,0.3450003346199968,837,3.647900664649615,6148.521084308624,40.5306562971178
20,15,6972.599091172218,221630.94,32.50499914998001,0.3450003346199968,837,2.3586504635955774,6972.599091172218,39.449328592971916
20,16,6177.443301200867,197452.12,32.51499914994,0.3450003346199968,2206,3.916968671854821,6177.443301200867,39.512810000450465
20,17,8975.115978240967,395435.94,32.524999149900005,0.3450003346199968,2206,1.8111191620746816,8975.115978240967,37.55663376716413
20,18,6981.7802594304085,225178.22,32.534999149860006,0.3450003346199968,2278,2.0374991240756843,6981.7802594304085,30.603696625914008
20,19,10296.379678487778,270096.25,32.54499914982001,0.3450003346199968,749,1.071945623980316,10296.379678487778,29.660958909638353
20,20,15246.608787536621,419383.1,32.55499914978,0.3450003346199968,1575,1.1798357425707964,15246.608787536625,29.889458242770374
20,21,15985.929523468018,464632.75,32.564999149740004,0.3450003346199968,490,1.2125898125222943,15985.929523468018,30.269333944579415
20,22,16327.709045410156,524819.5,32.574999149700005,0.3450003346199968,559,1.0404525268569271,16327.709045410154,31.514589223285792
20,23,16147.765869140625,550439.5,32.58499914966001,0.3450003346199968,427,2.031135160431573,16147.765869140625,32.77271125093012
20,24,14917.625308990479,428562.44,32.59499914962001,0.3450003346199968,1137,0.9393662373704784,14917.625308990475,32.04272585864806
20,25,14847.732154846191,376634.47,32.60499914958,0.3450003346199968,1456,2.8233052973106543,14847.73215484619,36.455914962961195
20,26,14855.135173797607,464349.84,32.614999149540004,0.3450003346199968,2503,1.0032416329952265,14855.13517379761,35.329360888205905
20,27,10928.506616592407,376101.97,32.624999149500006,0.3450003346199968,418,2.394848144030171,10928.506616592407,40.53717138107015
20,28,12889.683619499207,373629.97,32.63499914946001,0.3450003346199968,598,0.4909961109132145,12889.683619499208,36.21678271228095
20,29,11046.34381866455,543102.1,32.64499914942001,0.3450003346199968,920,1.0549880090113701,11046.343818664553,40.8214533854772
20,30,8073.298661470413,278032.78,32.654999149380004,0.3450003346199968,823,1.858894278325177,8073.298661470414,35.18458166297441
20,31,9258.334121704102,410820.06,32.664999149340005,0.3450003346199968,253,2.440502578060279,9258.334121704102,38.661210322514066
20,32,4289.432452917099,188570.25,32.67499914930001,0.3450003346199968,2172,5.116268280035285,4289.432452917098,40.94429897698409
20,33,1147.438772380352,144627.5,32.68499914926001,0.3450003346199968,254,7.730293304485499,1147.438772380352,55.20749036322224
20,34,1533.2233288884163,167002.75,32.69499914922,0.3450003346199968,254,2.8704424526633465,1533.223328888416,50.66744058069636
20,35,2326.3098191022873,174958.06,32.704999149180004,0.3450003346199968,471,2.971953521064032,2326.309819102287,52.14097044748015
20,36,1267.9759596288204,73573.25,32.714999149140006,0.3450003346199968,853,2.921644918003299,1267.9759596288204,47.78218951478443
20,37,2282.6804935634136,136769.62,32.72499914910001,0.3450003346199968,853,3.2964514028810172,2282.6804935634136,48.030210623651726
20,38,2755.0070490837097,168734.52,32.73499914906001,0.3450003346199968,1014,6.616143563036069,2755.00704908371,54.34514415041358
20,39,3441.0956773757935,270355.25,32.74499914902,0.3450003346199968,1014,1.0736265581854645,3441.095677375793,49.53027376605522
20,40,3883.4185495376587,312960.28,32.754999148980005,0.3450003346199968,1012,3.992133824103631,3883.418549537659,48.641175769526185
20,41,3190.284252166748,218064.0,32.76499914894001,0.3450003346199968,644,3.461526158881943,3190.2842521667485,46.71834288550438
20,42,2237.805082678795,125084.96,32.77499914890001,0.3450003346199968,1015,3.401439973885185,2237.805082678795,48.04162437159937
20,43,1962.4757059812546,97715.305,32.78499914886,0.3450003346199968,1015,7.695673674297254,1962.4757059812546,52.33585807201143
20,44,1621.5784892439842,79040.34,32.794999148820004,0.3450003346199968,1016,9.150427410948174,1621.5784892439842,63.34577257788374
20,45,1316.7302204072475,61903.117,32.804999148780006,0.3450003346199968,1016,11.490626194860827,1316.7302204072475,65.68597136179639
20,46,863.186486557126,37268.715,32.81499914874001,0.3450003346199968,1718,11.42049513833961,863.1864865571262,61.3615561177402
20,47,576.5360642969608,26045.62,32.82499914870001,0.3450003346199968,1718,12.6239252915853,576.5360642969607,62.5649862709859
20,48,935.4477016031742,44543.64,32.83499914866,0.3450003346199968,1438,15.687601363602951,935.4477016031742,80.88085777539365
20,49,455.03382539749146,16167.071,32.844999148620005,0.3450003346199968,1438,15.024095250636385,455.03382539749146,80.21735166242709
20,50,466.43686893582344,17838.996,32.854999148580006,0.3450003346199968,1438,16.349466428261348,466.4368689358235,81.54272284005205
20,51,391.7682771086693,14606.267,32.86499914854001,0.3450003346199968,1712,16.068081608736858,391.76827710866934,74.98024856561399
20,52,519.6575889885426,13907.066,32.8749991485,0.3450003346199968,1712,15.388375852785586,519.6575889885426,74.3005428096627
20,53,552.8122795522213,24166.842,32.884999148460004,0.3450003346199968,1712,16.65472872849811,552.8122795522213,75.56689568537524
20,54,173.2543427348137,8199.784,32.894999148420005,0.3450003346199968,1712,19.49145657679172,0.0,0.0
21,1,630.9527833461761,24668.59,32.36499915054001,0.3350003346599968,1564,5.298542991118491,630.9527833461761,65.34265314138207
21,2,1587.357525229454,105243.25,32.3749991505,0.3350003346599968,1564,1.7232812701342277,1587.357525229454,62.742470047170116
21,3,811.8147703707218,42797.348,32.384999150460004,0.3350003346599968,1564,6.310614207428988,811.8147703707218,66.35472435769256
21,4,953.482446283102,59871.332,32.394999150420006,0.3350003346599968,1564,11.774422187340905,953.482446283102,71.81853233760447
21,5,1019.9620645195246,59557.633,32.40499915038001,0.3350003346599968,2310,7.88843298965323,1019.9620645195246,60.65035037785889
21,6,1612.3478447198868,127350.086,32.41499915034001,0.3350003346599968,2310,3.5416626123181807,1612.3478447198868,56.303580000523844
21,7,1229.7083162665367,16668.82,32.4249991503,0.3350003346599968,2330,4.879100559896739,1229.7083162665367,57.58762644707913
21,8,3226.781837821007,88788.97,32.434999150260005,0.3350003346599968,2166,0.24959963521312886,3226.7818378210063,52.3253713539762
21,9,2184.513361632824,65175.164,32.444999150220006,0.3350003346599968,2167,4.641421446241801,2184.513361632824,55.686817788066975
21,10,2979.1171610355377,76325.61,32.45499915018001,0.3350003346599968,1624,5.998358602945723,2979.1171610355373,51.595434834125065
21,11,5609.342148602009,171388.56,32.46499915014,0.3350003346599968,2454,3.4405722783915142,5609.342148602011,49.02637433667232
21,12,6680.388302326202,228989.64,32.474999150100004,0.3350003346599968,2454,3.8269061948355927,6680.3883023262015,49.41270825311641
21,13,7985.335029602051,305577.7,32.484999150060005,0.3350003346599968,2454,8.911335325141241,7985.335029602051,54.497137383422064
21,14,7375.677568435669,266042.1,32.49499915002001,0.3350003346599968,837,5.66220922019763,7375.677568435669,42.544964852665814
21,15,6977.294636726379,207606.77,32.50499914998001,0.3350003346599968,836,4.128260007709348,6977.294636726379,38.295996809330674
21,16,8227.10687160492,360155.4,32.51499914994,0.3350003346599968,634,0.1671247559064947,8227.10687160492,33.65061590315862
21,17,4755.139024138451,101296.78,32.524999149900005,0.3350003346599968,2312,1.338277750343856,4755.139024138451,31.098347798416693
21,18,14183.357459783554,431469.5,32.534999149860006,0.3350003346599968,292,2.5921284711536146,14183.357459783556,37.45530140622661
21,19,15920.565567016602,501554.5,32.54499914982001,0.3350003346599968,1181,0.9145296241145556,15920.565567016602,32.44255431099713
21,20,16926.21816635132,588897.2,32.55499914978,0.3350003346599968,487,1.6924993075760493,16926.21816635132,33.76436239698068
21,21,14714.72063446045,357762.94,32.564999149740004,0.3350003346599968,1489,0.7477574999364689,14714.720634460451,30.99608761706733
21,22,14438.387908935547,349321.25,32.574999149700005,0.3350003346599968,513,1.0525036213108374,14438.387908935547,30.99370534942551
21,23,13301.162910461426,304244.22,32.58499914966001,0.3350003346599968,1803,1.5208207141102972,13301.162910461422,33.10888392679962
21,24,14010.971393585205,289621.7,32.59499914962001,0.3350003346599968,1877,2.6873685941620127,14010.971393585205,34.24133494347122
21,25,14606.574069976807,403380.12,32.60499914958,0.3350003346599968,1782,1.960530449440082,14606.57406997681,33.661461532961816
21,26,12006.824504852295,405211.06,32.614999149540004,0.3350003346599968,0,1.7774658584645386,12006.824504852295,34.41974094247828
21,27,11301.235547542572,609454.25,32.624999149500006,0.3350003346599968,1127,1.981844836755843,11301.235547542568,36.26542872735649
21,28,14107.859776496887,390914.22,32.63499914946001,0.3350003346599968,919,0.510018455901402,14107.859776496887,39.24260299459274
21,29,10345.48696899414,506431.75,32.64499914942001,0.3350003346599968,920,4.769445123887368,10345.48696899414,44.045541476261114
21,30,8406.428773880005,411847.5,32.654999149380004,0.3350003346599968,920,6.82752841778722,8406.428773880005,45.448722342422826
21,31,8277.823863983154,426965.75,32.664999149340005,0.3350003346599968,1568,2.9309204104455135,8277.823863983156,9.50087253787922
21,32,4988.02432847023,262338.38,32.67499914930001,0.3350003346599968,1567,2.1082883131739454,4988.024328470229,8.349111657477593
21,33,160.53328305482864,4630.2754,32.68499914926001,0.3350003346599968,1567,7.591128075713715,0.0,0.0
21,34,592.9475783109665,30275.863,32.69499914922,0.3350003346599968,471,7.108299318207879,592.9475783109665,55.77826262311726
21,35,930.755566239357,57782.28,32.704999149180004,0.3350003346599968,471,2.9317202413375694,930.755566239357,52.10073716775368
21,36,1252.6458933353424,72775.76,32.714999149140006,0.3350003346599968,471,5.349865491904888,1252.6458933353424,54.01982879681426
21,37,1593.0446811318398,94665.5,32.72499914910001,0.3350003346599968,853,7.565851647026102,1593.0446811318398,52.2996108677968
21,38,1618.0679578781128,83525.31,32.73499914906001,0.3350003346599968,1014,8.80109772546091,1618.0679578781128,56.53009831283843
21,39,2644.9721472263336,180848.28,32.74499914902,0.3350003346599968,1014,5.902426578353244,2644.9721472263336,53.63142716573075
21,40,2377.869455099106,126881.68,32.754999148980005,0.3350003346599968,645,3.6570223735092884,2377.869455099106,51.428992923638425
21,41,2226.5986103117466,118418.625,32.76499914894001,0.3350003346599968,645,1.9767140367959162,2226.5986103117466,50.048825270385386
21,42,1587.1627221107483,69098.55,32.77499914890001,0.3350003346599968,645,7.50999313967393,1587.1627221107483,54.97512774824069
21,43,2533.446228504181,163828.16,32.78499914886,0.3350003346599968,1016,5.290283118333405,2533.446228504181,59.48562828526896
21,44,1421.1163596510887,58007.082,32.794999148820004,0.3350003346599968,1016,3.7857959780444195,1421.1163596510887,57.98114114497998
21,45,993.781652867794,32291.406,32.804999148780006,0.3350003346599968,1016,7.914317389034094,993.781652867794,62.10966255596967
21,46,287.51647314429283,9975.136,32.81499914874001,0.3350003346599968,1016,13.149129291066924,0.0,0.0
21,47,453.0544790625572,19160.467,32.82499914870001,0.3350003346599968,1438,13.874644677359575,453.0544790625572,79.06790108915028
21,48,884.9172720909119,44706.047,32.83499914866,0.3350003346599968,1438,10.496158994994152,884.9172720909119,75.68941540678486
21,49,442.8155637085438,12035.98,32.844999148620005,0.3350003346599968,1438,9.475861713061994,442.81556370854383,74.66911812485272
21,50,646.5107135474682,26459.326,32.854999148580006,0.3350003346599968,1438,11.461830987836297,646.5107135474682,76.65508739962702
21,51,818.6540411710739,33416.277,32.86499914854001,0.3350003346599968,1440,13.467534888362996,818.6540411710738,83.08436429366455
21,52,277.8948536515236,9317.82,32.8749991485,0.3350003346599968,1440,15.970118432125899,0.0,0.0
21,53,977.6115083694458,34471.918,32.884999148460004,0.3350003346599968,1441,14.923155930294634,977.6115083694457,93.99665824031212
21,54,270.3358329832554,7243.3,32.894999148420005,0.3350003346599968,1441,15.02827403609497,0.0,0.0
22,0,431.84388399124146,21770.93,32.35499915058001,0.3250003346999968,1564,11.307382127390722,431.84388399124146,71.35149227765429
22,1,456.6756221950054,21201.652,32.36499915054001,0.3250003346999968,1564,6.386941228034562,456.67562219500536,66.43105137829814
22,2,1494.9002587795258,89873.67,32.3749991505,0.3250003346999968,1564,3.9608280393917896,1494.9002587795258,64.557720217697
22,3,714.6187754869461,40777.54,32.384999150460004,0.3250003346999968,1564,7.248607597093483,714.6187754869461,67.29271774735703
22,4,519.7235913574696,34926.652,32.394999150420006,0.3250003346999968,1564,12.302661430250879,519.7235913574697,72.34677158051443
22,5,1226.6372572481632,81442.24,32.40499915038001,0.3250003346999968,2310,7.648624879994033,1226.6372572481632,60.4105422681997
22,6,1317.0953649282455,107215.195,32.41499915034001,0.3250003346999968,2310,2.969421085347573,1317.0953649282455,56.046894840457284
22,7,1936.2935428023338,51908.32,32.4249991503,0.3250003346999968,2164,3.2386379137188177,1936.2935428023334,64.412522050479
22,8,4307.43360710144,99316.28,32.434999150260005,0.3250003346999968,2158,0.9071999203637442,4307.43360710144,49.700700681166886
22,9,5826.162981033325,180947.44,32.444999150220006,0.3250003346999968,2332,3.3958584169770085,5826.162981033325,50.60335086674489
22,10,5352.8624811172485,171866.38,32.45499915018001,0.3250003346999968,1624,1.5853238820859337,5352.862481117249,47.507807564676504
22,11,6037.196535110474,155112.08,32.46499915014,0.3250003346999968,2333,2.2779016527806735,6037.196535110474,46.53221081747808
22,12,7060.62825345993,182311.64,32.474999150100004,0.3250003346999968,1514,2.5745317043411657,7060.62825345993,46.653648094203724
22,13,7452.59765625,268050.8,32.484999150060005,0.3250003346999968,1514,8.01528724627396,7452.597656250001,51.58913954143991
22,14,8296.99492263794,325590.3,32.49499915002001,0.3250003346999968,633,8.908207034533076,8296.99492263794,41.617655896032524
22,15,8873.706552505493,365170.3,32.50499914998001,0.3250003346999968,633,4.208807413326481,8873.706552505495,36.918256274825936
22,16,5045.996939063072,203099.6,32.51499914994,0.3250003346999968,633,4.246290139236316,5045.996939063073,36.95573900073577
22,17,7229.286731660366,152658.9,32.524999149900005,0.3250003346999968,842,1.9348354232873368,7229.286731660365,31.600966729531493
22,18,13458.976652145386,347567.25,32.534999149860006,0.3250003346999968,296,2.552455870195067,13458.976652145386,34.99897642155914
22,19,16354.124725341797,468344.2,32.54499914982001,0.3250003346999968,289,1.8352752568839072,16354.124725341797,35.05861863601695
22,20,15030.28410077095,481538.34,32.55499914978,0.3250003346999968,510,2.388812019339321,15030.284100770954,34.648749471776874
22,21,15877.016986846924,490297.2,32.564999149740004,0.3250003346999968,1488,0.4871339001263442,15877.016986846922,31.849329911783045
22,22,14176.475681304932,393676.8,32.574999149700005,0.3250003346999968,1692,0.46900555454734016,14176.475681304932,32.012737813035535
22,23,10523.531177043915,225556.03,32.58499914966001,0.3250003346999968,1807,0.09870725137034954,10523.531177043915,31.332017100332884
22,24,10997.816677093506,233454.95,32.59499914962001,0.3250003346999968,231,1.021076889345427,10997.816677093502,33.12036054771037
22,25,10160.242443084717,386934.44,32.60499914958,0.3250003346999968,1460,0.7868147461841901,10160.242443084717,32.187644721918545
22,26,10850.448934555054,274397.44,32.614999149540004,0.3250003346999968,913,1.4737032949354611,10850.448934555054,34.788517818495805
22,27,12958.602308273315,301240.56,32.624999149500006,0.3250003346999968,577,1.102600032781198,12958.602308273315,37.33060873514809
22,28,14691.36893081665,420923.38,32.63499914946001,0.3250003346999968,595,0.7394910823726041,14691.36893081665,39.38199569538846
22,29,14062.344032287598,521726.94,32.64499914942001,0.3250003346999968,593,2.4839698337934517,14062.344032287598,44.48804083806797
22,30,10683.194219589233,303540.75,32.654999149380004,0.3250003346999968,593,5.916650783179651,10683.194219589233,47.20658417020183
22,31,3460.235418200493,109758.98,32.664999149340005,0.3250003346999968,1568,5.337602586000387,3460.235418200492,9.479771841691033
22,32,4906.996050000191,235020.88,32.67499914930001,0.3250003346999968,1567,5.273934620688674,4906.996050000191,9.426063302472713
22,33,532.2153806388378,17169.715,32.68499914926001,0.3250003346999968,1567,8.9997073415596,532.2153806388379,13.151836023343636
22,34,70.24118688702583,317.97348,32.69499914922,0.3250003346999968,471,10.594862271103503,0.0,0.0
22,35,593.801552772522,25471.217,32.704999149180004,0.3250003346999968,471,8.38559305713593,593.801552772522,57.05555636204531
22,36,663.5788393616676,27142.285,32.714999149140006,0.3250003346999968,471,9.504959133415177,663.5788393616676,58.17492243832457
22,37,955.8245278596878,45858.273,32.72499914910001,0.3250003346999968,853,12.867724816080477,955.8245278596877,57.601484036851176
22,38,1163.7260537445545,71195.29,32.73499914906001,0.3250003346999968,1014,13.156975268040798,1163.7260537445545,60.885975855418316
22,39,1621.999790251255,95812.59,32.74499914902,0.3250003346999968,645,10.543019150483751,1621.999790251255,58.008153759050515
22,40,1397.7358207553625,82536.34,32.754999148980005,0.3250003346999968,645,6.303159978822855,1397.7358207553625,53.76829458738961
22,41,2026.729845046997,118589.58,32.76499914894001,0.3250003346999968,645,5.501219088670495,2026.7298450469975,52.96635369723724
22,42,916.9464212656021,36207.094,32.77499914890001,0.3250003346999968,645,9.097033034799647,916.9464212656021,56.5621676433664
22,43,1760.2559714317322,107456.234,32.78499914886,0.3250003346999968,1016,4.533181703923131,1760.2559714317322,58.7285268708587
22,44,990.5613756477833,43575.19,32.794999148820004,0.3250003346999968,1016,2.625812650597394,990.5613756477836,56.993019909280086
22,45,1499.268498569727,62027.91,32.804999148780006,0.3250003346999968,1016,7.429607030188571,1499.268498569727,61.624952197124124
22,46,990.8188163638115,51479.227,32.81499914874001,0.3250003346999968,1016,12.863212740285928,990.8188163638115,67.0585579072215
22,47,666.3061872422695,24497.637,32.82499914870001,0.3250003346999968,1438,10.887377716060751,666.3061872422695,76.08063412785147
22,48,728.855865329504,28865.498,32.83499914866,0.3250003346999968,1438,6.01652576304552,728.8558653295042,71.20978217483623
22,49,941.9725674688816,39356.055,32.844999148620005,0.3250003346999968,1438,3.9775851737289014,941.9725674688816,69.74420953435835
22,50,632.5628597140312,21473.469,32.854999148580006,0.3250003346999968,1440,7.545192467468374,632.5628597140312,77.16202187276993
22,51,721.7363120317459,32796.574,32.86499914854001,0.3250003346999968,1440,8.284992655779417,721.7363120317459,77.90182206108096
22,52,113.01394563913345,2551.481,32.8749991485,0.3250003346999968,1440,11.92942957870039,0.0,0.0
22,53,973.978588104248,48243.93,32.884999148460004,0.3250003346999968,1441,9.481788427906606,973.978588104248,88.55529073792407
22,54,621.2380847036839,26139.645,32.894999148420005,0.3250003346999968,1441,9.64638530101623,621.2380847036839,88.7198876110337
23,0,448.7490189522505,26401.201,32.35499915058001,0.3150003347399968,1564,14.231516521466935,448.7490189522505,74.2756266717305
23,1,208.6674294024706,12415.497,32.36499915054001,0.3150003347399968,1564,10.745798722120137,0.0,0.0
23,2,738.1318358778954,43556.387,32.3749991505,0.3150003347399968,1564,9.506173293370123,738.1318358778954,69.55028344363369
23,3,692.0301948487759,34815.53,32.384999150460004,0.3150003347399968,1564,11.279250153383092,692.0301948487759,71.32336030364665
23,4,503.01109133660793,26908.08,32.394999150420006,0.3150003347399968,1564,15.034448782490623,503.01109133660793,75.07855893275418
23,5,245.24172845482826,12564.228,32.40499915038001,0.3150003347399968,2164,9.870761006493666,0.0,0.0
23,6,317.6524187326431,6229.545,32.41499915034001,0.3150003347399968,2164,4.795987077807729,317.6524187326431,65.9698712145679
23,7,2583.878191947937,70675.59,32.4249991503,0.3150003347399968,2164,3.245007563239194,2583.8781919479366,64.41889169999936
23,8,4540.539174437523,147021.72,32.434999150260005,0.3150003347399968,2157,3.1276796091771284,4540.539174437523,55.83690798107024
23,9,3595.6124099493027,109488.87,32.444999150220006,0.3150003347399968,2156,2.555112630980489,3595.612409949303,50.38382501222502
23,10,3027.877607703209,89823.234,32.45499915018001,0.3150003347399968,2169,3.046444039808995,3027.877607703209,54.753875778823414
23,11,3676.4630751013756,104873.125,32.46499915014,0.3150003347399968,2169,2.8577070229177384,3676.4630751013756,54.79545470994402
23,12,3408.469441115856,96984.484,32.474999150100004,0.3150003347399968,1515,3.1035149258541903,3408.4694411158566,49.34928761802368
23,13,4599.370950102806,196918.75,32.484999150060005,0.3150003347399968,1515,7.950389511578751,4599.370950102806,54.19616220374823
23,14,6247.92597258091,300375.56,32.49499915002001,0.3150003347399968,633,8.655142724909332,6247.92597258091,41.36459158640878
23,15,7786.735453248024,355823.44,32.50499914998001,0.3150003347399968,633,3.6427191575687443,7786.735453248024,36.352168019068195
23,16,4618.923102915287,103432.84,32.51499914994,0.3150003347399968,1676,1.2032166698603974,4618.923102915287,31.94988909386422
23,17,13649.430348396301,424927.12,32.524999149900005,0.3150003347399968,302,0.8404962537851007,13649.430348396301,38.09846325580588
23,18,15046.70949935913,432939.7,32.534999149860006,0.3150003347399968,303,1.8427886962997575,15046.709499359134,40.0194583898111
23,19,15699.480857849121,403772.5,32.54499914982001,0.3150003347399968,285,1.1064081526575293,15699.480857849121,36.15917067478337
23,20,16198.140769958496,421138.8,32.55499914978,0.3150003347399968,282,1.5596159911703111,16198.140769958496,33.988241177377105
23,21,15728.172348022461,494074.38,32.564999149740004,0.3150003347399968,1179,0.23762439033988414,15728.172348022461,31.98597008852333
23,22,13601.743167877197,478621.9,32.574999149700005,0.3150003347399968,1182,0.2632155037098045,13601.743167877197,31.771258141457324
23,23,12422.682147979736,371552.88,32.58499914966001,0.3150003347399968,707,0.6717019810623351,12422.682147979736,32.82209256292226
23,24,10791.96212387085,379409.06,32.59499914962001,0.3150003347399968,541,0.06440076372368493,10791.96212387085,31.263845672604454
23,25,11865.248519897461,575743.1,32.60499914958,0.3150003347399968,540,0.42449519102625927,11865.248519897463,36.331286689107635
23,26,9936.805775880814,433767.12,32.614999149540004,0.3150003347399968,550,2.188705962586026,9936.805775880812,40.464901896590824
23,27,12482.470209121704,277294.25,32.624999149500006,0.3150003347399968,548,2.0302372580920394,12482.470209121704,38.29085599971238
23,28,15496.2836227417,536640.94,32.63499914946001,0.3150003347399968,1360,3.1030770838862938,15496.283622741701,40.80334467447805
23,29,15411.444568634033,449111.94,32.64499914942001,0.3150003347399968,248,3.034176631157707,15411.444568634033,47.6717119472511
23,30,11449.045288085938,283988.8,32.654999149380004,0.3150003347399968,249,3.2861386951949716,11449.045288085938,49.878698878793244
23,31,4025.6384357213974,75742.66,32.664999149340005,0.3150003347399968,249,5.448938982210742,4025.6384357213974,52.041499165809014
23,32,5664.763404846191,245437.08,32.67499914930001,0.3150003347399968,249,10.513904002386498,5664.7634048461905,57.10646418598478
23,33,1081.5878317952156,39703.95,32.68499914926001,0.3150003347399968,1567,12.896703086830714,1081.5878317952154,17.04883176861475
23,34,257.6627066731453,11182.068,32.69499914922,0.3150003347399968,471,15.360175955840635,0.0,0.0
23,35,51.38491800427437,1454.8142,32.704999149180004,0.3150003347399968,471,13.928462577421046,0.0,0.0
23,37,696.0173641145229,31250.297,32.72499914910001,0.3150003347399968,471,17.205035222817045,696.017364114523,65.87499852772643
23,38,725.0813063979149,48996.125,32.73499914906001,0.3150003347399968,1014,18.185526847987536,725.0813063979149,65.91452743536504
23,39,273.3953197002411,11090.607,32.74499914902,0.3150003347399968,645,14.12345486734985,0.0,0.0
23,40,741.5967549979687,37374.703,32.754999148980005,0.3150003347399968,645,11.315765564080724,741.5967549979687,58.780900172647485
23,41,1938.5180735588074,126219.234,32.76499914894001,0.3150003347399968,645,10.889450676877765,1938.5180735588078,58.35458528544452
23,42,1228.04501876235,59616.61,32.77499914890001,0.3150003347399968,1016,12.275461126582584,1228.0450187623503,66.47080629351814
23,43,889.7458079755306,33550.477,32.78499914886,0.3150003347399968,1016,8.66447279144887,889.7458079755305,62.85981795838444
23,44,389.37401527166367,12983.063,32.794999148820004,0.3150003347399968,1016,7.83697929492044,389.37401527166367,62.032324461856
23,45,695.550054192543,35689.105,32.804999148780006,0.3150003347399968,1016,10.474846682219354,695.550054192543,64.67019184915492
23,46,213.49041438102722,5952.6006,32.81499914874001,0.3150003347399968,1016,14.831911353390314,0.0,0.0
23,47,668.3803489208221,29168.086,32.82499914870001,0.3150003347399968,1438,10.32109168865796,668.380348920822,75.51434810044867
23,48,582.286409497261,27526.93,32.83499914866,0.3150003347399968,1438,4.918182832195103,582.286409497261,70.11143924398581
23,49,1198.1040639281273,60650.027,32.844999148620005,0.3150003347399968,1438,1.9522100111863365,1198.1040639281275,68.05589235730032
23,50,877.2310908138752,30574.176,32.854999148580006,0.3150003347399968,1439,2.412698035090056,877.2310908138752,72.31869172890248
23,51,778.8160736262798,28990.293,32.86499914854001,0.3150003347399968,1440,4.227105646618928,778.8160736262798,73.84393505192047
23,52,234.20568239688873,5756.004,32.8749991485,0.3150003347399968,1441,8.824926482145669,0.0,0.0
23,53,405.078779399395,11476.107,32.884999148460004,0.3150003347399968,1441,4.366778236594318,405.07877939939493,83.4402805466118
23,54,634.7776453197002,15626.004,32.894999148420005,0.3150003347399968,1441,4.713511403579301,634.7776453197002,83.78701371359676
24,0,481.63122314214706,28874.043,32.35499915058001,0.3050003347799968,1564,18.416730055334245,481.63122314214706,78.4608402055978
24,1,176.2098039984703,8735.723,32.36499915054001,0.3050003347799968,1564,15.878037460800508,0.0,0.0
24,2,407.890876352787,28227.842,32.3749991505,0.3050003347799968,1564,15.066758580193977,407.89087635278696,75.11086873045755
24,3,620.8095369786024,36195.98,32.384999150460004,0.3050003347799968,1564,16.243810127333365,620.8095369786024,76.28792027759694
24,4,141.02126894891262,6833.0107,32.394999150420006,0.3050003347799968,2164,17.199516752788586,0.0,0.0
24,5,59.47618517279625,1060.7664,32.40499915038001,0.3050003347799968,2164,12.626715047902715,0.0,0.0
24,7,2339.3192506432533,63506.656,32.4249991503,0.3050003347799968,1425,4.634454147596203,2339.3192506432533,57.11000581218679
24,8,2096.2578087449074,57519.01,32.434999150260005,0.3050003347799968,1425,1.6410739168273174,2096.2578087449074,54.30010120531004
24,9,2634.9117213487625,65170.03,32.444999150220006,0.3050003347799968,1226,1.8141600820265191,2634.9117213487625,50.2320107910156
24,10,2709.036378622055,74134.836,32.45499915018001,0.3050003347799968,1225,4.945145421610007,2709.0363786220555,51.923937841916455
24,11,3301.4472638368607,98526.48,32.46499915014,0.3050003347799968,2169,5.309436624573645,3301.4472638368607,56.74764755336951
24,12,4310.612657546997,152427.25,32.474999150100004,0.3050003347799968,1515,8.169768343800918,4310.612657546997,54.415541035970406
24,13,3866.5963956713676,155193.28,32.484999150060005,0.3050003347799968,1991,10.878134009997911,3866.5963956713676,45.52013785127312
24,14,5698.311785340309,306058.88,32.49499915002001,0.3050003347799968,2194,7.366979162311879,5698.311785340309,40.98572532562135
24,15,3729.245530605316,117249.305,32.50499914998001,0.3050003347799968,1996,3.557277500574664,3729.245530605316,35.929308243707744
24,16,5397.211860537529,178937.86,32.51499914994,0.3050003347799968,850,0.29225251548136794,5397.211860537529,32.24921659131989
24,17,14003.095375061035,412020.12,32.524999149900005,0.3050003347799968,305,1.753672672146186,14003.095375061039,33.90741235936347
24,18,15630.821048736572,474203.6,32.534999149860006,0.3050003347799968,1589,0.31544282236490606,15630.821048736576,35.619237290065044
24,19,16142.911346435547,438712.8,32.54499914982001,0.3050003347799968,535,0.6332301093775385,16142.91134643555,34.699782950229086
24,20,15841.81354522705,422898.75,32.55499914978,0.3050003347799968,37,1.207198993496291,15841.81354522705,35.09246098712039
24,21,14082.11279296875,353333.5,32.564999149740004,0.3050003347799968,61,0.8995431241938705,14082.11279296875,33.0513917567426
24,22,15199.694061279297,529968.6,32.574999149700005,0.3050003347799968,149,0.8669668556815762,15199.694061279297,32.42352232287986
24,23,13936.47403717041,308678.75,32.58499914966001,0.3050003347799968,2541,0.44374910346567353,13936.47403717041,32.30649512813216
24,24,16743.8094329834,498075.56,32.59499914962001,0.3050003347799968,581,1.9965333618187593,16743.8094329834,36.07396106976037
24,25,16296.714347839355,519841.38,32.60499914958,0.3050003347799968,1593,2.1705405594089875,16296.714347839355,38.39575234132649
24,26,13521.37318611145,423508.2,32.614999149540004,0.3050003347799968,589,0.5935481128078489,13521.37318611145,40.71174637754985
24,27,9144.001886606216,192326.95,32.624999149500006,0.3050003347799968,560,1.982120047328539,9144.001886606216,43.50241063581536
24,28,9225.490243911743,265830.12,32.63499914946001,0.3050003347799968,247,3.2556166317571082,9225.490243911743,44.35118260834829
24,29,14932.535594940186,419764.3,32.64499914942001,0.3050003347799968,248,2.898044923654345,14932.535594940186,48.28531704340802
24,30,13803.57457447052,390242.38,32.654999149380004,0.3050003347799968,250,2.0828978757940373,13803.574574470516,48.61621090408311
24,31,1164.7393985390663,18442.46,32.664999149340005,0.3050003347799968,249,5.113189720992729,1164.7393985390663,51.70574990459101
24,32,4425.454765856266,194439.94,32.67499914930001,0.3050003347799968,249,10.343884689148881,4425.454765856266,56.936444872747145
24,33,677.8954150080681,31734.098,32.68499914926001,0.3050003347799968,249,15.805258765164567,677.8954150080681,62.39781894876284
24,34,71.97525376081467,3478.9036,32.69499914922,0.3050003347799968,471,20.532404042133777,0.0,0.0
24,35,53.571144700050354,2080.504,32.704999149180004,0.3050003347799968,471,19.484524118532256,0.0,0.0
24,37,293.3414941728115,15113.143,32.72499914910001,0.3050003347799968,471,21.946704704201533,0.0,0.0
24,38,262.6184488236904,15890.128,32.73499914906001,0.3050003347799968,645,21.9803060351178,0.0,0.0
24,39,206.45820593833923,11085.479,32.74499914902,0.3050003347799968,645,18.7015885281701,0.0,0.0
24,40,636.1159933805466,37543.094,32.754999148980005,0.3050003347799968,645,16.683044877604043,636.1159933805466,64.1481794861708
24,41,447.4569745063782,31310.986,32.76499914894001,0.3050003347799968,645,16.396876901747753,447.4569745063782,63.8620115103145
24,42,1321.7389257252216,70991.86,32.77499914890001,0.3050003347799968,1016,16.345366614656548,1321.7389257252212,70.54071178159212
24,43,1344.5740668177605,81358.48,32.78499914886,0.3050003347799968,1016,13.840417358268011,1344.5740668177605,68.03576252520357
24,44,442.58598494529724,16333.751,32.794999148820004,0.3050003347799968,1016,13.338002412891536,442.58598494529724,67.53334757982708
24,45,486.3824649453163,28808.229,32.804999148780006,0.3050003347799968,1016,15.040162130552003,486.3824649453164,69.23550729748756
24,46,187.63388890028,11675.269,32.81499914874001,0.3050003347799968,1438,17.34275091702771,0.0,0.0
24,47,460.33391162753105,25427.621,32.82499914870001,0.3050003347799968,1438,12.5090201560117,460.33391162753105,77.70227656780241
24,48,457.93196722865105,19977.623,32.83499914866,0.3050003347799968,1438,8.610410790939142,457.93196722865105,73.80366720272984
24,49,407.731207460165,15497.788,32.844999148620005,0.3050003347799968,1438,7.332242190871677,407.73120746016514,72.52549860266238
24,50,669.9459995925426,21648.695,32.854999148580006,0.3050003347799968,1439,4.025376119249278,669.9459995925426,73.55050039382296
24,51,885.1678065955639,35364.297,32.86499914854001,0.3050003347799968,1556,5.325665545075854,885.1678065955639,74.92778133265831
24,52,85.31576570868492,1554.822,32.8749991485,0.3050003347799968,1441,8.306893480453475,0.0,0.0
24,53,582.3846527934074,18574.951,32.884999148460004,0.3050003347799968,1441,3.1927893835826837,582.3846527934074,82.26629169360015
24,54,597.5526860058308,19410.914,32.894999148420005,0.3050003347799968,1441,3.652717020520017,597.5526860058308,82.7262193305375
25,0,148.5454399138689,5981.6626,32.35499915058001,0.2950003348199968,1564,23.190009505509703,0.0,0.0
25,1,121.12856525182724,6448.366,32.36499915054001,0.2950003348199968,1564,21.229994548778457,0.0,0.0
25,2,463.7492008507252,14884.066,32.3749991505,0.2950003348199968,1564,20.63026439598939,463.74920085072523,80.67437454625295
25,3,238.82154342532158,9595.619,32.384999150460004,0.2950003348199968,1564,21.504928792893892,0.0,0.0
25,4,109.23946006596088,4685.8354,32.394999150420006,0.2950003348199968,2164,20.488682194992087,0.0,0.0
25,5,544.8141688406467,52481.01,32.40499915038001,0.2950003348199968,1425,16.195776987678897,544.8141688406467,68.67132865226951
25,6,92.22566571831703,4788.407,32.41499915034001,0.2950003348199968,1425,10.936184203157342,0.0,0.0
25,7,1548.61025801301,34231.727,32.4249991503,0.2950003348199968,1425,6.233463760064861,1548.61025801301,58.70901542465547
25,8,3348.013715147972,101874.61,32.434999150260005,0.2950003348199968,1425,4.480070178285297,3348.013715147972,56.95562184287591
25,9,3385.980080842972,70948.266,32.444999150220006,0.2950003348199968,1225,3.2323823827410045,3385.9800808429713,50.21117480304746
25,10,4355.964901685715,113482.35,32.45499915018001,0.2950003348199968,1225,2.9895529052887824,4355.964901685715,50.1949033526832
25,11,5453.229803085327,169538.0,32.46499915014,0.2950003348199968,2165,7.746830498641265,5453.229803085327,49.69963799334271
25,12,5081.533170223236,176741.97,32.474999150100004,0.2950003348199968,2165,8.220675665686374,5081.533170223235,50.17348316038781
25,13,5000.102981090546,160132.14,32.484999150060005,0.2950003348199968,530,5.932121161407253,5000.102981090545,43.59513359803191
25,14,7782.884531021118,318938.53,32.49499915002001,0.2950003348199968,1991,3.0069325691454587,7782.884531021118,37.93618685699243
25,15,8515.108758926392,364609.62,32.50499914998001,0.2950003348199968,2194,0.8145124987011658,8515.108758926392,35.0551840389203
25,16,6756.972834467888,244626.75,32.51499914994,0.2950003348199968,381,3.4815704508598633,6756.972834467888,39.36584256011374
25,17,8615.952384829521,255547.27,32.524999149900005,0.2950003348199968,1849,1.541133167780476,8615.952384829521,35.9690223652148
25,18,14293.001960754395,459777.7,32.534999149860006,0.2950003348199968,1208,2.7981567527463898,14293.001960754393,35.50867494366972
25,19,14038.381187438965,510872.3,32.54499914982001,0.2950003348199968,536,1.6293417446122238,14038.381187438965,35.277629453489354
25,20,14162.235355377197,439385.5,32.55499914978,0.2950003348199968,1770,0.7852244052062862,14162.235355377197,33.95988083538113
25,21,12407.782400846481,381106.66,32.564999149740004,0.2950003348199968,62,0.46782984794149424,12407.78240084648,33.09748023056908
25,22,15911.90662765503,534144.2,32.574999149700005,0.2950003348199968,1089,0.6105177695534336,15911.906627655031,32.43298052096811
25,23,17129.641799926758,630572.2,32.58499914966001,0.2950003348199968,273,3.000897540569624,17129.641799926758,37.58112706464794
25,24,16374.065635681152,450878.72,32.59499914962001,0.2950003348199968,267,3.214049264411359,16374.065635681152,38.468219404702936
25,25,16195.311576843262,460800.0,32.60499914958,0.2950003348199968,1443,2.355398185735049,16195.31157684326,39.31340055611388
25,26,15108.38892364502,363344.56,32.614999149540004,0.2950003348199968,342,3.2278198796861752,15108.388923645018,46.26506547883235
25,27,13384.940908193588,360400.72,32.624999149500006,0.2950003348199968,601,1.1609525859239436,13384.940908193586,45.459815831636405
25,28,4468.445156693459,90220.7,32.63499914946001,0.2950003348199968,343,4.609587367865335,4468.445156693458,50.476730918133676
25,29,7602.019826412201,183610.03,32.64499914942001,0.2950003348199968,251,3.7390789285778476,7602.019826412201,48.26600025509684
25,30,10733.898462295532,279526.9,32.654999149380004,0.2950003348199968,252,1.6134696688151282,10733.89846229553,50.23130888646238
25,31,726.3825700879097,17297.074,32.664999149340005,0.2950003348199968,252,6.355549690570702,726.3825700879097,54.31953343632845
25,32,1139.3433878421783,43135.84,32.67499914930001,0.2950003348199968,252,11.838148174362903,1139.3433878421781,59.80213192012066
25,34,85.40594545006752,1075.2975,32.69499914922,0.2950003348199968,249,22.649281583132545,0.0,0.0
25,39,469.43432092666626,28325.283,32.74499914902,0.2950003348199968,645,23.706276828473342,469.43432092666626,71.17141143704009
25,40,576.9321799874306,33679.547,32.754999148980005,0.2950003348199968,645,22.148637293959617,576.9321799874305,69.6137719025264
25,41,210.86672100424767,4960.216,32.76499914894001,0.2950003348199968,646,21.161345370686533,0.0,0.0
25,42,617.2685249149799,32386.281,32.77499914890001,0.2950003348199968,646,16.42544416487726,617.2685249149799,78.3334893879494
25,43,1377.703609585762,62278.355,32.78499914886,0.2950003348199968,646,12.399472043650107,1377.7036095857618,74.30751726672224
25,44,738.3174538016319,36658.41,32.794999148820004,0.2950003348199968,646,9.982865858096913,738.3174538016318,71.89091108116905
25,45,636.6654944419861,32958.125,32.804999148780006,0.2950003348199968,646,10.369538434857631,636.6654944419861,72.27758365792977
25,46,173.92784401774406,6045.77,32.81499914874001,0.2950003348199968,646,13.317509406605662,0.0,0.0
25,47,647.7575648725033,25974.674,32.82499914870001,0.2950003348199968,1735,12.899674732631297,647.7575648725033,80.34311918414718
25,48,548.2634862959385,21941.025,32.83499914866,0.2950003348199968,1735,13.40680069704641,548.2634862959385,80.85024514856232
25,49,526.5714664161205,23897.588,32.844999148620005,0.2950003348199968,1439,11.6945495324188,526.5714664161205,81.21967380699247
25,50,488.28429463505745,18627.945,32.854999148580006,0.2950003348199968,1556,9.385966697286774,488.28429463505745,78.98808248486922
25,51,326.89441254734993,13571.998,32.86499914854001,0.2950003348199968,1556,10.006794069385915,326.8944125473498,79.60890985696838
25,52,602.7329484820366,26575.576,32.8749991485,0.2950003348199968,1441,11.049449881339742,602.7329484820366,90.1229521913572
25,53,231.1045252084732,5995.339,32.884999148460004,0.2950003348199968,1441,7.954858102603509,0.0,0.0
25,54,739.0787771940231,26223.41,32.894999148420005,0.2950003348199968,2597,7.864947114305058,739.0787771940231,95.87773650244038
26,1,95.81090123951435,2902.7905,32.36499915054001,0.2850003348599968,2617,24.044078908900826,0.0,0.0
26,2,635.5023807585239,35677.14,32.3749991505,0.2850003348599968,2617,21.246615667870824,635.5023807585239,80.377213707729
26,3,128.5892258286476,6857.7993,32.384999150460004,0.2850003348599968,2617,19.66414597511365,0.0,0.0
26,4,611.2609447985888,42534.082,32.394999150420006,0.2850003348599968,2617,19.593305217720342,611.2609447985888,78.72390325757851
26,5,745.9811925143003,52637.438,32.40499915038001,0.2850003348599968,1425,18.4835550947542,745.9811925143003,70.9591067593448
26,6,561.1572461873293,43296.535,32.41499915034001,0.2850003348599968,1425,14.104564567244632,561.1572461873293,66.58011623183523
26,7,227.51312193274498,5314.0894,32.4249991503,0.2850003348599968,2615,10.505722668810042,0.0,0.0
26,8,1957.022706925869,68912.2,32.434999150260005,0.2850003348599968,2615,6.409070110846485,1957.0227069258692,55.0552443503192
26,9,3704.7318586707115,105740.73,32.444999150220006,0.2850003348599968,1993,3.21443269912284,3704.731858670711,50.475867809088825
26,10,7196.615079879761,261762.28,32.45499915018001,0.2850003348599968,1424,0.9788656295247058,7196.615079879761,47.50465236898571
26,11,6982.685205459595,199695.9,32.46499915014,0.2850003348599968,2165,2.8275944840605924,6982.685205459595,45.05480073827399
26,12,7993.591238021851,294245.12,32.474999150100004,0.2850003348599968,2165,3.944796090043117,7993.591238021851,45.89760358474456
26,13,7231.237458229065,261043.4,32.484999150060005,0.2850003348599968,530,1.453739607997867,7231.237458229063,39.39476441255951
26,14,7017.406037211418,265729.25,32.49499915002001,0.2850003348599968,1991,3.9989449410472115,7017.406037211418,38.64094878232242
26,15,8446.388025283813,362110.25,32.50499914998001,0.2850003348599968,1361,4.670251490942504,8446.388025283813,38.93652484615272
26,16,8556.868989944458,307239.3,32.51499914994,0.2850003348599968,382,3.8268623842784657,8556.868989944458,43.47315957713348
26,17,7799.495069503784,289033.62,32.524999149900005,0.2850003348599968,347,1.4600416208993894,7799.495069503784,42.39481490513433
26,18,11116.8247590065,249217.72,32.534999149860006,0.2850003348599968,717,2.112321174285964,11116.8247590065,38.63342959428869
26,19,14726.176753997803,423130.4,32.54499914982001,0.2850003348599968,1205,1.4676540261332511,14726.176753997803,37.25604952147766
26,20,17046.110290527344,582836.9,32.55499914978,0.2850003348599968,1186,0.054877662606256115,17046.11029052734,38.182869835605466
26,21,16907.730056762695,512881.84,32.564999149740004,0.2850003348599968,563,1.1429095353233951,16907.7300567627,37.35304377041244
26,22,17067.351364135742,549750.5,32.574999149700005,0.2850003348599968,262,0.10098014156194057,17067.351364135742,34.34542464783281
26,23,15478.212390899658,430059.16,32.58499914966001,0.2850003348599968,877,1.337200136020383,15478.212390899658,37.18186248990362
26,24,16078.900398254395,503189.62,32.59499914962001,0.2850003348599968,276,3.4335404108966774,16078.900398254395,42.01075071109553
26,25,16040.858657836914,462662.56,32.60499914958,0.2850003348599968,60,1.7075672887372129,16040.858657836914,40.62891889954193
26,26,15790.32869720459,400560.25,32.614999149540004,0.2850003348599968,1445,0.756759558557261,15790.32869720459,43.221524755448414
26,27,11516.555865764618,258494.5,32.624999149500006,0.2850003348599968,341,2.6347884208839387,11516.555865764618,46.2347544996262
26,28,5070.823870420456,105484.28,32.63499914946001,0.2850003348599968,344,4.860247301398742,5070.823870420456,50.91039502648931
26,30,326.9225531220436,10037.534,32.654999149380004,0.2850003348599968,252,4.118701574997145,326.9225531220436,52.71676543898757
26,31,487.7322770357132,11128.217,32.664999149340005,0.2850003348599968,252,7.399556078644915,487.7322770357131,55.363539824402665
26,40,383.45742582529783,59437.11,32.754999148980005,0.2850003348599968,646,24.699179686179818,383.45742582529783,86.60722490925194
26,41,986.6027693450451,53704.184,32.76499914894001,0.2850003348599968,646,19.237545125464763,986.6027693450452,81.1455903485369
26,42,654.1821006536484,31591.35,32.77499914890001,0.2850003348599968,646,13.859142129667228,654.1821006536484,75.76718735273938
26,43,1069.594249457121,50512.48,32.78499914886,0.2850003348599968,646,8.719375638087698,1069.594249457121,70.62742086115985
26,44,1115.7987031638622,50823.617,32.794999148820004,0.2850003348599968,646,4.683824857696293,1115.7987031638622,66.59187008076843
26,45,874.6857856810093,37847.395,32.804999148780006,0.2850003348599968,646,5.459664083879739,874.6857856810093,67.36770930695187
26,46,265.15319883823395,6738.132,32.81499914874001,0.2850003348599968,646,9.981816535673602,0.0,0.0
26,47,433.942182213068,19311.762,32.82499914870001,0.2850003348599968,1735,7.407445737995716,433.942182213068,74.85089018951163
26,48,701.7326336801052,23171.037,32.83499914866,0.2850003348599968,1735,8.258992013798576,701.7326336801052,75.70243646531448
26,49,611.8982665836811,26519.16,32.844999148620005,0.2850003348599968,1735,11.979593425422486,611.898266583681,79.42303787693841
26,50,212.098481208086,8318.597,32.854999148580006,0.2850003348599968,1556,14.893968456928462,0.0,0.0
26,52,369.4888873398304,15168.703,32.8749991485,0.2850003348599968,1441,15.3992505521922,369.4888873398304,94.4727528622097
26,53,218.20810621976852,7987.802,32.884999148460004,0.2850003348599968,1441,13.353888659170018,0.0,0.0
26,54,181.43343603610992,3870.3872,32.894999148420005,0.2850003348599968,2597,9.929965586977994,0.0,0.0
27,0,202.80331526696682,9180.203,32.35499915058001,0.2750003348999968,1565,22.167715993165828,0.0,0.0
27,1,437.18524734675884,27985.086,32.36499915054001,0.2750003348999968,1565,19.1592122401168,437.18524734675884,80.27330940762593
27,2,752.0076280236244,40704.023,32.3749991505,0.2750003348999968,2617,16.313089769627247,752.0076280236244,75.44368780948541
27,3,255.14622062444687,10619.63,32.384999150460004,0.2750003348999968,2617,14.190731391449901,0.0,0.0
27,4,871.1377400755882,57640.387,32.394999150420006,0.2750003348999968,2617,14.092403267308612,871.1377400755882,73.22300130716678
27,5,855.8412736654282,60859.44,32.40499915038001,0.2750003348999968,2617,16.055336032122014,855.8412736654283,75.18593407198017
27,6,103.49866232275963,4562.749,32.41499915034001,0.2750003348999968,2616,12.40693486061528,0.0,0.0
27,7,337.27096650004387,445.33386,32.4249991503,0.2750003348999968,2616,7.325196054410581,337.27096650004387,57.664609331347094
27,8,4561.224810600281,162453.69,32.434999150260005,0.2750003348999968,2615,3.4455799652103103,4561.224810600281,52.42217120270771
27,9,3819.514575958252,142588.03,32.444999150220006,0.2750003348999968,2614,1.316304567533489,3819.5145759582515,50.505916645145334
27,10,7588.613653182983,251292.22,32.45499915018001,0.2750003348999968,1422,2.3607285869972015,7588.613653182983,47.41123219560514
27,11,8402.800937652588,252302.56,32.46499915014,0.2750003348999968,1285,1.3821323263755907,8402.800937652588,43.85043135675382
27,12,9241.559202194214,332405.38,32.474999150100004,0.2750003348999968,1992,3.5262725366913714,9241.559202194214,44.774640166502316
27,13,7410.878356933594,247466.28,32.484999150060005,0.2750003348999968,530,5.567527972666344,7410.878356933595,43.23054040929099
27,14,5397.138578772545,171921.1,32.49499915002001,0.2750003348999968,530,6.7771985002416635,5397.138578772546,44.44021093686631
27,15,7035.0370445251465,260928.03,32.50499914998001,0.2750003348999968,1578,5.344193672226587,7035.0370445251465,44.8825386171323
27,16,8817.893589019775,286738.56,32.51499914994,0.2750003348999968,1578,0.23236442439153365,8817.893589019774,40.30606110364993
27,17,8098.56711769104,296003.44,32.524999149900005,0.2750003348999968,347,4.337702879326706,8098.56711769104,44.95837485088789
27,18,7993.170613527298,258538.08,32.534999149860006,0.2750003348999968,348,1.2684490397270438,7993.170613527298,42.95034213201526
27,19,14183.574783325195,376314.78,32.54499914982001,0.2750003348999968,1207,1.2673569146761916,14183.574783325193,38.55419782923326
27,20,13993.260272979736,418342.0,32.55499914978,0.2750003348999968,1081,1.3740172399929476,13993.260272979738,38.92614256736092
27,21,13901.837032318115,512717.75,32.564999149740004,0.2750003348999968,351,0.0460334252556332,13901.837032318113,35.55481516361969
27,22,11888.75583076477,470688.8,32.574999149700005,0.2750003348999968,1499,1.8333966201125218,11888.755830764769,39.6683078566335
27,23,15142.87414932251,449736.75,32.58499914966001,0.2750003348999968,613,1.705691738196776,15142.874149322512,42.97245443039869
27,24,14380.692695617676,381511.78,32.59499914962001,0.2750003348999968,276,3.278137406444248,14380.692695617672,41.85534770664311
27,25,15521.40725326538,453265.22,32.60499914958,0.2750003348999968,275,3.5392138574803864,15521.407253265383,44.81822449411701
27,26,14114.001440048218,341561.66,32.614999149540004,0.2750003348999968,1445,6.252821815521655,14114.001440048218,48.05692931311244
27,27,12593.298761367798,311690.1,32.624999149500006,0.2750003348999968,268,5.10914820426923,12593.298761367798,50.786569826690034
27,28,6302.850910574198,147789.3,32.63499914946001,0.2750003348999968,269,6.400050214833369,6302.850910574197,53.41163617458271
27,29,172.68210227787495,5299.558,32.64499914942001,0.2750003348999968,1481,10.26182728876018,0.0,0.0
27,33,92.82979759573936,3268.6306,32.68499914926001,0.2750003348999968,252,19.812396458949955,0.0,0.0
27,40,268.8767669349909,23502.686,32.754999148980005,0.2750003348999968,646,24.37808017936049,0.0,0.0
27,41,175.65377213060856,5220.0645,32.76499914894001,0.2750003348999968,646,18.823508135186284,0.0,0.0
27,42,405.63678550720215,18831.383,32.77499914890001,0.2750003348999968,646,13.278446318430788,405.63678550720215,75.18649154150293
27,43,1016.165543705225,49531.21,32.78499914886,0.2750003348999968,646,7.763300044388876,1016.1655437052248,69.67134526746104
27,44,1404.9039579629898,65895.734,32.794999148820004,0.2750003348999968,646,2.485866319556377,1404.90395796299,64.86140848152166
27,45,371.9802794754505,11402.598,32.804999148780006,0.2750003348999968,646,3.748232646186394,371.9802794754505,65.65627786925855
27,46,724.4156799912453,26628.572,32.81499914874001,0.2750003348999968,647,7.213656136270372,724.4156799912453,70.19517326582957
27,47,656.6546251475811,22129.93,32.82499914870001,0.2750003348999968,1735,2.30208775230873,656.6546251475811,70.0135632365439
27,48,387.70845901966095,9088.742,32.83499914866,0.2750003348999968,1735,4.317441921087952,387.70845901966095,71.76088637260388
27,49,314.7411305010319,9809.312,32.844999148620005,0.2750003348999968,1735,9.692265694686904,314.7411305010319,77.13571014620281
27,50,259.5762274861336,9629.811,32.854999148580006,0.2750003348999968,1735,15.205220704828534,0.0,0.0
27,51,412.8461639583111,16536.332,32.86499914854001,0.2750003348999968,1556,20.725937618313406,412.846163958311,90.32805340589586
27,52,630.7180817723274,29878.395,32.8749991485,0.2750003348999968,1555,19.075465567425898,630.7180817723273,97.46716958864789
27,53,451.42002007365227,24318.988,32.884999148460004,0.2750003348999968,1555,15.808639847380677,451.42002007365227,94.20034386860266
27,54,117.33332207798958,2690.808,32.894999148420005,0.2750003348999968,2597,14.046770145148438,0.0,0.0
28,0,433.0317571759224,27181.605,32.35499915058001,0.2650003349399968,1565,18.183060970030574,433.0317571759224,79.2971581375397
28,1,474.17532989382744,27332.898,32.36499915054001,0.2650003349399968,1565,14.362850954738425,474.17532989382744,75.47694812224753
28,2,822.0812405049801,38481.633,32.3749991505,0.2650003349399968,2617,11.948884041195425,822.0812405049801,71.07948208105358
28,3,417.26359744369984,17717.62,32.384999150460004,0.2650003349399968,2617,8.833786811005755,417.2635974436998,67.96438485086392
28,4,1397.6232062578201,104233.76,32.394999150420006,0.2650003349399968,2617,8.674950250374232,1397.6232062578204,67.80554829023238
28,5,702.7112815380096,54403.383,32.40499915038001,0.2650003349399968,2617,11.594513663900397,702.7112815380098,70.72511170375854
28,6,564.8918196409941,56753.14,32.41499915034001,0.2650003349399968,2616,11.913360885200264,564.891819640994,62.252774162136774
28,7,3316.926513493061,100499.28,32.4249991503,0.2650003349399968,2616,6.454039989109243,3316.9265134930606,56.79345326604575
28,8,5528.7374477386475,186743.62,32.434999150260005,0.2650003349399968,2616,1.827596676693371,5528.7374477386475,52.6692044434458
28,9,2351.0944658517838,70517.45,32.444999150220006,0.2650003349399968,2616,5.194670333725282,2351.0944658517838,55.534083610661796
28,10,4721.737517118454,136373.02,32.45499915018001,0.2650003349399968,1421,4.62439482954475,4721.737517118454,51.712127446182166
28,11,6770.287783622742,222537.0,32.46499915014,0.2650003349399968,1421,2.526990472773812,6770.287783622742,50.06567030434652
28,12,7752.648481369019,303038.12,32.474999150100004,0.2650003349399968,1284,2.9552605192713184,7752.64848136902,47.92226101160002
28,13,6082.127113342285,228096.4,32.484999150060005,0.2650003349399968,1284,7.911729563614934,6082.127113342285,52.38157810711221
28,14,5831.245776176453,213516.62,32.49499915002001,0.2650003349399968,1683,8.287659588968072,5831.245776176452,50.51629658261918
28,15,7103.7452273368835,230125.62,32.50499914998001,0.2650003349399968,1683,4.087641713190216,7103.7452273368835,46.31627870684132
28,16,6786.20609664917,196464.88,32.51499914994,0.2650003349399968,1577,3.2896068265611347,6786.20609664917,45.82348237866519
28,17,7699.728777885437,242809.5,32.524999149900005,0.2650003349399968,1042,1.550286072685109,7699.728777885435,45.29868986800014
28,18,7575.120529174805,226673.22,32.534999149860006,0.2650003349399968,728,2.6719434763175296,7575.120529174805,46.60743039702093
28,19,9959.392133712769,375068.56,32.54499914982001,0.2650003349399968,349,0.6154601917349964,9959.392133712769,39.93010875528856
28,20,9894.21792793274,389953.47,32.55499914978,0.2650003349399968,1081,4.239934554883446,9894.21792793274,41.444892226899256
28,21,10223.479696273804,477814.12,32.564999149740004,0.2650003349399968,373,1.9809480997504003,10223.479696273806,38.360481858338595
28,22,10065.036758422852,467433.0,32.574999149700005,0.2650003349399968,1498,4.082303563925407,10065.036758422852,46.11727381671649
28,23,10990.020896911621,450053.0,32.58499914966001,0.2650003349399968,1498,2.519911528762192,10990.020896911621,45.19463527353143
28,24,13846.957721710205,484940.34,32.59499914962001,0.2650003349399968,614,0.22260317893589357,13846.957721710205,40.91893683179325
28,25,14628.531883239746,418850.56,32.60499914958,0.2650003349399968,1510,3.556664940828153,14628.531883239746,44.74932995637155
28,26,15559.220840454102,444458.56,32.614999149540004,0.2650003349399968,1174,1.3287597180523738,15559.220840454102,48.38443071520096
28,27,14434.308547973633,372570.9,32.624999149500006,0.2650003349399968,268,0.5074517841375619,14434.308547973635,46.67794010188775
28,28,7043.84801363945,162666.52,32.63499914946001,0.2650003349399968,1481,2.49685734227454,7043.84801363945,52.223551312679945
28,33,502.70212806761265,30968.225,32.68499914926001,0.2650003349399968,252,23.039377047718517,502.70212806761265,71.00336079347628
28,41,197.14085030555725,9429.795,32.76499914894001,0.2650003349399968,646,20.01315782381355,0.0,0.0
28,42,551.5964401364326,29511.703,32.77499914890001,0.2650003349399968,646,14.917076261683908,551.5964401364326,76.82512148475604
28,43,366.4418137073517,11199.162,32.78499914886,0.2650003349399968,646,10.318471550799263,366.4418137073516,72.2265167738714
28,44,260.05819115042686,8835.731,32.794999148820004,0.2650003349399968,646,7.237510547429288,0.0,0.0
28,45,254.18877628445625,6138.085,32.804999148780006,0.2650003349399968,647,5.635006789440109,0.0,0.0
28,46,1146.8186621069908,50197.074,32.81499914874001,0.2650003349399968,647,1.6549372780249747,1146.8186621069908,66.90349722596129
28,47,554.6810376644135,19339.969,32.82499914870001,0.2650003349399968,1735,4.205909554617548,554.6810376644135,71.64935400613346
28,48,750.053989648819,30314.328,32.83499914866,0.2650003349399968,1735,5.570491172622118,750.0539896488191,73.01393562413803
28,49,693.3422926664352,22647.918,32.844999148620005,0.2650003349399968,1735,10.311647853699132,693.3422926664351,77.75509230521506
28,50,619.7417093813419,25618.234,32.854999148580006,0.2650003349399968,1735,15.607331733670547,619.7417093813419,83.05077618518646
28,51,710.8057403564453,33060.695,32.86499914854001,0.2650003349399968,1555,20.385881738815883,710.8057403564453,98.7775857600379
28,52,517.8535071611404,24995.965,32.8749991485,0.2650003349399968,1555,15.481113288376218,517.8535071611404,93.87281730959822
28,53,670.5936219096184,31687.084,32.884999148460004,0.2650003349399968,1555,11.211805200665935,670.5936219096184,89.60350922188793
28,54,580.4288356304169,20536.643,32.894999148420005,0.2650003349399968,1555,8.585062370160284,580.4288356304169,86.9767663913823
29,0,595.38489985466,35384.81,32.35499915058001,0.2550003349799968,1565,15.22499562004379,595.38489985466,76.33909278755291
29,1,651.4038396775723,29632.223,32.36499915054001,0.2550003349799968,1565,10.36669054899074,651.4038396775723,71.48078771649986
29,2,1027.4647179543972,45190.703,32.3749991505,0.2550003349799968,1565,6.715286075698774,1027.4647179543972,67.8293832432079
29,3,1290.4312620460987,80943.06,32.384999150460004,0.2550003349799968,2617,4.081106825927394,1290.4312620460987,63.21170486578556
29,4,786.8402643352747,47101.957,32.394999150420006,0.2550003349799968,2617,3.7248362848318495,786.8402643352746,62.85543432469003
29,5,1823.8284783363342,151371.62,32.40499915038001,0.2550003349799968,2617,8.547069123664844,1823.8284783363338,67.67766716352303
29,6,993.8166704773903,90058.3,32.41499915034001,0.2550003349799968,2616,13.852256640374623,993.8166704773901,64.19166991731113
29,7,2973.3827201128006,78908.71,32.4249991503,0.2550003349799968,2616,9.571388542463655,2973.3827201128015,59.910801819400156
29,8,3318.8716897964478,83197.94,32.434999150260005,0.2550003349799968,2616,7.30047642708638,3318.8716897964478,57.63988970402289
29,9,3311.7423253059387,107070.734,32.444999150220006,0.2550003349799968,1219,7.122760651107029,3311.7423253059383,65.44768015663549
29,10,1957.1248576641083,49673.098,32.45499915018001,0.2550003349799968,1421,5.405070403705377,1957.1248576641083,52.4928030203428
29,11,3747.301678776741,97883.695,32.46499915014,0.2550003349799968,1724,1.6590116156328567,3747.3016787767406,52.21354876993826
29,12,5349.500077724457,153368.38,32.474999150100004,0.2550003349799968,1724,5.08017700837291,5349.500077724457,55.37703581874541
29,13,4748.437250137329,122005.23,32.484999150060005,0.2550003349799968,1286,4.577106681664503,4748.43725013733,57.14508671434119
29,14,4926.950426101685,149714.22,32.49499915002001,0.2550003349799968,1683,7.700401171119705,4926.950426101685,49.92903816477081
29,15,7030.14013338089,253606.94,32.50499914998001,0.2550003349799968,1683,2.7054928403120764,7030.140133380892,45.27906869341836
29,16,6227.482333183289,166624.94,32.51499914994,0.2550003349799968,1683,4.159593448104555,6227.482333183288,46.38823044175566
29,17,6725.972104072571,186286.31,32.524999149900005,0.2550003349799968,372,1.9370910217359596,6725.97210407257,46.496369365612274
29,18,8267.351667404175,271260.47,32.534999149860006,0.2550003349799968,1041,6.324381491067475,8267.351667404175,49.9989960420913
29,19,7718.0486698150635,209133.38,32.54499914982001,0.2550003349799968,1569,2.503415720796813,7718.048669815064,42.806227620783766
29,20,9644.625659942627,372451.25,32.55499914978,0.2550003349799968,362,3.307398793244678,9644.625659942625,43.04232431794551
29,21,10115.326858520508,452400.22,32.564999149740004,0.2550003349799968,1926,2.124874773541668,10115.326858520508,41.01463430044869
29,22,9221.275524139404,424493.75,32.574999149700005,0.2550003349799968,377,3.805086143556916,9221.275524139404,44.6302361813949
29,23,8696.31552028656,344247.3,32.58499914966001,0.2550003349799968,401,2.960370700383418,8696.31552028656,50.806967757119665
29,24,9922.431468963623,415724.7,32.59499914962001,0.2550003349799968,400,2.581475544426556,9922.431468963625,50.46363770771581
29,25,12973.329326629639,449224.75,32.60499914958,0.2550003349799968,1511,0.8061743776910847,12973.32932662964,43.84635073830658
29,26,13914.93550491333,328847.0,32.614999149540004,0.2550003349799968,875,3.3368115191202774,13914.935504913334,48.60793685662361
29,27,13724.523286819458,364853.22,32.624999149500006,0.2550003349799968,260,2.373647037427212,13724.52328681946,48.967670912151824
29,28,6855.336573839188,232250.56,32.63499914946001,0.2550003349799968,1479,0.8781504668426392,6855.336573839189,51.537108872810975
29,41,198.23952743411064,12711.248,32.76499914894001,0.2550003349799968,646,22.554139867231232,0.0,0.0
29,42,256.4484912157059,10504.236,32.77499914890001,0.2550003349799968,646,18.184661208465045,0.0,0.0
29,43,153.03584331274033,3318.207,32.78499914886,0.2550003349799968,646,14.650378637237111,0.0,0.0
29,44,447.43788215518,24101.877,32.794999148820004,0.2550003349799968,647,11.635699055826988,447.43788215518,74.61721618538618
29,45,393.98386240005493,11608.596,32.804999148780006,0.2550003349799968,2234,6.436386850592621,393.98386240005493,70.21249961352646
29,46,2759.4341272115707,219781.22,32.81499914874001,0.2550003349799968,648,1.2095671146237184,2759.4341272115707,68.5262652958582
29,47,757.7804682254791,21158.059,32.82499914870001,0.2550003349799968,1710,3.9708505179042435,757.7804682254791,69.8669363708392
29,48,299.601819396019,9644.341,32.83499914866,0.2550003349799968,1710,9.501930334039523,0.0,0.0
29,49,682.1792684793472,30414.336,32.844999148620005,0.2550003349799968,1735,13.441758074199432,682.1792684793472,80.88520252571534
29,50,746.5460090339184,35473.703,32.854999148580006,0.2550003349799968,1735,17.830860397396627,746.5460090339185,85.27430484891254
29,51,519.2085273861885,17627.871,32.86499914854001,0.2550003349799968,1555,18.797243622584368,519.2085273861885,97.18894764380636
29,52,242.1034099161625,5466.2383,32.8749991485,0.2550003349799968,1555,13.319799630074792,0.0,0.0
29,53,551.6327143609524,22262.418,32.884999148460004,0.2550003349799968,1555,7.965975734050514,551.6327143609525,86.3576797552725
29,54,813.3317178785801,36523.36,32.894999148420005,0.2550003349799968,1555,3.3845959045865444,813.3317178785801,81.77629992580856
30,0,209.33269667625427,11039.321,32.35499915058001,0.2450003350199968,1565,13.962019500243162,0.0,0.0
30,1,1346.658435344696,107395.55,32.36499915054001,0.2450003350199968,1565,8.402723953180404,1346.658435344696,69.51682112068953
30,2,1771.241599559784,136745.7,32.3749991505,0.2450003350199968,1565,2.8692444952097786,1771.2415995597842,65.4048028347877
30,3,1750.6779762506485,111609.55,32.384999150460004,0.2450003350199968,1565,2.796135001197749,1750.6779762506485,65.33169334077569
30,4,1058.9026741087437,58054.953,32.394999150420006,0.2450003350199968,2617,3.8019416559760946,1058.9026741087437,62.93253969583427
30,5,1537.2387657165527,113986.66,32.40499915038001,0.2450003350199968,2617,8.580952488584892,1537.238765716553,67.71155052844306
30,6,1485.970390766859,38281.617,32.41499915034001,0.2450003350199968,2617,13.955993110456186,1485.9703907668593,73.08659115031435
30,7,1393.1856877207756,21664.936,32.4249991503,0.2450003350199968,1219,8.660135426962315,1393.1856877207756,66.98505493249074
30,8,2893.252596974373,72842.42,32.434999150260005,0.2450003350199968,1219,3.2153461218843225,2893.252596974373,61.84144397392439
30,9,2549.8947908878326,73958.76,32.444999150220006,0.2450003350199968,1219,2.763687497802444,2549.8947908878326,61.68184911473687
30,10,1466.3188098073006,30694.7,32.45499915018001,0.2450003350199968,1724,7.48023462636827,1466.3188098073008,57.77709343674077
30,11,2953.2400671243668,82369.664,32.46499915014,0.2450003350199968,533,2.218825531804308,2953.240067124366,55.3241067065373
30,12,4303.244140625,112395.086,32.474999150100004,0.2450003350199968,533,3.5602232241199316,4303.244140625,56.35695779026832
30,13,4920.725657463074,156513.9,32.484999150060005,0.2450003350199968,532,1.2972616263929406,4920.725657463074,54.353521338151786
30,14,3818.053130865097,81785.0,32.49499915002001,0.2450003350199968,531,6.424778712840399,3818.053130865097,58.9531520515177
30,15,6220.164079666138,211146.38,32.50499914998001,0.2450003350199968,1683,7.73894564826899,6220.1640796661395,49.96758264192008
30,16,2470.341628909111,53504.17,32.51499914994,0.2450003350199968,2163,5.899375683141606,2470.341628909111,50.141908189816654
30,17,6773.022855758667,192058.56,32.524999149900005,0.2450003350199968,372,4.361600782920522,6773.022855758667,48.609539663077925
30,18,8022.719188690186,269032.06,32.534999149860006,0.2450003350199968,212,6.655947365268419,8022.719188690186,49.44281213583528
30,19,8612.313501358032,250697.31,32.54499914982001,0.2450003350199968,363,6.795919795321968,8612.313501358032,46.138359203997034
30,20,8647.069107055664,367387.6,32.55499914978,0.2450003350199968,383,1.421152029260774,8647.069107055662,41.57163404415205
30,21,5881.25669336319,172869.88,32.564999149740004,0.2450003350199968,384,3.143136152033057,5881.25669336319,43.368890410452515
30,22,8724.561044692993,404846.06,32.574999149700005,0.2450003350199968,377,7.966350707025181,8724.561044692995,48.79150074486315
30,23,8862.616592407227,430702.78,32.58499914966001,0.2450003350199968,1501,5.825049425514199,8862.616592407227,52.80220793212569
30,24,9343.485555648804,369608.3,32.59499914962001,0.2450003350199968,1501,3.1253980327892403,9343.485555648804,50.886446296025326
30,25,8613.744275093079,262345.22,32.60499914958,0.2450003350199968,1505,4.465080173975054,8613.744275093079,47.33337711701186
30,26,12199.99080646038,287740.38,32.614999149540004,0.2450003350199968,1506,0.5301565256007444,12199.99080646038,44.81715183137896
30,27,12374.212028503418,302857.78,32.624999149500006,0.2450003350199968,259,2.4112614233024843,12374.212028503416,47.63610525851416
30,28,1266.438551157713,21682.031,32.63499914946001,0.2450003350199968,1480,5.3398989745281895,1266.438551157713,53.77672963003127
30,29,41.634011283516884,6617.61,32.64499914942001,0.2450003350199968,1479,8.16672968040056,0.0,0.0
30,41,58.9125639796257,1730.904,32.76499914894001,0.2450003350199968,1736,23.866889919437394,0.0,0.0
30,42,195.77335041761398,8948.561,32.77499914890001,0.2450003350199968,1736,18.52348771435605,0.0,0.0
30,43,536.6121505796909,24758.34,32.78499914886,0.2450003350199968,1736,13.363000135186441,536.6121505796909,78.79161429832813
30,44,663.8701066672802,29657.865,32.794999148820004,0.2450003350199968,1736,8.716591131504474,663.8701066672802,74.14520529464617
30,45,646.8835415542126,25068.621,32.804999148780006,0.2450003350199968,1736,5.9453479398928595,646.8835415542127,71.37396210303454
30,46,2034.0053462982178,119740.09,32.81499914874001,0.2450003350199968,2234,2.7606293956563044,2034.005346298218,70.02353638214636
30,47,930.7772173285484,41873.348,32.82499914870001,0.2450003350199968,2271,5.728435602302185,930.7772173285483,69.34351882192244
30,48,604.5488041341305,25650.715,32.83499914866,0.2450003350199968,2271,10.479139335379267,604.5488041341305,74.09422255499952
30,49,445.72436137497425,22178.648,32.844999148620005,0.2450003350199968,2271,15.772405041804895,445.72436137497425,79.38748826142516
30,50,426.84509044885635,18068.074,32.854999148580006,0.2450003350199968,1710,21.179062482053787,426.84509044885635,84.80502753541624
30,51,276.4698553979397,13171.967,32.86499914854001,0.2450003350199968,1555,18.789605446866226,0.0,0.0
30,52,732.6832179129124,26221.703,32.8749991485,0.2450003350199968,1555,13.309018266854128,732.6832179129124,91.70072228807612
30,53,699.0373465120792,25065.201,32.884999148460004,0.2450003350199968,1555,7.9479352310897635,699.0373465120792,86.33963925231177
30,54,857.8664787709713,36313.94,32.894999148420005,0.2450003350199968,1555,3.3419147923698302,857.8664787709713,81.73361881359185
31,0,690.6587092280388,33812.89,32.35499915058001,0.2350003350599968,2620,12.842469518971392,690.6587092280388,88.057348363434
31,1,483.8701890408993,33485.516,32.36499915054001,0.2350003350599968,1565,9.782841010283457,483.8701890408993,70.89693817779258
31,2,902.6857499033213,45683.902,32.3749991505,0.2350003350599968,1565,5.773280901915631,902.6857499033212,66.88737806942476
31,3,1048.060219436884,54197.387,32.384999150460004,0.2350003350599968,1565,5.737297215941952,1048.060219436884,66.8513943834511
31,4,503.24388712644577,32657.246,32.394999150420006,0.2350003350599968,2617,8.774726597815281,503.24388712644577,67.90532463767344
31,5,466.70539006590843,28767.2,32.40499915038001,0.2350003350599968,2617,11.669353543462119,466.70539006590843,70.7999515833203
31,6,1157.423246562481,27891.918,32.41499915034001,0.2350003350599968,1219,14.848616574334612,1157.423246562481,73.17353607986304
31,7,854.9431371688843,12164.195,32.4249991503,0.2350003350599968,1219,9.688287073068853,854.9431371688843,68.01320657859729
31,8,2993.895793914795,86419.555,32.434999150260005,0.2350003350599968,1219,5.404018086607576,2993.895793914795,63.72893759213601
31,9,2363.4916566610336,61332.98,32.444999150220006,0.2350003350599968,1219,5.1480995893994494,2363.491656661033,63.47301909492788
31,10,1714.7987961769104,34841.18,32.45499915018001,0.2350003350599968,1219,9.260748356159127,1714.7987961769106,67.58566786168757
31,11,555.3420430421829,4125.9624,32.46499915014,0.2350003350599968,533,6.656075360044465,555.3420430421829,59.21041841278353
31,12,2402.8705360889435,53663.156,32.474999150100004,0.2350003350599968,533,7.214938798324438,2402.8705360889435,59.7692818510635
31,13,3191.432711303234,83433.0,32.484999150060005,0.2350003350599968,1684,4.036823439135531,3191.432711303234,53.62806258007522
31,14,4030.7715611457825,108105.01,32.49499915002001,0.2350003350599968,1684,2.959131835527669,4030.7715611457825,52.787067576007374
31,15,3217.104366660118,77920.6,32.50499914998001,0.2350003350599968,1684,7.9483326423249885,3217.104366660118,57.539571783264684
31,16,732.376699924469,15708.062,32.51499914994,0.2350003350599968,212,8.564056570154909,732.376699924469,51.35092134072176
31,17,5027.255722522736,179241.31,32.524999149900005,0.2350003350599968,212,3.032792044483555,5027.255722522736,46.17939345408976
31,18,7669.4869022369385,233222.45,32.534999149860006,0.2350003350599968,212,2.6479431763368217,7669.4869022369385,46.06848167752381
31,19,9027.06901550293,280581.7,32.54499914982001,0.2350003350599968,214,3.148804057152069,9027.06901550293,42.60785924483419
31,20,9533.70877456665,353364.3,32.55499914978,0.2350003350599968,363,1.4163970672685224,9533.70877456665,41.65388022334695
31,21,5493.119971871376,150735.69,32.564999149740004,0.2350003350599968,384,5.811667184324776,5493.119971871376,45.5809553006981
31,22,6598.9979882240295,287820.72,32.574999149700005,0.2350003350599968,376,4.0283639931419835,6598.9979882240295,52.25650445953992
31,23,8648.655961990356,419506.2,32.58499914966001,0.2350003350599968,1501,5.549226330161488,8648.655961990355,52.52638483677299
31,24,8842.308135986328,351161.56,32.59499914962001,0.2350003350599968,1501,2.575038818549558,8842.308135986328,51.16245613814122
31,25,6174.885221362114,216062.14,32.60499914958,0.2350003350599968,1924,3.387783068786452,6174.885221362113,46.8190592434131
31,26,6061.638395786285,105607.375,32.614999149540004,0.2350003350599968,1816,1.4584126531138493,6061.638395786285,44.999822769826075
31,27,4882.803617954254,114343.09,32.624999149500006,0.2350003350599968,2148,2.967049004505796,4882.803617954254,48.18889385713762
31,29,74.13108737766743,6950.114,32.64499914942001,0.2350003350599968,259,11.42394794375134,0.0,0.0
31,30,102.20479372143745,3428.4724,32.654999149380004,0.2350003350599968,1479,16.0168512335921,0.0,0.0
31,31,274.3331001698971,11469.27,32.664999149340005,0.2350003350599968,1479,20.16921544032559,0.0,0.0
31,32,601.5308134555817,34288.996,32.67499914930001,0.2350003350599968,1479,24.87999180765876,601.5308134555817,74.87955220011159
31,42,330.3461220860481,13336.937,32.77499914890001,0.2350003350599968,1736,17.5676974285137,330.3461220860481,82.9963115916554
31,43,413.52398785948753,22799.213,32.78499914886,0.2350003350599968,1736,12.003089954211802,413.52398785948753,77.43170411735349
31,44,472.4059938788414,20367.398,32.794999148820004,0.2350003350599968,1736,6.440757470183913,472.4059938788414,71.8693716333256
31,45,915.8629347383976,38850.89,32.804999148780006,0.2350003350599968,1736,0.9227989826044029,915.8629347383979,67.00604088343852
31,46,438.9913868904114,12697.57,32.81499914874001,0.2350003350599968,1736,4.70943435739739,438.9913868904114,70.6546206073681
31,47,925.6893543899059,52777.617,32.82499914870001,0.2350003350599968,2234,9.886091136841605,925.6893543899059,73.66220389977546
31,48,128.92350509762764,4561.039,32.83499914866,0.2350003350599968,2271,13.599178220691014,0.0,0.0
31,50,278.7152536213398,14413.089,32.854999148580006,0.2350003350599968,2271,22.90872018019984,0.0,0.0
31,52,133.80248099565506,3418.215,32.8749991485,0.2350003350599968,1555,15.45327097328871,0.0,0.0
31,53,445.58130614459515,13143.76,32.884999148460004,0.2350003350599968,1555,11.173329449364166,445.58130614459515,89.56503347058617
31,54,88.69852301478386,901.7796,32.894999148420005,0.2350003350599968,1555,8.53475313210001,0.0,0.0
32,0,669.282763928175,34896.734,32.35499915058001,0.22500033509999678,2620,10.718557568775644,669.282763928175,85.93343641323825
32,1,268.9117016494274,13672.86,32.36499915054001,0.22500033509999678,1964,13.50318499060632,0.0,0.0
32,2,591.6322754025459,34423.195,32.3749991505,0.22500033509999678,1565,10.972223670517764,591.632275402546,72.0863208380269
32,3,809.3226697444916,47008.79,32.384999150460004,0.22500033509999678,1565,10.953332791780857,809.3226697444916,72.06742995928998
32,4,637.1613125354052,60262.812,32.394999150420006,0.22500033509999678,1565,13.472947674911078,637.1613125354052,74.58704484242023
32,5,850.2787868380547,30237.398,32.40499915038001,0.22500033509999678,2617,16.14545106640217,850.2787868380545,75.27604910626033
32,6,2009.3578562736511,55046.168,32.41499915034001,0.22500033509999678,1219,17.35819940180387,2009.3578562736516,75.68311890733231
32,7,1408.438834965229,36513.957,32.4249991503,0.22500033509999678,1219,13.216980695732767,1408.4388349652293,71.5419002012612
32,8,2365.9530705213547,76110.2,32.434999150260005,0.22500033509999678,1219,10.489474904949315,2365.9530705213547,68.81439441047775
32,9,1534.7794386148453,31506.73,32.444999150220006,0.22500033509999678,1219,10.359951818592327,1534.7794386148453,68.68487132412076
32,10,2223.098516225815,57231.81,32.45499915018001,0.22500033509999678,1219,12.906863771547433,2223.098516225815,71.23178327707588
32,11,2434.8290985822678,71548.31,32.46499915014,0.22500033509999678,1837,9.575393303175591,2434.8290985822678,63.338519664992404
32,12,2340.360982775688,61488.555,32.474999150100004,0.22500033509999678,1837,6.735156491098427,2340.360982775688,60.49828285291525
32,13,4835.89809513092,140801.56,32.484999150060005,0.22500033509999678,388,1.814936135837023,4835.89809513092,53.027321967728575
32,14,3526.329056620598,87535.03,32.49499915002001,0.22500033509999678,2311,3.714123750403967,3526.329056620598,53.61174749087725
32,15,2292.4250905513763,40649.32,32.50499914998001,0.22500033509999678,1684,8.426858587290244,2292.4250905513763,58.018097728229954
32,16,3315.5481583476067,113825.95,32.51499914994,0.22500033509999678,365,8.741096054376701,3315.5481583476067,54.7170615350761
32,17,1633.3693259954453,25427.621,32.524999149900005,0.22500033509999678,365,3.182786959597425,1633.3693259954453,49.495104466688204
32,18,5499.544328153133,161127.1,32.534999149860006,0.22500033509999678,365,2.4109164772513596,5499.544328153133,48.77424598189062
32,19,7747.5142459869385,253536.0,32.54499914982001,0.22500033509999678,353,0.7097550039022185,7747.5142459869385,40.95228971426193
32,20,5820.431109428406,150638.23,32.55499914978,0.22500033509999678,208,2.948583748508482,5820.431109428405,44.89935794841849
32,21,3021.20805644989,77608.61,32.564999149740004,0.22500033509999678,1572,1.6441728673254747,3021.208056449891,46.91108829318853
32,22,6209.771958231926,271775.0,32.574999149700005,0.22500033509999678,376,1.9066262490837125,6209.771958231928,50.738511993348766
32,23,8648.99829864502,340800.06,32.58499914966001,0.22500033509999678,376,4.900456147966161,8648.99829864502,52.49575368357493
32,24,8475.126398086548,283908.44,32.59499914962001,0.22500033509999678,1500,2.7084328617452704,8475.126398086548,48.00546944479524
32,25,6019.301107645035,180120.02,32.60499914958,0.22500033509999678,1923,2.059804307383878,6019.301107645037,45.34713648825436
32,26,574.6354094743729,3229.3115,32.614999149540004,0.22500033509999678,1504,3.321333199689082,574.6354094743729,51.727465497529145
32,27,193.44791693985462,440.20523,32.624999149500006,0.22500033509999678,1504,3.092531652961431,0.0,0.0
32,28,54.28640556335449,0.0,32.63499914946001,0.22500033509999678,1504,8.369902189248155,0.0,0.0
32,29,309.1248576641083,8850.262,32.64499914942001,0.22500033509999678,1504,13.874645441318815,309.1248576641083,62.28077773915887
32,30,859.2828877270222,38488.47,32.654999149380004,0.22500033509999678,259,18.704233531083894,859.2828877270224,63.11567292347417
32,31,752.8361496031284,47113.07,32.664999149340005,0.22500033509999678,259,23.769639341454777,752.8361496031284,68.18107873384506
32,41,231.13166844844818,17775.744,32.76499914894001,0.22500033509999678,1617,20.813754407173406,0.0,0.0
32,42,178.85514134168625,8103.196,32.77499914890001,0.22500033509999678,1617,15.839397318918127,0.0,0.0
32,43,183.27997514605522,6711.634,32.78499914886,0.22500033509999678,2557,11.401517822130407,0.0,0.0
32,44,482.86715564131737,24874.586,32.794999148820004,0.22500033509999678,1736,8.303521188625444,482.86715564131737,73.73213535176713
32,45,780.4938525855541,30409.207,32.804999148780006,0.22500033509999678,1736,5.321340555021594,780.4938525855541,70.7499547181633
32,46,634.7758555114269,25466.086,32.81499914874001,0.22500033509999678,1736,7.045841277438542,634.7758555114269,72.47445544058023
32,47,500.9262786209583,28305.625,32.82499914870001,0.22500033509999678,1736,11.529531913435997,500.9262786209584,76.95814607657768
32,48,260.9143361747265,12341.986,32.83499914866,0.22500033509999678,1736,16.67858944307439,0.0,0.0
32,52,566.2765236496925,31177.645,32.8749991485,0.22500033509999678,1555,19.037802179469995,566.2765236496924,97.429506200692
32,53,179.7888195514679,10336.703,32.884999148460004,0.22500033509999678,1555,15.763172873339096,0.0,0.0
33,0,478.85780426859856,24301.037,32.35499915058001,0.21500033513999678,1964,8.978397975029756,478.85780426859856,88.97196474927233
33,2,484.2383446097374,26774.736,32.3749991505,0.21500033513999678,1964,10.423825832191703,484.23834460973734,90.4173926064343
33,3,484.08457893133163,22420.55,32.384999150460004,0.21500033513999678,946,14.05292823468638,484.08457893133163,92.89857948986476
33,4,758.6947396844625,21727.336,32.394999150420006,0.21500033513999678,1565,18.180757697594803,758.6947396844625,79.29485486510393
33,5,1259.0095588564873,33300.887,32.40499915038001,0.21500033513999678,2617,21.145639731565854,1259.0095588564873,80.27623777142402
33,6,1840.497871696949,57230.953,32.41499915034001,0.21500033513999678,2419,20.309871591497757,1840.497871696949,31.71103615240978
33,7,1643.9927924871445,31373.387,32.4249991503,0.21500033513999678,2422,16.132260369030064,1643.9927924871445,23.111150265208472
33,8,2029.0383068919182,41116.023,32.434999150260005,0.21500033513999678,2422,12.651357068835553,2029.0383068919182,19.630246965013963
33,9,1224.8862419724464,25737.904,32.444999150220006,0.21500033513999678,2422,11.037339334459283,1224.8862419724464,18.01622923063769
33,10,2073.8057894706726,48714.906,32.45499915018001,0.21500033513999678,1831,7.979037725217802,2073.805789470673,67.65235544679483
33,11,2624.40039730072,62004.83,32.46499915014,0.21500033513999678,1835,6.252271536455334,2624.40039730072,60.251572568652335
33,12,1982.1018225550652,47586.617,32.474999150100004,0.21500033513999678,1837,1.7188209357163047,1982.1018225550656,55.63143646413804
33,13,2610.3692755699158,61678.31,32.484999150060005,0.21500033513999678,1837,4.311326279686023,2610.3692755699158,58.07445264150285
33,14,2234.817859530449,42648.62,32.49499915002001,0.21500033513999678,388,7.060879049777804,2234.817859530449,57.9117793108393
33,15,1530.225237250328,20928.125,32.50499914998001,0.21500033513999678,387,8.27289273710562,1530.2252372503278,61.3755245961312
33,16,1980.5431607961655,51096.285,32.51499914994,0.21500033513999678,1744,6.930543368220757,1980.5431607961652,53.29230216516909
33,17,3095.6132110357285,81614.055,32.524999149900005,0.21500033513999678,2010,2.7361586513355944,3095.6132110357285,43.58989639307321
33,18,4098.787088632584,150749.34,32.534999149860006,0.21500033513999678,1752,0.18092561659145814,4098.787088632584,41.29855225349934
33,19,7267.914886474609,337951.12,32.54499914982001,0.21500033513999678,2015,1.7848324262857782,7267.914886474609,41.780231282009034
33,20,4996.270464658737,148325.23,32.55499914978,0.21500033513999678,209,3.240436187105976,4996.270464658736,45.15418293506574
33,21,4495.441331267357,125726.03,32.564999149740004,0.21500033513999678,2070,3.896037467536148,4495.441331267357,45.15357158394153
33,22,6473.782932281494,187569.31,32.574999149700005,0.21500033513999678,380,2.471892448127733,6473.782932281493,44.55873600854747
33,23,8071.250292778015,211704.53,32.58499914966001,0.21500033513999678,379,2.1267288914191504,8071.250292778016,46.65156439024955
33,24,4294.317356109619,98179.45,32.59499914962001,0.21500033513999678,1922,5.233122074863462,4294.317356109619,47.677518025213935
33,25,5603.92392206192,151510.95,32.60499914958,0.21500033513999678,2110,3.2337030032237224,5603.92392206192,46.22130150622923
33,26,5726.145340919495,164381.19,32.614999149540004,0.21500033513999678,1937,1.5514598659927132,5726.145340919494,50.47315845516873
33,27,436.55336970090866,14063.489,32.624999149500006,0.21500033513999678,1937,5.219896787353575,436.5533697009086,53.351489132369295
33,30,254.99386559426785,10838.451,32.654999149380004,0.21500033513999678,1504,20.63057346511819,0.0,0.0
33,40,77.79821956157684,1924.9363,32.754999148980005,0.21500033513999678,1617,24.859865058769298,0.0,0.0
33,41,257.9925548732281,12371.904,32.76499914894001,0.21500033513999678,1617,19.33204626553297,0.0,0.0
33,42,473.26966056227684,31204.143,32.77499914890001,0.21500033513999678,1617,13.834816504642465,473.26966056227684,80.53447502202101
33,43,350.09338626265526,19654.521,32.78499914886,0.21500033513999678,1617,8.428243912778285,350.09338626265526,75.12790243015682
33,44,503.0711666941643,29174.924,32.794999148820004,0.21500033513999678,2557,3.538024440325177,503.0711666941643,70.42410023094456
33,45,1006.3511309921741,47670.383,32.804999148780006,0.21500033513999678,2557,3.6730498765807096,1006.3511309921741,70.55912566720009
33,46,117.51399222016335,3098.5322,32.81499914874001,0.21500033513999678,2557,8.742081370198049,0.0,0.0
33,47,129.38051289319992,5940.634,32.82499914870001,0.21500033513999678,2557,14.188576066758483,0.0,0.0
33,48,197.71643218398094,9041.7295,32.83499914866,0.21500033513999678,1736,19.172927910341933,0.0,0.0
33,49,395.6958889067173,15885.854,32.844999148620005,0.21500033513999678,1736,23.9750999404559,395.69588890671724,89.40371410359761
33,53,679.0968438088894,40436.484,32.884999148460004,0.21500033513999678,1555,20.834410444978587,679.0968438088892,99.22611446620061
33,54,113.66070914268494,4972.182,32.894999148420005,0.21500033513999678,1555,19.546646224651823,0.0,0.0
34,0,619.9700293838978,30447.674,32.35499915058001,0.20500033517999683,1964,4.887813210925594,619.9700293838978,84.8813799851682
34,1,202.0543690621853,11596.631,32.36499915054001,0.20500033517999683,1964,2.633148108250272,0.0,0.0
34,2,421.6157439351082,30394.676,32.3749991505,0.20500033517999683,946,6.191266487955348,421.6157439351082,85.03691774313371
34,3,562.5850584506989,23546.277,32.384999150460004,0.20500033517999683,946,11.025808417313803,562.5850584506987,89.87145967249216
34,4,1117.7940202355385,29056.965,32.394999150420006,0.20500033517999683,946,16.33291568022795,1117.7940202355385,95.17856693540632
34,5,645.9306036233902,15429.406,32.40499915038001,0.20500033517999683,946,21.76967686510988,645.9306036233902,100.61532812028825
34,6,477.85633713006973,8078.4067,32.41499915034001,0.20500033517999683,2419,17.54829047082701,477.8563371300696,28.949455031739028
34,7,916.115276992321,25375.48,32.4249991503,0.20500033517999683,2419,12.568183912356107,916.1152769923209,23.96934847326813
34,8,1629.9437209367752,27451.71,32.434999150260005,0.20500033517999683,2422,8.269454998406118,1629.9437209367752,15.248344894584529
34,9,1970.3729500770569,48906.375,32.444999150220006,0.20500033517999683,2422,5.49089335823331,1970.3729500770569,12.469783254411722
34,10,1666.1105449795723,24259.154,32.45499915018001,0.20500033517999683,1831,4.134403873877406,1666.1105449795725,63.80772159545442
34,11,2205.28173494339,40821.984,32.46499915014,0.20500033517999683,1831,2.1841653022072194,2205.28173494339,62.04952822101768
34,12,2512.5601472854614,49502.15,32.474999150100004,0.20500033517999683,1829,1.0645376173775971,2512.5601472854614,55.79956805305653
34,13,2123.3292763233185,35907.07,32.484999150060005,0.20500033517999683,391,3.44763340419164,2123.329276323318,58.50276686214888
34,14,1932.6401472091675,26659.342,32.49499915002001,0.20500033517999683,390,3.977322036158852,1932.6401472091677,57.72954950825564
34,15,1820.5931502580643,23381.309,32.50499914998001,0.20500033517999683,387,2.9447198522659495,1820.5931502580638,56.390076730354984
34,16,1484.0775151252747,51958.75,32.51499914994,0.20500033517999683,393,6.0235404804398325,1484.0775151252747,52.80266740672076
34,17,6437.170135378838,202686.73,32.524999149900005,0.20500033517999683,393,0.8334936689165023,6437.170135378837,48.11759666239265
34,18,9261.41187286377,395294.03,32.534999149860006,0.20500033517999683,396,2.207765615872145,9261.411872863771,45.428991104582096
34,19,6139.821501374245,248574.06,32.54499914982001,0.20500033517999683,463,0.6558168973457066,6139.821501374245,43.5419237438452
34,20,449.00574576854706,5639.756,32.55499914978,0.20500033517999683,1739,4.741905293301489,449.00574576854706,44.209538060532665
34,21,3715.6212931871414,98807.7,32.564999149740004,0.20500033517999683,2070,3.7291871342600986,3715.6212931871423,44.98672125066547
34,22,4412.069864749908,127412.49,32.574999149700005,0.20500033517999683,216,1.7338003893627938,4412.069864749908,44.33421074646577
34,23,3087.377470433712,68476.28,32.58499914966001,0.20500033517999683,215,2.4638972263030436,3087.3774704337116,45.076001198698386
34,24,3176.5200594365597,77262.43,32.59499914962001,0.20500033517999683,1922,3.334486938089103,3176.52005943656,45.77888288843957
34,25,2372.436063490808,67367.64,32.60499914958,0.20500033517999683,1937,7.3731444840162315,2372.436063490808,55.50473682903196
34,26,3639.603240251541,136139.67,32.614999149540004,0.20500033517999683,1937,4.152654753917355,3639.6032402515416,52.74432392189059
34,27,50.45878982543945,4096.0454,32.624999149500006,0.20500033517999683,1937,6.487282656094958,0.0,0.0
34,40,176.67347721755505,11353.876,32.754999148980005,0.20500033517999683,1617,24.909621485183386,0.0,0.0
34,41,382.9180727005005,21723.059,32.76499914894001,0.20500033517999683,1617,19.395988363772496,382.9180727005005,86.09564688115104
34,42,576.238344758749,35469.43,32.77499914890001,0.20500033517999683,1617,13.924025980729086,576.238344758749,80.62368449810762
34,43,240.8772490620613,9064.809,32.78499914886,0.20500033517999683,1617,8.573893354140536,0.0,0.0
34,44,685.506123483181,36369.5,32.794999148820004,0.20500033517999683,1617,3.886361771125804,685.5061234831809,70.58602028850434
34,45,957.5442633628845,53976.855,32.804999148780006,0.20500033517999683,1617,4.319141259058007,957.5442633628846,71.01879977643654
34,46,179.02264606952667,4390.9404,32.81499914874001,0.20500033517999683,2557,9.04947738025152,0.0,0.0
34,47,113.08438402414322,4398.6333,32.82499914870001,0.20500033517999683,2557,14.380011994943247,0.0,0.0
34,48,349.52039271593094,19751.111,32.83499914866,0.20500033517999683,2557,19.84024853486773,349.520392715931,86.72632432548711
35,0,313.4770111143589,17420.16,32.35499915058001,0.19500033521999682,1964,5.397269427784107,313.47701111435896,85.39083620202669
35,1,180.02849300205708,7955.3213,32.36499915054001,0.19500033521999682,946,1.760253906865846,0.0,0.0
35,2,982.4528565555811,34408.664,32.3749991505,0.19500033521999682,946,4.93722103163864,982.4528565555809,83.78287228681701
35,3,982.8046289086342,18661.283,32.384999150460004,0.19500033521999682,946,10.373660012053792,982.8046289086342,89.21931126723216
35,4,754.4236122965813,14274.616,32.394999150420006,0.19500033521999682,946,15.899953000176192,754.4236122965814,94.74560425535454
35,5,1774.1826123595238,53289.625,32.40499915038001,0.19500033521999682,946,21.44675270528562,1774.1826123595238,100.29240396046397
35,6,735.5203410983086,14833.635,32.41499915034001,0.19500033521999682,2419,16.289715293344518,735.5203410983084,27.69087985425654
35,7,1558.3043765425682,41901.555,32.4249991503,0.19500033521999682,2419,10.741115991576992,1558.304376542568,22.142280552489016
35,8,1064.3873121142387,17857.8,32.434999150260005,0.19500033521999682,2419,5.229467848870169,1064.3873121142387,16.63063240978219
35,9,1994.9560711979866,37511.47,32.444999150220006,0.19500033521999682,2422,0.6615675802916695,1994.9560711979864,10.427228989316859
35,10,2629.8287291526794,60416.67,32.45499915018001,0.19500033521999682,2421,4.509462503943669,2629.8287291526794,13.04742053701023
35,11,3354.990540742874,71519.25,32.46499915014,0.19500033521999682,1832,1.2375733467209682,3354.990540742874,58.01091232570002
35,12,2619.0025906562805,62086.03,32.474999150100004,0.19500033521999682,1828,4.565370889606817,2619.0025906562805,59.180214034001324
35,13,1858.176298558712,49587.62,32.484999150060005,0.19500033521999682,391,5.701282666012775,1858.176298558712,60.589893866434075
35,14,3464.1273531913757,80144.7,32.49499915002001,0.19500033521999682,1826,2.4004593791660835,3464.1273531913757,56.615766814314476
35,15,3943.278181552887,89136.01,32.50499914998001,0.19500033521999682,386,1.755455195441878,3943.278181552888,54.842200096195555
35,16,5783.122111320496,181089.31,32.51499914994,0.19500033521999682,392,2.478786265632537,5783.122111320495,54.1780725576774
35,17,7249.502493858337,222734.44,32.524999149900005,0.19500033521999682,1830,1.5285686700137469,7249.5024938583365,49.00714117328553
35,18,9596.91826057434,342224.1,32.534999149860006,0.19500033521999682,395,2.122744228673633,9596.91826057434,47.58686241190826
35,19,8008.827756881714,268431.16,32.54499914982001,0.19500033521999682,467,3.23506118452244,8008.827756881715,46.08729950098274
35,20,3124.7482509613037,92445.664,32.55499914978,0.19500033521999682,1033,1.3364192436713862,3124.7482509613037,49.34361812430103
35,21,245.36304998397827,1235.9937,32.564999149740004,0.19500033521999682,1033,6.866377339518162,0.0,0.0
35,23,256.0099473595619,5259.384,32.58499914966001,0.19500033521999682,1922,7.328974916437188,0.0,0.0
35,24,1192.0337645113468,32827.344,32.59499914962001,0.19500033521999682,1922,7.537423375031055,1192.0337645113468,49.98181932538152
35,25,71.96078073978424,6368.8726,32.60499914958,0.19500033521999682,1922,11.039503692414415,0.0,0.0
35,26,96.74443604052067,1626.6226,32.614999149540004,0.19500033521999682,1937,9.697564993285324,0.0,0.0
35,41,172.00494363904,7074.91,32.76499914894001,0.19500033521999682,1617,20.99146083308171,0.0,0.0
35,42,176.90963953733444,9395.604,32.77499914890001,0.19500033521999682,1617,16.072198443623815,0.0,0.0
35,43,229.2523345053196,8304.921,32.78499914886,0.19500033521999682,1617,11.7451568975208,0.0,0.0
35,44,493.19549122452736,14660.116,32.794999148820004,0.19500033521999682,1617,8.918568893901831,493.19549122452736,75.61822741128039
35,45,524.0511679053307,23565.084,32.804999148780006,0.19500033521999682,1617,9.115483778434497,524.0511679053307,75.81514229581303
35,46,392.63608837127686,16868.836,32.81499914874001,0.19500033521999682,1617,12.19025146362192,392.63608837127686,78.88990998100046
35,47,158.2963035106659,9664.855,32.82499914870001,0.19500033521999682,2557,16.559423620752806,0.0,0.0
35,48,50.07084286212921,1022.3018,32.83499914866,0.19500033521999682,2557,21.47242947600842,0.0,0.0
36,1,172.50685715675354,2889.1138,32.36499915054001,0.18500033525999682,946,7.148676528653876,0.0,0.0
36,2,1801.8674914836884,39126.984,32.3749991505,0.18500033525999682,946,8.507716133601619,1801.8674914836884,87.35336738877999
36,3,1616.8914453983307,33326.527,32.384999150460004,0.18500033525999682,946,12.47469055088639,1616.891445398331,91.32034180606475
36,4,809.2361453175545,17444.094,32.394999150420006,0.18500033525999682,946,17.343978427757058,809.2361453175545,96.18962968293542
36,5,1284.2618200182915,26948.254,32.40499915038001,0.18500033525999682,945,18.0611726463578,1284.2618200182917,86.76815186992465
36,6,786.5263113975525,13375.4,32.41499915034001,0.18500033525999682,2419,16.873881051265016,786.5263113975526,28.27504561217703
36,7,1581.1853102445602,30496.393,32.4249991503,0.18500033525999682,2419,11.607954606153893,1581.1853102445602,23.009119167065915
36,8,1431.4874633550644,24860.912,32.434999150260005,0.18500033525999682,2420,6.750244821475631,1431.4874633550646,18.085760305426
36,9,1402.6484860777855,28969.777,32.444999150220006,0.18500033525999682,2420,4.127300631037849,1402.6484860777855,15.462816114988218
36,10,2495.1306326389313,80559.27,32.45499915018001,0.18500033525999682,939,4.464206039254477,2495.1306326389313,59.59495418250099
36,11,4356.550780296326,150058.7,32.46499915014,0.18500033525999682,1210,2.3059810534289493,4356.550780296326,58.17529309251494
36,12,2910.539246559143,77700.92,32.474999150100004,0.18500033525999682,1836,6.783633447242679,2910.539246559143,62.05216306933894
36,13,2194.4776114821434,35935.28,32.484999150060005,0.18500033525999682,1833,3.620588117460751,2194.4776114821434,56.00348347783867
36,14,2389.537848711014,46678.848,32.49499915002001,0.18500033525999682,1838,1.2568538291227058,2389.5378487110133,54.15559388580106
36,15,2886.0592220425606,95951.92,32.50499914998001,0.18500033525999682,392,5.913153602565554,2886.059222042561,57.07688158965683
36,16,3105.647057533264,70451.64,32.51499914994,0.18500033525999682,1983,4.905131570002618,3105.6470575332646,52.34232583025454
36,17,3992.2773143053055,105651.82,32.524999149900005,0.18500033525999682,944,5.269927578964724,3992.277314305305,51.86217603825167
36,18,8499.077399253845,323903.0,32.534999149860006,0.18500033525999682,399,2.4916700659312268,8499.077399253843,46.45026007793509
36,19,7175.350187778473,229275.12,32.54499914982001,0.18500033525999682,399,4.786157345545108,7175.350187778473,48.14119902772708
36,20,4196.851391673088,108403.32,32.55499914978,0.18500033525999682,278,2.8502438913370884,4196.851391673088,51.67954636478318
36,21,228.25987148284912,906.0535,32.564999149740004,0.18500033525999682,278,6.973336718416032,0.0,0.0
36,43,499.7468532025814,21443.55,32.78499914886,0.18500033525999682,1616,11.385522209012318,499.74685320258135,75.25529993761252
36,44,548.2854077219963,24800.223,32.794999148820004,0.18500033525999682,1616,10.800205045665132,548.2854077219963,74.6699827742653
36,45,221.41222834587097,9614.424,32.804999148780006,0.18500033525999682,1616,12.869256191274022,0.0,0.0
36,47,78.47868663072586,2414.718,32.82499914870001,0.18500033525999682,1617,20.061635143053557,0.0,0.0
36,48,360.3166406005621,20421.25,32.83499914866,0.18500033525999682,2557,24.29929432685863,360.3166406005621,91.185370117478
37,0,144.72851461172104,2578.8335,32.35499915058001,0.1750003352999968,946,14.203898234055755,0.0,0.0
37,1,802.4434893727303,18551.871,32.36499915054001,0.1750003352999968,946,12.691310803472254,802.4434893727304,91.5369620586506
37,2,1531.6657762527466,40711.723,32.3749991505,0.1750003352999968,946,13.503593136974693,1531.6657762527466,92.34924439215304
37,3,1483.388674736023,28379.988,32.384999150460004,0.1750003352999968,945,14.630926598003855,1483.388674736023,83.33790582157073
37,4,1049.2225596904755,16746.604,32.394999150420006,0.1750003352999968,945,12.474238108478653,1049.2225596904755,81.1812173320455
37,5,1564.4155163764954,34300.11,32.40499915038001,0.1750003352999968,945,12.61381118019458,1564.4155163764951,81.32079040376145
37,6,732.5071244239807,11632.531,32.41499915034001,0.1750003352999968,938,12.44915070166281,732.5071244239808,80.73398602120248
37,7,2160.6296894550323,50346.656,32.4249991503,0.1750003352999968,938,14.405246816679558,2160.6296894550323,82.69008213621925
37,8,2550.580745458603,65709.4,32.434999150260005,0.1750003352999968,2420,11.064627904258037,2550.5807454586034,22.400143388208406
37,9,2446.5361483097076,74604.96,32.444999150220006,0.1750003352999968,2420,9.689932714358365,2446.536148309707,21.025448198308737
37,10,1321.926910161972,22171.814,32.45499915018001,0.1750003352999968,1210,8.434523903424171,1321.9269101619718,63.51170368740098
37,11,2592.5979925990105,58290.867,32.46499915014,0.1750003352999968,1210,7.50187687290312,2592.5979925990105,62.57905665687992
37,12,2868.4532611370087,66400.91,32.474999150100004,0.1750003352999968,1833,7.408404386893961,2868.453261137008,59.79129974727188
37,13,1394.292994260788,18045.852,32.484999150060005,0.1750003352999968,1833,2.710024853137609,1394.292994260788,55.15297298137244
37,14,2967.735391318798,66571.85,32.49499915002001,0.1750003352999968,1820,2.3074035192159,2967.7353913187985,53.749821161716596
37,15,977.3147828578949,12355.663,32.50499914998001,0.1750003352999968,1821,1.3430426063098078,977.3147828578949,50.39303172603538
37,16,4332.995834469795,118648.56,32.51499914994,0.1750003352999968,1983,1.1697117835913577,4332.995834469795,49.26233050777891
37,17,5506.516716241837,140228.03,32.524999149900005,0.1750003352999968,944,2.333584115584192,5506.516716241837,49.54566774892435
37,18,6090.711797118187,190154.12,32.534999149860006,0.1750003352999968,1982,4.122555278015574,6090.711797118187,48.41471199778681
37,19,7281.85567855835,223871.28,32.54499914982001,0.1750003352999968,1982,2.907274068695633,7281.85567855835,47.925667582543305
37,20,6086.190849304199,166056.53,32.55499914978,0.1750003352999968,2308,1.7829152228641612,6086.190849304199,50.88180853918088
37,21,1693.4081836938858,43787.17,32.564999149740004,0.1750003352999968,277,3.866117764357683,1693.4081836938858,56.90100329026047
37,22,727.3140509724617,16207.246,32.574999149700005,0.1750003352999968,277,5.852181370439629,727.3140509724618,58.75997172240634
37,43,718.2602779865265,33058.133,32.78499914886,0.1750003352999968,1616,6.460400059806963,718.2602779865265,70.33017778840714
37,44,997.7909839749336,59679.008,32.794999148820004,0.1750003352999968,1616,5.362003542450498,997.7909839749339,69.23178127105068
37,45,149.46639281511307,3272.0498,32.804999148780006,0.1750003352999968,1616,8.81614472870573,0.0,0.0
37,46,453.8742390573025,25016.479,32.81499914874001,0.1750003352999968,1616,13.735237405940861,453.8742390573025,77.60501513454105
37,47,454.4079164862633,31453.734,32.82499914870001,0.1750003352999968,1616,19.014418164890234,454.4079164862633,82.88419589349043
37,48,341.3818079829216,24404.465,32.83499914866,0.1750003352999968,1616,24.42127069856533,341.3818079829216,88.2910484271655
38,3,444.49123215675354,7030.462,32.384999150460004,0.1650003353399968,945,10.436809845376587,444.4912321567536,79.14378906894343
38,4,886.9782524704933,11969.308,32.394999150420006,0.1650003353399968,945,7.104196155751479,886.9782524704933,75.81117537931834
38,5,2186.920304298401,53381.938,32.40499915038001,0.1650003353399968,945,7.346510676639273,2186.920304298401,76.05348990020612
38,6,1196.3539425134659,23115.477,32.41499915034001,0.1650003353399968,938,7.004543872159513,1196.3539425134659,75.28937919169921
38,7,2605.30725812912,63723.77,32.4249991503,0.1650003353399968,938,10.079356006896086,2605.3072581291203,78.36419132643579
38,8,1848.3365758657455,23788.18,32.434999150260005,0.1650003353399968,938,14.699735133748227,1848.3365758657453,82.9845704532879
38,9,1587.142467558384,35528.41,32.444999150220006,0.1650003353399968,2420,15.255021895196805,1587.1424675583837,26.590537379147175
38,10,63.45382887125015,103.42686,32.45499915018001,0.1650003353399968,1210,13.566964029552576,0.0,0.0
38,11,790.0371294617653,211564.34,32.46499915014,0.1650003353399968,1210,13.00766989579373,790.0371294617655,68.08484967977051
38,12,2014.3796864748,145260.9,32.474999150100004,0.1650003353399968,1833,10.53948497092669,2014.3796864748003,62.922380331304616
38,13,595.1371846795082,10383.715,32.484999150060005,0.1650003353399968,1833,7.9712309336302285,595.1371846795081,60.35412629400816
38,14,1628.5346031785011,22124.8,32.49499915002001,0.1650003353399968,1818,6.635096509565246,1628.5346031785011,55.463369491600865
38,15,3155.422651529312,62077.484,32.50499914998001,0.1650003353399968,1818,4.136476736878741,3155.422651529312,53.00161020661879
38,16,2958.4103261232376,57544.656,32.51499914994,0.1650003353399968,943,3.127607426564817,2958.410326123238,54.916492641368606
38,17,6861.823862075806,231113.72,32.524999149900005,0.1650003353399968,1967,1.4479552889671317,6861.823862075806,53.464711017294775
38,18,6442.6985330581665,183213.44,32.534999149860006,0.1650003353399968,1985,0.8301314266882671,6442.698533058166,49.26276456793906
38,19,5389.407073020935,128053.56,32.54499914982001,0.1650003353399968,1981,0.9238546904711011,5389.407073020936,46.41072707782769
38,20,3873.839249610901,83249.22,32.55499914978,0.1650003353399968,1035,2.9020003676704476,3873.8392496109013,51.861074303796094
38,21,1639.2502201795578,35311.293,32.564999149740004,0.1650003353399968,277,2.1223592935874014,1639.2502201795578,55.29996293232545
38,22,1100.0745433568954,22507.736,32.574999149700005,0.1650003353399968,277,4.879095120584903,1100.0745433568954,57.78688547255161
38,41,413.2256948649883,23906.992,32.76499914894001,0.1650003353399968,1616,15.088159124960281,413.2256948649883,78.95793685356047
38,42,274.981368213892,17905.668,32.77499914890001,0.1650003353399968,1616,9.526218198904935,0.0,0.0
38,43,627.0792750418186,26114.855,32.78499914886,0.1650003353399968,1616,3.9754412834186423,627.0792750418185,69.10172474277256
38,44,1104.756323337555,55164.13,32.794999148820004,0.1650003353399968,1616,1.6788229371816275,1104.756323337555,67.34335152662699
38,45,653.1786362528801,36463.527,32.804999148780006,0.1650003353399968,1616,7.196650077823798,653.1786362528801,71.066427806424
38,46,448.9005545079708,26632.844,32.81499914874001,0.1650003353399968,1616,12.75633611436734,448.9005545079708,76.62611384296753
38,47,636.8324351608753,47227.61,32.82499914870001,0.1650003353399968,1616,18.319810659896653,636.8324351608753,82.18958838849683
38,48,355.50044935941696,21502.53,32.83499914866,0.1650003353399968,1616,23.884426453188304,355.50044935941696,87.75420418178848
39,1,234.3114184141159,4517.4463,32.36499915054001,0.1550003353799968,945,19.197461546745103,0.0,0.0
39,2,178.41065633296967,3443.858,32.3749991505,0.1550003353799968,945,13.644306777782313,0.0,0.0
39,3,873.8695787787437,10246.952,32.384999150460004,0.1550003353799968,945,8.108680403446483,873.8695787787437,76.81565962701333
39,4,3227.872193813324,88192.34,32.394999150420006,0.1550003353799968,945,2.70061125600881,3227.872193813323,73.39683568538315
39,5,3425.222622036934,95560.43,32.40499915038001,0.1550003353799968,945,3.285561939556487,3425.222622036934,72.94844646008639
39,6,1801.8932021260262,43926.5,32.41499915034001,0.1550003353799968,938,2.2597849511883803,1801.8932021260262,70.97444961731875
39,7,2114.160999059677,47558.406,32.4249991503,0.1550003353799968,938,7.591864769762587,2114.160999059677,75.87670008930228
39,8,336.7861112356186,3764.396,32.434999150260005,0.1550003353799968,938,13.119649620739196,336.7861112356186,81.40448494027889
39,9,1380.9263420701027,37052.457,32.444999150220006,0.1550003353799968,938,18.670110189584815,1380.926342070103,86.9549455091245
39,10,1291.693703174591,33665.867,32.45499915018001,0.1550003353799968,1210,18.9458318367188,1291.693703174591,74.02301162069561
39,11,158.90558350086212,4316.5757,32.46499915014,0.1550003353799968,1833,18.404808516694615,0.0,0.0
39,12,1720.1771866083145,41801.547,32.474999150100004,0.1550003353799968,1833,15.140599157541416,1720.1771866083145,67.52349451791935
39,13,1887.3704154491425,44794.086,32.484999150060005,0.1550003353799968,1833,13.47952232069882,1887.3704154491425,65.86241768107674
39,14,965.3917052745819,16111.513,32.49499915002001,0.1550003353799968,1822,9.967412661840184,965.3917052745819,60.391625768510956
39,15,2781.075857758522,55411.152,32.50499914998001,0.1550003353799968,1822,4.796930741762147,2781.0758577585225,55.22114384843291
39,16,3112.682577729225,71386.76,32.51499914994,0.1550003353799968,1823,2.8675637313970666,3112.6825777292256,53.52176645276009
39,17,4295.250406742096,90530.125,32.524999149900005,0.1550003353799968,1221,2.1917931253907788,4295.250406742095,53.303107995016546
39,18,4811.06312417984,125638.85,32.534999149860006,0.1550003353799968,1985,5.593142205807144,4811.063124179839,53.45411577479769
39,19,6299.456288099289,259394.56,32.54499914982001,0.1550003353799968,2107,1.3044521193162901,6299.456288099288,47.31936280679712
39,20,1994.3069810792804,165193.22,32.55499914978,0.1550003353799968,2107,5.214045028309346,1994.3069810792806,49.59909387728481
39,21,261.00225871801376,6326.9883,32.564999149740004,0.1550003353799968,277,7.484828847648151,0.0,0.0
39,40,70.70529022812843,4374.6997,32.754999148980005,0.1550003353799968,1616,21.506820945655036,0.0,0.0
39,41,185.14865770936012,7391.174,32.76499914894001,0.1550003353799968,1616,16.238245648763662,0.0,0.0
39,42,811.2640514969826,42783.67,32.77499914890001,0.1550003353799968,1616,11.259525262754972,811.2640514969826,75.12930299135516
39,43,1037.9703770577908,62378.367,32.78499914886,0.1550003353799968,1616,7.199458963517958,1037.970377057791,71.06923669211812
39,44,1796.7406079769135,126327.78,32.794999148820004,0.1550003353799968,1616,6.232697844744037,1796.7406079769132,70.10247557334424
39,45,951.0699955821037,104245.73,32.804999148780006,0.1550003353799968,1616,9.371224483071094,951.0699955821037,73.24100221167127
39,46,974.3087680190802,69198.55,32.81499914874001,0.1550003353799968,1616,14.09794974569644,974.3087680190802,77.96772747429661
39,47,399.05207781493664,22718.863,32.82499914870001,0.1550003353799968,1616,19.27805847547758,399.0520778149367,83.14783620407775
39,48,362.2279320806265,26914.918,32.83499914866,0.1550003353799968,1616,24.627096925281933,362.2279320806265,88.49687465388213
40,1,898.6283414363861,24344.63,32.36499915054001,0.1450003354199968,945,19.68062345251691,898.6283414363861,88.38760267608377
40,2,1673.777151942253,38040.57,32.3749991505,0.1450003354199968,945,14.316127866404313,1673.777151942253,83.02310708997118
40,3,2078.266286075115,67879.65,32.384999150460004,0.1450003354199968,945,9.19429755480204,2078.266286075115,77.9012767783689
40,4,2414.0802540779114,64552.04,32.394999150420006,0.1450003354199968,945,5.1066339987396026,2414.080254077911,73.81361322230646
40,5,1618.0284476280212,33820.582,32.40499915038001,0.1450003354199968,945,5.438687975942719,1618.0284476280212,74.14566719950959
40,6,448.67189610004425,5408.9683,32.41499915034001,0.1450003354199968,938,4.80732074013602,448.67189610004425,73.09215605967572
40,7,1862.0418307185173,62515.125,32.4249991503,0.1450003354199968,938,8.697132593866026,1862.041830718517,76.98196791340571
40,8,60.88006812334061,0.0,32.434999150260005,0.1450003354199968,938,13.788724046984427,0.0,0.0
40,9,1039.6812179088593,16631.21,32.444999150220006,0.1450003354199968,938,19.14619333351054,1039.6812179088593,87.43102865305022
40,10,1378.4198804497719,57139.492,32.45499915018001,0.1450003354199968,1210,24.40875430036519,1378.4198804497717,79.485934084342
40,11,168.24739754199982,1207.7864,32.46499915014,0.1450003354199968,1799,22.711928546909075,0.0,0.0
40,12,1006.0809898376465,15172.978,32.474999150100004,0.1450003354199968,1799,18.866568188114115,1006.0809898376465,69.38601697361015
40,13,674.7406163215637,9106.692,32.484999150060005,0.1450003354199968,1799,16.063066485117485,674.740616321564,66.58251527061351
40,14,332.58032166957855,2014.6869,32.49499915002001,0.1450003354199968,1822,12.589969205288764,332.5803216695786,63.01418231195952
40,15,2019.6046727895737,40459.562,32.50499914998001,0.1450003354199968,1823,9.041475619081552,2019.6046727895737,59.46808719010866
40,16,3434.584966659546,72420.17,32.51499914994,0.1450003354199968,1220,4.9561350190724385,3434.5849666595454,54.842544403395216
40,17,4869.106812000275,131544.44,32.524999149900005,0.1450003354199968,1220,4.173024455650256,4869.106812000276,54.05943383997303
40,18,6708.078832626343,229438.39,32.534999149860006,0.1450003354199968,1028,1.6626485604796015,6708.078832626343,50.51897672232968
40,19,7790.1872091293335,323788.47,32.54499914982001,0.1450003354199968,2107,4.38641022550013,7790.1872091293335,49.42477010916843
40,20,1852.913515150547,473539.44,32.55499914978,0.1450003354199968,2107,6.68769503581172,1852.9135151505468,51.0727438847872
40,21,1868.5795239210129,57413.87,32.564999149740004,0.1450003354199968,2107,11.496475457699452,1868.5795239210129,55.881524306674926
40,22,1945.6859109401703,47514.816,32.574999149700005,0.1450003354199968,277,13.740552700493822,1945.6859109401705,66.64834305246052
40,23,424.480181530118,6543.245,32.58499914966001,0.1450003354199968,277,16.433592473087028,424.480181530118,69.34138282505374
40,24,64.28250494599342,1067.6046,32.59499914962001,0.1450003354199968,277,20.329342032138126,0.0,0.0
40,40,557.088997066021,20406.719,32.754999148980005,0.1450003354199968,1616,23.675559859531315,557.088997066021,87.54533758813152
40,41,912.1178874671459,57812.195,32.76499914894001,0.1450003354199968,1616,19.01760787332035,912.1178874671461,82.88738560192054
40,42,742.2896549403667,34574.49,32.77499914890001,0.1450003354199968,1616,14.992187852891975,742.2896549403667,78.86196558149216
40,44,671.1551616489887,30867.363,32.794999148820004,0.1450003354199968,1616,11.69766258265561,671.1551616489887,75.5674403112558
40,45,220.64313927292824,16418.373,32.804999148780006,0.1450003354199968,1616,13.631164139056331,0.0,0.0
40,46,601.1460687816143,33936.836,32.81499914874001,0.1450003354199968,1616,17.22617120854099,601.1460687816143,81.09594893714119
40,47,359.8739157989621,16343.154,32.82499914870001,0.1450003354199968,1616,21.67100196247781,359.8739157989621,85.54077969107797
41,1,1736.356104850769,49479.92,32.36499915054001,0.1350003354599968,945,21.634973090463383,1736.3561048507688,90.34195231403027
41,2,913.064550101757,14696.018,32.3749991505,0.1350003354599968,945,16.90256306695982,913.064550101757,85.60954229052668
41,3,451.3332449197769,7220.2207,32.384999150460004,0.1350003354599968,945,12.856135837472895,451.3332449197769,81.56311506103975
41,4,1592.8260505199432,28810.791,32.394999150420006,0.1350003354599968,2235,9.95217914713028,1592.8260505199435,83.65566187244377
41,5,1625.1269105672836,39839.855,32.40499915038001,0.1350003354599968,2235,5.970271648410681,1625.1269105672839,79.67375437372414
41,6,199.54794025421143,2448.054,32.41499915034001,0.1350003354599968,2235,5.8481988822897595,0.0,0.0
41,7,252.69916200637817,3700.2883,32.4249991503,0.1350003354599968,2235,9.732303407185181,0.0,0.0
41,8,155.1363718509674,1312.9229,32.434999150260005,0.1350003354599968,2235,14.737470674578717,0.0,0.0
41,9,672.7189951241016,9545.1875,32.444999150220006,0.1350003354599968,2235,20.040642878667796,672.7189951241016,93.74412560398126
41,10,1107.7592924833298,32874.36,32.45499915018001,0.1350003354599968,1799,24.552931130355784,1107.7592924833298,75.07237991585183
41,11,109.07552808523178,568.4204,32.46499915014,0.1350003354599968,1799,19.5193009899718,0.0,0.0
41,12,86.20559602975845,638.5113,32.474999150100004,0.1350003354599968,1799,14.87006415635018,0.0,0.0
41,13,263.84890216588974,2468.5684,32.484999150060005,0.1350003354599968,1799,11.099257530236665,0.0,0.0
41,15,483.7560940980911,8741.706,32.50499914998001,0.1350003354599968,1799,10.640487565661504,483.7560940980911,61.15993635115754
41,16,1977.6874657273293,35691.67,32.51499914994,0.1350003354599968,1220,9.768288789596053,1977.6874657273293,59.654698173918824
41,17,1089.166715979576,21183.703,32.524999149900005,0.1350003354599968,1029,5.170164232270711,1089.1667159795763,49.93277693906521
41,18,5744.507089614868,226947.61,32.534999149860006,0.1350003354599968,1031,2.34392869898264,5744.507089614868,47.794450796982815
41,19,5745.372852444649,234177.22,32.54499914982001,0.1350003354599968,719,3.9107772848535647,5745.372852444648,48.74642046496636
41,20,4983.273617982864,198701.81,32.55499914978,0.1350003354599968,719,9.189535440698931,4983.273617982864,54.025178620811715
41,21,3717.5416877269745,109120.46,32.564999149740004,0.1350003354599968,718,8.260130471702315,3717.541687726975,64.76098481930075
41,22,3229.962041296065,236911.62,32.574999149700005,0.1350003354599968,718,10.24953289341118,3229.962041296065,66.75038724100962
41,23,1484.9820985868573,56443.71,32.58499914966001,0.1350003354599968,718,14.27708326264573,1484.982098586857,70.77793761024417
41,24,822.7469106316566,19352.79,32.59499914962001,0.1350003354599968,718,19.09388125226529,822.7469106316566,75.59473559986371
41,41,525.8091109991074,26927.738,32.76499914894001,0.1350003354599968,1616,22.83897782742202,525.8091109991072,86.70875555602223
41,42,797.575945854187,47657.555,32.77499914890001,0.1350003354599968,1616,19.614158039398482,797.575945854187,83.48393576799867
41,43,268.4824499487877,17667.19,32.78499914886,0.1350003354599968,1616,17.600298174157786,0.0,0.0
42,1,236.8527979850769,3384.879,32.36499915054001,0.12500033549999678,945,24.71392104209093,0.0,0.0
42,2,110.76118397712708,1431.7356,32.3749991505,0.12500033549999678,2235,19.613536741700905,0.0,0.0
42,5,1445.071168422699,40417.68,32.40499915038001,0.12500033549999678,2235,2.934042665063387,1445.0711684226987,77.71145341518017
42,6,1198.933225274086,26055.021,32.41499915034001,0.12500033549999678,2235,2.6769185589799087,1198.933225274086,77.45432930909669
42,7,287.922299683094,4713.1875,32.4249991503,0.12500033549999678,2235,8.226918767929105,0.0,0.0
42,9,159.40053322911263,1928.3555,32.444999150220006,0.12500033549999678,2235,19.354374952317475,0.0,0.0
42,10,1118.1131882071495,24054.01,32.45499915018001,0.12500033549999678,2236,21.543902287631028,1118.1131882071495,104.61002393223691
42,16,619.3301578164101,18292.879,32.51499914994,0.12500033549999678,2050,7.126725657932152,619.33015781641,50.45193848701606
42,17,2324.8469182252884,68012.99,32.524999149900005,0.12500033549999678,1029,5.305414199649062,2324.8469182252884,50.06802690644356
42,18,4200.5971438884735,149941.6,32.534999149860006,0.12500033549999678,1029,3.121941957644622,4200.597143888474,47.88455466443912
42,19,2049.7889482975006,48284.957,32.54499914982001,0.12500033549999678,1029,7.301002408966681,2049.7889482975,52.06361511576119
42,20,3222.2139476537704,96211.77,32.55499914978,0.12500033549999678,718,5.70789472843924,3222.21394765377,62.20874907603768
42,21,2882.159838438034,66030.78,32.564999149740004,0.12500033549999678,718,2.7284095225499034,2882.1598384380345,60.6031397806346
42,22,73.28129410743713,2243.7646,32.574999149700005,0.12500033549999678,718,6.653374154991858,0.0,0.0
42,42,613.0352613031864,29902.33,32.77499914890001,0.12500033549999678,1616,24.629766667122794,613.0352613031864,88.49954439572299
43,3,98.93614941835403,110.26499,32.384999150460004,0.11500033553999678,2235,15.24126785876344,0.0,0.0
43,4,1417.7402517199516,37422.574,32.394999150420006,0.11500033553999678,2235,10.340962570770715,1417.7402517199519,84.04444529608418
43,5,2092.466264426708,46242.062,32.40499915038001,0.11500033553999678,2235,6.5980133880829985,2092.466264426708,80.30149611339645
43,6,1744.8039727210999,38707.29,32.41499915034001,0.11500033553999678,2235,6.48776288718394,1744.8039727210999,80.19124561249741
43,7,579.3311218619347,7977.5444,32.4249991503,0.11500033553999678,2235,10.129529442329213,579.3311218619348,83.83301216764269
43,8,65.14463955163956,325.66638,32.434999150260005,0.11500033553999678,2236,14.355616358073469,0.0,0.0
43,14,2507.376840353012,76185.42,32.49499915002001,0.11500033553999678,1799,1.8580097982122719,2507.3768403530116,52.81904061721664
43,15,3176.01561576128,99134.22,32.50499914998001,0.11500033553999678,1669,3.8573896873726694,3176.0156157612805,48.765045093380174
43,16,5135.829959154129,146904.61,32.51499914994,0.11500033553999678,2050,1.8373358606681134,5135.829959154129,46.68680421575059
43,17,6900.650261163712,252872.7,32.524999149900005,0.11500033553999678,610,5.047921139015795,6900.650261163712,49.916931108945654
43,18,2035.0015074014664,43502.53,32.534999149860006,0.11500033553999678,610,7.914105174307488,2035.0015074014661,51.85493676378236
43,19,573.4479719102383,14877.227,32.54499914982001,0.11500033553999678,1029,10.801952106968358,573.4479719102383,55.564564813762864
43,20,868.5699645504355,14874.664,32.55499914978,0.11500033553999678,718,5.809925717980801,868.5699645504355,62.31078006557924
43,21,3213.644536137581,170626.12,32.564999149740004,0.11500033553999678,718,2.9358803007362617,3213.6445361375804,60.810610558820976
43,22,931.4884561598301,19476.73,32.574999149700005,0.11500033553999678,718,6.741109868843844,931.4884561598302,63.24196421644228
44,0,150.2653598189354,420.5456,32.35499915058001,0.10500033557999683,2237,16.615213511733458,0.0,0.0
44,1,1004.936530828476,19485.28,32.36499915054001,0.10500033557999683,2237,18.373664655791288,1004.936530828476,115.92689278555895
44,2,1725.232076227665,39029.535,32.3749991505,0.10500033557999683,2237,21.47269891182951,1725.2320762276647,119.02592704159717
44,3,1312.835847735405,26172.979,32.384999150460004,0.10500033557999683,2235,18.143377076933593,1312.8358477354047,91.84685980224708
44,4,332.42549592256546,5717.5396,32.394999150420006,0.10500033557999683,2235,14.276602981917822,332.42549592256546,87.9800857072313
44,5,486.9229108840227,5589.324,32.40499915038001,0.10500033557999683,2235,11.849880441698403,486.9229108840227,85.55336316701187
44,6,2348.8082671165466,63156.203,32.41499915034001,0.10500033557999683,2235,11.788848675487575,2348.808267116546,85.49233140080106
44,7,3108.5749617815018,81655.94,32.4249991503,0.10500033557999683,2236,11.735589440125908,3108.574961781502,94.80171108473178
44,8,1168.2337206602097,22364.137,32.434999150260005,0.10500033557999683,2236,8.920910982257325,1168.2337206602097,91.9870326268632
44,12,3056.991856455803,131671.8,32.474999150100004,0.10500033557999683,2038,11.56735682352975,3056.9918564558025,52.399416748948966
44,13,2541.0070155858994,64740.09,32.484999150060005,0.10500033557999683,2383,9.20053926496507,2541.0070155858994,49.96347017623022
44,14,2945.255895614624,84409.14,32.49499915002001,0.10500033557999683,2350,6.845555368081671,2945.2558956146236,48.08850979960413
44,15,7372.063560843468,263385.47,32.50499914998001,0.10500033557999683,1668,2.8446556543176595,7372.063560843468,46.351467118643505
44,16,8392.609968185425,294357.12,32.51499914994,0.10500033557999683,2057,0.6036414889569798,8392.609968185425,47.0180004677897
44,17,7580.633979797363,254842.94,32.524999149900005,0.10500033557999683,610,0.7799993428093397,7580.633979797365,47.28013443567877
44,18,4555.284882187843,123891.7,32.534999149860006,0.10500033557999683,610,6.1449126811583765,4555.284882187843,50.08574427063325
44,19,368.09631864726543,5014.066,32.54499914982001,0.10500033557999683,610,11.699167388112322,368.09631864726543,55.63999897758717
44,21,1210.834993235767,114027.68,32.564999149740004,0.10500033557999683,718,8.470848792303833,1210.8349932357671,64.97170313990226
44,22,2445.2682276964188,51298.01,32.574999149700005,0.10500033557999683,1811,6.7852527753216005,2445.2682276964188,74.81924439231283
44,23,719.366893529892,17985.162,32.58499914966001,0.10500033557999683,1811,3.647113943422514,719.366893529892,72.12307544112639
45,0,1194.0586559772491,28184.248,32.35499915058001,0.09500033561999682,2237,11.163559694182497,1194.0586559772491,108.71678782395016
45,1,2126.0007048249245,53411.0,32.36499915054001,0.09500033561999682,2237,13.643727419168115,2126.000704824925,111.19695554893576
45,2,888.1453694999218,10791.439,32.3749991505,0.09500033561999682,2237,17.59649236533151,888.1453694999219,115.14972049509917
45,3,386.1969609260559,4284.0947,32.384999150460004,0.09500033561999682,2235,22.091372276826494,386.1969609260559,95.79485500213997
45,5,1558.9373549222946,40625.39,32.40499915038001,0.09500033561999682,2235,17.29931396905915,1558.9373549222948,91.00279669437263
45,6,658.4324445128441,10951.281,32.41499915034001,0.09500033561999682,2236,13.902666015197447,658.4324445128442,96.96878765980333
45,7,1676.6172382235527,31449.46,32.4249991503,0.09500033561999682,2236,8.554747380529776,1676.6172382235522,91.62086902513565
45,8,2661.8319525122643,69720.82,32.434999150260005,0.09500033561999682,2236,3.878439891353956,2661.8319525122643,86.94456153595982
45,11,2409.03930914402,79744.67,32.46499915014,0.09500033561999682,1044,11.81614259062048,2409.0393091440205,63.47340568900555
45,12,5308.797280550003,230008.52,32.474999150100004,0.09500033561999682,2252,7.386410287640832,5308.797280550001,48.33729426688566
45,13,8091.893842697144,372351.22,32.484999150060005,0.09500033561999682,2254,4.047449913366362,8091.893842697143,44.83850751519642
45,14,8012.4766936302185,358880.1,32.49499915002001,0.09500033561999682,1204,2.0498377945207684,8012.476693630219,44.52224431321941
45,15,8956.873683929443,420743.03,32.50499914998001,0.09500033561999682,2351,0.9377015247843817,8956.873683929445,44.17923031867798
45,16,5189.983918145299,187970.19,32.51499914994,0.09500033561999682,1527,2.2517684909498588,0.0,0.0
45,17,5241.005756735802,175401.72,32.524999149900005,0.09500033561999682,610,6.139706965984414,5241.005756735803,50.08053855545926
45,18,5915.343460083008,181697.06,32.534999149860006,0.09500033561999682,610,8.651448116496773,5915.343460083009,52.59227970597163
45,19,4316.878420472145,135537.9,32.54499914982001,0.09500033561999682,610,13.189318414097276,4316.878420472145,57.13015000357213
45,20,243.96196922659874,2573.7048,32.55499914978,0.09500033561999682,718,14.899252350249574,0.0,0.0
45,22,155.94943185150623,4070.4028,32.574999149700005,0.09500033561999682,1811,6.038083287489437,0.0,0.0
45,23,1083.988251492381,37277.26,32.58499914966001,0.09500033561999682,1811,1.928790988665358,1083.9882514923809,70.60057165762593
46,0,1053.6922475099564,13313.857,32.35499915058001,0.08500033565999682,2237,5.9283658418637035,1053.6922475099561,103.48159397163137
46,1,621.3298243284225,10096.514,32.36499915054001,0.08500033565999682,2237,9.832179534465395,621.3298243284225,107.38540766423306
46,5,815.5222890973091,14855.858,32.40499915038001,0.08500033565999682,2236,19.307094796714566,815.5222890973091,102.37321644132045
46,6,1394.477302491665,36977.242,32.41499915034001,0.08500033565999682,2236,13.809579177944807,1394.477302491665,96.87570082255067
46,7,399.91320303082466,3187.428,32.4249991503,0.08500033565999682,2236,8.402622060195363,399.9132030308246,91.46874370480123
46,8,1294.573609828949,31222.945,32.434999150260005,0.08500033565999682,2236,3.530247970418846,1294.5736098289487,86.59636961502474
46,10,2896.897189795971,120600.0,32.45499915018001,0.08500033565999682,1044,3.9535306899013802,2896.89718979597,55.610793788286486
46,11,2680.429466843605,92714.92,32.46499915014,0.08500033565999682,1043,8.192521210649986,2680.429466843606,53.622258795862756
46,12,8209.948656082153,334347.4,32.474999150100004,0.08500033565999682,2037,4.931623561717189,8209.948656082153,45.81740215067251
46,13,2259.479337990284,56345.418,32.484999150060005,0.08500033565999682,2252,1.2255250523170487,2259.4793379902835,43.49067842036208
46,14,3020.191328063607,94988.59,32.49499915002001,0.08500033565999682,2380,3.1584721981978743,3020.1913280636077,44.97067146297821
46,15,6137.85253059864,228875.1,32.50499914998001,0.08500033565999682,1346,3.647220929663168,6137.852530598641,47.26754442225829
46,16,5950.931791305542,185393.94,32.51499914994,0.08500033565999682,2359,3.4185273910167617,5950.931791305541,48.7037657639896
46,17,1361.3102704882622,37659.344,32.524999149900005,0.08500033565999682,2359,7.014074773701127,1361.3102704882622,52.29931314667396
46,18,2508.8291252851486,60140.582,32.534999149860006,0.08500033565999682,2359,12.192914875895678,2508.829125285148,57.47815324886852
46,19,4867.846009731293,155638.62,32.54499914982001,0.08500033565999682,610,16.522906354093227,4867.846009731292,60.4637379435681
46,20,2626.5723032951355,66187.21,32.55499914978,0.08500033565999682,611,16.22008627612871,2626.572303295136,85.70272792020629
47,0,472.2263134121895,10398.246,32.35499915058001,0.07500033569999681,2237,2.7616461700751906,472.2263134121894,101.04826406356884
47,5,169.09973207861185,1200.9484,32.40499915038001,0.07500033569999681,2236,20.788096972436843,0.0,0.0
47,6,398.6864357292652,6398.789,32.41499915034001,0.07500033569999681,2236,15.814093186712979,398.68643572926516,98.88021483131887
47,9,1037.9458931684494,30619.48,32.444999150220006,0.07500033569999681,1045,3.8709845356963757,1037.9458931684496,55.895385488704896
47,10,7708.859294891357,340318.8,32.45499915018001,0.07500033569999681,1043,3.7152839663067856,7708.859294891357,49.14502155151957
47,11,5221.921873807907,189995.16,32.46499915014,0.07500033569999681,1043,3.3965519940246045,5221.921873807906,48.826289579237404
47,12,6361.679352521896,219342.73,32.474999150100004,0.07500033569999681,643,1.8892070531443046,6361.6793525218945,44.863347967266144
47,13,3026.560963988304,117735.67,32.484999150060005,0.07500033569999681,2253,3.1665427008692695,3026.5609639883046,44.87538324885674
47,15,2164.2278305888176,61032.96,32.50499914998001,0.07500033569999681,1579,3.428649097206566,2164.227830588818,51.73961081359873
47,16,6884.596355438232,254592.48,32.51499914994,0.07500033569999681,1347,2.215357979597846,6884.596355438232,51.99964564613909
47,17,1480.8607921600342,38952.61,32.524999149900005,0.07500033569999681,1347,4.884240582427848,1480.8607921600344,53.156034243838945
47,18,727.7993299141526,136867.08,32.534999149860006,0.07500033569999681,1347,10.235370730370157,727.7993299141526,58.50716439178124
47,19,694.6750878170133,36890.055,32.54499914982001,0.07500033569999681,611,14.06671249070003,694.6750878170133,83.54935413477763
47,20,3254.394246995449,88845.38,32.55499914978,0.07500033569999681,611,10.94384742921756,3254.3942469954495,80.42648907329516
47,21,212.77530872821808,6284.25,32.564999149740004,0.07500033569999681,611,10.179499282559856,0.0,0.0
48,9,471.3922230601311,2354.0293,32.444999150220006,0.0650003357399968,2409,8.501464556256664,471.3922230601312,52.94006325489132
48,10,7954.936103820801,428807.75,32.45499915018001,0.0650003357399968,2408,2.943778141577005,7954.9361038208,49.113083449413956
48,11,7880.203657150269,291857.75,32.46499915014,0.0650003357399968,947,1.796957171997867,7880.203657150269,47.257797073759306
48,12,6037.052794218063,196886.28,32.474999150100004,0.0650003357399968,1493,0.7376972834436859,6037.052794218062,44.72404005435809
48,13,100.62549692392349,7210.819,32.484999150060005,0.0650003357399968,2391,5.109510724056597,0.0,0.0
48,15,1723.5633727014065,41265.61,32.50499914998001,0.0650003357399968,1579,5.491437505532669,1723.5633727014067,53.80239922192484
48,16,4448.372874259949,149395.4,32.51499914994,0.0650003357399968,1347,3.789582489688264,4448.37287425995,52.06137615109936
48,17,3014.3079598248005,91341.305,32.524999149900005,0.0650003357399968,1347,5.771388960676553,3014.307959824801,54.043182622087635
48,18,105.38081079721451,2602.7668,32.534999149860006,0.0650003357399968,1347,10.687185712642135,0.0,0.0
48,20,1096.6528071165085,30867.363,32.55499914978,0.0650003357399968,611,6.197185313288529,1096.6528071165087,75.67982695736612
49,2,290.679938018322,3050.665,32.3749991505,0.0550003357799968,1545,13.512338315429266,0.0,0.0
49,8,652.5915556848049,6147.488,32.434999150260005,0.0550003357799968,5,7.594553322041362,652.5915556848049,57.19311942097083
49,9,168.56203699111938,1817.2357,32.444999150220006,0.0550003357799968,5,5.554828014570902,0.0,0.0
49,10,4028.4391627311707,135655.88,32.45499915018001,0.0550003357799968,2329,1.8059800842132736,4028.4391627311707,82.1939647077106
49,11,7324.226809978485,275713.8,32.46499915014,0.0550003357799968,615,0.7075895469145842,7324.226809978485,46.118099947895715
49,12,3958.1924226284027,118791.305,32.474999150100004,0.0550003357799968,2612,1.655938789738876,3958.192422628403,45.678952641027685
49,13,453.52287888526917,27804.73,32.484999150060005,0.0550003357799968,2397,1.6491260387116682,453.5228788852692,48.82892623469608
49,15,720.4470355510712,226659.55,32.50499914998001,0.0550003357799968,1579,10.512699397722772,720.4470355510713,58.82366111411493
49,16,1789.3052986860275,221217.23,32.51499914994,0.0550003357799968,1347,9.261467023039618,1789.3052986860275,57.53326068445072
49,17,1587.058908969164,44842.812,32.524999149900005,0.0550003357799968,1347,10.233414215603588,1587.058908969164,58.50520787701468
49,18,161.5573409795761,9952.912,32.534999149860006,0.0550003357799968,1347,13.62460180809702,0.0,0.0
49,20,86.12151630222797,3300.257,32.55499914978,0.0550003357799968,2593,4.341166384308135,0.0,0.0
49,21,919.8058236837387,11765.874,32.564999149740004,0.0550003357799968,2593,1.5679587095625096,919.8058236837387,71.46564317594375
49,22,81.42013347148895,2451.4731,32.574999149700005,0.0550003357799968,2593,6.9303878885174095,0.0,0.0
50,0,76.59169274568558,44.447906,32.35499915058001,0.04500033581999685,1544,9.416424701753728,0.0,0.0
50,2,455.0322721004486,8451.086,32.3749991505,0.04500033581999685,1545,7.959284420427598,455.0322721004486,14.349075740786795
50,6,887.1943437308073,20466.553,32.41499915034001,0.04500033581999685,2173,6.798150217100447,887.1943437308074,70.97899513686825
50,7,859.105930685997,22271.82,32.4249991503,0.04500033581999685,2173,3.549199521759338,859.105930685997,69.50158603358787
50,8,128.2892928123474,465.84827,32.434999150260005,0.04500033581999685,5,5.192420890596636,0.0,0.0
50,9,2565.7951525449753,74942.59,32.444999150220006,0.04500033581999685,5,0.3743111209095813,2565.7951525449753,51.25516769699064
50,10,3764.1593720912933,97228.94,32.45499915018001,0.04500033581999685,1038,3.2583376751028648,3764.1593720912942,48.78108948149169
50,11,7720.464412689209,275453.94,32.46499915014,0.04500033581999685,1563,0.5120384791580238,7720.464412689208,47.179468940457134
50,12,869.5532917976379,41195.516,32.474999150100004,0.04500033581999685,1563,5.198385449534699,869.553291797638,51.66205029624665
50,20,682.7792135477066,10035.824,32.55499914978,0.04500033581999685,2594,4.493481103218264,682.7792135477065,76.92505066103291
50,21,454.2795999124646,12637.736,32.564999149740004,0.04500033581999685,2594,2.9357037793210243,454.27959991246456,75.59315936412423
50,22,607.6647511720657,16545.734,32.574999149700005,0.04500033581999685,2594,7.681429148708353,607.6647511720658,80.11299870652297
51,0,581.0250744223595,4678.997,32.35499915058001,0.035000335859996845,1544,6.914483346274063,581.0250744223595,23.540767971802822
51,1,308.82193863391876,4316.575,32.36499915054001,0.035000335859996845,1545,6.702627120613234,308.8219386339188,13.092418440972429
51,2,764.1771060228348,15755.929,32.3749991505,0.035000335859996845,1545,2.4653279141361,764.1771060228348,12.33764466502223
51,6,108.46688747406006,6234.674,32.41499915034001,0.035000335859996845,1027,5.500010231917167,0.0,0.0
51,7,3086.711415886879,80528.5,32.4249991503,0.035000335859996845,1027,0.25419037501328307,3086.7114158868785,67.64909297560872
51,8,3791.0871066451073,121871.03,32.434999150260005,0.035000335859996845,1026,1.2443666764286967,3791.0871066451073,64.02286036746155
51,9,2454.1093279719353,43331.58,32.444999150220006,0.035000335859996845,606,0.7146138913482881,2454.1093279719353,51.615327879888795
51,10,1722.5998128652573,44574.414,32.45499915018001,0.035000335859996845,618,1.5789664421186607,1722.5998128652573,49.81015795275893
51,11,927.7761743068695,37165.29,32.46499915014,0.035000335859996845,617,4.617070691554798,927.7761743068695,50.095881490220556
51,23,44.56862437725067,5722.6685,32.58499914966001,0.035000335859996845,2594,15.120309677395538,0.0,0.0
52,0,416.99980169534683,4223.4062,32.35499915058001,0.02500033589999684,1544,8.30131418706215,416.99980169534683,24.927598812590904
52,1,943.5292672812939,13097.602,32.36499915054001,0.02500033589999684,1545,7.04368902360486,943.5292672812939,13.433480343964055
52,2,881.6738939285278,11273.527,32.3749991505,0.02500033589999684,1545,3.2811867468174047,881.6738939285277,11.280936922704319
52,7,344.8828706741333,16060.226,32.4249991503,0.02500033589999684,1027,5.322500193679352,344.8828706741333,69.74880506437272
52,8,1096.1233302354813,54144.39,32.434999150260005,0.02500033589999684,2327,2.9025224161187184,1096.1233302354808,60.81833776762416
52,9,1189.178473956883,38096.984,32.444999150220006,0.02500033589999684,2334,2.2450530923446905,1189.178473956883,55.3179989988505
