corridor,piece,km_start,lon,lat,road_type,place,litres,litres_open,friction_litres
kampala_bwera,0,0.0,32.5155,0.3088,town,Busega,0.5057,0.0,0.5057
kampala_bwera,1,0.5,32.5138,0.3125,town,Busega,0.422,0.1311,0.2909
kampala_bwera,2,1.0,32.5118,0.3165,town,Bulenga A,0.5689,0.3376,0.2313
kampala_bwera,3,1.5,32.5088,0.3194,town,Bulenga A,0.8256,0.6503,0.1754
kampala_bwera,4,2.0,32.5049,0.3212,town,Bulenga,0.7606,0.5592,0.2015
kampala_bwera,5,2.5,32.5026,0.325,town,Bulenga,0.5455,0.3497,0.1958
kampala_bwera,6,3.0,32.4985,0.3265,roadside settlement,Bulenga B,0.1492,0.0,0.1492
kampala_bwera,7,3.5,32.4963,0.3303,town,Bulenga B,0.4275,0.2252,0.2023
kampala_bwera,8,4.0,32.4927,0.3327,town,Nakabugo,0.3642,0.1615,0.2027
kampala_bwera,9,4.5,32.4882,0.3333,town,Bulaga Kalambi,0.8329,0.623,0.21
kampala_bwera,10,5.0,32.4839,0.3325,roadside settlement,Bulaga Kalambi,0.52,0.4499,0.0701
kampala_bwera,11,5.5,32.4798,0.3305,roadside settlement,Bulaga Kalambi,0.1492,0.0279,0.1213
kampala_bwera,12,6.0,32.476,0.3283,roadside settlement,Kalambi Kiwumu,0.1655,0.0,0.1655
kampala_bwera,13,6.5,32.4719,0.3265,town,Kalambi Kiwumu,0.2557,0.0,0.2557
kampala_bwera,14,7.0,32.4675,0.3273,town,Kalambi Kiwumu,0.4856,0.204,0.2817
kampala_bwera,15,7.5,32.4631,0.327,roadside settlement,Kalambi Kiwumu,0.2557,0.1341,0.1216
kampala_bwera,16,8.0,32.459,0.3251,town,Kasero Kirimamboga Ttomi,0.251,0.0552,0.1958
kampala_bwera,17,8.5,32.4549,0.3233,town,Kasero Kirimamboga Ttomi,0.6286,0.3922,0.2364
kampala_bwera,18,9.0,32.4505,0.3226,roadside settlement,Kasero Kirimamboga Ttomi,0.1492,0.0248,0.1244
kampala_bwera,19,9.5,32.4463,0.3221,town,Buloba Bunwa Kapeeka,0.752,0.5653,0.1867
kampala_bwera,20,10.0,32.4425,0.32,town,Buloba Bunwa Kapeeka,0.372,0.0552,0.3168
kampala_bwera,21,10.5,32.4384,0.3217,roadside settlement,Buloba Bunwa Kapeeka,0.2926,0.0,0.2926
kampala_bwera,22,11.0,32.4344,0.3238,roadside settlement,Buloba Bunwa Kapeeka,0.1894,0.0,0.1894
kampala_bwera,23,11.5,32.4303,0.3257,roadside settlement,Bwotansimbi Kiweesa Serug,0.3999,0.1888,0.2112
kampala_bwera,24,12.0,32.4263,0.3277,roadside settlement,Bwotansimbi Kiweesa Serug,0.1492,0.0,0.1492
kampala_bwera,25,12.5,32.4219,0.3288,roadside settlement,Bwotansimbi Kiweesa Serug,0.1441,0.1402,0.0039
kampala_bwera,26,13.0,32.4175,0.3295,roadside settlement,Buyala,0.9307,0.9357,-0.005
kampala_bwera,27,13.5,32.413,0.3295,roadside settlement,Buyala,0.4288,0.3315,0.0973
kampala_bwera,28,14.0,32.4087,0.3305,roadside settlement,Buyala,0.2388,0.0,0.2388
kampala_bwera,29,14.5,32.4044,0.3317,roadside settlement,Lugyo,0.4884,0.377,0.1114
kampala_bwera,30,15.0,32.4,0.3321,roadside settlement,Lugyo,0.0771,0.0,0.0771
kampala_bwera,31,15.5,32.3955,0.3318,roadside settlement,Lugyo,0.0739,0.0704,0.0035
kampala_bwera,32,16.0,32.3911,0.331,roadside settlement,Lugyo,0.7895,0.7657,0.0239
kampala_bwera,33,16.5,32.3868,0.33,roadside settlement,Lugyo,0.1119,0.0,0.1119
kampala_bwera,34,17.0,32.3824,0.3307,open road,Nalya Nansesa,0.3163,0.295,0.0213
kampala_bwera,35,17.5,32.3779,0.3315,roadside settlement,Nalya Nansesa,0.4348,0.4286,0.0061
kampala_bwera,36,18.0,32.3735,0.3321,roadside settlement,Nalya Nansesa,0.6072,0.5713,0.0358
kampala_bwera,37,18.5,32.3695,0.3341,roadside settlement,Nalya Nansesa,0.1674,0.0,0.1674
kampala_bwera,38,19.0,32.3654,0.3361,roadside settlement,Bujuko,0.0826,0.0,0.0826
kampala_bwera,39,19.5,32.3614,0.3381,open road,Bujuko,0.002,0.0,0.002
kampala_bwera,40,20.0,32.3574,0.3402,roadside settlement,Bujuko,0.9421,0.9721,-0.03
kampala_bwera,41,20.5,32.3534,0.3422,roadside settlement,Bujuko,0.6422,0.6442,-0.002
kampala_bwera,42,21.0,32.3494,0.3443,roadside settlement,Nkambo,0.5927,0.4894,0.1034
kampala_bwera,43,21.5,32.3451,0.3455,roadside settlement,Nkambo,0.14,0.0,0.14
kampala_bwera,44,22.0,32.3407,0.3464,roadside settlement,Nkambo,0.0607,0.0,0.0607
kampala_bwera,45,22.5,32.3363,0.3472,open road,Nswanjere,0.0132,0.0,0.0132
kampala_bwera,46,23.0,32.3319,0.3481,roadside settlement,Nswanjere,0.6268,0.6199,0.0069
kampala_bwera,47,23.5,32.3274,0.3485,roadside settlement,Nswanjere,0.0283,0.0,0.0283
kampala_bwera,48,24.0,32.323,0.3478,open road,Nswanjere,0.9806,0.9418,0.0389
kampala_bwera,49,24.5,32.3187,0.3482,roadside settlement,Nswanjere,0.5951,0.6047,-0.0097
kampala_bwera,50,25.0,32.3147,0.3473,open road,Nswanjere,0.0751,0.0,0.0751
kampala_bwera,51,25.5,32.3103,0.3483,roadside settlement,Muduuma,0.7016,0.6898,0.0118
kampala_bwera,52,26.0,32.3061,0.3498,roadside settlement,Muduuma,0.3485,0.2343,0.1142
kampala_bwera,53,26.5,32.3023,0.3523,roadside settlement,Muduuma,0.4977,0.3801,0.1177
kampala_bwera,54,27.0,32.2981,0.353,roadside settlement,Muduuma,0.3277,0.2009,0.1267
kampala_bwera,55,27.5,32.2938,0.3536,roadside settlement,Muduuma,0.1243,0.0,0.1243
kampala_bwera,56,28.0,32.2916,0.3575,roadside settlement,Muduuma,0.1809,0.0,0.1809
kampala_bwera,57,28.5,32.2877,0.3591,roadside settlement,Jjeza B,0.0867,0.0,0.0867
kampala_bwera,58,29.0,32.2837,0.3596,roadside settlement,Jjeza B,0.0772,0.0,0.0772
kampala_bwera,59,29.5,32.2801,0.3623,open road,Jjeza B,0.0458,0.0,0.0458
kampala_bwera,60,30.0,32.277,0.3655,roadside settlement,Jjeza B,0.3626,0.3224,0.0403
kampala_bwera,61,30.5,32.2747,0.3694,roadside settlement,Jjeza B,0.2339,0.1372,0.0968
kampala_bwera,62,31.0,32.2724,0.3733,roadside settlement,Jezza,0.1139,0.0,0.1139
kampala_bwera,63,31.5,32.2686,0.3754,roadside settlement,Jezza,0.1703,0.0521,0.1182
kampala_bwera,64,32.0,32.2641,0.3759,roadside settlement,Jezza,0.1238,0.0,0.1238
kampala_bwera,65,32.5,32.2597,0.3767,roadside settlement,St. Josephs,0.9194,0.9448,-0.0254
kampala_bwera,66,33.0,32.2553,0.3776,roadside settlement,Kamuli,0.7109,0.6898,0.0211
kampala_bwera,67,33.5,32.2509,0.3784,roadside settlement,Kamuli,0.6031,0.4499,0.1532
kampala_bwera,68,34.0,32.2467,0.38,roadside settlement,Buwalula A,0.2037,0.0,0.2037
kampala_bwera,69,34.5,32.2426,0.3818,roadside settlement,Buwalula A,0.0743,0.0,0.0743
kampala_bwera,70,35.0,32.2385,0.3837,roadside settlement,Kasiba,0.4013,0.3952,0.006
kampala_bwera,71,35.5,32.2343,0.3832,roadside settlement,Kiwawu,0.4427,0.3952,0.0475
kampala_bwera,72,36.0,32.2299,0.3823,roadside settlement,Kiwawu,0.7383,0.7232,0.0152
kampala_bwera,73,36.5,32.2255,0.3826,roadside settlement,Kiwawu,0.1116,0.0,0.1116
kampala_bwera,74,37.0,32.221,0.3829,roadside settlement,Kayunga (kiwawu),0.0423,0.0,0.0423
kampala_bwera,75,37.5,32.2165,0.3832,open road,Ssese,0.1326,0.1159,0.0167
kampala_bwera,76,38.0,32.212,0.3835,roadside settlement,Ssese,1.1459,1.1755,-0.0296
kampala_bwera,77,38.5,32.2075,0.3837,roadside settlement,Kikonge,0.5557,0.5562,-0.0004
kampala_bwera,78,39.0,32.2031,0.3827,roadside settlement,Kikonge,0.1148,0.0,0.1148
kampala_bwera,79,39.5,32.1988,0.3815,roadside settlement,Kikonge,0.1983,0.0,0.1983
kampala_bwera,80,40.0,32.1945,0.3802,roadside settlement,Kikonge,0.8329,0.8567,-0.0239
kampala_bwera,81,40.5,32.1906,0.3781,roadside settlement,Kyengeza,0.3417,0.2799,0.0619
kampala_bwera,82,41.0,32.1863,0.3775,roadside settlement,Kyengeza,1.1176,1.0814,0.0362
kampala_bwera,83,41.5,32.182,0.3788,roadside settlement,Kyengeza,0.1955,0.0977,0.0978
kampala_bwera,84,42.0,32.1777,0.3801,roadside settlement,Zigoti East,0.4338,0.3436,0.0902
kampala_bwera,85,42.5,32.1733,0.3801,roadside settlement,Zigoti East,0.0821,0.0,0.0821
kampala_bwera,86,43.0,32.1689,0.3794,roadside settlement,Zigoti,0.4877,0.4195,0.0682
kampala_bwera,87,43.5,32.1644,0.3789,town,Zigoti,0.4747,0.2465,0.2282
kampala_bwera,88,44.0,32.16,0.3781,roadside settlement,Nakaseta,0.9459,0.9478,-0.0019
kampala_bwera,89,44.5,32.1558,0.3773,roadside settlement,Nakaseta,0.3919,0.2859,0.106
kampala_bwera,90,45.0,32.1513,0.3778,roadside settlement,Nakaseta,0.2358,0.0,0.2358
kampala_bwera,91,45.5,32.1477,0.3805,roadside settlement,Zigoti,0.6448,0.6533,-0.0085
kampala_bwera,92,46.0,32.144,0.383,roadside settlement,Nakitolo (ttanda),0.0992,0.0,0.0992
kampala_bwera,93,46.5,32.1404,0.3857,roadside settlement,Nakitolo (ttanda),0.921,0.8507,0.0703
kampala_bwera,94,47.0,32.1369,0.3885,roadside settlement,Nakitolo (ttanda),0.4349,0.3679,0.067
kampala_bwera,95,47.5,32.1344,0.3922,roadside settlement,Ttanda,0.157,0.0582,0.0988
kampala_bwera,96,48.0,32.131,0.395,roadside settlement,Nakanyenya,0.1199,0.0036,0.1163
kampala_bwera,97,48.5,32.1266,0.3954,roadside settlement,Nakanyenya,0.133,0.0339,0.0991
kampala_bwera,98,49.0,32.1225,0.3936,roadside settlement,Nakanyenya,0.1237,0.0,0.1237
kampala_bwera,99,49.5,32.1184,0.3917,roadside settlement,Kiwambya,0.1378,0.0,0.1378
kampala_bwera,100,50.0,32.1143,0.3899,roadside settlement,Kiwambya,0.0104,0.0,0.0104
kampala_bwera,101,50.5,32.1102,0.3881,roadside settlement,Busere B,0.6435,0.629,0.0145
kampala_bwera,102,51.0,32.1061,0.3862,roadside settlement,Ttamu A,0.5131,0.4438,0.0693
kampala_bwera,103,51.5,32.1017,0.3853,roadside settlement,Tamu,0.2575,0.1432,0.1142
kampala_bwera,104,52.0,32.0973,0.3856,roadside settlement,Ttamu C,0.8662,0.8871,-0.0209
kampala_bwera,105,52.5,32.0928,0.3858,roadside settlement,Kiweebya,0.528,0.5471,-0.019
kampala_bwera,106,53.0,32.0884,0.3867,roadside settlement,Ndibulungi,0.7129,0.6867,0.0262
kampala_bwera,107,53.5,32.0842,0.3878,roadside settlement,Ndibulungi,0.7398,0.7292,0.0106
kampala_bwera,108,54.0,32.082,0.3916,roadside settlement,Kitinkola B,0.0712,0.0,0.0712
kampala_bwera,109,54.5,32.0776,0.3919,roadside settlement,Kitinkola B,0.2788,0.1797,0.0991
kampala_bwera,110,55.0,32.0731,0.3917,roadside settlement,Kiweesa,0.1613,0.04,0.1213
kampala_bwera,111,55.5,32.0687,0.3918,roadside settlement,Kiweesa,0.3177,0.1979,0.1198
kampala_bwera,112,56.0,32.0646,0.3936,roadside settlement,Wabigalo,0.1492,0.0,0.1492
kampala_bwera,113,56.5,32.0604,0.3953,roadside settlement,Wabigalo,0.2923,0.1736,0.1187
kampala_bwera,114,57.0,32.0561,0.3967,town,Musalaba,0.2279,0.0,0.2279
kampala_bwera,115,57.5,32.0522,0.3989,roadside settlement,Kibibi-garage B,0.1508,0.0,0.1508
kampala_bwera,116,58.0,32.0495,0.4025,roadside settlement,Busimbi Gombolola,0.5256,0.456,0.0697
kampala_bwera,117,58.5,32.0457,0.4048,roadside settlement,Busimbi Gombolola,0.1857,0.0,0.1857
kampala_bwera,118,59.0,32.0416,0.4066,roadside settlement,Buswa-bulongo,0.2128,0.0,0.2128
kampala_bwera,119,59.5,32.0374,0.4082,roadside settlement,Buswa-bulongo,0.1384,0.0,0.1384
kampala_bwera,120,60.0,32.0332,0.4098,roadside settlement,Kikumbi,0.0607,0.0,0.0607
kampala_bwera,121,60.5,32.0288,0.4106,roadside settlement,Kikumbi,0.6932,0.6564,0.0369
kampala_bwera,122,61.0,32.0243,0.4108,roadside settlement,Bamunanika-kyetume,0.1577,0.0,0.1577
kampala_bwera,123,61.5,32.0198,0.4107,roadside settlement,Bamunanika-kyetume,0.1781,0.0,0.1781
kampala_bwera,124,62.0,32.0153,0.4107,roadside settlement,Bamunanika-kyetume,0.1036,0.0,0.1036
kampala_bwera,125,62.5,32.0108,0.4107,roadside settlement,Bamunanika-kyetume,0.0526,0.0,0.0526
kampala_bwera,126,63.0,32.0064,0.4107,open road,Bamunanika-kyetume,0.003,0.0,0.003
kampala_bwera,127,63.5,32.0019,0.4109,open road,Naama A,0.3601,0.3679,-0.0079
kampala_bwera,128,64.0,31.9975,0.4121,roadside settlement,Naama A,0.6444,0.6533,-0.0089
kampala_bwera,129,64.5,31.9934,0.4139,roadside settlement,Naama A,0.4018,0.2829,0.1189
kampala_bwera,130,65.0,31.9893,0.4157,roadside settlement,Mujjumbula,0.1625,0.0,0.1625
kampala_bwera,131,65.5,31.9849,0.4164,roadside settlement,Naama,0.2816,0.1189,0.1626
kampala_bwera,132,66.0,31.9805,0.4156,roadside settlement,Naama,0.3976,0.2222,0.1754
kampala_bwera,133,66.5,31.9762,0.4164,roadside settlement,Lusundo,0.1,0.0,0.1
kampala_bwera,134,67.0,31.9727,0.4193,roadside settlement,Lusundo,0.0966,0.0,0.0966
kampala_bwera,135,67.5,31.9695,0.4225,roadside settlement,Busundo-mpanga,0.7165,0.6746,0.0419
kampala_bwera,136,68.0,31.9659,0.4251,roadside settlement,Busundo-mpanga,0.0438,0.0,0.0438
kampala_bwera,137,68.5,31.9616,0.4263,open road,Busundo-mpanga,0.0914,0.0855,0.0058
kampala_bwera,138,69.0,31.9573,0.4276,open road,Busundo-mpanga,0.1327,0.1311,0.0016
kampala_bwera,139,69.5,31.953,0.4288,roadside settlement,Kyengeza (kigalama),0.6308,0.6503,-0.0194
kampala_bwera,140,70.0,31.9486,0.43,roadside settlement,Kyengeza (kigalama),0.6608,0.6655,-0.0047
kampala_bwera,141,70.5,31.9443,0.4312,roadside settlement,Kyengeza (kigalama),0.4672,0.2677,0.1995
kampala_bwera,142,71.0,31.94,0.4325,roadside settlement,Kyengeza (kigalama),0.1063,0.0,0.1063
kampala_bwera,143,71.5,31.9357,0.4337,open road,Kyengeza (kigalama),0.0332,0.0,0.0332
kampala_bwera,144,72.0,31.9314,0.435,roadside settlement,Luswa,0.516,0.5106,0.0054
kampala_bwera,145,72.5,31.927,0.4362,roadside settlement,Luswa,0.5165,0.5137,0.0028
kampala_bwera,146,73.0,31.9227,0.4373,roadside settlement,Luswa,0.1396,0.0,0.1396
kampala_bwera,147,73.5,31.9182,0.4374,open road,Myanzi,0.0199,0.0,0.0199
kampala_bwera,148,74.0,31.9137,0.4372,roadside settlement,Myanzi,0.145,0.1372,0.0078
kampala_bwera,149,74.5,31.9092,0.4369,roadside settlement,Myanzi,1.174,1.1907,-0.0167
kampala_bwera,150,75.0,31.9049,0.4359,roadside settlement,Kiswera,0.6727,0.6776,-0.0049
kampala_bwera,151,75.5,31.9006,0.4346,roadside settlement,Kiswera,0.2217,0.0,0.2217
kampala_bwera,152,76.0,31.8963,0.4333,roadside settlement,Kiswera,0.1736,0.0,0.1736
kampala_bwera,153,76.5,31.892,0.4319,roadside settlement,Kiswera,0.1454,0.1372,0.0082
kampala_bwera,154,77.0,31.8877,0.4306,roadside settlement,Kalama (Myanzi),0.0259,0.0,0.0259
kampala_bwera,155,77.5,31.8834,0.4294,roadside settlement,Kalama (Myanzi),0.7163,0.7262,-0.0099
kampala_bwera,156,78.0,31.8789,0.4298,roadside settlement,Kalama (Myanzi),0.5822,0.5531,0.0291
kampala_bwera,157,78.5,31.8749,0.4318,roadside settlement,,0.1369,0.0,0.1369
kampala_bwera,158,79.0,31.8711,0.4343,roadside settlement,,0.0949,0.0,0.0949
kampala_bwera,159,79.5,31.8674,0.4367,roadside settlement,,0.3974,0.3892,0.0082
kampala_bwera,160,80.0,31.8636,0.4391,roadside settlement,,0.3991,0.3649,0.0342
kampala_bwera,161,80.5,31.8598,0.4415,roadside settlement,,0.0924,0.0,0.0924
kampala_bwera,162,81.0,31.8558,0.4437,open road,Katuugo (Kyanamugeera),0.3677,0.3254,0.0423
kampala_bwera,163,81.5,31.8516,0.4453,open road,Katuugo (Kyanamugeera),0.0164,0.0,0.0164
kampala_bwera,164,82.0,31.8473,0.4463,open road,Katuugo (Kyanamugeera),0.1798,0.1766,0.0031
kampala_bwera,165,82.5,31.8429,0.4471,roadside settlement,Katuugo (Kyanamugeera),0.6891,0.7049,-0.0158
kampala_bwera,166,83.0,31.8384,0.448,roadside settlement,Katuugo (Kyanamugeera),0.772,0.7596,0.0124
kampala_bwera,167,83.5,31.8341,0.449,roadside settlement,Kakungube,0.2763,0.125,0.1513
kampala_bwera,168,84.0,31.83,0.4509,roadside settlement,Kakungube,0.31,0.1463,0.1637
kampala_bwera,169,84.5,31.8261,0.4531,roadside settlement,Kakungube,0.0819,0.0,0.0819
kampala_bwera,170,85.0,31.8221,0.4553,roadside settlement,Kakungube,0.1944,0.1038,0.0906
kampala_bwera,171,85.5,31.8182,0.4575,roadside settlement,Kakungube,0.1382,0.0127,0.1255
kampala_bwera,172,86.0,31.8142,0.4596,open road,,0.1325,0.1189,0.0135
kampala_bwera,173,86.5,31.8098,0.46,open road,,0.2336,0.2313,0.0023
kampala_bwera,174,87.0,31.8054,0.4589,roadside settlement,,0.4962,0.4894,0.0069
kampala_bwera,175,87.5,31.801,0.4583,roadside settlement,Namuganga II,0.91,0.9326,-0.0226
kampala_bwera,176,88.0,31.7966,0.4575,roadside settlement,Namuganga II,0.4919,0.462,0.0299
kampala_bwera,177,88.5,31.7922,0.4566,roadside settlement,Namuganga II,0.2076,0.0855,0.1221
kampala_bwera,178,89.0,31.7878,0.4558,roadside settlement,Kyakatebe,0.1318,0.0,0.1318
kampala_bwera,179,89.5,31.7833,0.4549,roadside settlement,Kyakatebe,0.4911,0.4833,0.0078
kampala_bwera,180,90.0,31.7789,0.4546,roadside settlement,Kyakatebe,0.5733,0.4681,0.1052
kampala_bwera,181,90.5,31.7745,0.4555,roadside settlement,Kyakatebe,0.1504,0.0,0.1504
kampala_bwera,182,91.0,31.7701,0.4564,open road,Kyakatebe,0.1608,0.0643,0.0965
kampala_bwera,183,91.5,31.7657,0.4573,open road,,0.2091,0.2009,0.0082
kampala_bwera,184,92.0,31.7613,0.4582,roadside settlement,,0.0413,0.0,0.0413
kampala_bwera,185,92.5,31.7569,0.4592,open road,Lugoba,0.4528,0.4651,-0.0123
kampala_bwera,186,93.0,31.7525,0.4599,open road,Lugoba,0.5546,0.5744,-0.0197
kampala_bwera,187,93.5,31.748,0.4597,open road,Lugoba,0.0485,0.0,0.0485
kampala_bwera,188,94.0,31.7436,0.4588,roadside settlement,Lugoba,0.0688,0.0,0.0688
kampala_bwera,189,94.5,31.7392,0.4579,roadside settlement,Lugoba,0.3255,0.3102,0.0152
kampala_bwera,190,95.0,31.7348,0.4568,roadside settlement,Kasambya,0.0651,0.0,0.0651
kampala_bwera,191,95.5,31.7307,0.4551,roadside settlement,Kasambya,0.3793,0.2859,0.0934
kampala_bwera,192,96.0,31.7265,0.4534,roadside settlement,Kisolooza B,0.3581,0.3133,0.0449
kampala_bwera,193,96.5,31.7224,0.4516,roadside settlement,Kisolooza B,0.8079,0.8264,-0.0185
kampala_bwera,194,97.0,31.7182,0.4499,roadside settlement,Kisolooza A,0.0358,0.0,0.0358
kampala_bwera,195,97.5,31.7141,0.4482,roadside settlement,Kasambya (kinoni),0.1829,0.0,0.1829
kampala_bwera,196,98.0,31.7096,0.4476,roadside settlement,Kinyerera,0.3509,0.2677,0.0832
kampala_bwera,197,98.5,31.7052,0.4472,roadside settlement,Kinyerera,0.2188,0.1007,0.1181
kampala_bwera,198,99.0,31.7007,0.4468,roadside settlement,Kinyerera,0.1024,0.0,0.1024
kampala_bwera,199,99.5,31.6962,0.4465,roadside settlement,Nakiduduma,0.2338,0.1706,0.0632
kampala_bwera,200,100.0,31.6917,0.4468,roadside settlement,Nakiduduma,0.4173,0.3133,0.104
kampala_bwera,201,100.5,31.6874,0.448,roadside settlement,Kalamba,0.4013,0.2799,0.1214
kampala_bwera,202,101.0,31.6833,0.4498,roadside settlement,Nasulu,0.2947,0.1979,0.0968
kampala_bwera,203,101.5,31.6792,0.4517,roadside settlement,Nasulu,0.5838,0.5531,0.0307
kampala_bwera,204,102.0,31.6752,0.4536,roadside settlement,Mpumudde (kawungera),0.3586,0.2343,0.1243
kampala_bwera,205,102.5,31.6711,0.4555,roadside settlement,Mpumudde (kawungera),0.2105,0.122,0.0885
kampala_bwera,206,103.0,31.667,0.4574,roadside settlement,Kawungera,0.1887,0.0,0.1887
kampala_bwera,207,103.5,31.6629,0.4592,roadside settlement,Kyamusota,0.1397,0.0,0.1397
kampala_bwera,208,104.0,31.6588,0.4611,roadside settlement,Kyamusota,0.4911,0.377,0.1141
kampala_bwera,209,104.5,31.6545,0.4624,roadside settlement,Gayaza (kigalama)),0.0527,0.0,0.0527
kampala_bwera,210,105.0,31.6502,0.4635,open road,Gayaza (kigalama)),0.1316,0.1007,0.0309
kampala_bwera,211,105.5,31.6458,0.4647,roadside settlement,Gayaza (kigalama)),0.5939,0.6017,-0.0078
kampala_bwera,212,106.0,31.6418,0.4666,roadside settlement,Gayaza (kigalama)),0.0552,0.0,0.0552
kampala_bwera,213,106.5,31.6381,0.4692,roadside settlement,Gayaza (kigalama)),0.1888,0.0,0.1888
kampala_bwera,214,107.0,31.6344,0.4719,roadside settlement,Kyamwero,0.529,0.462,0.0669
kampala_bwera,215,107.5,31.6308,0.4744,roadside settlement,Kyamwero,0.4931,0.4104,0.0827
kampala_bwera,216,108.0,31.6265,0.4757,roadside settlement,Kyamwero,0.0303,0.0,0.0303
kampala_bwera,217,108.5,31.622,0.4754,open road,Kyamwero,0.079,0.0,0.079
kampala_bwera,218,109.0,31.6176,0.4747,roadside settlement,Bwakago,0.9915,1.0207,-0.0292
kampala_bwera,219,109.5,31.6131,0.4745,roadside settlement,Bwakago,0.3031,0.289,0.0141
kampala_bwera,220,110.0,31.6089,0.476,roadside settlement,Bwakago,0.4206,0.2586,0.162
kampala_bwera,221,110.5,31.6052,0.4785,roadside settlement,Bwakago,0.3026,0.2434,0.0592
kampala_bwera,222,111.0,31.6014,0.481,open road,Kalonga A (kalonga),0.001,0.0,0.001
kampala_bwera,223,111.5,31.5976,0.4834,open road,Kalonga A (kalonga),0.4741,0.4772,-0.0031
kampala_bwera,224,112.0,31.5933,0.4843,open road,Kalonga A (kalonga),0.6493,0.6655,-0.0162
kampala_bwera,225,112.5,31.5888,0.4839,roadside settlement,Kalonga B(kalonga),0.6586,0.6624,-0.0038
kampala_bwera,226,113.0,31.5844,0.485,roadside settlement,Kalonga B(kalonga),0.2113,0.0188,0.1925
kampala_bwera,227,113.5,31.58,0.4853,roadside settlement,Kalonga B(kalonga),0.1638,0.0,0.1638
kampala_bwera,228,114.0,31.5766,0.4881,roadside settlement,Kyakatule,0.1094,0.0,0.1094
kampala_bwera,229,114.5,31.5745,0.492,roadside settlement,Kyakatule,0.1706,0.1341,0.0364
kampala_bwera,230,115.0,31.571,0.4948,roadside settlement,Kyakatule,0.18,0.1554,0.0246
kampala_bwera,231,115.5,31.5672,0.4973,roadside settlement,Kalembe,0.4256,0.4074,0.0182
kampala_bwera,232,116.0,31.5634,0.4997,roadside settlement,Kalembe,0.5039,0.5137,-0.0098
kampala_bwera,233,116.5,31.5592,0.5012,open road,Kalembe,0.6703,0.6655,0.0048
kampala_bwera,234,117.0,31.5549,0.5027,roadside settlement,Kalembe,0.2261,0.1159,0.1102
kampala_bwera,235,117.5,31.5505,0.5036,roadside settlement,Kalembe,0.1901,0.0734,0.1167
kampala_bwera,236,118.0,31.546,0.5035,open road,Kalembe,0.0214,0.0,0.0214
kampala_bwera,237,118.5,31.5416,0.5027,open road,Kigguya,0.0164,0.0,0.0164
kampala_bwera,238,119.0,31.5374,0.5012,open road,Kigguya,0.0788,0.0764,0.0023
kampala_bwera,239,119.5,31.5336,0.4988,roadside settlement,Kigguya,0.3652,0.3467,0.0186
kampala_bwera,240,120.0,31.5298,0.4964,roadside settlement,Kigguya,0.3815,0.371,0.0106
kampala_bwera,241,120.5,31.5254,0.4961,roadside settlement,Mijunwa,0.0876,0.0309,0.0567
kampala_bwera,242,121.0,31.5209,0.496,roadside settlement,Mijunwa,0.3894,0.3558,0.0336
kampala_bwera,243,121.5,31.5164,0.496,roadside settlement,Mijunwa,0.2315,0.21,0.0214
kampala_bwera,244,122.0,31.5119,0.4959,roadside settlement,Kyenda,0.7724,0.7839,-0.0115
kampala_bwera,245,122.5,31.5084,0.4984,roadside settlement,Kyenda,0.4057,0.2799,0.1258
kampala_bwera,246,123.0,31.5075,0.5028,roadside settlement,Kyenda,0.6244,0.4954,0.129
kampala_bwera,247,123.5,31.5062,0.5071,roadside settlement,Kyenda,0.3154,0.1523,0.163
kampala_bwera,248,124.0,31.5031,0.5102,roadside settlement,Kitenga,0.1324,0.0,0.1324
kampala_bwera,249,124.5,31.4987,0.5111,roadside settlement,Kiwuniulo,0.4204,0.2708,0.1496
kampala_bwera,250,125.0,31.4945,0.5121,roadside settlement,Kagoma,0.0985,0.0,0.0985
kampala_bwera,251,125.5,31.4902,0.5133,roadside settlement,Kagoma,0.239,0.1584,0.0806
kampala_bwera,252,126.0,31.4859,0.5139,roadside settlement,Kagoma,0.1248,0.0,0.1248
kampala_bwera,253,126.5,31.4818,0.5156,roadside settlement,Kagoma,0.0448,0.0,0.0448
kampala_bwera,254,127.0,31.4784,0.5186,open road,Kagoma,0.4001,0.3801,0.0201
kampala_bwera,255,127.5,31.475,0.5216,open road,,0.563,0.5744,-0.0114
kampala_bwera,256,128.0,31.4711,0.5238,open road,,0.5042,0.4711,0.0331
kampala_bwera,257,128.5,31.4684,0.5273,open road,,0.1079,0.0,0.1079
kampala_bwera,258,129.0,31.4654,0.5306,open road,Katabalanga B,0.2533,0.1918,0.0615
kampala_bwera,259,129.5,31.4613,0.5326,open road,Kyelima,0.0323,0.0,0.0323
kampala_bwera,260,130.0,31.4572,0.5342,open road,Kyelima,0.0199,0.0,0.0199
kampala_bwera,261,130.5,31.453,0.5358,roadside settlement,Kyelima,0.4282,0.3406,0.0876
kampala_bwera,262,131.0,31.4488,0.5374,roadside settlement,Katabalanga B,0.1862,0.0704,0.1159
kampala_bwera,263,131.5,31.4446,0.5391,roadside settlement,Katabalanga B,0.3524,0.21,0.1423
kampala_bwera,264,132.0,31.4404,0.5407,roadside settlement,Katabalanga A,0.1368,0.0,0.1368
kampala_bwera,265,132.5,31.436,0.5416,roadside settlement,Nakabale,0.1015,0.0,0.1015
kampala_bwera,266,133.0,31.4316,0.5425,open road,Nakabale,0.5365,0.544,-0.0075
kampala_bwera,267,133.5,31.428,0.5452,open road,Nakabale,0.3796,0.3801,-0.0004
kampala_bwera,268,134.0,31.4241,0.5474,roadside settlement,Bakijulula,0.6388,0.6199,0.0189
kampala_bwera,269,134.5,31.4198,0.5486,roadside settlement,Bakijulula,0.5418,0.5015,0.0403
kampala_bwera,270,135.0,31.4154,0.5493,roadside settlement,Bakijulula,0.405,0.2677,0.1373
kampala_bwera,271,135.5,31.4114,0.5473,roadside settlement,Nkanaga,0.2479,0.122,0.1259
kampala_bwera,272,136.0,31.407,0.5465,roadside settlement,Kisekende A,0.4915,0.4195,0.072
kampala_bwera,273,136.5,31.4025,0.5466,roadside settlement,Kisekende A,0.448,0.3558,0.0923
kampala_bwera,274,137.0,31.3984,0.5481,town,Kisekende Central,0.4605,0.2647,0.1958
kampala_bwera,275,137.5,31.3958,0.5517,town,Kisekende Central,0.569,0.3618,0.2072
kampala_bwera,276,138.0,31.3929,0.5551,town,Kasaana A,0.2713,0.0,0.2713
kampala_bwera,277,138.5,31.3887,0.5543,roadside settlement,Kabasojjo,0.1984,0.0,0.1984
kampala_bwera,278,139.0,31.3845,0.5529,roadside settlement,Kabasojjo,0.1748,0.0,0.1748
kampala_bwera,279,139.5,31.3801,0.5521,roadside settlement,Kasenyi,0.2959,0.2131,0.0828
kampala_bwera,280,140.0,31.3764,0.5496,roadside settlement,Kikona Kyabatagi,0.5065,0.4772,0.0293
kampala_bwera,281,140.5,31.3727,0.5469,roadside settlement,Kikona Kyabatagi,0.5954,0.5865,0.0089
kampala_bwera,282,141.0,31.3686,0.5453,roadside settlement,Kikona Kyabatagi,0.2933,0.1797,0.1136
kampala_bwera,283,141.5,31.3649,0.5427,roadside settlement,Buliisa,0.3218,0.2465,0.0753
kampala_bwera,284,142.0,31.3609,0.5407,roadside settlement,Bagezza,0.0433,0.0,0.0433
kampala_bwera,285,142.5,31.3572,0.5383,roadside settlement,Bagezza,0.3626,0.2799,0.0828
kampala_bwera,286,143.0,31.355,0.5344,roadside settlement,Delphi,0.0905,0.0,0.0905
kampala_bwera,287,143.5,31.3514,0.5319,roadside settlement,Delphi,0.5705,0.5531,0.0174
kampala_bwera,288,144.0,31.3473,0.5304,roadside settlement,Delphi,0.4872,0.4499,0.0373
kampala_bwera,289,144.5,31.3437,0.5277,roadside settlement,Delphi,0.2071,0.0673,0.1398
kampala_bwera,290,145.0,31.3393,0.5268,roadside settlement,Buwanga,0.066,0.0,0.066
kampala_bwera,291,145.5,31.3354,0.5248,roadside settlement,Buwanga,0.0587,0.0,0.0587
kampala_bwera,292,146.0,31.3314,0.5227,roadside settlement,Kisujja,0.0904,0.0,0.0904
kampala_bwera,293,146.5,31.3276,0.5204,roadside settlement,Kisujja,0.3787,0.3801,-0.0013
kampala_bwera,294,147.0,31.3243,0.5173,roadside settlement,Kisujja,0.1322,0.0825,0.0497
kampala_bwera,295,147.5,31.3208,0.5147,roadside settlement,Nabibungo,0.1245,0.0,0.1245
kampala_bwera,296,148.0,31.3177,0.5115,roadside settlement,Nabibungo,0.0587,0.0,0.0587
kampala_bwera,297,148.5,31.3152,0.5079,open road,Kiterredde,0.0264,0.0,0.0264
kampala_bwera,298,149.0,31.3138,0.5036,roadside settlement,Kiterredde,0.0709,0.0,0.0709
kampala_bwera,299,149.5,31.3104,0.501,roadside settlement,Kiterredde,0.0889,0.0643,0.0246
kampala_bwera,300,150.0,31.3062,0.4996,open road,Kiterredde,0.0029,0.0,0.0029
kampala_bwera,301,150.5,31.3019,0.4988,roadside settlement,,0.5482,0.5622,-0.014
kampala_bwera,302,151.0,31.2975,0.4983,roadside settlement,Lusalira,0.0812,0.0552,0.026
kampala_bwera,303,151.5,31.293,0.498,roadside settlement,Lusalira,0.1329,0.0855,0.0474
kampala_bwera,304,152.0,31.2887,0.4971,roadside settlement,Lusalira,0.4126,0.3011,0.1115
kampala_bwera,305,152.5,31.2843,0.4976,roadside settlement,Lusalira,0.426,0.3224,0.1036
kampala_bwera,306,153.0,31.2798,0.4981,roadside settlement,Lusalira,0.5772,0.5896,-0.0124
kampala_bwera,307,153.5,31.2756,0.4991,roadside settlement,Lusalira,0.5751,0.5774,-0.0023
kampala_bwera,308,154.0,31.2711,0.499,open road,Lusalira,0.9099,0.8871,0.0228
kampala_bwera,309,154.5,31.2672,0.4969,roadside settlement,Lusalira,0.5504,0.5076,0.0428
kampala_bwera,310,155.0,31.2627,0.4972,roadside settlement,Lwobwana,0.0872,0.0,0.0872
kampala_bwera,311,155.5,31.2587,0.4992,roadside settlement,Lwobwana,0.4783,0.3801,0.0982
kampala_bwera,312,156.0,31.2543,0.4999,roadside settlement,Lwobwana,0.1432,0.0,0.1432
kampala_bwera,313,156.5,31.2499,0.4999,roadside settlement,Lwobwana,0.0545,0.0,0.0545
kampala_bwera,314,157.0,31.2466,0.4969,roadside settlement,Lwobwana,0.1071,0.0,0.1071
kampala_bwera,315,157.5,31.2435,0.4936,roadside settlement,Lwobwana,0.0448,0.0,0.0448
kampala_bwera,316,158.0,31.2403,0.4904,open road,Lwemivubo,0.2804,0.2525,0.0279
kampala_bwera,317,158.5,31.2367,0.4878,open road,Lwemivubo,0.2032,0.1857,0.0175
kampala_bwera,318,159.0,31.2325,0.4863,roadside settlement,Lwemivubo,0.7342,0.7596,-0.0254
kampala_bwera,319,159.5,31.2282,0.485,roadside settlement,Gwanika,0.4635,0.3922,0.0713
kampala_bwera,320,160.0,31.2237,0.4849,roadside settlement,Gwanika,0.3342,0.1949,0.1394
kampala_bwera,321,160.5,31.2193,0.4855,roadside settlement,Gwanika,0.1124,0.0,0.1124
kampala_bwera,322,161.0,31.2149,0.4851,open road,Lwemivubo (Nabingoola),0.0259,0.0,0.0259
kampala_bwera,323,161.5,31.2113,0.4823,open road,Lwemivubo (Nabingoola),0.0045,0.0,0.0045
kampala_bwera,324,162.0,31.207,0.482,open road,Lwemivubo (Nabingoola),0.6069,0.626,-0.0191
kampala_bwera,325,162.5,31.2028,0.4835,open road,Lwemivubo (Nabingoola),0.4321,0.4104,0.0217
kampala_bwera,326,163.0,31.1984,0.4843,open road,Lwemivubo (Nabingoola),0.0458,0.0,0.0458
kampala_bwera,327,163.5,31.1942,0.4856,open road,Rwensama,0.6244,0.6503,-0.0259
kampala_bwera,328,164.0,31.1897,0.4854,roadside settlement,Rwensama,0.4086,0.4104,-0.0018
kampala_bwera,329,164.5,31.1856,0.4871,roadside settlement,Nabingoola,0.7166,0.6442,0.0724
kampala_bwera,330,165.0,31.1812,0.4875,roadside settlement,Nabingoola,0.4493,0.3254,0.1239
kampala_bwera,331,165.5,31.1769,0.4885,roadside settlement,Nabingoola,0.3423,0.2252,0.1171
kampala_bwera,332,166.0,31.1726,0.4895,roadside settlement,Nabingoola,0.1267,0.0,0.1267
kampala_bwera,333,166.5,31.1682,0.4906,roadside settlement,Lwamazzi,0.0649,0.0,0.0649
kampala_bwera,334,167.0,31.1639,0.4919,open road,Lwamazzi,0.0179,0.0,0.0179
kampala_bwera,335,167.5,31.1604,0.4945,open road,Lwamazzi,0.2667,0.2616,0.0051
kampala_bwera,336,168.0,31.1563,0.496,roadside settlement,Kibaale,0.7845,0.8142,-0.0297
kampala_bwera,337,168.5,31.152,0.4952,roadside settlement,Kibaale,0.0477,0.0005,0.0472
kampala_bwera,338,169.0,31.1483,0.4929,roadside settlement,Kibaale,0.1177,0.0,0.1177
kampala_bwera,339,169.5,31.144,0.4916,roadside settlement,Kibaale,0.0721,0.0795,-0.0073
kampala_bwera,340,170.0,31.1417,0.4879,open road,Kibaale,0.7156,0.7323,-0.0167
kampala_bwera,341,170.5,31.1383,0.4851,open road,Butooke,0.4256,0.3801,0.0456
kampala_bwera,342,171.0,31.1339,0.4843,open road,Butooke,0.4881,0.3952,0.0928
kampala_bwera,343,171.5,31.1296,0.483,roadside settlement,Butooke,0.0607,0.0,0.0607
kampala_bwera,344,172.0,31.126,0.4804,roadside settlement,Butooke,0.0139,0.0,0.0139
kampala_bwera,345,172.5,31.1218,0.4789,roadside settlement,Lunyongoli,0.5568,0.5683,-0.0115
kampala_bwera,346,173.0,31.1174,0.4779,roadside settlement,Lunyongoli,0.3198,0.2495,0.0703
kampala_bwera,347,173.5,31.113,0.4784,roadside settlement,Lunyongoli,0.0428,0.0,0.0428
kampala_bwera,348,174.0,31.1089,0.4801,open road,Ngaija,0.066,0.0157,0.0503
kampala_bwera,349,174.5,31.1044,0.4808,open road,Ngaija,0.5792,0.5956,-0.0165
kampala_bwera,350,175.0,31.1,0.4814,open road,Ngaija,0.0259,0.0,0.0259
kampala_bwera,351,175.5,31.0955,0.4815,open road,Ngaija,0.4895,0.4013,0.0882
kampala_bwera,352,176.0,31.0913,0.4801,roadside settlement,Nyanga,0.76,0.7808,-0.0209
kampala_bwera,353,176.5,31.087,0.4811,open road,Nyanga,0.0569,0.0491,0.0078
kampala_bwera,354,177.0,31.0834,0.4837,open road,Kyakakwanzi,0.0179,0.0,0.0179
kampala_bwera,355,177.5,31.0792,0.4852,roadside settlement,Kyakakwanzi,0.4766,0.4803,-0.0037
kampala_bwera,356,178.0,31.0747,0.4852,roadside settlement,Kako,0.7788,0.796,-0.0172
kampala_bwera,357,178.5,31.0703,0.4846,roadside settlement,Kako,0.938,0.9478,-0.0098
kampala_bwera,358,179.0,31.0661,0.4858,roadside settlement,Kako,0.0736,0.0,0.0736
kampala_bwera,359,179.5,31.062,0.485,roadside settlement,Haisaza,0.1001,0.0,0.1001
kampala_bwera,360,180.0,31.0585,0.4822,roadside settlement,Kyegegwa,0.1492,0.0127,0.1365
kampala_bwera,361,180.5,31.0544,0.4813,roadside settlement,Kyegegwa,0.2579,0.1827,0.0752
kampala_bwera,362,181.0,31.0512,0.4844,roadside settlement,Humura,0.0792,0.0,0.0792
kampala_bwera,363,181.5,31.0468,0.4855,roadside settlement,Humura,0.0681,0.0,0.0681
kampala_bwera,364,182.0,31.0426,0.4868,roadside settlement,Rwera,0.673,0.6138,0.0591
kampala_bwera,365,182.5,31.0382,0.4865,roadside settlement,Rwera,0.0925,0.0,0.0925
kampala_bwera,366,183.0,31.0342,0.4843,open road,Rwera,0.0682,0.0,0.0682
kampala_bwera,367,183.5,31.0299,0.4831,open road,Byeba,0.9052,0.9114,-0.0062
kampala_bwera,368,184.0,31.0256,0.4841,roadside settlement,Byeba,0.0941,0.0643,0.0298
kampala_bwera,369,184.5,31.0224,0.4871,roadside settlement,Byeba,0.1649,0.0,0.1649
kampala_bwera,370,185.0,31.0189,0.4897,roadside settlement,Nsondaitano,0.0294,0.0,0.0294
kampala_bwera,371,185.5,31.0172,0.4937,roadside settlement,Nsondaitano,0.1587,0.1402,0.0185
kampala_bwera,372,186.0,31.013,0.4952,roadside settlement,Nsondaitano,0.0452,0.0,0.0452
kampala_bwera,373,186.5,31.0086,0.4959,roadside settlement,Kisamura,0.0301,0.0,0.0301
kampala_bwera,374,187.0,31.0047,0.4981,open road,Kisamura,0.1762,0.1675,0.0087
kampala_bwera,375,187.5,31.0009,0.5005,open road,Kyatega,0.2068,0.2009,0.0059
kampala_bwera,376,188.0,30.9971,0.503,roadside settlement,Kyatega,0.0506,0.0248,0.0258
kampala_bwera,377,188.5,30.9938,0.506,roadside settlement,Kyatega,0.2086,0.1432,0.0653
kampala_bwera,378,189.0,30.9902,0.5087,open road,Kyatega,0.0199,0.0,0.0199
kampala_bwera,379,189.5,30.9862,0.5107,open road,Kyatega,0.0766,0.0643,0.0123
kampala_bwera,380,190.0,30.982,0.5122,open road,Kinona,0.3937,0.4074,-0.0136
kampala_bwera,381,190.5,30.9776,0.5129,roadside settlement,Kisiita,0.2824,0.2374,0.0451
kampala_bwera,382,191.0,30.9735,0.5146,roadside settlement,Kisiita,0.1696,0.1159,0.0537
kampala_bwera,383,191.5,30.9694,0.5166,open road,Kisiita,0.5969,0.6138,-0.017
kampala_bwera,384,192.0,30.9656,0.519,open road,Misenyi,0.006,0.0,0.006
kampala_bwera,385,192.5,30.9618,0.5214,open road,Misenyi,0.4609,0.4529,0.008
kampala_bwera,386,193.0,30.958,0.5238,roadside settlement,Misenyi,1.0942,1.1239,-0.0297
kampala_bwera,387,193.5,30.9542,0.5262,roadside settlement,Misenyi,0.1932,0.0,0.1932
kampala_bwera,388,194.0,30.9505,0.5287,roadside settlement,Misenyi,0.194,0.0,0.194
kampala_bwera,389,194.5,30.9464,0.5305,open road,Misenyi,0.0603,0.0036,0.0567
kampala_bwera,390,195.0,30.942,0.5315,open road,Misenyi,0.0873,0.0734,0.0139
kampala_bwera,391,195.5,30.9376,0.5319,roadside settlement,Kikyedo,0.4371,0.4043,0.0328
kampala_bwera,392,196.0,30.9331,0.5326,roadside settlement,Kikyedo,0.1937,0.1463,0.0474
kampala_bwera,393,196.5,30.9294,0.535,open road,Kikyedo,0.0499,0.0,0.0499
kampala_bwera,394,197.0,30.9256,0.5373,open road,Kikyedo,0.26,0.2374,0.0227
kampala_bwera,395,197.5,30.9211,0.5375,open road,Kikyedo,0.0199,0.0,0.0199
kampala_bwera,396,198.0,30.9172,0.5397,open road,Kyeema,0.0381,0.0218,0.0163
kampala_bwera,397,198.5,30.9135,0.5422,open road,Kyeema,0.004,0.0,0.004
kampala_bwera,398,199.0,30.9098,0.5448,open road,Kyeema,0.1574,0.1159,0.0415
kampala_bwera,399,199.5,30.9059,0.5469,roadside settlement,Kyeema,0.3797,0.2981,0.0816
kampala_bwera,400,200.0,30.9014,0.5472,roadside settlement,Kakongorano,0.3874,0.374,0.0134
kampala_bwera,401,200.5,30.897,0.5481,open road,Kakongorano,0.077,0.0,0.077
kampala_bwera,402,201.0,30.8926,0.5487,open road,Kakongorano,0.0467,0.0,0.0467
kampala_bwera,403,201.5,30.8881,0.5484,open road,Kakongorano,0.0982,0.0947,0.0035
kampala_bwera,404,202.0,30.8836,0.5481,open road,Kisoila,0.1302,0.1007,0.0295
kampala_bwera,405,202.5,30.8794,0.5494,roadside settlement,Kisoila,0.0597,0.0,0.0597
kampala_bwera,406,203.0,30.8754,0.5516,roadside settlement,Kisoila,0.1182,0.0916,0.0266
kampala_bwera,407,203.5,30.8717,0.554,roadside settlement,Kisoila,0.5208,0.5228,-0.002
kampala_bwera,408,204.0,30.8672,0.5543,roadside settlement,Kisoila,0.6824,0.708,-0.0255
kampala_bwera,409,204.5,30.8628,0.5539,open road,Lwebali,0.0239,0.0,0.0239
kampala_bwera,410,205.0,30.8586,0.5553,roadside settlement,Lwebali,0.4573,0.3527,0.1045
kampala_bwera,411,205.5,30.8543,0.5545,roadside settlement,Lwebali,0.0471,0.0,0.0471
kampala_bwera,412,206.0,30.8506,0.5567,open road,Lwebali,0.0455,0.0,0.0455
kampala_bwera,413,206.5,30.8464,0.5577,open road,Lwebali,0.0781,0.0,0.0781
kampala_bwera,414,207.0,30.8422,0.5577,open road,Lwebali,0.3219,0.3284,-0.0066
kampala_bwera,415,207.5,30.838,0.5569,open road,Lwebali,0.0,0.0,0.0
kampala_bwera,416,208.0,30.8338,0.5559,open road,Lwebali,0.0199,0.0,0.0199
kampala_bwera,417,208.5,30.8302,0.5583,open road,,0.0,0.0,0.0
kampala_bwera,418,209.0,30.8271,0.5616,open road,,0.1842,0.1584,0.0258
kampala_bwera,419,209.5,30.8234,0.564,open road,Mukono - Mura,0.122,0.122,0.0
kampala_bwera,420,210.0,30.8189,0.5639,open road,Mukono - Mura,0.4048,0.4195,-0.0147
kampala_bwera,421,210.5,30.8149,0.5619,open road,Mukono - Mura,0.3747,0.3588,0.0159
kampala_bwera,422,211.0,30.8108,0.5599,roadside settlement,Mukono - Mura,0.4472,0.4469,0.0003
kampala_bwera,423,211.5,30.8065,0.5602,roadside settlement,Mukono - Mura,0.4729,0.4256,0.0473
kampala_bwera,424,212.0,30.8027,0.5626,roadside settlement,Mukono - Mura,0.6824,0.6472,0.0352
kampala_bwera,425,212.5,30.7983,0.5627,open road,Mukono - Mura,0.1675,0.1675,0.0
kampala_bwera,426,213.0,30.794,0.5614,open road,Mukono - Mura,0.0601,0.0,0.0601
kampala_bwera,427,213.5,30.7903,0.5591,open road,Matiri,0.3848,0.4074,-0.0226
kampala_bwera,428,214.0,30.7862,0.5578,open road,Matiri,0.3674,0.3801,-0.0127
kampala_bwera,429,214.5,30.7819,0.5591,open road,Matiri,0.8355,0.8598,-0.0243
kampala_bwera,430,215.0,30.7782,0.5614,roadside settlement,Matiri,0.5029,0.4256,0.0773
kampala_bwera,431,215.5,30.7749,0.5646,roadside settlement,Matiri,0.2466,0.0,0.2466
kampala_bwera,432,216.0,30.7733,0.5687,roadside settlement,Matiri,0.1571,0.0,0.1571
kampala_bwera,433,216.5,30.7699,0.5716,roadside settlement,Matiri,0.0967,0.0,0.0967
kampala_bwera,434,217.0,30.7661,0.574,open road,Matiri,0.0753,0.0,0.0753
kampala_bwera,435,217.5,30.7621,0.576,open road,Matiri,0.2517,0.2009,0.0507
kampala_bwera,436,218.0,30.758,0.5778,open road,Matiri,0.1657,0.125,0.0407
kampala_bwera,437,218.5,30.7548,0.5808,open road,Murongo,0.0301,0.0,0.0301
kampala_bwera,438,219.0,30.7506,0.5818,open road,Murongo,1.0591,1.0905,-0.0314
kampala_bwera,439,219.5,30.7462,0.5811,open road,Murongo,0.004,0.0036,0.0004
kampala_bwera,440,220.0,30.7422,0.5831,open road,Murongo,0.0465,0.0,0.0465
kampala_bwera,441,220.5,30.7379,0.5826,open road,Kihura,0.5354,0.5592,-0.0238
kampala_bwera,442,221.0,30.734,0.5836,roadside settlement,Kihura,0.7318,0.7596,-0.0278
kampala_bwera,443,221.5,30.7322,0.5878,roadside settlement,Kihuura Trading Centre,0.5084,0.4043,0.1041
kampala_bwera,444,222.0,30.729,0.5905,roadside settlement,Kihuura Trading Centre,0.4602,0.3861,0.074
kampala_bwera,445,222.5,30.7249,0.5911,open road,Kicwamba,0.0747,0.0,0.0747
kampala_bwera,446,223.0,30.7217,0.5943,open road,Kicwamba,0.3321,0.3406,-0.0085
kampala_bwera,447,223.5,30.7185,0.5974,open road,Kicwamba,0.0171,0.0036,0.0135
kampala_bwera,448,224.0,30.714,0.5971,open road,Kicwamba,0.5916,0.6017,-0.0101
kampala_bwera,449,224.5,30.7099,0.598,open road,Kicwamba,0.0378,0.0,0.0378
kampala_bwera,450,225.0,30.708,0.6021,open road,Kicwamba,0.1201,0.0,0.1201
kampala_bwera,451,225.5,30.7071,0.6065,open road,,0.0602,0.0,0.0602
kampala_bwera,452,226.0,30.7032,0.6077,open road,,0.0825,0.0825,0.0
kampala_bwera,453,226.5,30.6988,0.6074,open road,,0.181,0.1797,0.0014
kampala_bwera,454,227.0,30.6947,0.6059,open road,,0.357,0.3376,0.0194
kampala_bwera,455,227.5,30.6909,0.6035,open road,,0.2526,0.2191,0.0335
kampala_bwera,456,228.0,30.6871,0.6012,open road,,0.2621,0.2434,0.0187
kampala_bwera,457,228.5,30.6828,0.6018,open road,,0.6755,0.6837,-0.0082
kampala_bwera,458,229.0,30.6785,0.6021,roadside settlement,,0.3582,0.2829,0.0753
kampala_bwera,459,229.5,30.6741,0.6016,open road,,0.5774,0.5774,0.0
kampala_bwera,460,230.0,30.6696,0.6015,open road,,0.4202,0.4377,-0.0175
kampala_bwera,461,230.5,30.6656,0.6034,open road,,0.6498,0.6412,0.0086
kampala_bwera,462,231.0,30.6616,0.6055,roadside settlement,,0.506,0.4985,0.0075
kampala_bwera,463,231.5,30.6578,0.6078,roadside settlement,Kyenjojo,0.4809,0.3952,0.0857
kampala_bwera,464,232.0,30.6544,0.6107,roadside settlement,Kyenjojo,0.6921,0.6989,-0.0067
kampala_bwera,465,232.5,30.6502,0.6124,roadside settlement,Kyenjojo,0.4559,0.4074,0.0485
kampala_bwera,466,233.0,30.6459,0.6119,roadside settlement,Kyenjojo,0.1785,0.0,0.1785
kampala_bwera,467,233.5,30.6417,0.6129,roadside settlement,Kyenjojo,0.2327,0.1129,0.1198
kampala_bwera,468,234.0,30.6381,0.6155,roadside settlement,Kyenjojo,0.2151,0.0491,0.166
kampala_bwera,469,234.5,30.6345,0.6183,roadside settlement,Kyenjojo,0.2191,0.0,0.2191
kampala_bwera,470,235.0,30.6306,0.6202,roadside settlement,Kyenjojo,0.0497,0.0,0.0497
kampala_bwera,471,235.5,30.6262,0.6209,open road,,0.0456,0.0,0.0456
kampala_bwera,472,236.0,30.6221,0.6226,roadside settlement,,0.6567,0.6655,-0.0088
kampala_bwera,473,236.5,30.6183,0.6251,roadside settlement,,0.2943,0.2282,0.0661
kampala_bwera,474,237.0,30.6153,0.6281,roadside settlement,,0.2244,0.0582,0.1662
kampala_bwera,475,237.5,30.615,0.6326,roadside settlement,,0.5304,0.0521,0.4783
kampala_bwera,476,238.0,30.6129,0.6365,open road,Kirima,0.4727,0.0,0.4727
kampala_bwera,477,238.5,30.6095,0.6394,open road,Kirima,0.0005,0.0,0.0005
kampala_bwera,478,239.0,30.6054,0.6409,open road,Kirima,0.4848,0.4954,-0.0107
kampala_bwera,479,239.5,30.6009,0.6409,open road,Kirima,0.4636,0.4681,-0.0045
kampala_bwera,480,240.0,30.5966,0.642,open road,Kirima,0.0204,0.0,0.0204
kampala_bwera,481,240.5,30.5921,0.6417,open road,Mukono,0.062,0.0157,0.0463
kampala_bwera,482,241.0,30.5876,0.6413,roadside settlement,Kaihura Central,0.6428,0.6533,-0.0106
kampala_bwera,483,241.5,30.5838,0.6432,roadside settlement,Kaihura Central,0.376,0.3588,0.0172
kampala_bwera,484,242.0,30.5801,0.6452,roadside settlement,Kaihura Central,0.3692,0.2313,0.1379
kampala_bwera,485,242.5,30.5761,0.6457,roadside settlement,Kaihura Central,0.1228,0.0,0.1228
kampala_bwera,486,243.0,30.5728,0.6488,open road,Kaihura Central,0.0686,0.0,0.0686
kampala_bwera,487,243.5,30.5688,0.6505,open road,Nyakagongo,0.6888,0.6594,0.0294
kampala_bwera,488,244.0,30.5643,0.6506,open road,Nyakagongo,0.1956,0.1949,0.0008
kampala_bwera,489,244.5,30.56,0.6515,open road,Miranga,0.3809,0.3011,0.0797
kampala_bwera,490,245.0,30.5566,0.6543,open road,Miranga,0.4037,0.4165,-0.0128
kampala_bwera,491,245.5,30.5528,0.6562,roadside settlement,Miranga,0.3537,0.3011,0.0525
kampala_bwera,492,246.0,30.5485,0.6549,roadside settlement,Miranga,0.237,0.1888,0.0482
kampala_bwera,493,246.5,30.5441,0.6547,roadside settlement,Mukunyu Central,0.9515,0.963,-0.0115
kampala_bwera,494,247.0,30.5396,0.6551,roadside settlement,Mukunyu Central,0.4844,0.4074,0.077
kampala_bwera,495,247.5,30.5352,0.6549,roadside settlement,Mukunyu Central,0.7193,0.7201,-0.0008
kampala_bwera,496,248.0,30.531,0.6557,roadside settlement,Mukunyu,0.3945,0.2829,0.1116
kampala_bwera,497,248.5,30.5282,0.6589,roadside settlement,Birenga,0.9267,0.875,0.0517
kampala_bwera,498,249.0,30.5239,0.6591,roadside settlement,Kisamura,0.0854,0.0218,0.0636
kampala_bwera,499,249.5,30.5196,0.6581,roadside settlement,Kisamura,0.1379,0.1159,0.022
kampala_bwera,500,250.0,30.5152,0.6574,roadside settlement,Kisamura,1.1486,1.1847,-0.036
kampala_bwera,501,250.5,30.5107,0.6568,roadside settlement,Kisamura,1.1171,1.1452,-0.0281
kampala_bwera,502,251.0,30.5064,0.6571,open road,Rugombe Kasozi,1.0126,1.0025,0.0101
kampala_bwera,503,251.5,30.5043,0.661,open road,Rugombe Kasozi,0.0766,0.0,0.0766
kampala_bwera,504,252.0,30.5026,0.6649,roadside settlement,Rugombe Kasozi,0.2482,0.0,0.2482
kampala_bwera,505,252.5,30.4993,0.668,roadside settlement,Mahangwe,0.1427,0.0,0.1427
kampala_bwera,506,253.0,30.4961,0.6711,roadside settlement,Rugombe Nyamasobya,0.1235,0.0,0.1235
kampala_bwera,507,253.5,30.4925,0.6737,roadside settlement,Mihondo,0.622,0.544,0.078
kampala_bwera,508,254.0,30.4881,0.6728,roadside settlement,Mihondo,0.2121,0.1797,0.0324
kampala_bwera,509,254.5,30.4837,0.6718,roadside settlement,Nyanjaetagera,0.2943,0.2161,0.0782
kampala_bwera,510,255.0,30.4793,0.6715,roadside settlement,Nyanjaetagera,0.1916,0.1189,0.0726
kampala_bwera,511,255.5,30.4751,0.6731,roadside settlement,Kyabagonza,0.1631,0.1341,0.029
kampala_bwera,512,256.0,30.4717,0.6758,roadside settlement,Bukoiko,0.1065,0.0673,0.0392
kampala_bwera,513,256.5,30.4682,0.6782,roadside settlement,Bukoiko,0.1148,0.0704,0.0444
kampala_bwera,514,257.0,30.4637,0.6783,roadside settlement,Kagorogoro,0.4501,0.3952,0.0549
kampala_bwera,515,257.5,30.4594,0.6772,roadside settlement,Kagorogoro,0.1165,0.0,0.1165
kampala_bwera,516,258.0,30.4553,0.6753,open road,Kagorogoro,0.2868,0.2677,0.0191
kampala_bwera,517,258.5,30.4512,0.6734,roadside settlement,Kyeragira,0.0974,0.0734,0.024
kampala_bwera,518,259.0,30.4471,0.6716,roadside settlement,Kyeragira,0.2594,0.21,0.0494
kampala_bwera,519,259.5,30.4427,0.6716,roadside settlement,Ntoroko Road,0.0617,0.0,0.0617
kampala_bwera,520,260.0,30.4384,0.6708,roadside settlement,Ntoroko Road,0.1958,0.0795,0.1163
kampala_bwera,521,260.5,30.4368,0.6667,roadside settlement,Ntoroko Road,0.0308,0.0,0.0308
kampala_bwera,522,261.0,30.4328,0.6647,roadside settlement,Kyakiroro,0.0134,0.0,0.0134
kampala_bwera,523,261.5,30.4287,0.6629,roadside settlement,Kyakiroro,0.2136,0.1523,0.0612
kampala_bwera,524,262.0,30.425,0.6604,roadside settlement,Hiima,0.5075,0.5076,-0.0001
kampala_bwera,525,262.5,30.422,0.6573,roadside settlement,Hiima,0.3023,0.2222,0.0801
kampala_bwera,526,263.0,30.4178,0.6557,roadside settlement,Hiima,0.0907,0.0,0.0907
kampala_bwera,527,263.5,30.4137,0.6541,open road,Hiima,0.1138,0.0886,0.0252
kampala_bwera,528,264.0,30.4099,0.6516,open road,Hiima,0.2863,0.2768,0.0095
kampala_bwera,529,264.5,30.4072,0.6481,open road,Sebitoli A,0.0,0.0,0.0
kampala_bwera,530,265.0,30.4038,0.6456,open road,Sebitoli A,0.0,0.0,0.0
kampala_bwera,531,265.5,30.3995,0.6442,open road,Sebitoli A,0.0,0.0,0.0
kampala_bwera,532,266.0,30.3951,0.6436,open road,Sebitoli A,0.2345,0.2495,-0.015
kampala_bwera,533,266.5,30.3909,0.6432,open road,Sebitoli A,0.7127,0.7444,-0.0317
kampala_bwera,534,267.0,30.3872,0.6458,open road,Sebitoli A,0.34,0.3467,-0.0066
kampala_bwera,535,267.5,30.3844,0.6489,open road,Sebitoli B,0.0263,0.0,0.0263
kampala_bwera,536,268.0,30.3811,0.6461,roadside settlement,Sebitoli B,0.6649,0.6746,-0.0097
kampala_bwera,537,268.5,30.3774,0.6438,roadside settlement,Sebitoli B,0.7055,0.6594,0.0462
kampala_bwera,538,269.0,30.3729,0.644,roadside settlement,Kanyankukuru,0.2158,0.1827,0.0331
kampala_bwera,539,269.5,30.3691,0.6464,open road,Sebitoli B,0.1606,0.0795,0.0812
kampala_bwera,540,270.0,30.3649,0.6473,open road,Kiamara B,0.78,0.8082,-0.0282
kampala_bwera,541,270.5,30.3621,0.644,open road,Kanyankukuru,0.2096,0.1645,0.0451
kampala_bwera,542,271.0,30.3591,0.6408,open road,Kiamara C,0.2552,0.0886,0.1666
kampala_bwera,543,271.5,30.3549,0.6398,open road,Kiamara C,0.2599,0.2009,0.059
kampala_bwera,544,272.0,30.3505,0.6395,open road,Kiamara C,0.2708,0.2708,0.0
kampala_bwera,545,272.5,30.3463,0.641,roadside settlement,Kaswa A LC1,0.0328,0.0,0.0328
kampala_bwera,546,273.0,30.3423,0.6408,roadside settlement,Kaswa B LCI,0.4765,0.4013,0.0751
kampala_bwera,547,273.5,30.3405,0.6366,roadside settlement,Kaswa B,0.1412,0.0,0.1412
kampala_bwera,548,274.0,30.3384,0.6327,open road,Kaswa B,0.3172,0.2859,0.0313
kampala_bwera,549,274.5,30.3344,0.6308,open road,Buzirasagama,0.3665,0.2465,0.12
kampala_bwera,550,275.0,30.3301,0.6301,open road,Buzirasagama,0.3828,0.4043,-0.0216
kampala_bwera,551,275.5,30.3279,0.6338,open road,Busoro,0.1066,0.0795,0.0271
kampala_bwera,552,276.0,30.3264,0.638,open road,Busoro,0.0562,0.0,0.0562
kampala_bwera,553,276.5,30.324,0.6419,roadside settlement,Kabegira,0.2913,0.21,0.0813
kampala_bwera,554,277.0,30.3211,0.6452,roadside settlement,Kabegira,0.1761,0.0613,0.1148
kampala_bwera,555,277.5,30.3171,0.6473,roadside settlement,Kyogya,0.4825,0.4104,0.0721
kampala_bwera,556,278.0,30.3129,0.6486,roadside settlement,Nyabinamba,0.4353,0.3315,0.1038
kampala_bwera,557,278.5,30.3086,0.6481,roadside settlement,Kaihokwa,0.1529,0.0,0.1529
kampala_bwera,558,279.0,30.3043,0.6494,roadside settlement,Kitumba A Trc,0.3009,0.1797,0.1213
kampala_bwera,559,279.5,30.301,0.6519,roadside settlement,Kitumba,0.2236,0.1736,0.05
kampala_bwera,560,280.0,30.2978,0.6549,roadside settlement,Binanata A,0.1764,0.0,0.1764
kampala_bwera,561,280.5,30.2955,0.6586,roadside settlement,Kitebutura B,0.1887,0.0,0.1887
kampala_bwera,562,281.0,30.2912,0.6599,roadside settlement,Njara C,0.3303,0.1797,0.1506
kampala_bwera,563,281.5,30.2873,0.6581,roadside settlement,Nyakabale B,0.4264,0.3436,0.0828
kampala_bwera,564,282.0,30.2831,0.6568,roadside settlement,Boma East,0.1681,0.1007,0.0673
kampala_bwera,565,282.5,30.2789,0.6581,town,Fort Portal,0.5914,0.2768,0.3146
kampala_bwera,566,283.0,30.2762,0.655,town,Rukiidi Ruhandika A,1.1922,0.6533,0.5389
kampala_bwera,567,283.5,30.2735,0.6516,town,Nyarurara A,0.9621,0.8233,0.1388
kampala_bwera,568,284.0,30.2708,0.6481,town,Nyarurara B,0.8488,0.541,0.3078
kampala_bwera,569,284.5,30.2705,0.6436,roadside settlement,Harukooto K Se A,0.2084,0.0,0.2084
kampala_bwera,570,285.0,30.2689,0.6396,roadside settlement,Virika,0.555,0.5228,0.0323
kampala_bwera,571,285.5,30.2668,0.6357,roadside settlement,Virika,0.404,0.2981,0.106
kampala_bwera,572,286.0,30.2642,0.6321,roadside settlement,Kacwamba A,0.1492,0.0,0.1492
kampala_bwera,573,286.5,30.2612,0.6287,town,Kidukuru-Kihembo A,0.5446,0.2647,0.2799
kampala_bwera,574,287.0,30.2582,0.6254,roadside settlement,Kasusu B,0.3178,0.1554,0.1624
kampala_bwera,575,287.5,30.2545,0.6237,roadside settlement,Kasusu C,0.2507,0.1068,0.1439
kampala_bwera,576,288.0,30.2511,0.6264,roadside settlement,Kasusu C,0.1388,0.043,0.0958
kampala_bwera,577,288.5,30.2488,0.6303,roadside settlement,Karambi I,0.4032,0.2647,0.1385
kampala_bwera,578,289.0,30.2453,0.6331,roadside settlement,Karambi I,0.4631,0.3861,0.077
kampala_bwera,579,289.5,30.2416,0.6356,roadside settlement,Nyansozi,0.1058,0.0,0.1058
kampala_bwera,580,290.0,30.238,0.6383,roadside settlement,Karambi Ii,0.4064,0.3376,0.0688
kampala_bwera,581,290.5,30.2337,0.6393,roadside settlement,Karambi,0.311,0.2161,0.0949
kampala_bwera,582,291.0,30.2305,0.6365,roadside settlement,Birayobora,0.4096,0.3436,0.066
kampala_bwera,583,291.5,30.2283,0.6326,roadside settlement,Birayobora,0.7543,0.7474,0.0069
kampala_bwera,584,292.0,30.2269,0.6285,roadside settlement,Busokwa,0.5745,0.5531,0.0214
kampala_bwera,585,292.5,30.2246,0.6248,roadside settlement,Busokwa,0.4936,0.3467,0.147
kampala_bwera,586,293.0,30.2226,0.6209,roadside settlement,Kirugu,0.1054,0.0,0.1054
kampala_bwera,587,293.5,30.2192,0.6181,roadside settlement,Mugusu Trc,0.3603,0.3011,0.0592
kampala_bwera,588,294.0,30.2174,0.6141,roadside settlement,Mugusu,0.8549,0.8841,-0.0292
kampala_bwera,589,294.5,30.2132,0.6127,roadside settlement,Mugusu Kibeede,0.0688,0.0,0.0688
kampala_bwera,590,295.0,30.2151,0.6092,roadside settlement,Mugusu Kibeede,0.1277,0.0,0.1277
kampala_bwera,591,295.5,30.215,0.6047,roadside settlement,Kibeede,0.3215,0.1888,0.1327
kampala_bwera,592,296.0,30.2173,0.6008,roadside settlement,Nyansozi,0.1089,0.0,0.1089
kampala_bwera,593,296.5,30.2156,0.5967,roadside settlement,Kibeede,0.0438,0.0,0.0438
kampala_bwera,594,297.0,30.2135,0.5928,open road,Kibeede,0.0189,0.0,0.0189
kampala_bwera,595,297.5,30.2111,0.589,roadside settlement,Ibaale,0.7265,0.7444,-0.0179
kampala_bwera,596,298.0,30.2077,0.5861,roadside settlement,Ibaale,0.9391,0.963,-0.0239
kampala_bwera,597,298.5,30.2044,0.5831,roadside settlement,Nyakagongo,0.1671,0.0,0.1671
kampala_bwera,598,299.0,30.2007,0.5804,roadside settlement,Nyakagongo,0.2211,0.0,0.2211
kampala_bwera,599,299.5,30.1983,0.5773,roadside settlement,Kyekumburwa A,0.0867,0.0,0.0867
kampala_bwera,600,300.0,30.196,0.5735,roadside settlement,Kyekumburwa A,0.0706,0.0,0.0706
kampala_bwera,601,300.5,30.1918,0.5723,open road,Rubona Ii,0.4332,0.4043,0.0289
kampala_bwera,602,301.0,30.1874,0.5713,roadside settlement,Rubona Ii,0.8106,0.8416,-0.031
kampala_bwera,603,301.5,30.184,0.5687,roadside settlement,Rubona Ii,0.9382,0.9569,-0.0187
kampala_bwera,604,302.0,30.1843,0.5647,roadside settlement,Rubona Ii,0.4733,0.4165,0.0568
kampala_bwera,605,302.5,30.1808,0.562,roadside settlement,Rubona Town,0.1829,0.0127,0.1703
kampala_bwera,606,303.0,30.1774,0.5591,roadside settlement,Rubona,0.3449,0.1827,0.1622
kampala_bwera,607,303.5,30.1731,0.5579,roadside settlement,Rubona,0.6233,0.6078,0.0155
kampala_bwera,608,304.0,30.1702,0.5549,roadside settlement,Bulegeya,0.1317,0.0,0.1317
kampala_bwera,609,304.5,30.1685,0.5508,open road,Bulegeya,0.0191,0.0,0.0191
kampala_bwera,610,305.0,30.1662,0.5477,open road,Bulegeya,0.0293,0.0,0.0293
kampala_bwera,611,305.5,30.1677,0.5437,open road,Kisomoro I,0.0233,0.0,0.0233
kampala_bwera,612,306.0,30.1695,0.5401,roadside settlement,Kisomoro Ii,0.3235,0.3042,0.0193
kampala_bwera,613,306.5,30.1675,0.5365,roadside settlement,Kisomoro Ii,0.139,0.1159,0.0231
kampala_bwera,614,307.0,30.1688,0.5323,roadside settlement,Nyakigumba,0.0661,0.0,0.0661
kampala_bwera,615,307.5,30.1713,0.5286,roadside settlement,Nyakigumba,0.3574,0.1949,0.1625
kampala_bwera,616,308.0,30.1738,0.5248,roadside settlement,Nyakigumba,0.0738,0.0127,0.0611
kampala_bwera,617,308.5,30.1765,0.5212,roadside settlement,Busiita,0.1626,0.0,0.1626
kampala_bwera,618,309.0,30.1797,0.518,roadside settlement,Busiita,0.0652,0.0005,0.0647
kampala_bwera,619,309.5,30.1818,0.5143,roadside settlement,Busiita,0.2726,0.2343,0.0383
kampala_bwera,620,310.0,30.1803,0.5101,roadside settlement,Busiita,0.3608,0.3345,0.0263
kampala_bwera,621,310.5,30.179,0.5059,roadside settlement,Kicuucu,0.7944,0.7991,-0.0047
kampala_bwera,622,311.0,30.1787,0.5015,roadside settlement,Kicuucu,0.3704,0.3133,0.0571
kampala_bwera,623,311.5,30.1816,0.4986,roadside settlement,Kicuucu,0.1085,0.0,0.1085
kampala_bwera,624,312.0,30.1836,0.495,roadside settlement,Kisolire,0.0501,0.0,0.0501
kampala_bwera,625,312.5,30.186,0.4916,roadside settlement,Kisolire,0.0542,0.0,0.0542
kampala_bwera,626,313.0,30.1876,0.4875,roadside settlement,Kasaali B,0.3041,0.2647,0.0395
kampala_bwera,627,313.5,30.1898,0.484,roadside settlement,Central,0.1289,0.0977,0.0312
kampala_bwera,628,314.0,30.1901,0.4796,roadside settlement,Central,0.3496,0.2252,0.1244
kampala_bwera,629,314.5,30.1929,0.4763,roadside settlement,Kibiito,0.0759,0.0,0.0759
kampala_bwera,630,315.0,30.1929,0.4718,roadside settlement,Kibiito,0.0826,0.0,0.0826
kampala_bwera,631,315.5,30.1917,0.4676,roadside settlement,Nkimbiri,0.2629,0.2161,0.0468
kampala_bwera,632,316.0,30.194,0.464,roadside settlement,Nkimbiri,0.0369,0.0,0.0369
kampala_bwera,633,316.5,30.1959,0.4601,roadside settlement,Nkimbiri,0.0821,0.0,0.0821
kampala_bwera,634,317.0,30.1981,0.4569,roadside settlement,Maligo,0.0905,0.0,0.0905
kampala_bwera,635,317.5,30.1973,0.4526,roadside settlement,Kabale,0.1715,0.0,0.1715
kampala_bwera,636,318.0,30.1988,0.4484,roadside settlement,Kabale,0.4445,0.3801,0.0645
kampala_bwera,637,318.5,30.2025,0.446,roadside settlement,Kangoma,0.1174,0.0,0.1174
kampala_bwera,638,319.0,30.2034,0.4421,roadside settlement,Kangoma,0.101,0.0,0.101
kampala_bwera,639,319.5,30.2011,0.4383,roadside settlement,Kasunganyanja,0.0283,0.0,0.0283
kampala_bwera,640,320.0,30.201,0.4347,roadside settlement,Kasunganyanja,0.1239,0.0704,0.0536
kampala_bwera,641,320.5,30.2015,0.4304,roadside settlement,Kasunganyanja,0.0472,0.0,0.0472
kampala_bwera,642,321.0,30.2049,0.4288,roadside settlement,Kasunganyanja,0.0223,0.0,0.0223
kampala_bwera,643,321.5,30.2091,0.4271,roadside settlement,Kasunganyanja,0.1678,0.0,0.1678
kampala_bwera,644,322.0,30.2112,0.4232,roadside settlement,Kasunganyanja,0.1866,0.0,0.1866
kampala_bwera,645,322.5,30.212,0.4189,roadside settlement,Kasunganyanja,0.1627,0.0,0.1627
kampala_bwera,646,323.0,30.2151,0.4156,roadside settlement,Rweihara,0.1547,0.0,0.1547
kampala_bwera,647,323.5,30.2156,0.4112,roadside settlement,Kaburaisoke North,0.1928,0.1432,0.0495
kampala_bwera,648,324.0,30.216,0.4068,roadside settlement,Kaburaisoke North,0.0572,0.0,0.0572
kampala_bwera,649,324.5,30.2162,0.4024,roadside settlement,Kaburaisoke North,0.0826,0.0036,0.079
kampala_bwera,650,325.0,30.2156,0.398,roadside settlement,Kaburaisoke,0.1089,0.0,0.1089
kampala_bwera,651,325.5,30.2154,0.3935,roadside settlement,Kaburaisoke,0.0811,0.0,0.0811
kampala_bwera,652,326.0,30.2148,0.3891,roadside settlement,Kyeibumba,0.3139,0.207,0.1069
kampala_bwera,653,326.5,30.2157,0.3847,roadside settlement,Rwimi Centre A,0.1494,0.0,0.1494
kampala_bwera,654,327.0,30.2162,0.3802,roadside settlement,Rwimi,0.1386,0.0643,0.0743
kampala_bwera,655,327.5,30.2151,0.3762,roadside settlement,Rwimi Centre B,0.0627,0.0,0.0627
kampala_bwera,656,328.0,30.2115,0.3735,roadside settlement,Rwimi Centre B,0.0579,0.0,0.0579
kampala_bwera,657,328.5,30.2079,0.3708,roadside settlement,Gatyanga I,1.1507,1.1664,-0.0158
kampala_bwera,658,329.0,30.2058,0.3668,roadside settlement,Gatyanga I,0.6033,0.5896,0.0138
kampala_bwera,659,329.5,30.2036,0.3629,roadside settlement,Rwesande,0.1894,0.0,0.1894
kampala_bwera,660,330.0,30.202,0.3587,roadside settlement,Rwesande,0.3992,0.2616,0.1375
kampala_bwera,661,330.5,30.2004,0.3544,roadside settlement,Rwesande,0.2629,0.0,0.2629
kampala_bwera,662,331.0,30.1982,0.3506,roadside settlement,Rwesande,0.4121,0.0,0.4121
kampala_bwera,663,331.5,30.195,0.3474,roadside settlement,Rwesande,0.3649,0.1584,0.2065
kampala_bwera,664,332.0,30.1921,0.344,roadside settlement,Rwesande,0.2378,0.1372,0.1006
kampala_bwera,665,332.5,30.1897,0.3402,open road,,0.0542,0.0491,0.0051
kampala_bwera,666,333.0,30.1875,0.3362,roadside settlement,,0.1709,0.125,0.0459
kampala_bwera,667,333.5,30.1857,0.3321,roadside settlement,,0.62,0.6351,-0.0151
kampala_bwera,668,334.0,30.1851,0.3276,roadside settlement,,0.0734,0.0,0.0734
kampala_bwera,669,334.5,30.185,0.3231,roadside settlement,Lower Kendahi,0.7171,0.6442,0.0729
kampala_bwera,670,335.0,30.1844,0.3186,open road,Lower Kendahi,0.0199,0.0,0.0199
kampala_bwera,671,335.5,30.1837,0.3142,open road,Lower Kendahi,0.0405,0.0,0.0405
kampala_bwera,672,336.0,30.183,0.3097,roadside settlement,Lower Kendahi,0.1025,0.0218,0.0807
kampala_bwera,673,336.5,30.1819,0.3054,roadside settlement,Lower Kendahi,0.502,0.0,0.502
kampala_bwera,674,337.0,30.1805,0.3011,roadside settlement,Kikonzo,0.4227,0.0,0.4227
kampala_bwera,675,337.5,30.1797,0.2966,roadside settlement,Hima,0.3436,0.0,0.3436
kampala_bwera,676,338.0,30.1789,0.2922,roadside settlement,Market Square,0.5414,0.0,0.5414
kampala_bwera,677,338.5,30.1768,0.2885,roadside settlement,Market Square,0.5759,0.0,0.5759
kampala_bwera,678,339.0,30.1726,0.2876,roadside settlement,Kinyamwenge,0.403,0.3497,0.0533
kampala_bwera,679,339.5,30.1692,0.2846,roadside settlement,Kinyamwenge,0.7232,0.7292,-0.006
kampala_bwera,680,340.0,30.1657,0.2819,open road,Kinyamwenge,0.5941,0.5835,0.0106
kampala_bwera,681,340.5,30.1621,0.2792,open road,Karungibate Upper,0.6965,0.6108,0.0857
kampala_bwera,682,341.0,30.1585,0.2764,open road,Karungibate Upper,0.1273,0.0,0.1273
kampala_bwera,683,341.5,30.1552,0.2734,open road,Karungibate Upper,0.2721,0.1645,0.1076
kampala_bwera,684,342.0,30.1529,0.2695,open road,Karungibate Upper,0.0414,0.0279,0.0135
kampala_bwera,685,342.5,30.1505,0.2657,open road,Karungibate Upper,0.1337,0.1189,0.0147
kampala_bwera,686,343.0,30.148,0.2621,open road,Karungibate Upper,0.7667,0.7778,-0.0111
kampala_bwera,687,343.5,30.1436,0.261,open road,,0.5609,0.5804,-0.0196
kampala_bwera,688,344.0,30.1392,0.2603,open road,Mubuku,0.7087,0.6685,0.0402
kampala_bwera,689,344.5,30.1348,0.26,open road,Mubuku,0.387,0.3831,0.0039
kampala_bwera,690,345.0,30.1303,0.2602,roadside settlement,Mubuku,0.4092,0.3831,0.0262
kampala_bwera,691,345.5,30.1258,0.2605,roadside settlement,Mubuku,0.4532,0.3376,0.1157
kampala_bwera,692,346.0,30.1214,0.2614,roadside settlement,Mubuku,0.1984,0.0734,0.125
kampala_bwera,693,346.5,30.1177,0.2592,roadside settlement,Mubuku,0.2699,0.1888,0.0812
kampala_bwera,694,347.0,30.1169,0.2548,roadside settlement,Kabukelo West,1.0236,0.0,1.0236
kampala_bwera,695,347.5,30.1165,0.2504,roadside settlement,Kabukelo West,0.1174,0.0,0.1174
kampala_bwera,696,348.0,30.1166,0.2459,roadside settlement,Kabukelo West,0.1091,0.0,0.1091
kampala_bwera,697,348.5,30.1168,0.2413,roadside settlement,Kabukelo West,0.0831,0.0,0.0831
kampala_bwera,698,349.0,30.117,0.2368,roadside settlement,Kabukelo West,0.3686,0.3193,0.0492
kampala_bwera,699,349.5,30.1168,0.2323,roadside settlement,,0.3184,0.2161,0.1023
kampala_bwera,700,350.0,30.116,0.2279,roadside settlement,,0.1452,0.0,0.1452
kampala_bwera,701,350.5,30.1153,0.2234,roadside settlement,,0.0661,0.0,0.0661
kampala_bwera,702,351.0,30.1145,0.219,roadside settlement,,0.1224,0.0,0.1224
kampala_bwera,703,351.5,30.1137,0.2145,roadside settlement,Rukoki,0.1393,0.0,0.1393
kampala_bwera,704,352.0,30.1129,0.2101,roadside settlement,Rukoki,0.1338,0.0,0.1338
kampala_bwera,705,352.5,30.1121,0.2057,roadside settlement,Rukoki,0.1481,0.0,0.1481
kampala_bwera,706,353.0,30.1113,0.2012,roadside settlement,Rukoki,0.1097,0.0,0.1097
kampala_bwera,707,353.5,30.1089,0.1975,roadside settlement,Rukoki,0.1496,0.0,0.1496
kampala_bwera,708,354.0,30.1054,0.1947,roadside settlement,Rukoki,0.2144,0.0673,0.1471
kampala_bwera,709,354.5,30.1019,0.1919,roadside settlement,Nyakasanga Lower,0.3334,0.2556,0.0778
kampala_bwera,710,355.0,30.0983,0.1892,roadside settlement,Nyakasanga Lower,0.3374,0.2586,0.0787
kampala_bwera,711,355.5,30.0948,0.1864,roadside settlement,Nyakasanga Lower,0.3511,0.2252,0.1259
kampala_bwera,712,356.0,30.0916,0.1832,roadside settlement,Nyakasanga Lower,0.2897,0.1615,0.1283
kampala_bwera,713,356.5,30.0895,0.1793,town,Kikonzo,0.4355,0.1281,0.3074
kampala_bwera,714,357.0,30.0874,0.1753,town,Kasese,0.3418,0.0309,0.3109
kampala_bwera,715,357.5,30.0852,0.1714,town,Kasese,0.552,0.0643,0.4877
kampala_bwera,716,358.0,30.0825,0.1679,town,Nyakatonzi,0.41,0.043,0.3669
kampala_bwera,717,358.5,30.0798,0.1643,roadside settlement,Kilembe Quarters,0.289,0.1159,0.1731
kampala_bwera,718,359.0,30.0778,0.1602,roadside settlement,Industrial Zone,0.4219,0.3011,0.1208
kampala_bwera,719,359.5,30.0755,0.1563,roadside settlement,Kamaiba Main,0.165,0.0521,0.1129
kampala_bwera,720,360.0,30.0736,0.1523,roadside settlement,Kamaiba Main,0.5421,0.0,0.5421
kampala_bwera,721,360.5,30.072,0.1481,roadside settlement,Kamaiba Main,0.1027,0.0552,0.0475
kampala_bwera,722,361.0,30.0703,0.1439,open road,Kamaiba Main,0.4916,0.4863,0.0052
kampala_bwera,723,361.5,30.0687,0.1396,open road,Kamaiba Main,0.4365,0.4317,0.0048
kampala_bwera,724,362.0,30.0684,0.1352,open road,Kirembe II,0.0613,0.0,0.0613
kampala_bwera,725,362.5,30.0682,0.1306,open road,Kirembe II,0.073,0.0,0.073
kampala_bwera,726,363.0,30.068,0.1261,open road,Kirembe II,0.0303,0.0,0.0303
kampala_bwera,727,363.5,30.0678,0.1216,open road,Kirembe II,0.0491,0.0491,0.0
kampala_bwera,728,364.0,30.0657,0.1176,open road,Kirembe II,0.3347,0.3284,0.0063
kampala_bwera,729,364.5,30.0628,0.1142,open road,Kirembe II,0.2135,0.1584,0.0551
kampala_bwera,730,365.0,30.0599,0.1108,open road,Kirembe II,0.1742,0.1341,0.0401
kampala_bwera,731,365.5,30.0571,0.1072,open road,Kirembe II,0.1611,0.1341,0.027
kampala_bwera,732,366.0,30.0545,0.1035,open road,Muhokya,0.2852,0.2495,0.0357
kampala_bwera,733,366.5,30.0519,0.0999,open road,Muhokya,0.26,0.2465,0.0135
kampala_bwera,734,367.0,30.0488,0.0966,open road,Muhokya,0.2191,0.2191,0.0
kampala_bwera,735,367.5,30.0462,0.093,roadside settlement,Muhokya,0.3537,0.3102,0.0435
kampala_bwera,736,368.0,30.0439,0.0891,roadside settlement,Muhokya,0.8393,0.1949,0.6444
kampala_bwera,737,368.5,30.0423,0.0849,roadside settlement,Muhokya,0.4699,0.0,0.4699
kampala_bwera,738,369.0,30.0407,0.0807,open road,Muhokya,0.2479,0.1402,0.1077
kampala_bwera,739,369.5,30.0397,0.0763,open road,Muhokya,0.1862,0.1827,0.0035
kampala_bwera,740,370.0,30.039,0.0719,open road,,0.2576,0.2404,0.0172
kampala_bwera,741,370.5,30.0382,0.0674,open road,,0.2865,0.2586,0.0279
kampala_bwera,742,371.0,30.0363,0.0634,open road,,0.1394,0.125,0.0143
kampala_bwera,743,371.5,30.034,0.0595,open road,,0.0534,0.0309,0.0225
kampala_bwera,744,372.0,30.0321,0.0555,open road,,0.0348,0.0,0.0348
kampala_bwera,745,372.5,30.0302,0.0514,open road,,0.1254,0.125,0.0004
kampala_bwera,746,373.0,30.028,0.0475,open road,,0.0043,0.0,0.0043
kampala_bwera,747,373.5,30.0258,0.0435,open road,,0.0302,0.0,0.0302
kampala_bwera,748,374.0,30.0236,0.0396,open road,,0.0323,0.0188,0.0135
kampala_bwera,749,374.5,30.0213,0.0357,open road,,0.0734,0.0734,0.0
kampala_bwera,750,375.0,30.018,0.0326,open road,,0.3393,0.3436,-0.0044
kampala_bwera,751,375.5,30.0147,0.0296,open road,,0.3668,0.3527,0.014
kampala_bwera,752,376.0,30.0114,0.0265,open road,,0.0893,0.0673,0.022
kampala_bwera,753,376.5,30.0087,0.0229,open road,,0.4185,0.3952,0.0232
kampala_bwera,754,377.0,30.0065,0.019,open road,,0.2964,0.2829,0.0135
kampala_bwera,755,377.5,30.0036,0.0155,open road,Kikorongo,0.1145,0.0582,0.0562
kampala_bwera,756,378.0,30.0008,0.0121,open road,Kikorongo,0.1497,0.1493,0.0004
kampala_bwera,757,378.5,29.9992,0.0078,open road,Kikorongo,0.1359,0.122,0.0139
kampala_bwera,758,379.0,29.9988,0.0034,roadside settlement,Kikorongo,0.0637,0.0066,0.0571
kampala_bwera,759,379.5,29.9979,-0.0006,town,Kikorongo,0.8867,0.6958,0.1908
kampala_bwera,760,380.0,29.9943,-0.0033,open road,Kikorongo,1.0135,1.0511,-0.0376
kampala_bwera,761,380.5,29.9905,-0.0016,open road,Kikorongo,1.2016,1.2059,-0.0043
kampala_bwera,762,381.0,29.9884,0.0024,open road,Kikorongo,0.7347,0.6381,0.0965
kampala_bwera,763,381.5,29.9854,0.0056,open road,Kikorongo,0.4258,0.4195,0.0062
kampala_bwera,764,382.0,29.9815,0.0078,open road,Kikorongo,0.0353,0.0218,0.0135
kampala_bwera,765,382.5,29.9777,0.0071,open road,,0.9625,0.9994,-0.0369
kampala_bwera,766,383.0,29.9751,0.0039,open road,,1.001,1.0328,-0.0319
kampala_bwera,767,383.5,29.9707,0.004,open road,,0.7557,0.7596,-0.0039
kampala_bwera,768,384.0,29.9663,0.0044,open road,,0.1082,0.0,0.1082
kampala_bwera,769,384.5,29.9633,0.0077,open road,,0.74,0.6655,0.0745
kampala_bwera,770,385.0,29.96,0.0107,open road,,0.0881,0.0643,0.0238
kampala_bwera,771,385.5,29.9556,0.0114,open road,,0.1221,0.0,0.1221
kampala_bwera,772,386.0,29.9511,0.0112,open road,,0.0159,0.0005,0.0153
kampala_bwera,773,386.5,29.9467,0.011,open road,,0.0239,0.0,0.0239
kampala_bwera,774,387.0,29.9422,0.0108,open road,,0.0,0.0,0.0
kampala_bwera,775,387.5,29.9377,0.0106,open road,,0.1554,0.1554,0.0
kampala_bwera,776,388.0,29.9332,0.0105,open road,,0.0159,0.0,0.0159
kampala_bwera,777,388.5,29.9287,0.0103,open road,,0.0169,0.0,0.0169
kampala_bwera,778,389.0,29.9242,0.0101,open road,,0.266,0.2465,0.0195
kampala_bwera,779,389.5,29.9198,0.0099,open road,,0.0204,0.0,0.0204
kampala_bwera,780,390.0,29.9153,0.0098,open road,,0.003,0.0,0.003
kampala_bwera,781,390.5,29.9108,0.0096,open road,Kiburara,0.001,0.0,0.001
kampala_bwera,782,391.0,29.9063,0.0094,open road,Kiburara,0.0164,0.0,0.0164
kampala_bwera,783,391.5,29.9018,0.0092,open road,Kiburara,0.0467,0.0,0.0467
kampala_bwera,784,392.0,29.8973,0.009,town,Kiburara,0.629,0.377,0.252
kampala_bwera,785,392.5,29.8929,0.0087,roadside settlement,Kiburara,0.3203,0.2191,0.1012
kampala_bwera,786,393.0,29.8885,0.0077,roadside settlement,Kiburara,0.3575,0.2525,0.1049
kampala_bwera,787,393.5,29.8841,0.0067,roadside settlement,Kiburara,0.2069,0.1372,0.0698
kampala_bwera,788,394.0,29.8797,0.0057,roadside settlement,Kiburara,0.1113,0.0795,0.0318
kampala_bwera,789,394.5,29.8754,0.0047,roadside settlement,,0.0836,0.0,0.0836
kampala_bwera,790,395.0,29.871,0.0037,roadside settlement,,0.0226,0.0,0.0226
kampala_bwera,791,395.5,29.8666,0.0027,roadside settlement,,0.4343,0.374,0.0603
kampala_bwera,792,396.0,29.8623,0.0017,roadside settlement,,0.2048,0.1766,0.0282
kampala_bwera,793,396.5,29.858,0.0006,roadside settlement,,0.3086,0.2343,0.0742
kampala_bwera,794,397.0,29.8536,-0.0002,roadside settlement,,0.0534,0.0,0.0534
kampala_bwera,795,397.5,29.8492,-0.0012,roadside settlement,Omunkunyu,0.0942,0.0704,0.0238
kampala_bwera,796,398.0,29.8448,-0.0022,roadside settlement,Omunkunyu,0.2516,0.2343,0.0173
kampala_bwera,797,398.5,29.8404,-0.0032,roadside settlement,Omunkunyu,0.1004,0.0461,0.0543
kampala_bwera,798,399.0,29.836,-0.0042,roadside settlement,Omunkunyu,0.2243,0.1038,0.1205
kampala_bwera,799,399.5,29.8317,-0.0052,roadside settlement,Omunkunyu,0.1832,0.1311,0.0521
kampala_bwera,800,400.0,29.8273,-0.0062,roadside settlement,Omunkunyu,0.3815,0.3133,0.0683
kampala_bwera,801,400.5,29.8229,-0.0072,roadside settlement,Omunkunyu,0.3008,0.2768,0.024
kampala_bwera,802,401.0,29.8186,-0.0082,roadside settlement,Omunkunyu,0.2952,0.2191,0.076
kampala_bwera,803,401.5,29.8144,-0.01,roadside settlement,,0.128,0.0339,0.0941
kampala_bwera,804,402.0,29.8101,-0.0109,roadside settlement,,0.0821,0.0,0.0821
kampala_bwera,805,402.5,29.8057,-0.0116,roadside settlement,,0.4064,0.3254,0.081
kampala_bwera,806,403.0,29.8013,-0.0128,open road,,0.0194,0.0,0.0194
kampala_bwera,807,403.5,29.7969,-0.0137,open road,,0.0344,0.0,0.0344
kampala_bwera,808,404.0,29.7925,-0.0145,roadside settlement,,0.0663,0.0,0.0663
kampala_bwera,809,404.5,29.7881,-0.0153,open road,Katojo,0.0085,0.0,0.0085
kampala_bwera,810,405.0,29.7837,-0.0161,open road,Katojo,0.0197,0.0,0.0197
kampala_bwera,811,405.5,29.7793,-0.017,open road,Katojo,0.0807,0.0613,0.0195
kampala_bwera,812,406.0,29.7749,-0.0178,roadside settlement,Katojo,0.1749,0.1189,0.056
kampala_bwera,813,406.5,29.7705,-0.0181,roadside settlement,Katojo,0.2742,0.2465,0.0278
kampala_bwera,814,407.0,29.7665,-0.0162,open road,Katojo,0.3316,0.3376,-0.0059
kampala_bwera,815,407.5,29.7638,-0.0126,open road,Katojo,0.5895,0.6108,-0.0213
kampala_bwera,816,408.0,29.7637,-0.0082,open road,Harukungu B,1.0255,1.0632,-0.0377
kampala_bwera,817,408.5,29.764,-0.0037,roadside settlement,Harukungu B,0.7364,0.7596,-0.0232
kampala_bwera,818,409.0,29.7631,0.0007,roadside settlement,Harukungu B,0.5317,0.4681,0.0636
kampala_bwera,819,409.5,29.7622,0.0051,roadside settlement,Harukungu,0.6735,0.5774,0.0961
kampala_bwera,820,410.0,29.7614,0.0096,roadside settlement,Kyempara I,0.3054,0.204,0.1015
kampala_bwera,821,410.5,29.7604,0.014,roadside settlement,Kyempara I,0.2273,0.1159,0.1114
kampala_bwera,822,411.0,29.7595,0.0184,roadside settlement,Kyempara I,0.6478,0.6442,0.0036
kampala_bwera,823,411.5,29.759,0.0229,roadside settlement,Kyanduli II,0.3808,0.2586,0.1222
kampala_bwera,824,412.0,29.7592,0.0274,roadside settlement,Nyabutundu,0.532,0.4469,0.0851
kampala_bwera,825,412.5,29.7594,0.0319,roadside settlement,Bwera,0.6232,0.5774,0.0458
kampala_bwera,826,413.0,29.7562,0.0339,roadside settlement,Bwera,0.1817,0.0,0.1817
kampala_bwera,827,413.5,29.7518,0.0336,roadside settlement,Karughe,0.1336,0.04,0.0936
kampala_bwera,828,414.0,29.7475,0.0323,roadside settlement,Karughe,0.1348,0.0,0.1348
kampala_bwera,829,414.5,29.7431,0.0314,roadside settlement,Nyabugando,0.4327,0.3345,0.0982
kampala_bwera,830,415.0,29.7388,0.0324,roadside settlement,Nyabugando,0.1492,0.0,0.1492
kampala_bwera,831,415.5,29.735,0.0349,roadside settlement,Kyandobokerya,0.1024,0.0,0.1024
kampala_bwera,832,416.0,29.7313,0.0374,roadside settlement,Mpondwe,0.1605,0.0339,0.1266
kampala_bwera,833,416.5,29.7274,0.0396,roadside settlement,Mpondwe,0.1492,0.0,0.1492
kampala_bwera,834,417.0,29.724,0.0424,roadside settlement,Mpondwe,0.2989,0.0,0.2989
kampala_bwera,835,417.5,29.7209,0.0427,roadside settlement,Mpondwe,0.0589,0.0,0.0589
kampala_elegu,0,0.0,32.5677,0.3532,town,Bishop-mukwaya,0.3118,0.1159,0.1958
kampala_elegu,1,0.5,32.5632,0.3529,town,Katale,0.4868,0.1766,0.3101
kampala_elegu,2,1.0,32.5626,0.3569,town,Kiyindi,0.7856,0.6047,0.1808
kampala_elegu,3,1.5,32.5616,0.3613,town,Kazo,0.6139,0.3406,0.2733
kampala_elegu,4,2.0,32.5603,0.3656,town,Ketifalawo,0.3893,0.1918,0.1975
kampala_elegu,5,2.5,32.5586,0.3698,town,Kalule,0.3915,0.1675,0.224
kampala_elegu,6,3.0,32.5569,0.374,town,Corner,0.516,0.3133,0.2027
kampala_elegu,7,3.5,32.5575,0.3783,town,Kisowera,0.5486,0.3527,0.1958
kampala_elegu,8,4.0,32.556,0.3825,town,Ssebaggala,0.2279,0.0,0.2279
kampala_elegu,9,4.5,32.5537,0.3864,town,Kawempe B,0.2604,0.0,0.2604
kampala_elegu,10,5.0,32.551,0.39,town,Kawempe B,0.5508,0.3467,0.2041
kampala_elegu,11,5.5,32.5486,0.3938,town,Maganjo B,0.254,0.0,0.254
kampala_elegu,12,6.0,32.5468,0.3979,town,Maganjo A,0.2691,0.0,0.2691
kampala_elegu,13,6.5,32.5453,0.4022,town,Kagoma,0.5447,0.3133,0.2315
kampala_elegu,14,7.0,32.5423,0.4056,town,Kagoma,0.279,0.0,0.279
kampala_elegu,15,7.5,32.5393,0.4089,town,Kagoma,0.7062,0.3983,0.3079
kampala_elegu,16,8.0,32.5368,0.4125,town,Kawanda,0.7172,0.3922,0.325
kampala_elegu,17,8.5,32.537,0.417,town,Kawanda,0.2545,0.0,0.2545
kampala_elegu,18,9.0,32.5365,0.4215,town,Kawanda,0.3153,0.0,0.3153
kampala_elegu,19,9.5,32.5351,0.4258,roadside settlement,Kaayi,0.1799,0.0491,0.1307
kampala_elegu,20,10.0,32.5346,0.4302,town,Kaayi,0.352,0.0,0.352
kampala_elegu,21,10.5,32.5338,0.4346,roadside settlement,Wattuba,0.2153,0.1402,0.0751
kampala_elegu,22,11.0,32.5305,0.4376,roadside settlement,Wattuba,0.2761,0.1584,0.1177
kampala_elegu,23,11.5,32.5285,0.4417,roadside settlement,Katalemwa,0.1738,0.0855,0.0882
kampala_elegu,24,12.0,32.5294,0.446,roadside settlement,Katalemwa,0.4474,0.3558,0.0917
kampala_elegu,25,12.5,32.5324,0.4493,town,Kabonza,0.831,0.6564,0.1747
kampala_elegu,26,13.0,32.533,0.4535,town,Kabonza,0.5364,0.3406,0.1958
kampala_elegu,27,13.5,32.5309,0.4573,town,Lwadda B,0.5394,0.3193,0.22
kampala_elegu,28,14.0,32.5281,0.4608,town,Matugga,0.2722,0.0521,0.2201
kampala_elegu,29,14.5,32.5246,0.4637,town,Matugga,0.2473,0.0,0.2473
kampala_elegu,30,15.0,32.5208,0.4661,town,Mabanda,0.3318,0.0947,0.2371
kampala_elegu,31,15.5,32.5188,0.4698,town,Mabanda,0.3368,0.0,0.3368
kampala_elegu,32,16.0,32.5184,0.4743,roadside settlement,Mabanda,0.6023,0.4863,0.116
kampala_elegu,33,16.5,32.5172,0.4786,roadside settlement,Buwuzuume,0.4401,0.3497,0.0904
kampala_elegu,34,17.0,32.5192,0.4826,roadside settlement,Kiryamuli,0.2057,0.1311,0.0746
kampala_elegu,35,17.5,32.5215,0.4865,roadside settlement,Kiryamuli,0.177,0.1554,0.0216
kampala_elegu,36,18.0,32.5227,0.4908,roadside settlement,Kungu,0.3496,0.289,0.0607
kampala_elegu,37,18.5,32.5227,0.4953,town,Kungu,0.644,0.3376,0.3064
kampala_elegu,38,19.0,32.5225,0.4998,roadside settlement,Kigoogwa,0.5596,0.5319,0.0278
kampala_elegu,39,19.5,32.5235,0.5042,roadside settlement,Kigoogwa,0.3774,0.3011,0.0763
kampala_elegu,40,20.0,32.5248,0.5085,roadside settlement,Kigoogwa,0.1492,0.0,0.1492
kampala_elegu,41,20.5,32.5261,0.5128,roadside settlement,Kigoogwa,0.0806,0.0,0.0806
kampala_elegu,42,21.0,32.5269,0.5173,roadside settlement,Namakonkome,0.8996,0.8507,0.0489
kampala_elegu,43,21.5,32.5274,0.5217,roadside settlement,Namakonkome,0.1323,0.0339,0.0984
kampala_elegu,44,22.0,32.5264,0.5261,roadside settlement,Migadde,0.1426,0.0,0.1426
kampala_elegu,45,22.5,32.5279,0.5304,open road,Kakerenge,0.0194,0.0,0.0194
kampala_elegu,46,23.0,32.5295,0.5346,roadside settlement,Kakerenge,0.1795,0.1007,0.0787
kampala_elegu,47,23.5,32.5323,0.538,roadside settlement,Kakerenge,0.1417,0.0218,0.1199
kampala_elegu,48,24.0,32.5332,0.5424,roadside settlement,Kakerenge,0.3648,0.3072,0.0576
kampala_elegu,49,24.5,32.5337,0.5469,roadside settlement,Kakerenge,0.0649,0.0,0.0649
kampala_elegu,50,25.0,32.5332,0.5514,roadside settlement,Kakerenge,0.5076,0.5045,0.0031
kampala_elegu,51,25.5,32.5319,0.5557,roadside settlement,,0.0627,0.0,0.0627
kampala_elegu,52,26.0,32.5299,0.5597,roadside settlement,,0.3048,0.1949,0.1099
kampala_elegu,53,26.5,32.5287,0.5639,roadside settlement,Bombo,0.3688,0.3315,0.0373
kampala_elegu,54,27.0,32.5299,0.5682,roadside settlement,Bombo,0.0622,0.0,0.0622
kampala_elegu,55,27.5,32.5312,0.5725,roadside settlement,Bombo,0.4379,0.3649,0.0731
kampala_elegu,56,28.0,32.5324,0.5769,roadside settlement,Bombo,0.2392,0.1129,0.1263
kampala_elegu,57,28.5,32.5325,0.5814,roadside settlement,Bombo,0.7449,0.5197,0.2251
kampala_elegu,58,29.0,32.5323,0.5859,town,Bombo,0.543,0.3042,0.2388
kampala_elegu,59,29.5,32.5323,0.5905,town,Bombo,0.6977,0.4256,0.2721
kampala_elegu,60,30.0,32.5322,0.595,town,,0.8206,0.4894,0.3312
kampala_elegu,61,30.5,32.5322,0.5995,roadside settlement,Nyimbwa,0.1275,0.0,0.1275
kampala_elegu,62,31.0,32.5321,0.604,roadside settlement,Nyimbwa,0.5923,0.5562,0.0361
kampala_elegu,63,31.5,32.5323,0.6085,roadside settlement,Nyimbwa,0.0472,0.0,0.0472
kampala_elegu,64,32.0,32.5328,0.613,roadside settlement,Nyimbwa,0.0599,0.0,0.0599
kampala_elegu,65,32.5,32.5334,0.6175,roadside settlement,Nyimbwa,0.7072,0.4286,0.2786
kampala_elegu,66,33.0,32.534,0.622,roadside settlement,Nyimbwa,0.8936,0.5258,0.3678
kampala_elegu,67,33.5,32.5338,0.6265,roadside settlement,Nyimbwa,0.0443,0.0,0.0443
kampala_elegu,68,34.0,32.5333,0.631,roadside settlement,Kalule,0.4882,0.5015,-0.0133
kampala_elegu,69,34.5,32.5328,0.6355,roadside settlement,Kalule,0.8292,0.8233,0.0058
kampala_elegu,70,35.0,32.5322,0.64,roadside settlement,Kalule,0.1919,0.0,0.1919
kampala_elegu,71,35.5,32.5317,0.6445,roadside settlement,Kalule,0.8841,0.8051,0.079
kampala_elegu,72,36.0,32.5312,0.649,roadside settlement,Kalule,0.0388,0.0,0.0388
kampala_elegu,73,36.5,32.5307,0.6535,open road,Kalule,0.0953,0.0,0.0953
kampala_elegu,74,37.0,32.5302,0.6579,roadside settlement,,0.6574,0.6624,-0.005
kampala_elegu,75,37.5,32.5297,0.6624,roadside settlement,,0.0582,0.0,0.0582
kampala_elegu,76,38.0,32.5291,0.6669,roadside settlement,Busuula,0.8881,0.8537,0.0344
kampala_elegu,77,38.5,32.5286,0.6714,roadside settlement,Busuula,0.2494,0.204,0.0455
kampala_elegu,78,39.0,32.5273,0.6757,roadside settlement,Busuula,0.3833,0.3102,0.0731
kampala_elegu,79,39.5,32.5254,0.6798,town,Busuula,0.254,0.0,0.254
kampala_elegu,80,40.0,32.5236,0.6839,town,Busuula,0.2956,0.0643,0.2313
kampala_elegu,81,40.5,32.5229,0.6884,roadside settlement,Busuula,0.21,0.0491,0.1609
kampala_elegu,82,41.0,32.5228,0.6929,roadside settlement,Kikoma,0.1584,0.0,0.1584
kampala_elegu,83,41.5,32.5227,0.6974,roadside settlement,Kikoma,0.1466,0.0,0.1466
kampala_elegu,84,42.0,32.524,0.7016,roadside settlement,Kikoma,0.4502,0.4043,0.0459
kampala_elegu,85,42.5,32.5262,0.7056,roadside settlement,Kikoma,0.1228,0.0,0.1228
kampala_elegu,86,43.0,32.5282,0.7096,town,Kikoma,0.3442,0.0,0.3442
kampala_elegu,87,43.5,32.5283,0.7141,town,Wobulenzi,0.8185,0.5531,0.2654
kampala_elegu,88,44.0,32.5283,0.7187,town,Wobulenzi,0.3672,0.1432,0.224
kampala_elegu,89,44.5,32.5282,0.7232,town,Wobulenzi,0.328,0.0,0.328
kampala_elegu,90,45.0,32.5281,0.7277,roadside settlement,Katikamu,0.5783,0.5258,0.0525
kampala_elegu,91,45.5,32.527,0.7319,roadside settlement,Katikamu,0.5744,0.4742,0.1002
kampala_elegu,92,46.0,32.5235,0.7348,roadside settlement,Katikamu,0.1715,0.0,0.1715
kampala_elegu,93,46.5,32.5201,0.7377,roadside settlement,Katikamu,0.302,0.2191,0.0829
kampala_elegu,94,47.0,32.5171,0.741,roadside settlement,Butanza,0.0867,0.0218,0.0649
kampala_elegu,95,47.5,32.5164,0.7454,roadside settlement,Butanza,0.4735,0.4135,0.06
kampala_elegu,96,48.0,32.5157,0.7499,roadside settlement,Butanza,0.6308,0.4317,0.1991
kampala_elegu,97,48.5,32.515,0.7544,roadside settlement,Butanza,0.1323,0.0,0.1323
kampala_elegu,98,49.0,32.5137,0.7587,roadside settlement,Lukomera,0.0658,0.0,0.0658
kampala_elegu,99,49.5,32.5132,0.7632,roadside settlement,Lukomera,0.4743,0.374,0.1004
kampala_elegu,100,50.0,32.5128,0.7677,roadside settlement,Lukomera,0.3031,0.0,0.3031
kampala_elegu,101,50.5,32.512,0.7721,roadside settlement,Lukomera,0.1361,0.0,0.1361
kampala_elegu,102,51.0,32.5112,0.7766,roadside settlement,Navulule,0.1326,0.0,0.1326
kampala_elegu,103,51.5,32.5105,0.7811,roadside settlement,Navulule,0.7817,0.3952,0.3865
kampala_elegu,104,52.0,32.5097,0.7855,roadside settlement,Navulule,0.0831,0.0,0.0831
kampala_elegu,105,52.5,32.5089,0.79,open road,Navulule,0.0025,0.0,0.0025
kampala_elegu,106,53.0,32.5082,0.7944,open road,Navulule,0.4641,0.4438,0.0203
kampala_elegu,107,53.5,32.5074,0.7989,roadside settlement,Navulule,0.4684,0.4681,0.0003
kampala_elegu,108,54.0,32.5066,0.8033,roadside settlement,,0.0202,0.0,0.0202
kampala_elegu,109,54.5,32.5057,0.8078,roadside settlement,,0.4779,0.4529,0.025
kampala_elegu,110,55.0,32.5049,0.8122,roadside settlement,Bukuma,0.6498,0.3163,0.3335
kampala_elegu,111,55.5,32.504,0.8166,roadside settlement,Bukuma,0.3281,0.0,0.3281
kampala_elegu,112,56.0,32.5031,0.8211,roadside settlement,Kasana,0.1684,0.043,0.1253
kampala_elegu,113,56.5,32.5023,0.8255,town,Kasana,0.7224,0.2616,0.4608
kampala_elegu,114,57.0,32.5013,0.8299,town,Kasana,0.435,0.1645,0.2705
kampala_elegu,115,57.5,32.499,0.8338,town,Kasana,0.3529,0.1402,0.2127
kampala_elegu,116,58.0,32.4964,0.8375,town,Luweero,0.702,0.1766,0.5253
kampala_elegu,117,58.5,32.4939,0.8412,town,Luweero,0.4381,0.1129,0.3252
kampala_elegu,118,59.0,32.4913,0.8449,town,Luweero,0.2682,0.0279,0.2403
kampala_elegu,119,59.5,32.4887,0.8486,town,Kizito,0.3102,0.0,0.3102
kampala_elegu,120,60.0,32.4868,0.8527,roadside settlement,Kizito,0.1838,0.0,0.1838
kampala_elegu,121,60.5,32.4864,0.8572,roadside settlement,Kizito,0.6081,0.0795,0.5287
kampala_elegu,122,61.0,32.4859,0.8617,roadside settlement,Kyevunze,1.1423,0.0916,1.0506
kampala_elegu,123,61.5,32.4855,0.8662,roadside settlement,Kyevunze,0.0935,0.0673,0.0262
kampala_elegu,124,62.0,32.485,0.8707,roadside settlement,Kyevunze,0.4708,0.456,0.0148
kampala_elegu,125,62.5,32.4846,0.8752,roadside settlement,Kyevunze,0.0597,0.0,0.0597
kampala_elegu,126,63.0,32.4842,0.8797,roadside settlement,Kasaala,0.4311,0.3376,0.0935
kampala_elegu,127,63.5,32.483,0.884,roadside settlement,Kasaala,0.2163,0.1615,0.0548
kampala_elegu,128,64.0,32.4815,0.8883,roadside settlement,Kasaala,0.3219,0.2191,0.1028
kampala_elegu,129,64.5,32.4799,0.8925,roadside settlement,Kasaala,0.0831,0.0,0.0831
kampala_elegu,130,65.0,32.4784,0.8968,roadside settlement,Kasaala,0.5133,0.4833,0.03
kampala_elegu,131,65.5,32.4768,0.901,roadside settlement,,0.2376,0.1129,0.1247
kampala_elegu,132,66.0,32.4753,0.9053,roadside settlement,,0.1492,0.0,0.1492
kampala_elegu,133,66.5,32.4737,0.9095,roadside settlement,,0.3942,0.295,0.0992
kampala_elegu,134,67.0,32.4722,0.9138,roadside settlement,Kakinzi,0.6562,0.6169,0.0393
kampala_elegu,135,67.5,32.471,0.9181,roadside settlement,Kakinzi,0.2246,0.125,0.0996
kampala_elegu,136,68.0,32.4709,0.9226,roadside settlement,Kakinzi,0.346,0.2556,0.0904
kampala_elegu,137,68.5,32.4709,0.9271,roadside settlement,Kakinzi,0.2495,0.1827,0.0667
kampala_elegu,138,69.0,32.4708,0.9317,roadside settlement,Kakinzi,0.4004,0.0,0.4004
kampala_elegu,139,69.5,32.4707,0.9362,roadside settlement,Kakinzi,0.0629,0.0,0.0629
kampala_elegu,140,70.0,32.4707,0.9407,roadside settlement,Kakinzi,0.0984,0.0673,0.0311
kampala_elegu,141,70.5,32.4706,0.9452,roadside settlement,Nalongo,0.644,0.2131,0.431
kampala_elegu,142,71.0,32.471,0.9497,roadside settlement,Nalongo,0.4396,0.0461,0.3936
kampala_elegu,143,71.5,32.4716,0.9542,roadside settlement,Nalongo,0.1664,0.0,0.1664
kampala_elegu,144,72.0,32.4722,0.9587,roadside settlement,Nalongo,0.4009,0.0,0.4009
kampala_elegu,145,72.5,32.4729,0.9632,open road,Nalongo,0.2384,0.1736,0.0648
kampala_elegu,146,73.0,32.4735,0.9677,roadside settlement,Nalongo,0.5907,0.5865,0.0042
kampala_elegu,147,73.5,32.4741,0.9721,roadside settlement,Nalongo,0.0835,0.0491,0.0344
kampala_elegu,148,74.0,32.4747,0.9766,roadside settlement,,0.0888,0.0005,0.0883
kampala_elegu,149,74.5,32.4753,0.9811,roadside settlement,,0.2599,0.1857,0.0742
kampala_elegu,150,75.0,32.4759,0.9856,roadside settlement,,0.1334,0.0521,0.0813
kampala_elegu,151,75.5,32.4753,0.99,roadside settlement,,0.0428,0.0,0.0428
kampala_elegu,152,76.0,32.4734,0.9941,open road,,0.0257,0.0,0.0257
kampala_elegu,153,76.5,32.4715,0.9982,roadside settlement,,0.4813,0.4803,0.001
kampala_elegu,154,77.0,32.4702,1.0025,roadside settlement,,0.198,0.1615,0.0365
kampala_elegu,155,77.5,32.4698,1.007,roadside settlement,Namunkanga,0.0818,0.0,0.0818
kampala_elegu,156,78.0,32.4695,1.0115,open road,Namunkanga,0.1083,0.0795,0.0288
kampala_elegu,157,78.5,32.4692,1.016,open road,Namunkanga,0.1574,0.1493,0.0081
kampala_elegu,158,79.0,32.4689,1.0206,open road,Namunkanga,0.1099,0.1098,0.0001
kampala_elegu,159,79.5,32.4686,1.0251,open road,Namunkanga,0.1493,0.1493,0.0
kampala_elegu,160,80.0,32.4683,1.0296,open road,Namunkanga,0.2996,0.2859,0.0136
kampala_elegu,161,80.5,32.4681,1.0341,open road,Namunsaala,0.318,0.3193,-0.0013
kampala_elegu,162,81.0,32.4678,1.0386,roadside settlement,Namunsaala,0.008,0.0,0.008
kampala_elegu,163,81.5,32.4675,1.0431,roadside settlement,Kakooge,0.4819,0.4377,0.0441
kampala_elegu,164,82.0,32.4672,1.0476,roadside settlement,Kakooge,0.1054,0.0036,0.1019
kampala_elegu,165,82.5,32.4671,1.0522,town,Kakooge,0.6666,0.3831,0.2835
kampala_elegu,166,83.0,32.467,1.0567,roadside settlement,Haji Yasi,0.1568,0.0,0.1568
kampala_elegu,167,83.5,32.4669,1.0612,roadside settlement,Haji Yasi,0.7965,0.2556,0.5409
kampala_elegu,168,84.0,32.4668,1.0657,roadside settlement,Nakaseeta-kalungi,0.5145,0.0,0.5145
kampala_elegu,169,84.5,32.4667,1.0702,open road,Nakaseeta-kalungi,0.0236,0.0,0.0236
kampala_elegu,170,85.0,32.4666,1.0748,open road,Kyabutaika,0.0803,0.0795,0.0008
kampala_elegu,171,85.5,32.4665,1.0793,open road,Kyabutaika,0.2278,0.2131,0.0147
kampala_elegu,172,86.0,32.4664,1.0838,roadside settlement,Kyabutaika,0.4223,0.3892,0.0332
kampala_elegu,173,86.5,32.4662,1.0883,roadside settlement,Kyabutayika,0.2014,0.1827,0.0187
kampala_elegu,174,87.0,32.4661,1.0929,open road,Kyabutayika,0.1177,0.0947,0.023
kampala_elegu,175,87.5,32.466,1.0974,open road,Kyabutayika,0.1537,0.1402,0.0135
kampala_elegu,176,88.0,32.4659,1.1019,open road,Kyampisi,0.5065,0.5045,0.002
kampala_elegu,177,88.5,32.4658,1.1064,open road,Kyampisi,0.1024,0.0977,0.0047
kampala_elegu,178,89.0,32.4657,1.1109,open road,Kyampisi,0.0151,0.0,0.0151
kampala_elegu,179,89.5,32.4656,1.1155,open road,Bamusuuta,0.3215,0.3133,0.0082
kampala_elegu,180,90.0,32.4655,1.12,roadside settlement,Bamusuuta,0.449,0.4469,0.0021
kampala_elegu,181,90.5,32.4654,1.1245,roadside settlement,Bamusuuta,0.0537,0.0,0.0537
kampala_elegu,182,91.0,32.4652,1.129,open road,Bamusuuta,0.1394,0.0825,0.0569
kampala_elegu,183,91.5,32.4651,1.1336,open road,Kakira Fr,0.4884,0.4833,0.0051
kampala_elegu,184,92.0,32.465,1.1381,open road,Kakira Fr,0.2855,0.2859,-0.0005
kampala_elegu,185,92.5,32.4649,1.1426,open road,Kakira Fr,0.1235,0.1098,0.0137
kampala_elegu,186,93.0,32.4648,1.1471,open road,Katuugo,0.0149,0.0,0.0149
kampala_elegu,187,93.5,32.4647,1.1516,roadside settlement,Katuugo,0.4264,0.4317,-0.0053
kampala_elegu,188,94.0,32.4646,1.1562,roadside settlement,Katuugo,0.5978,0.3284,0.2694
kampala_elegu,189,94.5,32.4642,1.1607,roadside settlement,Katuugo,0.2773,0.1432,0.134
kampala_elegu,190,95.0,32.4636,1.1652,open road,Kaleire,0.0657,0.0,0.0657
kampala_elegu,191,95.5,32.463,1.1696,open road,Kasanga,0.0586,0.0,0.0586
kampala_elegu,192,96.0,32.4624,1.1741,open road,Kasanga,0.3611,0.371,-0.0099
kampala_elegu,193,96.5,32.4618,1.1786,open road,Kasanga,0.006,0.0,0.006
kampala_elegu,194,97.0,32.4612,1.1831,roadside settlement,Kasanga,0.4381,0.4165,0.0216
kampala_elegu,195,97.5,32.461,1.1876,roadside settlement,Kasanga,0.3662,0.3345,0.0316
kampala_elegu,196,98.0,32.4615,1.1921,open road,Kasanga,0.0918,0.0552,0.0366
kampala_elegu,197,98.5,32.4622,1.1966,roadside settlement,,0.0566,0.0,0.0566
kampala_elegu,198,99.0,32.4628,1.201,roadside settlement,Kyaluweza,0.0373,0.0,0.0373
kampala_elegu,199,99.5,32.4634,1.2055,open road,Kyaluweza,0.1245,0.1129,0.0116
kampala_elegu,200,100.0,32.464,1.21,open road,Kyaluweza,0.4141,0.4043,0.0098
kampala_elegu,201,100.5,32.4647,1.2145,open road,Kyaluweza,0.3171,0.3042,0.0129
kampala_elegu,202,101.0,32.4653,1.219,open road,Kyaluweza,0.2769,0.2282,0.0487
kampala_elegu,203,101.5,32.4652,1.2235,open road,Kyaluweza,0.1387,0.1372,0.0016
kampala_elegu,204,102.0,32.4645,1.2279,open road,Kyaluweza,0.0215,0.0188,0.0027
kampala_elegu,205,102.5,32.4638,1.2324,open road,Kyaluweza,0.3638,0.374,-0.0102
kampala_elegu,206,103.0,32.4632,1.2369,open road,Wabigalo,0.0184,0.0,0.0184
kampala_elegu,207,103.5,32.4625,1.2414,open road,Wabigalo,0.5849,0.6047,-0.0199
kampala_elegu,208,104.0,32.4616,1.2458,open road,Wabigalo,0.4182,0.4104,0.0078
kampala_elegu,209,104.5,32.4596,1.2498,roadside settlement,Wabigalo,0.3375,0.0,0.3375
kampala_elegu,210,105.0,32.4568,1.2534,roadside settlement,Wabigalo,0.2796,0.0,0.2796
kampala_elegu,211,105.5,32.454,1.2569,open road,Wabigalo,0.3616,0.3315,0.0302
kampala_elegu,212,106.0,32.4513,1.2605,open road,Namayonjo,0.3823,0.3588,0.0235
kampala_elegu,213,106.5,32.4485,1.2641,open road,Namayonjo,0.0035,0.0,0.0035
kampala_elegu,214,107.0,32.4457,1.2676,open road,Namayonjo,0.1797,0.1797,0.0
kampala_elegu,215,107.5,32.443,1.2712,open road,Namayonjo,0.3643,0.3588,0.0055
kampala_elegu,216,108.0,32.4402,1.2747,open road,Namayonjo,0.5541,0.5774,-0.0233
kampala_elegu,217,108.5,32.4374,1.2783,open road,Kirembo,0.5082,0.4985,0.0097
kampala_elegu,218,109.0,32.4346,1.2819,open road,Kirembo,0.2016,0.1159,0.0856
kampala_elegu,219,109.5,32.4319,1.2854,open road,Kiwongoire,0.0889,0.0,0.0889
kampala_elegu,220,110.0,32.4291,1.289,open road,Wabulime,0.1289,0.125,0.0039
kampala_elegu,221,110.5,32.4263,1.2925,open road,Wabulime,0.0081,0.0,0.0081
kampala_elegu,222,111.0,32.4236,1.2961,open road,Wabulime,0.001,0.0,0.001
kampala_elegu,223,111.5,32.422,1.3003,open road,Kakondi,0.003,0.0,0.003
kampala_elegu,224,112.0,32.4219,1.3048,open road,Kakondi,0.3825,0.3618,0.0207
kampala_elegu,225,112.5,32.422,1.3094,open road,Kakondi,0.1864,0.1766,0.0098
kampala_elegu,226,113.0,32.422,1.3139,open road,Kakondi,0.0184,0.0,0.0184
kampala_elegu,227,113.5,32.4221,1.3184,open road,Sasira,0.6733,0.7019,-0.0286
kampala_elegu,228,114.0,32.4221,1.3229,roadside settlement,Sasira,0.4967,0.4772,0.0194
kampala_elegu,229,114.5,32.4221,1.3274,roadside settlement,Sasira,0.4499,0.2738,0.1761
kampala_elegu,230,115.0,32.4204,1.3315,open road,Sasira,0.0875,0.0,0.0875
kampala_elegu,231,115.5,32.4164,1.3335,open road,Sasira,0.5106,0.0,0.5106
kampala_elegu,232,116.0,32.4122,1.3351,open road,Sasira,0.003,0.0,0.003
kampala_elegu,233,116.5,32.408,1.3367,open road,Sasira,0.0556,0.0552,0.0004
kampala_elegu,234,117.0,32.4038,1.3383,open road,,0.438,0.456,-0.0179
kampala_elegu,235,117.5,32.3996,1.34,open road,,0.5556,0.5804,-0.0248
kampala_elegu,236,118.0,32.3955,1.3419,open road,,0.0828,0.0,0.0828
kampala_elegu,237,118.5,32.3918,1.3444,open road,,0.0962,0.0,0.0962
kampala_elegu,238,119.0,32.3881,1.3469,open road,,0.0103,0.0,0.0103
kampala_elegu,239,119.5,32.3844,1.3495,open road,Namansa,0.0015,0.0,0.0015
kampala_elegu,240,120.0,32.3807,1.352,open road,Namansa,0.1691,0.1675,0.0016
kampala_elegu,241,120.5,32.3769,1.3545,open road,Namansa,0.3037,0.3042,-0.0005
kampala_elegu,242,121.0,32.3732,1.3571,roadside settlement,Namansa,0.5923,0.3861,0.2062
kampala_elegu,243,121.5,32.3695,1.3596,roadside settlement,Namansa,0.226,0.1463,0.0798
kampala_elegu,244,122.0,32.3658,1.3622,roadside settlement,Namansa,0.1524,0.0764,0.0759
kampala_elegu,245,122.5,32.3621,1.3647,open road,Namansa,0.0403,0.0,0.0403
kampala_elegu,246,123.0,32.3583,1.3672,open road,Namansa,0.1338,0.1311,0.0027
kampala_elegu,247,123.5,32.3546,1.3698,open road,,0.0035,0.0,0.0035
kampala_elegu,248,124.0,32.3509,1.3723,open road,,0.3496,0.3436,0.006
kampala_elegu,249,124.5,32.3472,1.3749,open road,,0.2977,0.2981,-0.0003
kampala_elegu,250,125.0,32.3434,1.3774,open road,,0.0278,0.0,0.0278
kampala_elegu,251,125.5,32.3397,1.3799,open road,,0.1483,0.1402,0.0081
kampala_elegu,252,126.0,32.336,1.3825,open road,,0.2616,0.2616,0.0
kampala_elegu,253,126.5,32.3323,1.385,open road,,0.092,0.0916,0.0004
kampala_elegu,254,127.0,32.3286,1.3875,open road,,0.0005,0.0,0.0005
kampala_elegu,255,127.5,32.3248,1.3901,open road,,0.1463,0.1463,0.0
kampala_elegu,256,128.0,32.3211,1.3926,open road,,0.2677,0.2677,0.0
kampala_elegu,257,128.5,32.3174,1.3951,open road,,0.3954,0.4104,-0.015
kampala_elegu,258,129.0,32.3137,1.3977,open road,,0.277,0.2495,0.0275
kampala_elegu,259,129.5,32.3099,1.4002,open road,,0.046,0.0,0.046
kampala_elegu,260,130.0,32.3057,1.4015,roadside settlement,,0.1059,0.0,0.1059
kampala_elegu,261,130.5,32.3012,1.4022,roadside settlement,,0.0313,0.0127,0.0187
kampala_elegu,262,131.0,32.2968,1.4029,open road,,0.5491,0.5349,0.0142
kampala_elegu,263,131.5,32.2924,1.4036,open road,,0.3217,0.3284,-0.0068
kampala_elegu,264,132.0,32.2879,1.4044,open road,,0.0914,0.0,0.0914
kampala_elegu,265,132.5,32.2835,1.4051,open road,,0.2406,0.2161,0.0245
kampala_elegu,266,133.0,32.279,1.4058,open road,Kyakala,0.2872,0.2677,0.0195
kampala_elegu,267,133.5,32.2746,1.4065,roadside settlement,Kyakala,0.0343,0.0,0.0343
kampala_elegu,268,134.0,32.2702,1.4072,roadside settlement,Migyera,0.5085,0.462,0.0465
kampala_elegu,269,134.5,32.2657,1.4079,roadside settlement,Migyera,0.3605,0.122,0.2385
kampala_elegu,270,135.0,32.2613,1.4086,town,Migyera,0.4287,0.1584,0.2703
kampala_elegu,271,135.5,32.2569,1.4093,roadside settlement,Migyera,0.2453,0.0461,0.1992
kampala_elegu,272,136.0,32.2524,1.41,roadside settlement,Migyera,0.1508,0.0,0.1508
kampala_elegu,273,136.5,32.248,1.4108,open road,Migyera,0.133,0.0855,0.0475
kampala_elegu,274,137.0,32.2435,1.4115,open road,Migyera,0.0694,0.043,0.0264
kampala_elegu,275,137.5,32.2391,1.4122,open road,,0.3463,0.3376,0.0088
kampala_elegu,276,138.0,32.2347,1.4129,open road,,0.0086,0.0066,0.002
kampala_elegu,277,138.5,32.2302,1.4136,open road,,0.2313,0.2313,0.0
kampala_elegu,278,139.0,32.2258,1.4143,open road,,0.0005,0.0005,0.0
kampala_elegu,279,139.5,32.2214,1.4151,open road,,0.5168,0.541,-0.0242
kampala_elegu,280,140.0,32.2169,1.4158,open road,,0.0965,0.0825,0.0139
kampala_elegu,281,140.5,32.2125,1.4165,open road,Kyamukonda,0.0983,0.0157,0.0825
kampala_elegu,282,141.0,32.208,1.4172,open road,Kyamukonda,0.0,0.0,0.0
kampala_elegu,283,141.5,32.2036,1.4179,open road,Kyamukonda,0.2297,0.2161,0.0135
kampala_elegu,284,142.0,32.1992,1.4186,roadside settlement,Kyamukonda,0.2358,0.1554,0.0804
kampala_elegu,285,142.5,32.1947,1.4193,roadside settlement,Kyamukonda,0.2495,0.1736,0.0759
kampala_elegu,286,143.0,32.1903,1.42,roadside settlement,Kyamukonda,0.1756,0.1159,0.0597
kampala_elegu,287,143.5,32.1859,1.4208,open road,Kyamukonda,0.1285,0.0643,0.0642
kampala_elegu,288,144.0,32.1814,1.4216,open road,Kyamukonda,0.1793,0.1706,0.0087
kampala_elegu,289,144.5,32.1773,1.4234,open road,,0.1385,0.1311,0.0074
kampala_elegu,290,145.0,32.1739,1.4264,open road,,0.1068,0.1068,0.0
kampala_elegu,291,145.5,32.1714,1.4301,open road,,0.0704,0.0704,0.0
kampala_elegu,292,146.0,32.169,1.4339,open road,,0.0843,0.0704,0.0139
kampala_elegu,293,146.5,32.1667,1.4378,open road,,0.0188,0.0188,0.0
kampala_elegu,294,147.0,32.1643,1.4416,open road,Lwambogo,0.3289,0.3315,-0.0026
kampala_elegu,295,147.5,32.1619,1.4454,open road,Lwambogo,0.4671,0.4651,0.0021
kampala_elegu,296,148.0,32.1595,1.4493,open road,Lwambogo,0.096,0.0734,0.0226
kampala_elegu,297,148.5,32.1571,1.4531,open road,Lwambogo,0.0677,0.0,0.0677
kampala_elegu,298,149.0,32.1547,1.4569,open road,Lwambogo,0.0855,0.0855,0.0
kampala_elegu,299,149.5,32.1523,1.4608,open road,Lwambogo,0.1337,0.1281,0.0056
kampala_elegu,300,150.0,32.15,1.4646,open road,Lwambogo,0.0803,0.0764,0.0039
kampala_elegu,301,150.5,32.1476,1.4684,open road,,0.1102,0.1068,0.0034
kampala_elegu,302,151.0,32.1452,1.4723,open road,,0.2347,0.2313,0.0034
kampala_elegu,303,151.5,32.1428,1.4761,open road,,0.1979,0.1979,0.0
kampala_elegu,304,152.0,32.1405,1.48,open road,,0.0582,0.0582,0.0
kampala_elegu,305,152.5,32.1381,1.4838,open road,,0.056,0.0552,0.0008
kampala_elegu,306,153.0,32.1357,1.4876,open road,,0.3093,0.3133,-0.004
kampala_elegu,307,153.5,32.1334,1.4915,open road,,0.1082,0.0947,0.0135
kampala_elegu,308,154.0,32.131,1.4953,open road,,0.3072,0.2799,0.0274
kampala_elegu,309,154.5,32.128,1.4987,roadside settlement,,0.0454,0.0,0.0454
kampala_elegu,310,155.0,32.1239,1.5005,open road,,0.1769,0.1675,0.0093
kampala_elegu,311,155.5,32.1196,1.5017,open road,,0.2364,0.2131,0.0233
kampala_elegu,312,156.0,32.1152,1.5028,open road,,0.0045,0.0,0.0045
kampala_elegu,313,156.5,32.1109,1.504,open road,Nakitoma,0.0075,0.0,0.0075
kampala_elegu,314,157.0,32.1065,1.5052,open road,Nakitoma,0.5817,0.5956,-0.014
kampala_elegu,315,157.5,32.1022,1.5063,roadside settlement,Nakitoma,0.4395,0.3861,0.0534
kampala_elegu,316,158.0,32.0978,1.5075,roadside settlement,Nakitoma,0.2222,0.0,0.2222
kampala_elegu,317,158.5,32.0935,1.5087,roadside settlement,Nakitoma,0.0917,0.0,0.0917
kampala_elegu,318,159.0,32.0892,1.5098,roadside settlement,Nakitoma,0.394,0.3102,0.0837
kampala_elegu,319,159.5,32.0848,1.511,open road,Nakitoma,0.3004,0.2677,0.0326
kampala_elegu,320,160.0,32.0805,1.5122,open road,Bujabe,0.0324,0.0,0.0324
kampala_elegu,321,160.5,32.0761,1.5134,open road,Bujabe,0.0416,0.0,0.0416
kampala_elegu,322,161.0,32.0718,1.5145,open road,Bujabe,0.0169,0.0157,0.0012
kampala_elegu,323,161.5,32.0675,1.5157,open road,Bujabe,0.0764,0.0764,0.0
kampala_elegu,324,162.0,32.0631,1.5169,roadside settlement,Bujabe,0.2842,0.2222,0.062
kampala_elegu,325,162.5,32.0588,1.518,roadside settlement,Bujabe,0.0939,0.0521,0.0418
kampala_elegu,326,163.0,32.0544,1.5192,open road,Bujaabe,0.0691,0.0309,0.0383
kampala_elegu,327,163.5,32.0501,1.5204,open road,Bujaabe,0.1501,0.1281,0.0221
kampala_elegu,328,164.0,32.046,1.5222,open road,Bujaabe,0.1516,0.1493,0.0023
kampala_elegu,329,164.5,32.0436,1.5259,open road,Bujaabe,0.1432,0.1281,0.0151
kampala_elegu,330,165.0,32.0429,1.5304,roadside settlement,Kafu,0.0943,0.0825,0.0118
kampala_elegu,331,165.5,32.0425,1.5349,roadside settlement,Kafu,0.3885,0.1432,0.2453
kampala_elegu,332,166.0,32.0421,1.5394,roadside settlement,Kyani-Kafu,0.3267,0.0643,0.2624
kampala_elegu,333,166.5,32.0417,1.5439,roadside settlement,Kyani-Kafu,0.1999,0.1554,0.0445
kampala_elegu,334,167.0,32.0403,1.5482,roadside settlement,Kyani-Kafu,0.2257,0.1615,0.0642
kampala_elegu,335,167.5,32.0378,1.5519,roadside settlement,Kyani-Kafu,0.2707,0.1584,0.1123
kampala_elegu,336,168.0,32.0359,1.556,roadside settlement,,0.1656,0.1281,0.0375
kampala_elegu,337,168.5,32.0347,1.5603,open road,Kyamujumi,0.2472,0.1736,0.0736
kampala_elegu,338,169.0,32.0345,1.5648,open road,Kyamujumi,0.1427,0.1341,0.0085
kampala_elegu,339,169.5,32.0343,1.5694,open road,Kyamujumi,0.1372,0.1372,0.0
kampala_elegu,340,170.0,32.0342,1.5739,open road,Kyamujumi,0.192,0.1645,0.0275
kampala_elegu,341,170.5,32.034,1.5784,open road,Kyamujumi,0.1477,0.1341,0.0135
kampala_elegu,342,171.0,32.0339,1.5829,open road,Kyamujumi,0.1462,0.1372,0.009
kampala_elegu,343,171.5,32.0337,1.5874,open road,Kyamujumi,0.1385,0.1341,0.0044
kampala_elegu,344,172.0,32.0335,1.592,open road,Kyamujumi,0.1766,0.1766,0.0
kampala_elegu,345,172.5,32.0333,1.5965,open road,,0.1311,0.1311,0.0
kampala_elegu,346,173.0,32.0332,1.601,open road,,0.0157,0.0157,0.0
kampala_elegu,347,173.5,32.033,1.6055,open road,,0.1402,0.1402,0.0
kampala_elegu,348,174.0,32.0328,1.61,open road,,0.1268,0.1129,0.0139
kampala_elegu,349,174.5,32.0326,1.6146,open road,,0.122,0.122,0.0
kampala_elegu,350,175.0,32.0324,1.6191,open road,,0.1115,0.1068,0.0047
kampala_elegu,351,175.5,32.0322,1.6236,open road,,0.1493,0.1493,0.0
kampala_elegu,352,176.0,32.032,1.6281,open road,,0.1311,0.1311,0.0
kampala_elegu,353,176.5,32.0318,1.6326,open road,,0.1645,0.1645,0.0
kampala_elegu,354,177.0,32.0317,1.6371,open road,,0.1568,0.1432,0.0135
kampala_elegu,355,177.5,32.0315,1.6417,open road,,0.2744,0.2465,0.0279
kampala_elegu,356,178.0,32.0313,1.6462,roadside settlement,,0.1958,0.1341,0.0616
kampala_elegu,357,178.5,32.0311,1.6507,roadside settlement,,0.2476,0.1979,0.0497
kampala_elegu,358,179.0,32.0309,1.6552,open road,,0.285,0.2556,0.0294
kampala_elegu,359,179.5,32.0308,1.6597,open road,,0.1508,0.1189,0.0318
kampala_elegu,360,180.0,32.0306,1.6643,open road,,0.0909,0.0855,0.0054
kampala_elegu,361,180.5,32.0304,1.6688,open road,,0.0596,0.0582,0.0014
kampala_elegu,362,181.0,32.0303,1.6733,open road,,0.1281,0.1281,0.0
kampala_elegu,363,181.5,32.0301,1.6778,open road,,0.2757,0.2738,0.002
kampala_elegu,364,182.0,32.0299,1.6823,open road,,0.3734,0.3861,-0.0128
kampala_elegu,365,182.5,32.0298,1.6869,open road,,0.2878,0.289,-0.0011
kampala_elegu,366,183.0,32.0296,1.6914,open road,Rwekunye,0.105,0.0673,0.0376
kampala_elegu,367,183.5,32.0295,1.6959,open road,Rwekunye,0.0061,0.0,0.0061
kampala_elegu,368,184.0,32.0293,1.7004,open road,Rwekunye,0.0094,0.0,0.0094
kampala_elegu,369,184.5,32.0292,1.7049,open road,Rwekunye,0.1281,0.1281,0.0
kampala_elegu,370,185.0,32.0286,1.7094,roadside settlement,Rwekunye,0.3068,0.2313,0.0755
kampala_elegu,371,185.5,32.0279,1.7139,roadside settlement,Rwekunye,0.2957,0.2677,0.028
kampala_elegu,372,186.0,32.0273,1.7184,roadside settlement,Rwekunye,0.2942,0.2343,0.0598
kampala_elegu,373,186.5,32.0266,1.7228,roadside settlement,Wabitoki,0.3012,0.2708,0.0305
kampala_elegu,374,187.0,32.0259,1.7273,roadside settlement,Wabitoki,0.1566,0.1432,0.0133
kampala_elegu,375,187.5,32.0251,1.7318,open road,Wabitoki,0.1653,0.1554,0.0099
kampala_elegu,376,188.0,32.0244,1.7362,open road,Wabitoki,0.4049,0.4013,0.0036
kampala_elegu,377,188.5,32.0237,1.7407,open road,Wabitoki,0.1667,0.1615,0.0053
kampala_elegu,378,189.0,32.023,1.7452,open road,Wabitoki,0.0725,0.0096,0.0628
kampala_elegu,379,189.5,32.0223,1.7496,open road,,0.0,0.0,0.0
kampala_elegu,380,190.0,32.0217,1.7541,open road,,0.0,0.0,0.0
kampala_elegu,381,190.5,32.021,1.7586,open road,,0.1386,0.125,0.0135
kampala_elegu,382,191.0,32.0203,1.763,roadside settlement,,0.4267,0.3952,0.0315
kampala_elegu,383,191.5,32.0196,1.7675,roadside settlement,,0.2229,0.1584,0.0645
kampala_elegu,384,192.0,32.0189,1.772,roadside settlement,,0.1946,0.1068,0.0878
kampala_elegu,385,192.5,32.0182,1.7764,roadside settlement,,0.0579,0.0,0.0579
kampala_elegu,386,193.0,32.0175,1.7809,open road,,0.0632,0.0613,0.002
kampala_elegu,387,193.5,32.0164,1.7853,roadside settlement,,0.2247,0.1675,0.0572
kampala_elegu,388,194.0,32.0147,1.7895,roadside settlement,,0.3711,0.292,0.0791
kampala_elegu,389,194.5,32.0129,1.7936,roadside settlement,Kigumba,0.2315,0.1857,0.0458
kampala_elegu,390,195.0,32.0112,1.7978,roadside settlement,Kigumba,0.4071,0.3861,0.0209
kampala_elegu,391,195.5,32.0097,1.8021,roadside settlement,Kigumba,0.3833,0.2981,0.0853
kampala_elegu,392,196.0,32.01,1.8065,town,Kigumba,0.3379,0.0,0.3379
kampala_elegu,393,196.5,32.0121,1.8105,town,Kigumba,0.324,0.0,0.324
kampala_elegu,394,197.0,32.0143,1.8145,roadside settlement,Kigumba,0.5078,0.4195,0.0883
kampala_elegu,395,197.5,32.0164,1.8184,roadside settlement,Kigumba,0.2406,0.1159,0.1247
kampala_elegu,396,198.0,32.0186,1.8224,roadside settlement,Kigumba,0.1389,0.0,0.1389
kampala_elegu,397,198.5,32.0209,1.8263,roadside settlement,,0.0809,0.0,0.0809
kampala_elegu,398,199.0,32.023,1.8303,open road,,0.1841,0.1463,0.0379
kampala_elegu,399,199.5,32.0252,1.8342,open road,,0.1481,0.1341,0.0139
kampala_elegu,400,200.0,32.0274,1.8382,open road,,0.1861,0.1857,0.0004
kampala_elegu,401,200.5,32.0296,1.8421,open road,,0.4856,0.5045,-0.0189
kampala_elegu,402,201.0,32.0318,1.8461,roadside settlement,,0.4345,0.4226,0.012
kampala_elegu,403,201.5,32.034,1.85,roadside settlement,,0.2677,0.1129,0.1548
kampala_elegu,404,202.0,32.0368,1.8535,roadside settlement,,0.0338,0.0,0.0338
kampala_elegu,405,202.5,32.0401,1.8566,open road,Kikubi,0.198,0.1706,0.0274
kampala_elegu,406,203.0,32.0434,1.8596,open road,Kikubi,0.6097,0.6321,-0.0224
kampala_elegu,407,203.5,32.0467,1.8628,roadside settlement,Kikubi,0.2966,0.2495,0.0471
kampala_elegu,408,204.0,32.05,1.8658,roadside settlement,Kikubi,0.1057,0.0,0.1057
kampala_elegu,409,204.5,32.0532,1.8689,roadside settlement,Kikubi,0.0343,0.0,0.0343
kampala_elegu,410,205.0,32.0565,1.872,roadside settlement,Kiryandongo,0.3653,0.3163,0.049
kampala_elegu,411,205.5,32.0597,1.8753,town,Kiryandongo,0.7471,0.4742,0.2729
kampala_elegu,412,206.0,32.0627,1.8786,roadside settlement,Kiryandongo,0.6094,0.3679,0.2414
kampala_elegu,413,206.5,32.0658,1.8819,roadside settlement,Kiryandongo,0.1076,0.0,0.1076
kampala_elegu,414,207.0,32.0688,1.8852,roadside settlement,Kiryandongo,0.3582,0.3133,0.045
kampala_elegu,415,207.5,32.0719,1.8885,roadside settlement,Kyaisimba,0.3161,0.2859,0.0302
kampala_elegu,416,208.0,32.075,1.8918,open road,Kyaisimba,0.0333,0.0,0.0333
kampala_elegu,417,208.5,32.078,1.8951,roadside settlement,Kyaisimba,0.5704,0.5713,-0.001
kampala_elegu,418,209.0,32.0811,1.8984,roadside settlement,Kyaisimba,0.1125,0.0582,0.0543
kampala_elegu,419,209.5,32.0842,1.9017,roadside settlement,Kyaisimba,0.1047,0.0,0.1047
kampala_elegu,420,210.0,32.0872,1.9051,roadside settlement,Kyaisimba,0.4172,0.3527,0.0645
kampala_elegu,421,210.5,32.0903,1.9084,roadside settlement,Kirwara,0.2309,0.2191,0.0118
kampala_elegu,422,211.0,32.0933,1.9117,open road,Kirwara,0.0182,0.0,0.0182
kampala_elegu,423,211.5,32.0964,1.915,roadside settlement,Kirwara,0.377,0.377,-0.0
kampala_elegu,424,212.0,32.0995,1.9183,roadside settlement,Kirwara,0.0543,0.0,0.0543
kampala_elegu,425,212.5,32.1026,1.9215,open road,Kirwara,0.5098,0.4954,0.0144
kampala_elegu,426,213.0,32.1064,1.9238,open road,Buyale,0.0196,0.0,0.0196
kampala_elegu,427,213.5,32.1105,1.9258,open road,Buyale,0.1223,0.0734,0.0489
kampala_elegu,428,214.0,32.1146,1.9277,roadside settlement,Buyale,0.3669,0.3376,0.0293
kampala_elegu,429,214.5,32.1187,1.9296,roadside settlement,Buyale,0.4402,0.4226,0.0176
kampala_elegu,430,215.0,32.1225,1.932,roadside settlement,Buyale,0.4158,0.3983,0.0175
kampala_elegu,431,215.5,32.1256,1.9352,roadside settlement,Buyale,0.2488,0.1766,0.0722
kampala_elegu,432,216.0,32.1285,1.9387,town,Nyarukonge,0.3232,0.0,0.3232
kampala_elegu,433,216.5,32.1314,1.9421,roadside settlement,Nyarukonge,0.1492,0.0,0.1492
kampala_elegu,434,217.0,32.1344,1.9455,roadside settlement,Nyarukonge,0.5275,0.4681,0.0594
kampala_elegu,435,217.5,32.1373,1.9489,roadside settlement,Bweyale,0.5368,0.4833,0.0535
kampala_elegu,436,218.0,32.1402,1.9524,town,Bweyale,0.5135,0.2465,0.267
kampala_elegu,437,218.5,32.1432,1.9557,roadside settlement,Bweyale,0.2157,0.0491,0.1666
kampala_elegu,438,219.0,32.1461,1.9592,roadside settlement,Kichwabugingo,0.237,0.0764,0.1606
kampala_elegu,439,219.5,32.1491,1.9626,roadside settlement,Kichwabugingo,0.4782,0.3922,0.086
kampala_elegu,440,220.0,32.1521,1.966,roadside settlement,Kichwabugingo,0.4187,0.2708,0.1479
kampala_elegu,441,220.5,32.155,1.9694,roadside settlement,Kichwabugingo,0.3587,0.2647,0.094
kampala_elegu,442,221.0,32.158,1.9728,roadside settlement,Kichwabugingo,0.2323,0.1797,0.0526
kampala_elegu,443,221.5,32.161,1.9761,open road,Kichwabugingo,0.0169,0.0,0.0169
kampala_elegu,444,222.0,32.1641,1.9794,roadside settlement,Kichwabugingo,0.2554,0.2343,0.021
kampala_elegu,445,222.5,32.1673,1.9826,roadside settlement,,0.3683,0.3679,0.0004
kampala_elegu,446,223.0,32.1704,1.9859,roadside settlement,,0.2354,0.1189,0.1165
kampala_elegu,447,223.5,32.1722,1.99,roadside settlement,,0.097,0.0,0.097
kampala_elegu,448,224.0,32.1732,1.9944,open road,,0.058,0.0,0.058
kampala_elegu,449,224.5,32.1742,1.9988,open road,,0.2594,0.2343,0.0251
kampala_elegu,450,225.0,32.1753,2.0032,roadside settlement,,0.3424,0.3315,0.011
kampala_elegu,451,225.5,32.1763,2.0076,roadside settlement,,0.2579,0.1918,0.0661
kampala_elegu,452,226.0,32.1773,2.012,roadside settlement,,0.0725,0.0643,0.0082
kampala_elegu,453,226.5,32.1784,2.0164,roadside settlement,,0.2906,0.1766,0.1139
kampala_elegu,454,227.0,32.1794,2.0208,roadside settlement,,0.1039,0.0,0.1039
kampala_elegu,455,227.5,32.1804,2.0252,open road,,0.1087,0.0916,0.0171
kampala_elegu,456,228.0,32.1815,2.0296,roadside settlement,,0.6095,0.626,-0.0165
kampala_elegu,457,228.5,32.1825,2.034,roadside settlement,,0.3615,0.3011,0.0604
kampala_elegu,458,229.0,32.1835,2.0384,roadside settlement,,0.2329,0.0,0.2329
kampala_elegu,459,229.5,32.1846,2.0428,roadside settlement,,0.0711,0.0,0.0711
kampala_elegu,460,230.0,32.1856,2.0472,roadside settlement,,0.2267,0.1675,0.0592
kampala_elegu,461,230.5,32.1867,2.0516,roadside settlement,,0.4574,0.4195,0.0379
kampala_elegu,462,231.0,32.1878,2.056,roadside settlement,,0.0666,0.0,0.0666
kampala_elegu,463,231.5,32.1888,2.0604,open road,,0.2623,0.21,0.0523
kampala_elegu,464,232.0,32.1898,2.0648,open road,,0.0582,0.0188,0.0395
kampala_elegu,465,232.5,32.1909,2.0692,open road,,0.0025,0.0,0.0025
kampala_elegu,466,233.0,32.192,2.0736,roadside settlement,,0.006,0.0,0.006
kampala_elegu,467,233.5,32.193,2.078,roadside settlement,Nanda,0.11,0.0795,0.0306
kampala_elegu,468,234.0,32.1941,2.0824,open road,Nanda,0.008,0.0,0.008
kampala_elegu,469,234.5,32.1951,2.0868,open road,Nanda,0.339,0.3467,-0.0076
kampala_elegu,470,235.0,32.1961,2.0912,roadside settlement,Nanda,0.2624,0.2161,0.0463
kampala_elegu,471,235.5,32.1972,2.0956,roadside settlement,Nanda,0.1844,0.0582,0.1262
kampala_elegu,472,236.0,32.1982,2.1,roadside settlement,Nanda,0.0331,0.0,0.0331
kampala_elegu,473,236.5,32.1993,2.1044,open road,Nanda,0.0093,0.0,0.0093
kampala_elegu,474,237.0,32.2003,2.1088,open road,Nanda,0.2936,0.292,0.0016
kampala_elegu,475,237.5,32.2013,2.1132,roadside settlement,,0.4799,0.4651,0.0148
kampala_elegu,476,238.0,32.2024,2.1176,roadside settlement,,0.0279,0.0,0.0279
kampala_elegu,477,238.5,32.203,2.1221,roadside settlement,,0.3023,0.2161,0.0862
kampala_elegu,478,239.0,32.2035,2.1266,roadside settlement,,0.3599,0.2738,0.0861
kampala_elegu,479,239.5,32.204,2.1311,roadside settlement,,0.0271,0.0,0.0271
kampala_elegu,480,240.0,32.2047,2.1355,open road,,0.0516,0.0,0.0516
kampala_elegu,481,240.5,32.2066,2.1396,open road,,0.0109,0.0,0.0109
kampala_elegu,482,241.0,32.209,2.1434,open road,,0.0055,0.0,0.0055
kampala_elegu,483,241.5,32.2114,2.1473,roadside settlement,,0.5566,0.5531,0.0035
kampala_elegu,484,242.0,32.2138,2.1511,roadside settlement,Kiryandongo,0.2095,0.1463,0.0632
kampala_elegu,485,242.5,32.216,2.155,open road,Kiryandongo,0.0818,0.0,0.0818
kampala_elegu,486,243.0,32.2177,2.1592,roadside settlement,Kiryandongo,0.0252,0.0188,0.0065
kampala_elegu,487,243.5,32.2192,2.1635,roadside settlement,Kiryandongo,0.0119,0.0,0.0119
kampala_elegu,488,244.0,32.2209,2.1677,roadside settlement,Kiryandongo,0.3672,0.1402,0.227
kampala_elegu,489,244.5,32.2225,2.1719,roadside settlement,Kiryandongo,0.4538,0.204,0.2498
kampala_elegu,490,245.0,32.2241,2.1761,roadside settlement,Kiryandongo,0.3643,0.2981,0.0662
kampala_elegu,491,245.5,32.2256,2.1804,roadside settlement,Kiryandongo,0.5955,0.5683,0.0272
kampala_elegu,492,246.0,32.2273,2.1846,open road,,0.1152,0.1129,0.0023
kampala_elegu,493,246.5,32.2289,2.1888,open road,,0.0496,0.0,0.0496
kampala_elegu,494,247.0,32.2305,2.193,roadside settlement,,0.3765,0.377,-0.0006
kampala_elegu,495,247.5,32.2321,2.1973,roadside settlement,,0.0726,0.0,0.0726
kampala_elegu,496,248.0,32.2337,2.2015,roadside settlement,,0.5524,0.5531,-0.0008
kampala_elegu,497,248.5,32.2353,2.2057,roadside settlement,,0.4651,0.4469,0.0183
kampala_elegu,498,249.0,32.2369,2.2099,roadside settlement,,0.0906,0.0,0.0906
kampala_elegu,499,249.5,32.2385,2.2142,roadside settlement,,0.3563,0.3133,0.043
kampala_elegu,500,250.0,32.2401,2.2184,roadside settlement,Karuma,0.1016,0.0764,0.0252
kampala_elegu,501,250.5,32.2417,2.2226,roadside settlement,Karuma,0.3827,0.3467,0.036
kampala_elegu,502,251.0,32.2432,2.2269,roadside settlement,Karuma,0.0428,0.0,0.0428
kampala_elegu,503,251.5,32.2449,2.2311,roadside settlement,Karuma,0.1021,0.0309,0.0712
kampala_elegu,504,252.0,32.2464,2.2353,town,Karuma,0.4579,0.2191,0.2388
kampala_elegu,505,252.5,32.2447,2.2393,roadside settlement,Karuma,0.0154,0.0,0.0154
kampala_elegu,506,253.0,32.241,2.2418,open road,Karuma,0.0032,0.0,0.0032
kampala_elegu,507,253.5,32.238,2.2446,open road,Karuma,0.7066,0.7383,-0.0317
kampala_elegu,508,254.0,32.2359,2.2484,open road,,0.6409,0.629,0.0118
kampala_elegu,509,254.5,32.2373,2.2525,open road,,0.6689,0.6017,0.0672
kampala_elegu,510,255.0,32.2414,2.2544,roadside settlement,,0.3353,0.1888,0.1465
kampala_elegu,511,255.5,32.2456,2.2559,open road,,0.1788,0.0795,0.0994
kampala_elegu,512,256.0,32.25,2.257,open road,,0.0764,0.0764,0.0
kampala_elegu,513,256.5,32.2544,2.2576,open road,Akuridia,0.0005,0.0,0.0005
kampala_elegu,514,257.0,32.2582,2.26,open road,Akuridia,0.4825,0.5045,-0.0221
kampala_elegu,515,257.5,32.2626,2.2594,roadside settlement,Akuridia,0.2506,0.1493,0.1013
kampala_elegu,516,258.0,32.267,2.2583,roadside settlement,Akuridia,0.1719,0.0,0.1719
kampala_elegu,517,258.5,32.2712,2.2568,roadside settlement,Nora,0.5183,0.4499,0.0684
kampala_elegu,518,259.0,32.2755,2.2555,roadside settlement,Nora,0.2875,0.21,0.0774
kampala_elegu,519,259.5,32.2798,2.2541,roadside settlement,Nora,0.1234,0.0673,0.0561
kampala_elegu,520,260.0,32.2841,2.2527,roadside settlement,Nora,0.2011,0.1675,0.0336
kampala_elegu,521,260.5,32.2884,2.2513,roadside settlement,Bedmot,0.2948,0.2616,0.0332
kampala_elegu,522,261.0,32.2926,2.25,roadside settlement,Bedmot,0.211,0.1372,0.0739
kampala_elegu,523,261.5,32.2969,2.2486,roadside settlement,Bedmot,0.096,0.0,0.096
kampala_elegu,524,262.0,32.3012,2.2474,roadside settlement,Bedmot,0.0422,0.0,0.0422
kampala_elegu,525,262.5,32.3057,2.2468,roadside settlement,Obete,0.5015,0.4924,0.0091
kampala_elegu,526,263.0,32.3102,2.2465,roadside settlement,Obete,0.3021,0.2161,0.086
kampala_elegu,527,263.5,32.3147,2.2462,roadside settlement,Obete,0.156,0.0643,0.0917
kampala_elegu,528,264.0,32.3192,2.2463,roadside settlement,Agengi,0.1179,0.0,0.1179
kampala_elegu,529,264.5,32.3237,2.2464,roadside settlement,Agengi,0.0542,0.0,0.0542
kampala_elegu,530,265.0,32.3282,2.2465,roadside settlement,Township,0.4777,0.4013,0.0764
kampala_elegu,531,265.5,32.3326,2.2467,roadside settlement,Township,0.3831,0.2616,0.1214
kampala_elegu,532,266.0,32.3369,2.2482,roadside settlement,Kamudini,0.2966,0.1675,0.1291
kampala_elegu,533,266.5,32.3403,2.251,roadside settlement,Kamudini,0.1739,0.0,0.1739
kampala_elegu,534,267.0,32.3428,2.2548,roadside settlement,Kamudini,0.3713,0.2131,0.1583
kampala_elegu,535,267.5,32.3452,2.2586,roadside settlement,Pida,0.1316,0.0582,0.0733
kampala_elegu,536,268.0,32.3476,2.2624,roadside settlement,Kamdini,0.0482,0.0,0.0482
kampala_elegu,537,268.5,32.35,2.2663,roadside settlement,Kamdini,0.448,0.4347,0.0133
kampala_elegu,538,269.0,32.3525,2.27,roadside settlement,Kamdini,0.3248,0.2677,0.0571
kampala_elegu,539,269.5,32.3549,2.2738,roadside settlement,Boroboro B,0.1099,0.0,0.1099
kampala_elegu,540,270.0,32.3574,2.2777,roadside settlement,Boroboro B,0.0632,0.0,0.0632
kampala_elegu,541,270.5,32.3597,2.2815,roadside settlement,Boroboro B,0.3839,0.3376,0.0464
kampala_elegu,542,271.0,32.3622,2.2853,roadside settlement,Arukolong,0.204,0.122,0.082
kampala_elegu,543,271.5,32.3646,2.2891,roadside settlement,Arukolong,0.0499,0.0,0.0499
kampala_elegu,544,272.0,32.3671,2.2929,roadside settlement,Arukolong,0.237,0.1523,0.0846
kampala_elegu,545,272.5,32.3695,2.2967,roadside settlement,Arukolong,0.1499,0.1311,0.0189
kampala_elegu,546,273.0,32.3718,2.3006,roadside settlement,Abang Trc,0.245,0.204,0.041
kampala_elegu,547,273.5,32.3741,2.3045,roadside settlement,Abang Trc,0.4733,0.456,0.0174
kampala_elegu,548,274.0,32.3764,2.3084,roadside settlement,Abang East,0.2156,0.1706,0.0451
kampala_elegu,549,274.5,32.3787,2.3122,roadside settlement,Abako Adero,0.2595,0.1918,0.0677
kampala_elegu,550,275.0,32.381,2.3161,roadside settlement,Abako Adero,0.1607,0.1068,0.0539
kampala_elegu,551,275.5,32.3833,2.32,roadside settlement,Amwa Trc,0.2756,0.122,0.1536
kampala_elegu,552,276.0,32.3853,2.324,roadside settlement,Amwa,0.107,0.0,0.107
kampala_elegu,553,276.5,32.3863,2.3284,roadside settlement,Amwa,0.2235,0.1554,0.0682
kampala_elegu,554,277.0,32.3868,2.3329,roadside settlement,Amwa Headquaters,0.3515,0.3467,0.0048
kampala_elegu,555,277.5,32.3874,2.3374,roadside settlement,Amwa Headquaters,0.0199,0.0,0.0199
kampala_elegu,556,278.0,32.388,2.3419,roadside settlement,Waring,0.4012,0.3983,0.003
kampala_elegu,557,278.5,32.3885,2.3464,roadside settlement,Waring,0.2087,0.1736,0.0351
kampala_elegu,558,279.0,32.3882,2.3509,roadside settlement,Cul-banya,0.0728,0.0096,0.0632
kampala_elegu,559,279.5,32.3878,2.3554,open road,Cul-banya,0.0508,0.0461,0.0047
kampala_elegu,560,280.0,32.3873,2.3599,open road,Lango,0.2699,0.2556,0.0143
kampala_elegu,561,280.5,32.3869,2.3644,roadside settlement,Lango,0.4761,0.4833,-0.0072
kampala_elegu,562,281.0,32.3865,2.3689,roadside settlement,Lango,0.2449,0.1857,0.0591
kampala_elegu,563,281.5,32.3861,2.3734,roadside settlement,Bobi,0.1334,0.0,0.1334
kampala_elegu,564,282.0,32.3857,2.3779,roadside settlement,Bobi,0.0502,0.0,0.0502
kampala_elegu,565,282.5,32.3853,2.3824,open road,Omolo,0.119,0.1189,0.0001
kampala_elegu,566,283.0,32.3849,2.3869,roadside settlement,Alati A,0.5742,0.5804,-0.0063
kampala_elegu,567,283.5,32.3845,2.3914,roadside settlement,Alati A,0.3938,0.3436,0.0501
kampala_elegu,568,284.0,32.3841,2.3959,roadside settlement,Arak East,0.2963,0.1827,0.1136
kampala_elegu,569,284.5,32.3837,2.4005,roadside settlement,Arak East,0.0433,0.0,0.0433
kampala_elegu,570,285.0,32.3832,2.405,open road,Arak East,0.0045,0.0,0.0045
kampala_elegu,571,285.5,32.3828,2.4095,roadside settlement,Awei Betty Trc,0.4553,0.459,-0.0037
kampala_elegu,572,286.0,32.3824,2.414,roadside settlement,Awei Betty Trc,0.3003,0.2708,0.0296
kampala_elegu,573,286.5,32.382,2.4185,roadside settlement,Awei Betty Trc,0.1434,0.0613,0.0821
kampala_elegu,574,287.0,32.3816,2.423,roadside settlement,Ngut Cati,0.124,0.1038,0.0202
kampala_elegu,575,287.5,32.3812,2.4275,roadside settlement,Ngut Cati,0.44,0.4165,0.0235
kampala_elegu,576,288.0,32.3808,2.432,roadside settlement,Ngut Cati,0.0577,0.0,0.0577
kampala_elegu,577,288.5,32.3804,2.4365,roadside settlement,Minakulu,0.0353,0.0,0.0353
kampala_elegu,578,289.0,32.38,2.441,open road,Minakulu,0.4301,0.4469,-0.0168
kampala_elegu,579,289.5,32.3796,2.4455,roadside settlement,Minakulu Trc B,0.1799,0.0734,0.1065
kampala_elegu,580,290.0,32.3792,2.45,roadside settlement,Minakulu Trc B,0.0642,0.0,0.0642
kampala_elegu,581,290.5,32.3788,2.4545,roadside settlement,Minakulu Trc A,0.4011,0.3801,0.0211
kampala_elegu,582,291.0,32.3783,2.459,roadside settlement,Minakulu Trc A,0.469,0.3861,0.0829
kampala_elegu,583,291.5,32.3779,2.4635,roadside settlement,Minakulu Trc A,0.2719,0.1281,0.1438
kampala_elegu,584,292.0,32.3773,2.468,roadside settlement,Mti,0.1441,0.0,0.1441
kampala_elegu,585,292.5,32.3756,2.4722,roadside settlement,Mti,0.0528,0.0,0.0528
kampala_elegu,586,293.0,32.3738,2.4763,open road,Mti,0.1118,0.1038,0.0081
kampala_elegu,587,293.5,32.3721,2.4805,roadside settlement,Obalowat,0.4264,0.4347,-0.0083
kampala_elegu,588,294.0,32.3703,2.4847,roadside settlement,Obalowat,0.3528,0.3011,0.0517
kampala_elegu,589,294.5,32.3688,2.4889,roadside settlement,Obalowat,0.135,0.0339,0.101
kampala_elegu,590,295.0,32.3681,2.4934,roadside settlement,Obalowat,0.3172,0.2556,0.0617
kampala_elegu,591,295.5,32.3674,2.4978,roadside settlement,Minakulu,0.2219,0.0886,0.1334
kampala_elegu,592,296.0,32.3668,2.5023,roadside settlement,Minakulu,0.029,0.0157,0.0133
kampala_elegu,593,296.5,32.3661,2.5068,roadside settlement,Awimon,0.2026,0.1584,0.0442
kampala_elegu,594,297.0,32.3647,2.5111,roadside settlement,Awimon,0.2088,0.0795,0.1293
kampala_elegu,595,297.5,32.3631,2.5153,roadside settlement,Awimon,0.4075,0.3952,0.0123
kampala_elegu,596,298.0,32.3616,2.5196,roadside settlement,Awimon,0.2574,0.21,0.0474
kampala_elegu,597,298.5,32.36,2.5238,roadside settlement,,0.1252,0.0764,0.0487
kampala_elegu,598,299.0,32.3586,2.5281,roadside settlement,,0.5099,0.4954,0.0145
kampala_elegu,599,299.5,32.3582,2.5326,roadside settlement,,0.3007,0.2434,0.0572
kampala_elegu,600,300.0,32.3581,2.5371,roadside settlement,Pato,0.1443,0.0,0.1443
kampala_elegu,601,300.5,32.3579,2.5416,roadside settlement,Pato,0.0288,0.0,0.0288
kampala_elegu,602,301.0,32.3578,2.5462,roadside settlement,Pato,0.413,0.3679,0.0451
kampala_elegu,603,301.5,32.3576,2.5507,roadside settlement,Pato,0.1599,0.1007,0.0591
kampala_elegu,604,302.0,32.3575,2.5552,roadside settlement,Bobi,0.1437,0.0,0.1437
kampala_elegu,605,302.5,32.3574,2.5597,roadside settlement,Bobi,0.0891,0.0,0.0891
kampala_elegu,606,303.0,32.3572,2.5642,open road,Bobi,0.1272,0.0795,0.0477
kampala_elegu,607,303.5,32.3569,2.5687,roadside settlement,Omoro,0.0547,0.0,0.0547
kampala_elegu,608,304.0,32.3553,2.573,roadside settlement,Omoro,0.3218,0.2981,0.0237
kampala_elegu,609,304.5,32.3538,2.5772,roadside settlement,Omoro,0.287,0.1888,0.0982
kampala_elegu,610,305.0,32.3522,2.5815,roadside settlement,Kalamomia,0.2932,0.2616,0.0316
kampala_elegu,611,305.5,32.3505,2.5856,roadside settlement,Paranga,0.25,0.1736,0.0764
kampala_elegu,612,306.0,32.3483,2.5896,roadside settlement,Te-owak,0.1841,0.1615,0.0226
kampala_elegu,613,306.5,32.3461,2.5935,roadside settlement,Te-owak,0.0204,0.0,0.0204
kampala_elegu,614,307.0,32.3439,2.5975,open road,Te-owak,0.098,0.0825,0.0155
kampala_elegu,615,307.5,32.3417,2.6014,roadside settlement,Odyak,0.3731,0.377,-0.0039
kampala_elegu,616,308.0,32.3398,2.6055,roadside settlement,Odyak,0.0974,0.0734,0.024
kampala_elegu,617,308.5,32.3381,2.6097,roadside settlement,Palenga,0.0104,0.0,0.0104
kampala_elegu,618,309.0,32.3365,2.6139,roadside settlement,Palenga,0.382,0.2434,0.1386
kampala_elegu,619,309.5,32.3348,2.6181,roadside settlement,Barogal,0.1492,0.0036,0.1456
kampala_elegu,620,310.0,32.3334,2.6224,open road,Barogal,0.1898,0.1372,0.0527
kampala_elegu,621,310.5,32.3326,2.6269,roadside settlement,Barogal,0.4066,0.2768,0.1298
kampala_elegu,622,311.0,32.3317,2.6313,roadside settlement,Barogal,0.3719,0.377,-0.0052
kampala_elegu,623,311.5,32.3309,2.6357,open road,Barogal,0.3132,0.2616,0.0515
kampala_elegu,624,312.0,32.3301,2.6402,open road,Barogal,0.1657,0.1281,0.0377
kampala_elegu,625,312.5,32.3293,2.6446,open road,Barogal,0.315,0.295,0.02
kampala_elegu,626,313.0,32.3284,2.6491,roadside settlement,Barogal,0.2274,0.1949,0.0326
kampala_elegu,627,313.5,32.3276,2.6535,roadside settlement,Barogal,0.0711,0.0,0.0711
kampala_elegu,628,314.0,32.3268,2.658,open road,Barogal,0.2042,0.1523,0.0519
kampala_elegu,629,314.5,32.3259,2.6624,roadside settlement,Barogal,0.3059,0.2647,0.0412
kampala_elegu,630,315.0,32.3251,2.6669,open road,,0.2524,0.21,0.0424
kampala_elegu,631,315.5,32.3243,2.6713,open road,,0.0563,0.0,0.0563
kampala_elegu,632,316.0,32.3235,2.6758,open road,Abili,0.1632,0.1493,0.0139
kampala_elegu,633,316.5,32.3225,2.6802,open road,Abili,0.0446,0.0309,0.0137
kampala_elegu,634,317.0,32.3205,2.6842,open road,Abili,0.4706,0.4833,-0.0127
kampala_elegu,635,317.5,32.3184,2.6882,roadside settlement,Abili,0.324,0.3102,0.0138
kampala_elegu,636,318.0,32.3166,2.6923,roadside settlement,Koro Abili,0.2496,0.1797,0.0699
kampala_elegu,637,318.5,32.3155,2.6967,roadside settlement,Koro Abili,0.2145,0.0886,0.1259
kampala_elegu,638,319.0,32.3146,2.7011,roadside settlement,Koro Abili,0.0691,0.0,0.0691
kampala_elegu,639,319.5,32.3135,2.7055,roadside settlement,Koro Abili,0.6373,0.5896,0.0477
kampala_elegu,640,320.0,32.3125,2.7099,roadside settlement,Lajwatek,0.2164,0.1068,0.1096
kampala_elegu,641,320.5,32.3115,2.7144,roadside settlement,Koro,0.1109,0.0,0.1109
kampala_elegu,642,321.0,32.3107,2.7188,roadside settlement,Koro,0.5152,0.5137,0.0015
kampala_elegu,643,321.5,32.3095,2.7231,roadside settlement,Koro,0.1831,0.1007,0.0823
kampala_elegu,644,322.0,32.3085,2.7275,roadside settlement,Koro,0.1635,0.0582,0.1053
kampala_elegu,645,322.5,32.3076,2.7319,roadside settlement,Kal,0.5188,0.4499,0.0689
kampala_elegu,646,323.0,32.3068,2.7364,roadside settlement,Kal,0.1412,0.0,0.1412
kampala_elegu,647,323.5,32.3062,2.7409,roadside settlement,Kal,0.3988,0.2708,0.128
kampala_elegu,648,324.0,32.3038,2.7433,roadside settlement,Layibi,0.3717,0.3102,0.0615
kampala_elegu,649,324.5,32.2993,2.7435,roadside settlement,Layibi,0.3647,0.2343,0.1304
kampala_elegu,650,325.0,32.2948,2.7436,roadside settlement,Layibi,0.1253,0.0,0.1253
kampala_elegu,651,325.5,32.2914,2.7463,roadside settlement,Layibi,0.8961,0.6472,0.2489
kampala_elegu,652,326.0,32.2886,2.7498,roadside settlement,Layibi,0.7561,0.1311,0.6251
kampala_elegu,653,326.5,32.2857,2.7533,roadside settlement,Kanyagoga C,0.4318,0.0,0.4318
kampala_elegu,654,327.0,32.2829,2.7568,roadside settlement,Kanyagoga C,1.0252,0.3284,0.6968
kampala_elegu,655,327.5,32.28,2.7603,roadside settlement,Kanyagoga C,0.2277,0.0,0.2277
kampala_elegu,656,328.0,32.2761,2.762,roadside settlement,Kanyagoga C,0.2073,0.0704,0.137
kampala_elegu,657,328.5,32.2719,2.7634,roadside settlement,Kanyagoga C,0.4619,0.3224,0.1395
kampala_elegu,658,329.0,32.2677,2.7649,roadside settlement,St Joe,0.4133,0.2829,0.1304
kampala_elegu,659,329.5,32.2632,2.7655,roadside settlement,St Joe,0.1417,0.0491,0.0926
kampala_elegu,660,330.0,32.2588,2.766,roadside settlement,Katikati,0.1024,0.0,0.1024
kampala_elegu,661,330.5,32.2543,2.7656,roadside settlement,Katikati,0.3773,0.2616,0.1157
kampala_elegu,662,331.0,32.2498,2.7655,roadside settlement,Lacor,0.1492,0.0,0.1492
kampala_elegu,663,331.5,32.2453,2.766,roadside settlement,Lacor,0.438,0.3254,0.1126
kampala_elegu,664,332.0,32.2409,2.7669,roadside settlement,Lacor,0.2016,0.0,0.2016
kampala_elegu,665,332.5,32.2366,2.7679,roadside settlement,Pukure,0.4653,0.3376,0.1278
kampala_elegu,666,333.0,32.2321,2.7686,roadside settlement,Pukure,0.2835,0.2343,0.0492
kampala_elegu,667,333.5,32.2286,2.7714,roadside settlement,Pukure,0.0875,0.0,0.0875
kampala_elegu,668,334.0,32.225,2.7741,roadside settlement,Awer,0.4241,0.3133,0.1109
kampala_elegu,669,334.5,32.2212,2.7764,roadside settlement,Awer,0.4544,0.0,0.4544
kampala_elegu,670,335.0,32.2172,2.7785,roadside settlement,Lwalakwar,0.1364,0.0,0.1364
kampala_elegu,671,335.5,32.2132,2.7805,roadside settlement,Lwalakwar,0.2842,0.2252,0.059
kampala_elegu,672,336.0,32.2092,2.7827,roadside settlement,Lwalakwar,0.3443,0.2768,0.0675
kampala_elegu,673,336.5,32.2053,2.785,roadside settlement,Lwalakwar,0.38,0.3102,0.0698
kampala_elegu,674,337.0,32.2016,2.7874,roadside settlement,Pukure Lc1,0.0318,0.0,0.0318
kampala_elegu,675,337.5,32.1989,2.7911,roadside settlement,Pukure Lc1,0.2696,0.2009,0.0687
kampala_elegu,676,338.0,32.1964,2.7948,roadside settlement,Keyo,0.3926,0.3497,0.0429
kampala_elegu,677,338.5,32.1939,2.7986,roadside settlement,Keyo,0.3477,0.3163,0.0314
kampala_elegu,678,339.0,32.1918,2.8026,roadside settlement,Keyo,0.2832,0.2191,0.0641
kampala_elegu,679,339.5,32.19,2.8067,town,Keyo,0.364,0.037,0.327
kampala_elegu,680,340.0,32.1883,2.8109,town,Keyo,0.3617,0.0157,0.346
kampala_elegu,681,340.5,32.1872,2.8153,open road,Pakiri,0.1066,0.0096,0.0969
kampala_elegu,682,341.0,32.1863,2.8197,open road,Amilobo Lc1,0.1942,0.1068,0.0874
kampala_elegu,683,341.5,32.1844,2.8238,open road,Amilobo Lc1,0.0174,0.0,0.0174
kampala_elegu,684,342.0,32.1819,2.8276,open road,Amilobo Lc1,0.0214,0.0,0.0214
kampala_elegu,685,342.5,32.1801,2.8317,roadside settlement,Awer,0.0463,0.0,0.0463
kampala_elegu,686,343.0,32.1776,2.8354,roadside settlement,Awer,0.0333,0.0,0.0333
kampala_elegu,687,343.5,32.1741,2.8382,roadside settlement,Awer,0.5823,0.5501,0.0322
kampala_elegu,688,344.0,32.1699,2.8397,town,Awer,0.543,0.2222,0.3209
kampala_elegu,689,344.5,32.1669,2.8429,open road,Awer,0.4936,0.4286,0.065
kampala_elegu,690,345.0,32.1648,2.8469,roadside settlement,Awer,0.228,0.1463,0.0817
kampala_elegu,691,345.5,32.1656,2.8513,roadside settlement,Awer,0.0703,0.0248,0.0455
kampala_elegu,692,346.0,32.1662,2.8558,roadside settlement,Yilo,0.223,0.1888,0.0343
kampala_elegu,693,346.5,32.1662,2.8603,roadside settlement,Yilo,0.0749,0.0157,0.0592
kampala_elegu,694,347.0,32.1668,2.8648,roadside settlement,Yilo,0.0492,0.0248,0.0243
kampala_elegu,695,347.5,32.1665,2.8693,roadside settlement,Yilo,0.1293,0.04,0.0893
kampala_elegu,696,348.0,32.1658,2.8737,roadside settlement,Yilo,0.0194,0.0,0.0194
kampala_elegu,697,348.5,32.1637,2.8777,roadside settlement,Yilo,0.1539,0.1098,0.0441
kampala_elegu,698,349.0,32.1614,2.8816,roadside settlement,Yilo,0.0886,0.0,0.0886
kampala_elegu,699,349.5,32.1591,2.8855,roadside settlement,Yilo,0.0637,0.0,0.0637
kampala_elegu,700,350.0,32.157,2.8894,roadside settlement,Oduu Lc1,0.1416,0.1189,0.0226
kampala_elegu,701,350.5,32.1564,2.8939,roadside settlement,Oduu Lc1,0.3455,0.2465,0.0991
kampala_elegu,702,351.0,32.1561,2.8984,roadside settlement,Oduu Lc1,0.0736,0.0,0.0736
kampala_elegu,703,351.5,32.1557,2.9029,town,Oduu Lc1,0.31,0.0521,0.2579
kampala_elegu,704,352.0,32.1545,2.9073,town,Oduu Lc1,0.2975,0.0,0.2975
kampala_elegu,705,352.5,32.153,2.9116,open road,Oduu,0.1275,0.04,0.0875
kampala_elegu,706,353.0,32.1515,2.9158,open road,Oduu,0.377,0.2434,0.1335
kampala_elegu,707,353.5,32.1497,2.9199,roadside settlement,Oduu,0.1802,0.0947,0.0856
kampala_elegu,708,354.0,32.1478,2.9241,open road,Oduu,0.0418,0.0,0.0418
kampala_elegu,709,354.5,32.1458,2.9281,open road,Oduu,0.0282,0.0096,0.0186
kampala_elegu,710,355.0,32.1431,2.9317,open road,Oduu,0.0298,0.0,0.0298
kampala_elegu,711,355.5,32.1404,2.9353,open road,Patiko,0.0678,0.0127,0.0551
kampala_elegu,712,356.0,32.1394,2.9397,roadside settlement,Patiko,0.3244,0.295,0.0294
kampala_elegu,713,356.5,32.139,2.9442,roadside settlement,Patiko,0.199,0.1402,0.0588
kampala_elegu,714,357.0,32.1382,2.9486,town,Patiko,0.3617,0.0704,0.2914
kampala_elegu,715,357.5,32.1374,2.9531,roadside settlement,Katikati B,0.0635,0.0,0.0635
kampala_elegu,716,358.0,32.137,2.9576,roadside settlement,Katikati B,0.3593,0.2343,0.1249
kampala_elegu,717,358.5,32.1368,2.9621,open road,Katikati B Lc1,0.1641,0.1463,0.0179
kampala_elegu,718,359.0,32.137,2.9666,roadside settlement,Katikati B Lc1,0.2407,0.1888,0.0519
kampala_elegu,719,359.5,32.1375,2.9711,roadside settlement,Katikati B Lc1,0.2361,0.1918,0.0443
kampala_elegu,720,360.0,32.1378,2.9756,roadside settlement,Agole,0.1601,0.1038,0.0564
kampala_elegu,721,360.5,32.1383,2.9801,roadside settlement,Agole,0.2915,0.2222,0.0693
kampala_elegu,722,361.0,32.139,2.9846,roadside settlement,Agole,0.1093,0.0704,0.039
kampala_elegu,723,361.5,32.14,2.989,roadside settlement,Agole,0.2429,0.1463,0.0966
kampala_elegu,724,362.0,32.1411,2.9934,roadside settlement,Kal Centre,0.2835,0.1584,0.125
kampala_elegu,725,362.5,32.1423,2.9977,town,Kal Centre,0.6263,0.2616,0.3646
kampala_elegu,726,363.0,32.1444,3.0017,town,Pabo,0.3104,0.0036,0.3068
kampala_elegu,727,363.5,32.1466,3.0057,roadside settlement,Pabo,0.3404,0.2131,0.1273
kampala_elegu,728,364.0,32.1491,3.0094,roadside settlement,Pabo,0.3374,0.1827,0.1547
kampala_elegu,729,364.5,32.152,3.0129,roadside settlement,Pabo,0.2078,0.1645,0.0433
kampala_elegu,730,365.0,32.1548,3.0164,roadside settlement,,0.069,0.0,0.069
kampala_elegu,731,365.5,32.1576,3.0199,roadside settlement,,0.0355,0.0,0.0355
kampala_elegu,732,366.0,32.1604,3.0235,roadside settlement,,0.0375,0.0,0.0375
kampala_elegu,733,366.5,32.1633,3.027,roadside settlement,,0.0697,0.043,0.0267
kampala_elegu,734,367.0,32.1664,3.0302,roadside settlement,,0.0296,0.0,0.0296
kampala_elegu,735,367.5,32.1689,3.0339,open road,,0.0142,0.0,0.0142
kampala_elegu,736,368.0,32.1702,3.0382,open road,,0.1184,0.1098,0.0086
kampala_elegu,737,368.5,32.1703,3.0427,open road,,0.1272,0.1129,0.0143
kampala_elegu,738,369.0,32.1695,3.0472,open road,Pawel Pukumu,0.1639,0.1584,0.0055
kampala_elegu,739,369.5,32.169,3.0517,roadside settlement,Pawel Pukumu,0.1645,0.1523,0.0121
kampala_elegu,740,370.0,32.1682,3.0561,open road,Pawel Pukumu,0.3682,0.377,-0.0088
kampala_elegu,741,370.5,32.1672,3.0605,town,Pawel Pukumu,0.3556,0.0461,0.3096
kampala_elegu,742,371.0,32.1665,3.065,roadside settlement,Pawel Pukumu,0.0536,0.0,0.0536
kampala_elegu,743,371.5,32.1651,3.0692,open road,Pawel Pukumu,0.1127,0.043,0.0696
kampala_elegu,744,372.0,32.1629,3.0732,open road,Pawel Pukumu,0.0306,0.0,0.0306
kampala_elegu,745,372.5,32.1604,3.077,open road,Pawel,0.0353,0.0,0.0353
kampala_elegu,746,373.0,32.1585,3.0809,open road,Pawel,0.0567,0.0552,0.0016
kampala_elegu,747,373.5,32.1584,3.0855,roadside settlement,Pawel,0.2177,0.1827,0.0349
kampala_elegu,748,374.0,32.1585,3.09,roadside settlement,Pawel,0.1106,0.04,0.0706
kampala_elegu,749,374.5,32.1579,3.0944,roadside settlement,Pawel,0.0545,0.0,0.0545
kampala_elegu,750,375.0,32.1571,3.0989,open road,Pawel,0.0351,0.0,0.0351
kampala_elegu,751,375.5,32.1565,3.1034,open road,Pawel,0.0113,0.0,0.0113
kampala_elegu,752,376.0,32.1559,3.1078,open road,,0.0209,0.0,0.0209
kampala_elegu,753,376.5,32.1552,3.1123,roadside settlement,,0.0259,0.0,0.0259
kampala_elegu,754,377.0,32.1552,3.1168,roadside settlement,,0.0378,0.0,0.0378
kampala_elegu,755,377.5,32.1549,3.1214,open road,,0.029,0.0036,0.0254
kampala_elegu,756,378.0,32.1541,3.1258,open road,,0.0391,0.0,0.0391
kampala_elegu,757,378.5,32.1541,3.1303,open road,,0.0005,0.0,0.0005
kampala_elegu,758,379.0,32.1546,3.1348,open road,,0.0025,0.0,0.0025
kampala_elegu,759,379.5,32.155,3.1393,open road,,0.0229,0.0066,0.0163
kampala_elegu,760,380.0,32.155,3.1438,open road,,0.0254,0.0,0.0254
kampala_elegu,761,380.5,32.1553,3.1483,open road,,0.0326,0.0066,0.026
kampala_elegu,762,381.0,32.1559,3.1528,open road,,0.2128,0.1706,0.0422
kampala_elegu,763,381.5,32.1573,3.1571,open road,,0.0977,0.0977,0.0
kampala_elegu,764,382.0,32.1586,3.1614,open road,,0.105,0.0916,0.0134
kampala_elegu,765,382.5,32.1587,3.1659,roadside settlement,,0.0463,0.0,0.0463
kampala_elegu,766,383.0,32.1583,3.1704,open road,,0.0035,0.0,0.0035
kampala_elegu,767,383.5,32.1582,3.1749,open road,Palukere West,0.0611,0.04,0.0211
kampala_elegu,768,384.0,32.1569,3.1792,open road,Palukere West,0.008,0.0,0.008
kampala_elegu,769,384.5,32.1558,3.1836,roadside settlement,Palukere West,0.0144,0.0,0.0144
kampala_elegu,770,385.0,32.155,3.1881,roadside settlement,Palukere West,0.056,0.0,0.056
kampala_elegu,771,385.5,32.154,3.1925,open road,Palukere West,0.005,0.0,0.005
kampala_elegu,772,386.0,32.1525,3.1967,open road,Palukere West,0.0206,0.0,0.0206
kampala_elegu,773,386.5,32.151,3.201,open road,Palukere West,0.2904,0.2768,0.0135
kampala_elegu,774,387.0,32.1489,3.205,open road,Palukere West,0.2636,0.2616,0.002
kampala_elegu,775,387.5,32.1469,3.209,roadside settlement,,0.2908,0.2799,0.011
kampala_elegu,776,388.0,32.1449,3.2131,roadside settlement,Pawiro,0.3534,0.3406,0.0128
kampala_elegu,777,388.5,32.1428,3.2171,roadside settlement,Pawiro,0.3371,0.3042,0.0329
kampala_elegu,778,389.0,32.1408,3.2211,roadside settlement,Pawiro,0.1215,0.0764,0.045
kampala_elegu,779,389.5,32.1387,3.2252,roadside settlement,Pawiro,0.1751,0.1645,0.0106
kampala_elegu,780,390.0,32.1367,3.2292,roadside settlement,Pawiro,0.088,0.04,0.048
kampala_elegu,781,390.5,32.1343,3.233,roadside settlement,Pawiro,0.1178,0.0764,0.0414
kampala_elegu,782,391.0,32.1316,3.2366,roadside settlement,Pupwonya North Lc1,0.0259,0.0,0.0259
kampala_elegu,783,391.5,32.1286,3.24,roadside settlement,Pupwonya North Lc1,0.191,0.1523,0.0386
kampala_elegu,784,392.0,32.1257,3.2434,roadside settlement,Pupwonya North Lc1,0.2456,0.1341,0.1115
kampala_elegu,785,392.5,32.1231,3.2471,roadside settlement,Atiak,0.0486,0.0218,0.0268
kampala_elegu,786,393.0,32.1213,3.2513,roadside settlement,Atiak,0.145,0.0764,0.0685
kampala_elegu,787,393.5,32.1215,3.2556,town,Atiak,0.3706,0.1189,0.2517
kampala_elegu,788,394.0,32.1225,3.26,town,Aciak,0.5263,0.2495,0.2768
kampala_elegu,789,394.5,32.1231,3.2644,roadside settlement,Kal West,0.1946,0.04,0.1546
kampala_elegu,790,395.0,32.1222,3.2689,roadside settlement,Kal East Lc1,0.3282,0.204,0.1243
kampala_elegu,791,395.5,32.1216,3.2733,roadside settlement,Kal East Lc1,0.2476,0.2009,0.0467
kampala_elegu,792,396.0,32.1211,3.2778,roadside settlement,Kal East Lc1,0.1664,0.0825,0.0839
kampala_elegu,793,396.5,32.1189,3.2818,roadside settlement,Kal East Lc1,0.0587,0.0,0.0587
kampala_elegu,794,397.0,32.1169,3.2858,roadside settlement,,0.0458,0.0,0.0458
kampala_elegu,795,397.5,32.1153,3.29,roadside settlement,,0.1032,0.0339,0.0693
kampala_elegu,796,398.0,32.1135,3.2942,roadside settlement,,0.1338,0.043,0.0908
kampala_elegu,797,398.5,32.1117,3.2983,roadside settlement,,0.1115,0.0157,0.0958
kampala_elegu,798,399.0,32.11,3.3025,roadside settlement,Pacilo,0.0746,0.0279,0.0467
kampala_elegu,799,399.5,32.1092,3.307,roadside settlement,Pacilo,0.0607,0.0218,0.0389
kampala_elegu,800,400.0,32.1084,3.3114,open road,Pacilo,0.0333,0.0279,0.0055
kampala_elegu,801,400.5,32.1076,3.3159,open road,Pacilo,0.1611,0.1584,0.0027
kampala_elegu,802,401.0,32.1068,3.3203,roadside settlement,Pacilo,0.1728,0.1523,0.0204
kampala_elegu,803,401.5,32.1052,3.3245,roadside settlement,Pacilo,0.1745,0.125,0.0495
kampala_elegu,804,402.0,32.1033,3.3286,roadside settlement,Pacilo,0.0478,0.0309,0.0169
kampala_elegu,805,402.5,32.1013,3.3327,open road,Pacilo East,0.0945,0.0795,0.015
kampala_elegu,806,403.0,32.0994,3.3368,roadside settlement,Pacilo East,0.1954,0.1736,0.0218
kampala_elegu,807,403.5,32.097,3.3406,roadside settlement,Pacilo East,0.1936,0.1615,0.0322
kampala_elegu,808,404.0,32.094,3.3439,roadside settlement,Pacilo East,0.1322,0.0552,0.077
kampala_elegu,809,404.5,32.0909,3.3472,roadside settlement,Pacilo East,0.0637,0.0,0.0637
kampala_elegu,810,405.0,32.0878,3.3505,open road,Pacilo East,0.1241,0.0613,0.0628
kampala_elegu,811,405.5,32.0854,3.3542,roadside settlement,Pacilo East,0.1668,0.1038,0.0631
kampala_elegu,812,406.0,32.0843,3.3586,open road,Pacilo East,0.2261,0.2161,0.01
kampala_elegu,813,406.5,32.0833,3.363,open road,,0.1831,0.1706,0.0125
kampala_elegu,814,407.0,32.0822,3.3674,open road,,0.2384,0.2343,0.0041
kampala_elegu,815,407.5,32.0812,3.3718,open road,,0.2105,0.207,0.0035
kampala_elegu,816,408.0,32.0797,3.3761,open road,,0.0624,0.0613,0.0012
kampala_elegu,817,408.5,32.0781,3.3803,open road,,0.0013,0.0,0.0013
kampala_elegu,818,409.0,32.0768,3.3847,open road,,0.0313,0.0,0.0313
kampala_elegu,819,409.5,32.0757,3.3891,open road,,0.1725,0.1706,0.002
kampala_elegu,820,410.0,32.0746,3.3934,open road,,0.057,0.0461,0.0109
kampala_elegu,821,410.5,32.0736,3.3978,open road,,0.0017,0.0,0.0017
kampala_elegu,822,411.0,32.0725,3.4022,open road,,0.2505,0.2495,0.001
kampala_elegu,823,411.5,32.0716,3.4066,open road,,0.1584,0.1584,0.0
kampala_elegu,824,412.0,32.0718,3.4112,open road,,0.0,0.0,0.0
kampala_elegu,825,412.5,32.0718,3.4157,open road,,0.0159,0.0,0.0159
kampala_elegu,826,413.0,32.0705,3.42,open road,,0.0303,0.0,0.0303
kampala_elegu,827,413.5,32.0693,3.4243,open road,,0.4873,0.0096,0.4776
kampala_elegu,828,414.0,32.0679,3.4287,open road,Bibia East,0.1446,0.1311,0.0135
kampala_elegu,829,414.5,32.067,3.4331,open road,Bibia East,0.0448,0.0,0.0448
kampala_elegu,830,415.0,32.0667,3.4376,open road,Bibia East,0.0448,0.0,0.0448
kampala_elegu,831,415.5,32.0663,3.4421,open road,Bibia East,0.0391,0.0,0.0391
kampala_elegu,832,416.0,32.066,3.4466,open road,Bibia East,0.0516,0.0,0.0516
kampala_elegu,833,416.5,32.0663,3.4511,open road,Bibia East,0.1701,0.1463,0.0239
kampala_elegu,834,417.0,32.0666,3.4556,open road,Bibia East,0.1563,0.1372,0.0192
kampala_elegu,835,417.5,32.067,3.4601,open road,Bibia,0.2465,0.2465,0.0
kampala_elegu,836,418.0,32.0672,3.4646,open road,Bibia,0.241,0.2131,0.0279
kampala_elegu,837,418.5,32.0676,3.4691,roadside settlement,Bibia,0.2354,0.21,0.0254
kampala_elegu,838,419.0,32.068,3.4736,town,Bibia,0.4972,0.1645,0.3327
kampala_elegu,839,419.5,32.0696,3.4778,roadside settlement,Bibia West,0.1308,0.0127,0.1182
kampala_elegu,840,420.0,32.0702,3.4823,open road,Bibia West,0.0768,0.0,0.0768
kampala_elegu,841,420.5,32.0709,3.4867,open road,Bibia West,0.1186,0.0764,0.0421
kampala_elegu,842,421.0,32.0736,3.4902,open road,Bibia West,0.0,0.0,0.0
kampala_elegu,843,421.5,32.0767,3.4936,roadside settlement,,0.2345,0.1584,0.0761
kampala_elegu,844,422.0,32.0782,3.4976,roadside settlement,,0.0696,0.0,0.0696
kampala_elegu,845,422.5,32.0782,3.5022,roadside settlement,,0.0159,0.0,0.0159
kampala_elegu,846,423.0,32.0782,3.5067,roadside settlement,,0.0552,0.0,0.0552
kampala_elegu,847,423.5,32.0782,3.5112,roadside settlement,,0.0547,0.0,0.0547
kampala_elegu,848,424.0,32.0782,3.5157,roadside settlement,,0.0796,0.0,0.0796
kampala_elegu,849,424.5,32.0782,3.5202,open road,,0.2074,0.1189,0.0884
kampala_elegu,850,425.0,32.0781,3.5248,open road,,0.1808,0.125,0.0557
kampala_elegu,851,425.5,32.0778,3.5293,open road,Bibia West Lc1,0.1494,0.1281,0.0214
kampala_elegu,852,426.0,32.0768,3.5337,open road,Bibia West Lc1,0.1428,0.1281,0.0147
kampala_elegu,853,426.5,32.0759,3.5381,open road,Bibia West Lc1,0.0934,0.0795,0.0139
kampala_elegu,854,427.0,32.0749,3.5425,open road,Bibia West Lc1,0.1585,0.1007,0.0578
kampala_elegu,855,427.5,32.074,3.5469,open road,Bibia West Lc1,0.1411,0.0855,0.0555
kampala_elegu,856,428.0,32.0734,3.5514,open road,Bibia West Lc1,0.1285,0.125,0.0035
kampala_elegu,857,428.5,32.0728,3.5559,roadside settlement,Bibia West Lc1,0.1569,0.0916,0.0653
kampala_elegu,858,429.0,32.072,3.5603,roadside settlement,Bibia West Lc1,0.2294,0.1068,0.1226
kampala_elegu,859,429.5,32.0712,3.5648,town,,0.6217,0.1281,0.4936
kampala_elegu,860,430.0,32.0717,3.5692,roadside settlement,,0.2444,0.125,0.1194
kampala_elegu,861,430.5,32.0742,3.5719,roadside settlement,,0.4566,0.1979,0.2587
kampala_hoima,0,0.0,32.5484,0.3357,town,Mugema,0.2389,0.043,0.1958
kampala_hoima,1,0.5,32.5464,0.3397,town,Namungoona,0.2609,0.0,0.2609
kampala_hoima,2,1.0,32.5438,0.3434,town,Namugoona Roundabout,0.2279,0.0,0.2279
kampala_hoima,3,1.5,32.5413,0.3469,town,Namugoona Roundabout,0.4259,0.1007,0.3252
kampala_hoima,4,2.0,32.5386,0.3505,town,Nansana West II A,0.7909,0.6108,0.1801
kampala_hoima,5,2.5,32.5359,0.3541,town,Nansana East II A,1.0403,0.9448,0.0955
kampala_hoima,6,3.0,32.5331,0.3577,town,Nansana East II A,0.4514,0.2556,0.1958
kampala_hoima,7,3.5,32.5305,0.3614,town,Nansana West II B,0.4521,0.2252,0.2269
kampala_hoima,8,4.0,32.5276,0.3647,town,Nansana,0.5143,0.21,0.3043
kampala_hoima,9,4.5,32.5238,0.3672,town,Nansana West I A,0.3165,0.1068,0.2097
kampala_hoima,10,5.0,32.5221,0.3713,town,Nansana West I B,0.2489,0.0,0.2489
kampala_hoima,11,5.5,32.5208,0.3756,town,,0.2952,0.0855,0.2097
kampala_hoima,12,6.0,32.5195,0.3799,town,,0.4516,0.0643,0.3873
kampala_hoima,13,6.5,32.5174,0.3838,town,Ocheng A,0.2407,0.0,0.2407
kampala_hoima,14,7.0,32.5138,0.3866,town,Ocheng B,0.254,0.0,0.254
kampala_hoima,15,7.5,32.5099,0.3888,roadside settlement,Ocheng B,0.9347,0.7839,0.1509
kampala_hoima,16,8.0,32.506,0.391,town,Naluvule,0.2332,0.0,0.2332
kampala_hoima,17,8.5,32.5021,0.3932,roadside settlement,Kayunga,0.1989,0.1129,0.0861
kampala_hoima,18,9.0,32.4981,0.3955,roadside settlement,Kayunga,0.6595,0.6169,0.0426
kampala_hoima,19,9.5,32.4938,0.3964,roadside settlement,Gombe A,0.1492,0.0,0.1492
kampala_hoima,20,10.0,32.4893,0.3969,roadside settlement,Kasangobe,0.1492,0.0,0.1492
kampala_hoima,21,10.5,32.4848,0.3975,town,Kasangobe,0.4976,0.2495,0.2481
kampala_hoima,22,11.0,32.4804,0.3981,town,Wakiso,0.9682,0.8385,0.1297
kampala_hoima,23,11.5,32.4773,0.4011,town,Kisimbiri Central,0.3677,0.1281,0.2397
kampala_hoima,24,12.0,32.474,0.4041,roadside settlement,Kyoga,0.1492,0.0,0.1492
kampala_hoima,25,12.5,32.4701,0.4063,roadside settlement,Kyoga,0.1492,0.0,0.1492
kampala_hoima,26,13.0,32.4662,0.4085,roadside settlement,Namusera,0.8679,0.8659,0.002
kampala_hoima,27,13.5,32.4623,0.4108,roadside settlement,Namusera,0.5048,0.3952,0.1095
kampala_hoima,28,14.0,32.4584,0.4129,roadside settlement,Namusera,0.175,0.0,0.175
kampala_hoima,29,14.5,32.4539,0.4133,roadside settlement,Namusera,0.4089,0.374,0.0349
kampala_hoima,30,15.0,32.4494,0.4134,roadside settlement,Nkoowe,0.5899,0.5349,0.055
kampala_hoima,31,15.5,32.4449,0.4135,roadside settlement,Nkoowe,0.4901,0.4226,0.0675
kampala_hoima,32,16.0,32.4404,0.4136,roadside settlement,Nkoowe,0.1876,0.0,0.1876
kampala_hoima,33,16.5,32.4361,0.4148,roadside settlement,Nkoowe,0.1305,0.0,0.1305
kampala_hoima,34,17.0,32.4318,0.416,roadside settlement,Kikubampanga,0.362,0.1888,0.1732
kampala_hoima,35,17.5,32.4275,0.4173,roadside settlement,Kikubampanga,0.3362,0.2313,0.1049
kampala_hoima,36,18.0,32.4231,0.4185,roadside settlement,Kikubampanga,0.0144,0.0,0.0144
kampala_hoima,37,18.5,32.4188,0.4195,roadside settlement,Kikubampanga,0.8783,0.9053,-0.027
kampala_hoima,38,19.0,32.4143,0.4194,roadside settlement,Kikubampanga,0.1447,0.0,0.1447
kampala_hoima,39,19.5,32.4098,0.4188,roadside settlement,Kikubampanga,0.4874,0.3558,0.1316
kampala_hoima,40,20.0,32.4054,0.4192,roadside settlement,Kikubampanga,0.1561,0.0,0.1561
kampala_hoima,41,20.5,32.4009,0.4196,roadside settlement,Kigaaga,0.4991,0.4256,0.0735
kampala_hoima,42,21.0,32.3964,0.4198,roadside settlement,Kigaaga,0.1293,0.0,0.1293
kampala_hoima,43,21.5,32.392,0.4199,town,Kakiri,0.639,0.3983,0.2408
kampala_hoima,44,22.0,32.3875,0.4204,roadside settlement,Kisenyi,0.4332,0.3133,0.1199
kampala_hoima,45,22.5,32.3834,0.4221,roadside settlement,Kisenyi,0.5192,0.456,0.0633
kampala_hoima,46,23.0,32.3804,0.4255,roadside settlement,Kambe,0.4538,0.3618,0.0919
kampala_hoima,47,23.5,32.3774,0.4289,roadside settlement,Kambe,0.3758,0.2525,0.1233
kampala_hoima,48,24.0,32.3744,0.4323,roadside settlement,Bulonda,0.3988,0.2738,0.125
kampala_hoima,49,24.5,32.3714,0.4356,roadside settlement,Bulonda,0.1619,0.0,0.1619
kampala_hoima,50,25.0,32.3673,0.4374,roadside settlement,Bulonda,0.1407,0.0,0.1407
kampala_hoima,51,25.5,32.3631,0.4388,roadside settlement,Nakyelongoosa,0.0676,0.0,0.0676
kampala_hoima,52,26.0,32.3588,0.4403,roadside settlement,Kikandwa,0.5145,0.4074,0.1071
kampala_hoima,53,26.5,32.3546,0.4419,roadside settlement,Kikandwa,0.6193,0.5835,0.0358
kampala_hoima,54,27.0,32.351,0.4445,roadside settlement,Kikandwa,0.1371,0.0,0.1371
kampala_hoima,55,27.5,32.3473,0.4471,roadside settlement,Lugombe,0.1511,0.0,0.1511
kampala_hoima,56,28.0,32.3437,0.4498,roadside settlement,Lugombe,0.0517,0.0,0.0517
kampala_hoima,57,28.5,32.34,0.4524,roadside settlement,Mwera,0.1451,0.1189,0.0262
kampala_hoima,58,29.0,32.3364,0.4551,roadside settlement,Mwera,0.7907,0.8051,-0.0144
kampala_hoima,59,29.5,32.3336,0.4584,roadside settlement,Mwera,0.2641,0.1432,0.1209
kampala_hoima,60,30.0,32.3325,0.4628,roadside settlement,Mwera,0.1751,0.0,0.1751
kampala_hoima,61,30.5,32.3304,0.4668,roadside settlement,Nampunge,0.3865,0.3072,0.0793
kampala_hoima,62,31.0,32.3281,0.4707,roadside settlement,Nampunge,0.237,0.1129,0.1241
kampala_hoima,63,31.5,32.3259,0.4746,roadside settlement,Nampunge,0.3811,0.2434,0.1377
kampala_hoima,64,32.0,32.3236,0.4785,roadside settlement,Nampunge,0.2044,0.0,0.2044
kampala_hoima,65,32.5,32.3214,0.4825,roadside settlement,Ggala Nalya,0.1316,0.0,0.1316
kampala_hoima,66,33.0,32.3183,0.4857,roadside settlement,Gobero,0.0467,0.0,0.0467
kampala_hoima,67,33.5,32.3148,0.4886,roadside settlement,Gobero,0.3987,0.289,0.1098
kampala_hoima,68,34.0,32.3109,0.4904,roadside settlement,Gobero,0.0547,0.0,0.0547
kampala_hoima,69,34.5,32.3077,0.4935,roadside settlement,Gobero,0.3936,0.3527,0.0409
kampala_hoima,70,35.0,32.3046,0.4968,open road,Gobero,0.0261,0.0218,0.0043
kampala_hoima,71,35.5,32.3016,0.5001,open road,Gobero,0.19,0.1432,0.0468
kampala_hoima,72,36.0,32.2985,0.5034,open road,Busaku,0.5531,0.5774,-0.0243
kampala_hoima,73,36.5,32.2951,0.5063,roadside settlement,Busaku,0.0433,0.0,0.0433
kampala_hoima,74,37.0,32.2915,0.509,roadside settlement,Busaku,0.2892,0.1554,0.1338
kampala_hoima,75,37.5,32.2879,0.5117,roadside settlement,Busaku,0.608,0.6138,-0.0059
kampala_hoima,76,38.0,32.2843,0.5144,roadside settlement,Busaku,0.0691,0.0,0.0691
kampala_hoima,77,38.5,32.2803,0.5165,roadside settlement,Busaku,0.0231,0.0,0.0231
kampala_hoima,78,39.0,32.2762,0.5183,roadside settlement,Namayumba,0.7256,0.7323,-0.0067
kampala_hoima,79,39.5,32.272,0.52,roadside settlement,Namayumba,0.3996,0.2768,0.1228
kampala_hoima,80,40.0,32.2679,0.5218,roadside settlement,Namayumba,0.62,0.5197,0.1003
kampala_hoima,81,40.5,32.2638,0.5235,roadside settlement,Namayumba,0.2068,0.0,0.2068
kampala_hoima,82,41.0,32.2596,0.5252,roadside settlement,Kavule,0.1057,0.0,0.1057
kampala_hoima,83,41.5,32.2554,0.5266,roadside settlement,Kavule,0.113,0.0066,0.1064
kampala_hoima,84,42.0,32.251,0.5278,roadside settlement,Namayumba,0.5678,0.5622,0.0056
kampala_hoima,85,42.5,32.2467,0.529,roadside settlement,Namayumba,0.0507,0.0,0.0507
kampala_hoima,86,43.0,32.243,0.5315,roadside settlement,Namayumba,0.5603,0.4286,0.1316
kampala_hoima,87,43.5,32.24,0.5348,roadside settlement,Kyanuuna,0.0548,0.0,0.0548
kampala_hoima,88,44.0,32.2376,0.5385,open road,Kyanuuna,0.0281,0.0,0.0281
kampala_hoima,89,44.5,32.2357,0.5426,roadside settlement,Kyanuuna,0.1095,0.04,0.0695
kampala_hoima,90,45.0,32.233,0.5462,roadside settlement,Kyanuna,0.18,0.1098,0.0702
kampala_hoima,91,45.5,32.2301,0.5497,roadside settlement,Kyanuna,0.3699,0.3133,0.0566
kampala_hoima,92,46.0,32.2272,0.5531,open road,Kyanuna,0.0184,0.0,0.0184
kampala_hoima,93,46.5,32.2236,0.5559,roadside settlement,Mikka,0.0559,0.0,0.0559
kampala_hoima,94,47.0,32.22,0.5586,roadside settlement,Mikka,0.1492,0.0,0.1492
kampala_hoima,95,47.5,32.2164,0.5613,open road,Busunju D,0.1819,0.1675,0.0143
kampala_hoima,96,48.0,32.2128,0.5639,roadside settlement,Kibubula C,0.2106,0.1888,0.0218
kampala_hoima,97,48.5,32.2085,0.565,roadside settlement,Kibubula C,0.5206,0.462,0.0586
kampala_hoima,98,49.0,32.204,0.5656,roadside settlement,Busunju,0.5543,0.5076,0.0467
kampala_hoima,99,49.5,32.2005,0.5683,roadside settlement,Kibubula A,0.5276,0.4317,0.096
kampala_hoima,100,50.0,32.1965,0.5703,roadside settlement,Busunju A,1.1225,1.0754,0.0471
kampala_hoima,101,50.5,32.193,0.5728,roadside settlement,Busunju A,0.0617,0.0,0.0617
kampala_hoima,102,51.0,32.1912,0.5769,roadside settlement,Mbalala,0.3583,0.2374,0.1209
kampala_hoima,103,51.5,32.189,0.5808,roadside settlement,Mbalala,0.2665,0.1463,0.1202
kampala_hoima,104,52.0,32.186,0.5841,roadside settlement,Kitamaavu,0.2126,0.0734,0.1392
kampala_hoima,105,52.5,32.1819,0.5859,roadside settlement,Kitamaavu,0.1196,0.0,0.1196
kampala_hoima,106,53.0,32.178,0.5879,open road,Kitamaavu,0.0446,0.0,0.0446
kampala_hoima,107,53.5,32.1737,0.589,open road,Kikunyu,0.004,0.0,0.004
kampala_hoima,108,54.0,32.1696,0.5909,open road,Namigavu,0.4369,0.456,-0.019
kampala_hoima,109,54.5,32.1655,0.5927,open road,Namigavu,0.4328,0.4408,-0.0079
kampala_hoima,110,55.0,32.1613,0.5939,roadside settlement,Namigavu,0.8323,0.8173,0.0151
kampala_hoima,111,55.5,32.1569,0.5933,roadside settlement,Bombo (namigavu),0.0608,0.0,0.0608
kampala_hoima,112,56.0,32.1533,0.5958,roadside settlement,Kibisi,0.1617,0.0,0.1617
kampala_hoima,113,56.5,32.1499,0.5988,roadside settlement,Kibisi,0.0943,0.0,0.0943
kampala_hoima,114,57.0,32.1468,0.6021,roadside settlement,Kanyale (namigavu),0.1144,0.0,0.1144
kampala_hoima,115,57.5,32.1433,0.6048,roadside settlement,Wangoma,0.0779,0.0,0.0779
kampala_hoima,116,58.0,32.1416,0.6089,roadside settlement,Wangoma,0.1885,0.1402,0.0483
kampala_hoima,117,58.5,32.1391,0.6126,roadside settlement,Wangoma,0.1924,0.1857,0.0066
kampala_hoima,118,59.0,32.1371,0.6166,roadside settlement,Mate,0.708,0.6867,0.0213
kampala_hoima,119,59.5,32.1354,0.6208,roadside settlement,Matte,0.5323,0.5379,-0.0057
kampala_hoima,120,60.0,32.1335,0.6247,open road,Matte,0.8569,0.8659,-0.009
kampala_hoima,121,60.5,32.1291,0.6242,open road,Matte,0.9929,0.9782,0.0147
kampala_hoima,122,61.0,32.1248,0.6251,open road,Matte,0.0958,0.0,0.0958
kampala_hoima,123,61.5,32.1208,0.6259,open road,Nana,0.0797,0.0,0.0797
kampala_hoima,124,62.0,32.1168,0.6279,roadside settlement,Nana,0.0537,0.0,0.0537
kampala_hoima,125,62.5,32.1142,0.6315,roadside settlement,Nana,0.5608,0.5167,0.0441
kampala_hoima,126,63.0,32.1105,0.6339,roadside settlement,Kabongezo,0.6289,0.5926,0.0363
kampala_hoima,127,63.5,32.1067,0.6363,roadside settlement,Kabongezo,0.9196,0.9023,0.0173
kampala_hoima,128,64.0,32.1025,0.6378,roadside settlement,Kabongezo,0.3948,0.295,0.0998
kampala_hoima,129,64.5,32.0986,0.6398,roadside settlement,Kikandwa,0.2726,0.1038,0.1689
kampala_hoima,130,65.0,32.0969,0.644,roadside settlement,Bombo,0.318,0.2799,0.0381
kampala_hoima,131,65.5,32.0959,0.6484,roadside settlement,Bombo (nakwaya),0.0771,0.0,0.0771
kampala_hoima,132,66.0,32.095,0.6528,roadside settlement,Bombo (nakwaya),0.0741,0.0,0.0741
kampala_hoima,133,66.5,32.0929,0.6568,roadside settlement,Nakwaya B,0.4999,0.4833,0.0166
kampala_hoima,134,67.0,32.0913,0.661,roadside settlement,Nakwaya B,0.4595,0.3892,0.0703
kampala_hoima,135,67.5,32.089,0.6647,roadside settlement,Bukalamuli,0.0857,0.0188,0.0669
kampala_hoima,136,68.0,32.0866,0.6686,roadside settlement,Nakwaya,0.3996,0.3072,0.0924
kampala_hoima,137,68.5,32.086,0.6725,roadside settlement,Kituuma,0.0761,0.0,0.0761
kampala_hoima,138,69.0,32.0815,0.6724,roadside settlement,Kituuma,0.0373,0.0,0.0373
kampala_hoima,139,69.5,32.0772,0.6714,roadside settlement,Kituuma,0.1826,0.0,0.1826
kampala_hoima,140,70.0,32.0728,0.6709,roadside settlement,Temanekali A,0.4611,0.4195,0.0415
kampala_hoima,141,70.5,32.0686,0.6725,roadside settlement,Temanekali A,0.1465,0.0,0.1465
kampala_hoima,142,71.0,32.0658,0.6756,roadside settlement,Temanekali A,0.0549,0.0,0.0549
kampala_hoima,143,71.5,32.0619,0.6776,roadside settlement,Kasokolindo,0.0398,0.0,0.0398
kampala_hoima,144,72.0,32.0584,0.6805,roadside settlement,Kasokolindo,0.0502,0.0,0.0502
kampala_hoima,145,72.5,32.0547,0.683,roadside settlement,Mataagi,0.0671,0.0,0.0671
kampala_hoima,146,73.0,32.0507,0.685,roadside settlement,Bukomero B,0.497,0.4681,0.0289
kampala_hoima,147,73.5,32.0469,0.6874,roadside settlement,Bukomero B,0.1103,0.0491,0.0612
kampala_hoima,148,74.0,32.0434,0.6902,roadside settlement,Bukomero B,0.094,0.0,0.094
kampala_hoima,149,74.5,32.0391,0.691,roadside settlement,Bukomero Central,0.2064,0.0855,0.1209
kampala_hoima,150,75.0,32.0348,0.6903,roadside settlement,Bukomero Central,0.1445,0.0916,0.0529
kampala_hoima,151,75.5,32.0305,0.6896,roadside settlement,Kakunyu A,0.5385,0.3983,0.1403
kampala_hoima,152,76.0,32.0264,0.6878,roadside settlement,Kakunyu A,0.3895,0.3224,0.0671
kampala_hoima,153,76.5,32.022,0.6867,roadside settlement,Kalagala B,0.2672,0.1857,0.0814
kampala_hoima,154,77.0,32.0176,0.6865,roadside settlement,Kateera,0.575,0.5804,-0.0055
kampala_hoima,155,77.5,32.0134,0.688,roadside settlement,Kateera,0.4676,0.4256,0.042
kampala_hoima,156,78.0,32.0097,0.6906,roadside settlement,Kateera,0.6533,0.5622,0.0911
kampala_hoima,157,78.5,32.0068,0.694,roadside settlement,Kalagala,0.0539,0.0157,0.0381
kampala_hoima,158,79.0,32.0051,0.6981,roadside settlement,Kalagala,0.2542,0.1736,0.0806
kampala_hoima,159,79.5,32.0028,0.702,roadside settlement,Kalagala,0.5638,0.5804,-0.0167
kampala_hoima,160,80.0,31.9997,0.7053,roadside settlement,Kyamanyoli,0.4172,0.4135,0.0038
kampala_hoima,161,80.5,31.9964,0.7084,roadside settlement,Kyamanyoli,0.4153,0.3861,0.0292
kampala_hoima,162,81.0,31.9935,0.7116,open road,Kyamanyoli,0.339,0.3588,-0.0198
kampala_hoima,163,81.5,31.9938,0.7159,open road,Kyamanyoli,0.5324,0.5471,-0.0147
kampala_hoima,164,82.0,31.9916,0.7198,open road,Kayunga,0.7044,0.6989,0.0055
kampala_hoima,165,82.5,31.9889,0.7234,roadside settlement,Kayunga,0.8479,0.8416,0.0064
kampala_hoima,166,83.0,31.9865,0.7271,roadside settlement,Kayunga,0.4372,0.3527,0.0844
kampala_hoima,167,83.5,31.9833,0.7302,roadside settlement,Mpangala East,0.2389,0.0886,0.1503
kampala_hoima,168,84.0,31.9807,0.7339,roadside settlement,Mpangala East,0.3551,0.295,0.0601
kampala_hoima,169,84.5,31.9785,0.7378,roadside settlement,Mpangala West,0.0536,0.0157,0.0379
kampala_hoima,170,85.0,31.9772,0.7421,roadside settlement,Kiyamba,0.0547,0.0,0.0547
kampala_hoima,171,85.5,31.9757,0.7463,roadside settlement,Kiyamba,0.0354,0.0,0.0354
kampala_hoima,172,86.0,31.9734,0.7502,roadside settlement,Kiyamba,0.1932,0.1766,0.0166
kampala_hoima,173,86.5,31.9713,0.7542,roadside settlement,Kyoomya,0.3135,0.3042,0.0093
kampala_hoima,174,87.0,31.9692,0.7582,roadside settlement,Kyoomya,0.2469,0.2282,0.0186
kampala_hoima,175,87.5,31.9667,0.7619,roadside settlement,Kyoomya,0.0782,0.043,0.0351
kampala_hoima,176,88.0,31.9637,0.7653,roadside settlement,Nakaseeta,0.0134,0.0,0.0134
kampala_hoima,177,88.5,31.9611,0.769,open road,Nakaseeta,0.1711,0.1645,0.0066
kampala_hoima,178,89.0,31.9587,0.7728,roadside settlement,Nakaseeta,0.0654,0.0,0.0654
kampala_hoima,179,89.5,31.9557,0.7762,roadside settlement,Nakaseeta,0.0358,0.0,0.0358
kampala_hoima,180,90.0,31.953,0.7798,open road,Ssinde,0.0227,0.0,0.0227
kampala_hoima,181,90.5,31.9508,0.7837,roadside settlement,Ssinde,0.0631,0.0218,0.0413
kampala_hoima,182,91.0,31.9486,0.7876,roadside settlement,Ssinde,0.2726,0.2525,0.02
kampala_hoima,183,91.5,31.9464,0.7915,roadside settlement,Ssinde,0.1891,0.1675,0.0216
kampala_hoima,184,92.0,31.9439,0.7953,roadside settlement,Ssinde,0.1421,0.1311,0.011
kampala_hoima,185,92.5,31.9408,0.7984,roadside settlement,Lunya,0.0129,0.0,0.0129
kampala_hoima,186,93.0,31.9372,0.801,roadside settlement,Lunya,0.0612,0.0,0.0612
kampala_hoima,187,93.5,31.9331,0.8023,roadside settlement,Lunya,0.6799,0.6958,-0.016
kampala_hoima,188,94.0,31.9289,0.8036,roadside settlement,Kitutumuzi,0.1328,0.0613,0.0716
kampala_hoima,189,94.5,31.9251,0.8059,roadside settlement,Lunya,0.1385,0.0,0.1385
kampala_hoima,190,95.0,31.9214,0.8085,roadside settlement,Lunya,0.0457,0.0,0.0457
kampala_hoima,191,95.5,31.918,0.8114,roadside settlement,Lunya,0.0249,0.0,0.0249
kampala_hoima,192,96.0,31.9154,0.8151,roadside settlement,Lunya,0.0558,0.037,0.0189
kampala_hoima,193,96.5,31.9124,0.8183,roadside settlement,Kawanda-namawugulu,0.0487,0.0,0.0487
kampala_hoima,194,97.0,31.9088,0.821,roadside settlement,Kawaawa,0.0363,0.0036,0.0327
kampala_hoima,195,97.5,31.9058,0.8244,roadside settlement,Kawaawa,0.2603,0.2313,0.029
kampala_hoima,196,98.0,31.9023,0.8272,roadside settlement,Kawaawa,0.0507,0.0,0.0507
kampala_hoima,197,98.5,31.8988,0.83,roadside settlement,Kattanzige,0.1233,0.0,0.1233
kampala_hoima,198,99.0,31.8954,0.833,roadside settlement,Kattanzige,0.3947,0.2738,0.1209
kampala_hoima,199,99.5,31.892,0.8359,town,Lwamata Central,0.5425,0.2708,0.2718
kampala_hoima,200,100.0,31.8879,0.8377,roadside settlement,Lwamata Central,0.6804,0.6078,0.0726
kampala_hoima,201,100.5,31.8839,0.8398,roadside settlement,Lwamata,0.4089,0.295,0.1138
kampala_hoima,202,101.0,31.8805,0.8427,roadside settlement,Kittankula,0.2593,0.1493,0.11
kampala_hoima,203,101.5,31.877,0.8456,roadside settlement,Kittankula,0.1377,0.0947,0.0431
kampala_hoima,204,102.0,31.8738,0.8487,roadside settlement,Busabulongo,0.143,0.1007,0.0423
kampala_hoima,205,102.5,31.8707,0.852,roadside settlement,Busabulongo,0.0946,0.037,0.0576
kampala_hoima,206,103.0,31.8676,0.8553,roadside settlement,Busabulongo,0.1852,0.1281,0.0572
kampala_hoima,207,103.5,31.8646,0.8586,roadside settlement,Kyekumbya (kyekumbya),0.1605,0.125,0.0355
kampala_hoima,208,104.0,31.8614,0.8618,roadside settlement,Kyekumbya (kyekumbya),0.2154,0.1797,0.0357
kampala_hoima,209,104.5,31.8584,0.8652,roadside settlement,Kyekumbya (kyekumbya),0.0552,0.0,0.0552
kampala_hoima,210,105.0,31.8559,0.869,roadside settlement,Kyekumbya (kyekumbya),0.215,0.1432,0.0718
kampala_hoima,211,105.5,31.8532,0.8725,roadside settlement,Kyekumbya (kyekumbya),0.5198,0.5076,0.0123
kampala_hoima,212,106.0,31.8497,0.8754,roadside settlement,Kyekumbya (kyekumbya),0.3388,0.295,0.0438
kampala_hoima,213,106.5,31.8458,0.8776,roadside settlement,,0.4204,0.3527,0.0677
kampala_hoima,214,107.0,31.8415,0.879,roadside settlement,,0.0348,0.0,0.0348
kampala_hoima,215,107.5,31.8382,0.8819,roadside settlement,,0.0487,0.0,0.0487
kampala_hoima,216,108.0,31.8347,0.8849,roadside settlement,Kirinda,0.0467,0.0,0.0467
kampala_hoima,217,108.5,31.8306,0.886,open road,Kirinda,0.4587,0.4772,-0.0185
kampala_hoima,218,109.0,31.8262,0.8853,roadside settlement,Kirinda,0.7799,0.8051,-0.0252
kampala_hoima,219,109.5,31.8218,0.8862,roadside settlement,Kirinda,0.7418,0.714,0.0277
kampala_hoima,220,110.0,31.8175,0.8873,roadside settlement,Kirinda,0.232,0.0188,0.2133
kampala_hoima,221,110.5,31.8131,0.8881,roadside settlement,Kirinda,0.1124,0.0,0.1124
kampala_hoima,222,111.0,31.8102,0.8914,roadside settlement,Kyetume A,0.1007,0.043,0.0576
kampala_hoima,223,111.5,31.8097,0.8958,roadside settlement,Kyetume A,0.3256,0.295,0.0306
kampala_hoima,224,112.0,31.8057,0.8975,roadside settlement,Kyetume A,0.1218,0.0,0.1218
kampala_hoima,225,112.5,31.8012,0.8979,roadside settlement,Kagobe,0.0846,0.0,0.0846
kampala_hoima,226,113.0,31.7973,0.9,roadside settlement,Kagobe,0.0347,0.0,0.0347
kampala_hoima,227,113.5,31.7931,0.8999,roadside settlement,Lwaminyol,0.1821,0.1615,0.0206
kampala_hoima,228,114.0,31.7889,0.9013,roadside settlement,Lwaminyol,0.4429,0.4408,0.0022
kampala_hoima,229,114.5,31.7855,0.9038,roadside settlement,Kyanga,0.4913,0.4377,0.0536
kampala_hoima,230,115.0,31.7821,0.9065,roadside settlement,Luwunga.b,0.9194,0.9235,-0.0041
kampala_hoima,231,115.5,31.7784,0.9091,town,Hospital,0.5308,0.289,0.2418
kampala_hoima,232,116.0,31.7745,0.9113,roadside settlement,Hospital,0.15,0.0005,0.1495
kampala_hoima,233,116.5,31.7704,0.9132,roadside settlement,Kiboga Town,0.1493,0.0,0.1493
kampala_hoima,234,117.0,31.7666,0.9155,roadside settlement,Kiboga,0.1758,0.0,0.1758
kampala_hoima,235,117.5,31.7629,0.9181,roadside settlement,Kabakanjagala,0.1719,0.0,0.1719
kampala_hoima,236,118.0,31.7596,0.9212,roadside settlement,Kabakanjagala,0.1918,0.1311,0.0608
kampala_hoima,237,118.5,31.7573,0.9249,roadside settlement,Katuugo,0.2721,0.1281,0.144
kampala_hoima,238,119.0,31.7562,0.9293,roadside settlement,Katuugo,0.6169,0.5896,0.0273
kampala_hoima,239,119.5,31.7547,0.9335,roadside settlement,Kalagi A,0.0612,0.0,0.0612
kampala_hoima,240,120.0,31.7532,0.9377,roadside settlement,Kalagi A,0.2091,0.1311,0.078
kampala_hoima,241,120.5,31.7513,0.9418,roadside settlement,Kalagi B,0.563,0.5137,0.0494
kampala_hoima,242,121.0,31.7493,0.9458,roadside settlement,Kalagi B,0.0642,0.0,0.0642
kampala_hoima,243,121.5,31.7471,0.9498,roadside settlement,Masodde,0.6638,0.626,0.0378
kampala_hoima,244,122.0,31.745,0.9538,roadside settlement,Masodde,0.4597,0.4013,0.0584
kampala_hoima,245,122.5,31.7429,0.9578,roadside settlement,Masodde,0.0642,0.0,0.0642
kampala_hoima,246,123.0,31.7412,0.9619,roadside settlement,Kikweyengo,0.4431,0.4529,-0.0098
kampala_hoima,247,123.5,31.7404,0.9664,roadside settlement,Kikweyengo,0.5797,0.5865,-0.0068
kampala_hoima,248,124.0,31.7385,0.9704,roadside settlement,Kikweyengo,0.4847,0.4226,0.0621
kampala_hoima,249,124.5,31.7352,0.9735,roadside settlement,Kikweyengo,0.1393,0.0309,0.1084
kampala_hoima,250,125.0,31.7312,0.9753,roadside settlement,Kyakayingo,0.0774,0.0,0.0774
kampala_hoima,251,125.5,31.7267,0.9751,roadside settlement,Kisekende,0.0403,0.0,0.0403
kampala_hoima,252,126.0,31.7227,0.9767,open road,Kisekende,0.0065,0.0,0.0065
kampala_hoima,253,126.5,31.7185,0.9784,roadside settlement,Lwansama,0.4797,0.4863,-0.0066
kampala_hoima,254,127.0,31.7149,0.9809,roadside settlement,Lwansama,0.0428,0.0,0.0428
kampala_hoima,255,127.5,31.7116,0.9841,roadside settlement,Lwansama,0.108,0.0,0.108
kampala_hoima,256,128.0,31.708,0.9867,roadside settlement,Lwampalala,0.0304,0.0,0.0304
kampala_hoima,257,128.5,31.7045,0.9894,open road,Lwampalala,0.1993,0.1888,0.0105
kampala_hoima,258,129.0,31.7028,0.9936,open road,Kikolimbo,0.005,0.0,0.005
kampala_hoima,259,129.5,31.7008,0.9977,roadside settlement,Kikolimbo,0.3496,0.3133,0.0363
kampala_hoima,260,130.0,31.6988,1.0017,roadside settlement,Kikolimbo,0.0134,0.0,0.0134
kampala_hoima,261,130.5,31.6969,1.0058,open road,Kiyombya A,0.4183,0.4195,-0.0013
kampala_hoima,262,131.0,31.6946,1.0097,roadside settlement,Kiyombya A,0.0539,0.0096,0.0442
kampala_hoima,263,131.5,31.692,1.0134,roadside settlement,Kiyombya A,0.0246,0.0,0.0246
kampala_hoima,264,132.0,31.6895,1.0171,open road,Watuba,0.011,0.0,0.011
kampala_hoima,265,132.5,31.6865,1.0205,roadside settlement,Watuba,0.3847,0.3861,-0.0014
kampala_hoima,266,133.0,31.6837,1.0241,roadside settlement,Wattuba East,0.2785,0.2525,0.026
kampala_hoima,267,133.5,31.6809,1.0276,roadside settlement,Wattuba East,0.2731,0.1432,0.1299
kampala_hoima,268,134.0,31.6781,1.0312,roadside settlement,Mutuba,0.1783,0.0855,0.0928
kampala_hoima,269,134.5,31.6754,1.0348,roadside settlement,Kyakayamba,0.0847,0.0,0.0847
kampala_hoima,270,135.0,31.6728,1.0384,open road,Kyakayamba,0.0633,0.0,0.0633
kampala_hoima,271,135.5,31.6702,1.0421,open road,Kyakayamba,0.2094,0.204,0.0055
kampala_hoima,272,136.0,31.6676,1.0458,open road,Kyakayamba,0.002,0.0,0.002
kampala_hoima,273,136.5,31.665,1.0495,open road,Bekiina,0.4652,0.4833,-0.0181
kampala_hoima,274,137.0,31.6625,1.0533,open road,Bekiina,0.4019,0.3892,0.0127
kampala_hoima,275,137.5,31.6601,1.0571,open road,Bekiina,0.12,0.1098,0.0101
kampala_hoima,276,138.0,31.6576,1.0609,open road,Mukyenda,0.0,0.0,0.0
kampala_hoima,277,138.5,31.6552,1.0646,roadside settlement,Mukyenda,0.2396,0.1463,0.0933
kampala_hoima,278,139.0,31.6525,1.0683,roadside settlement,Mukyenda,0.2434,0.122,0.1214
kampala_hoima,279,139.5,31.6498,1.0719,roadside settlement,Mukyenda,0.3121,0.1857,0.1263
kampala_hoima,280,140.0,31.6469,1.0754,roadside settlement,Kikoma A,0.1138,0.0,0.1138
kampala_hoima,281,140.5,31.6435,1.0783,open road,Kikoma A,0.0785,0.0309,0.0476
kampala_hoima,282,141.0,31.6401,1.0813,open road,Kikoma A,0.3089,0.3102,-0.0014
kampala_hoima,283,141.5,31.6369,1.0843,roadside settlement,Kyanawaalu,0.27,0.2374,0.0327
kampala_hoima,284,142.0,31.6342,1.088,roadside settlement,Kyanawaalu,0.0813,0.0188,0.0625
kampala_hoima,285,142.5,31.631,1.0911,roadside settlement,Kyanawaalu,0.0361,0.0,0.0361
kampala_hoima,286,143.0,31.6276,1.0941,open road,Kyanawaalu,0.1759,0.1402,0.0357
kampala_hoima,287,143.5,31.6245,1.0973,open road,Kyanawaalu,0.2478,0.2343,0.0135
kampala_hoima,288,144.0,31.6213,1.1005,open road,Kamirambazzi,0.0005,0.0,0.0005
kampala_hoima,289,144.5,31.6181,1.1038,open road,Kamirambazzi,0.2219,0.2191,0.0027
kampala_hoima,290,145.0,31.6151,1.1071,roadside settlement,Kamirambazzi,0.1831,0.1493,0.0338
kampala_hoima,291,145.5,31.6119,1.1103,roadside settlement,Kamirambazzi,0.5095,0.5076,0.0019
kampala_hoima,292,146.0,31.6086,1.1133,roadside settlement,Kamirambazzi,0.1447,0.1038,0.041
kampala_hoima,293,146.5,31.6053,1.1163,roadside settlement,Bukwiri Trading Centre,0.0509,0.0,0.0509
kampala_hoima,294,147.0,31.602,1.1195,roadside settlement,Bukwiri Trading Centre,0.6304,0.6412,-0.0108
kampala_hoima,295,147.5,31.5987,1.1226,roadside settlement,Bukwiri Trading Centre,0.0781,0.0,0.0781
kampala_hoima,296,148.0,31.5955,1.1257,roadside settlement,Bukwiri,0.1573,0.0,0.1573
kampala_hoima,297,148.5,31.5923,1.1289,open road,Bukwiri,0.2376,0.1979,0.0398
kampala_hoima,298,149.0,31.5892,1.1321,open road,Kayunga,0.6332,0.5896,0.0436
kampala_hoima,299,149.5,31.5866,1.1358,open road,Kayunga,0.0868,0.0673,0.0195
kampala_hoima,300,150.0,31.5844,1.1397,open road,Kayunga,0.0444,0.0,0.0444
kampala_hoima,301,150.5,31.5821,1.1437,open road,Lwebisiriza,0.4052,0.4104,-0.0053
kampala_hoima,302,151.0,31.5799,1.1476,open road,Lwebisiriza,0.4807,0.4985,-0.0178
kampala_hoima,303,151.5,31.5776,1.1514,roadside settlement,Lwebisiriza,0.2024,0.0916,0.1108
kampala_hoima,304,152.0,31.5756,1.1555,roadside settlement,Lwebisiriza,0.0463,0.0,0.0463
kampala_hoima,305,152.5,31.5737,1.1596,open road,Katanabirwa,0.005,0.0,0.005
kampala_hoima,306,153.0,31.572,1.1638,roadside settlement,Katanabirwa,0.4845,0.4104,0.0741
kampala_hoima,307,153.5,31.5701,1.1678,roadside settlement,Katanabirwa,0.1492,0.0,0.1492
kampala_hoima,308,154.0,31.568,1.1719,roadside settlement,Katanabirwa,0.6439,0.5531,0.0908
kampala_hoima,309,154.5,31.5667,1.1762,roadside settlement,Katanabirwa,0.0453,0.0,0.0453
kampala_hoima,310,155.0,31.5657,1.1806,open road,Nkulubanyi,0.1325,0.0643,0.0682
kampala_hoima,311,155.5,31.5646,1.185,open road,Nkulubanyi,0.5772,0.5865,-0.0094
kampala_hoima,312,156.0,31.5637,1.1894,roadside settlement,Nkulubanyi,0.0189,0.0,0.0189
kampala_hoima,313,156.5,31.5628,1.1938,open road,Nkulubanyi,0.0444,0.0,0.0444
kampala_hoima,314,157.0,31.5619,1.1983,open road,Nkulubanyi,0.4673,0.4863,-0.019
kampala_hoima,315,157.5,31.5617,1.2028,open road,Kalagi,0.4177,0.4347,-0.017
kampala_hoima,316,158.0,31.5608,1.2072,open road,Kalagi,0.1699,0.0916,0.0783
kampala_hoima,317,158.5,31.5585,1.2111,open road,Kalagi,0.4367,0.4013,0.0354
kampala_hoima,318,159.0,31.5558,1.2147,open road,Kalagi,0.0161,0.0157,0.0004
kampala_hoima,319,159.5,31.5529,1.2181,roadside settlement,Mumasole,0.0612,0.0,0.0612
kampala_hoima,320,160.0,31.55,1.2216,roadside settlement,Karagi,0.4206,0.3376,0.0831
kampala_hoima,321,160.5,31.5473,1.2252,roadside settlement,Karagi,0.2527,0.1827,0.07
kampala_hoima,322,161.0,31.5444,1.2286,open road,Karagi,0.1189,0.1189,0.0
kampala_hoima,323,161.5,31.5411,1.2317,open road,Kyabadeba,0.002,0.0,0.002
kampala_hoima,324,162.0,31.5378,1.2348,roadside settlement,Kyakabuga,0.5149,0.5197,-0.0048
kampala_hoima,325,162.5,31.5345,1.2378,roadside settlement,Kyakabuga,0.2712,0.1949,0.0763
kampala_hoima,326,163.0,31.5312,1.2409,roadside settlement,Kyakabuga,0.0345,0.0,0.0345
kampala_hoima,327,163.5,31.5278,1.2439,roadside settlement,Munsambya,0.5397,0.544,-0.0043
kampala_hoima,328,164.0,31.5243,1.2468,roadside settlement,Munsambya,0.1149,0.0,0.1149
kampala_hoima,329,164.5,31.5209,1.2496,roadside settlement,Kawungeera,0.7552,0.7201,0.0351
kampala_hoima,330,165.0,31.5181,1.2532,roadside settlement,Kawungeera,0.5227,0.4742,0.0486
kampala_hoima,331,165.5,31.514,1.255,open road,Kawungeera,0.1171,0.0,0.1171
kampala_hoima,332,166.0,31.5104,1.2576,open road,Nsambya,0.0236,0.0,0.0236
kampala_hoima,333,166.5,31.5069,1.2605,open road,Nsambya,0.007,0.0,0.007
kampala_hoima,334,167.0,31.5034,1.2634,roadside settlement,Nsambya,0.4116,0.4074,0.0043
kampala_hoima,335,167.5,31.4997,1.2659,roadside settlement,Kilimanjaro,0.0169,0.0,0.0169
kampala_hoima,336,168.0,31.4959,1.2683,roadside settlement,Kilimanjaro,0.097,0.0,0.097
kampala_hoima,337,168.5,31.4921,1.2706,roadside settlement,Kilimanjaro,0.0668,0.0582,0.0086
kampala_hoima,338,169.0,31.4883,1.273,roadside settlement,Kikonda A,0.3267,0.292,0.0347
kampala_hoima,339,169.5,31.4844,1.2754,roadside settlement,Kikonda A,0.0537,0.0,0.0537
kampala_hoima,340,170.0,31.4809,1.2781,roadside settlement,Kikonda,0.15,0.0,0.15
kampala_hoima,341,170.5,31.4777,1.2813,roadside settlement,Kikonda B,0.0677,0.0,0.0677
kampala_hoima,342,171.0,31.4741,1.284,roadside settlement,Kikonda B,0.1923,0.0795,0.1128
kampala_hoima,343,171.5,31.4699,1.2855,roadside settlement,Kalongo,0.1697,0.125,0.0447
kampala_hoima,344,172.0,31.4666,1.2884,roadside settlement,Kalongo,0.0973,0.0704,0.027
kampala_hoima,345,172.5,31.4647,1.2925,open road,Kalongo,0.0053,0.0,0.0053
kampala_hoima,346,173.0,31.464,1.2969,open road,Kalongo,0.1284,0.1098,0.0186
kampala_hoima,347,173.5,31.4642,1.3015,open road,Kalongo,0.1155,0.0916,0.0239
kampala_hoima,348,174.0,31.4618,1.305,open road,Kasambya I,0.122,0.122,0.0
kampala_hoima,349,174.5,31.4583,1.3079,open road,Kasambya I,0.2776,0.2768,0.0008
kampala_hoima,350,175.0,31.4548,1.3107,roadside settlement,Kategeira,0.4006,0.4043,-0.0037
kampala_hoima,351,175.5,31.4511,1.3133,roadside settlement,Kategeira,0.3977,0.3861,0.0115
kampala_hoima,352,176.0,31.447,1.3149,roadside settlement,Kategeira,0.6246,0.5865,0.0381
kampala_hoima,353,176.5,31.4427,1.3164,roadside settlement,Katereiga I,0.3605,0.3376,0.023
kampala_hoima,354,177.0,31.4391,1.3189,roadside settlement,Katereiga I,0.0298,0.0,0.0298
kampala_hoima,355,177.5,31.4357,1.3219,open road,Kihuura I,0.3872,0.3831,0.0041
kampala_hoima,356,178.0,31.4324,1.3249,roadside settlement,Kihuura Ii,0.5006,0.5167,-0.016
kampala_hoima,357,178.5,31.4291,1.328,roadside settlement,Kihuura Ii,0.5176,0.5258,-0.0082
kampala_hoima,358,179.0,31.4258,1.3312,roadside settlement,Butema,0.4878,0.4651,0.0227
kampala_hoima,359,179.5,31.4227,1.3344,roadside settlement,Butema,0.5048,0.3801,0.1247
kampala_hoima,360,180.0,31.4196,1.3377,roadside settlement,Butema,0.2679,0.1949,0.073
kampala_hoima,361,180.5,31.4167,1.3411,open road,Kihenda,0.0423,0.0,0.0423
kampala_hoima,362,181.0,31.4151,1.3452,open road,Kinogozi,0.0288,0.0,0.0288
kampala_hoima,363,181.5,31.4113,1.3474,roadside settlement,Kinogozi,0.052,0.0,0.052
kampala_hoima,364,182.0,31.4076,1.3499,open road,Kacungiro (kinogozi),0.3773,0.3042,0.0731
kampala_hoima,365,182.5,31.4052,1.3536,open road,Kinogozi East,0.3021,0.292,0.0101
kampala_hoima,366,183.0,31.4036,1.3578,roadside settlement,Kinogozi East,0.1103,0.0825,0.0278
kampala_hoima,367,183.5,31.4027,1.3622,roadside settlement,Kinogozi East,0.1368,0.1098,0.027
kampala_hoima,368,184.0,31.4005,1.3661,open road,Kidaiko,0.2493,0.2282,0.021
kampala_hoima,369,184.5,31.3979,1.3698,open road,Kidaiko,0.394,0.3952,-0.0013
kampala_hoima,370,185.0,31.3956,1.3737,open road,Kyentale,0.5563,0.5774,-0.0211
kampala_hoima,371,185.5,31.3934,1.3776,roadside settlement,Kyentale,0.2303,0.2009,0.0294
kampala_hoima,372,186.0,31.3909,1.3814,roadside settlement,Kyentale,0.0492,0.0,0.0492
kampala_hoima,373,186.5,31.3883,1.3851,roadside settlement,Kihemba,0.5483,0.5471,0.0013
kampala_hoima,374,187.0,31.3858,1.3889,roadside settlement,Kihemba,0.6364,0.6351,0.0013
kampala_hoima,375,187.5,31.3833,1.3926,roadside settlement,Kihemba,0.6402,0.6017,0.0385
kampala_hoima,376,188.0,31.3809,1.3964,roadside settlement,Butanjwa,0.607,0.5592,0.0478
kampala_hoima,377,188.5,31.3784,1.4002,roadside settlement,Butanjwa,0.1017,0.0,0.1017
kampala_hoima,378,189.0,31.3774,1.4046,roadside settlement,Butanjwa,0.0565,0.0,0.0565
kampala_hoima,379,189.5,31.3752,1.4084,roadside settlement,Bwikya Cell,0.0741,0.0,0.0741
kampala_hoima,380,190.0,31.3749,1.4127,town,Bwikya Cell,0.7478,0.4226,0.3252
kampala_hoima,381,190.5,31.3749,1.4172,town,Bwikya Cell,0.5049,0.1797,0.3252
kampala_hoima,382,191.0,31.3731,1.4209,town,Kinubi Cell,0.5115,0.0,0.5115
kampala_hoima,383,191.5,31.3688,1.4215,town,Kinubi Cell,0.4733,0.0,0.4733
kampala_hoima,384,192.0,31.3644,1.4217,town,Kinubi Cell,0.3702,0.0613,0.3089
kampala_hoima,385,192.5,31.3613,1.4247,town,Kijungu Cell,0.933,0.7869,0.1461
kampala_hoima,386,193.0,31.3581,1.4279,town,Market Cell,0.6014,0.0,0.6014
kampala_hoima,387,193.5,31.355,1.4288,town,Hospital Cell,0.5119,0.0,0.5119
kampala_hoima,388,194.0,31.3527,1.4313,town,Hoima,0.3478,0.0,0.3478
kampala_katuna,0,0.0,32.5633,0.2983,town,Spier Zone,0.3155,0.0,0.3155
kampala_katuna,1,0.5,32.5645,0.2945,town,Mutaawe Zone,0.2473,0.0,0.2473
kampala_katuna,2,1.0,32.5609,0.2939,town,Nsiike I Zone,0.33,0.1341,0.1958
kampala_katuna,3,1.5,32.5565,0.2943,town,Nabuny zone A,0.7663,0.541,0.2253
kampala_katuna,4,2.0,32.552,0.2944,town,Kabusu (zone),0.4484,0.2525,0.1958
kampala_katuna,5,2.5,32.5476,0.2953,town,Kabusu,0.2279,0.0,0.2279
kampala_katuna,6,3.0,32.5433,0.2964,town,Nalukolongo,0.2279,0.0,0.2279
kampala_katuna,7,3.5,32.5389,0.2975,town,Musoke Zone,0.2982,0.1007,0.1974
kampala_katuna,8,4.0,32.5346,0.2988,town,Natete Central C Zone,0.3209,0.125,0.1958
kampala_katuna,9,4.5,32.5305,0.3005,town,Natete Central B Zone,0.3968,0.0886,0.3082
kampala_katuna,10,5.0,32.5263,0.3023,town,Kitaka,0.7294,0.5379,0.1914
kampala_katuna,11,5.5,32.5222,0.3041,town,Kitaka Zone,0.3403,0.1189,0.2214
kampala_katuna,12,6.0,32.5182,0.306,town,Kigwanya,0.2872,0.0248,0.2624
kampala_katuna,13,6.5,32.5144,0.3049,town,Busega,0.3348,0.0,0.3348
kampala_katuna,14,7.0,32.511,0.3019,roadside settlement,Nkokonjeru A,0.3886,0.3102,0.0784
kampala_katuna,15,7.5,32.5076,0.2989,town,Nkokonjeru,0.5213,0.3254,0.1958
kampala_katuna,16,8.0,32.5043,0.2959,town,Kyengera,0.503,0.3072,0.1958
kampala_katuna,17,8.5,32.5014,0.2924,town,Central(kyengera),0.5047,0.295,0.2097
kampala_katuna,18,9.0,32.4981,0.2898,town,Mugongo,0.2766,0.0,0.2766
kampala_katuna,19,9.5,32.4956,0.2864,town,Wakimese,0.2433,0.0,0.2433
kampala_katuna,20,10.0,32.4913,0.2851,town,Wakimese,0.7183,0.3983,0.32
kampala_katuna,21,10.5,32.487,0.2843,town,Kiyanja,0.3028,0.0,0.3028
kampala_katuna,22,11.0,32.4837,0.2813,roadside settlement,Kiyanja,0.5762,0.5258,0.0504
kampala_katuna,23,11.5,32.4802,0.2786,town,Tega,0.9045,0.7383,0.1662
kampala_katuna,24,12.0,32.4759,0.2782,town,Nabbingo,0.7677,0.5592,0.2086
kampala_katuna,25,12.5,32.4715,0.2794,town,Namagoma B,0.6959,0.2799,0.416
kampala_katuna,26,13.0,32.4683,0.2766,roadside settlement,Kitemu Central,0.5323,0.0,0.5323
kampala_katuna,27,13.5,32.4661,0.2728,town,Kitemu,0.3796,0.0,0.3796
kampala_katuna,28,14.0,32.4621,0.2721,town,Mukono,0.5615,0.3588,0.2027
kampala_katuna,29,14.5,32.4594,0.2757,town,Nsangi,0.6181,0.3892,0.2289
kampala_katuna,30,15.0,32.4577,0.2799,town,Nsangi,0.3203,0.1159,0.2043
kampala_katuna,31,15.5,32.4557,0.2838,town,Nakatema,0.3965,0.1797,0.2168
kampala_katuna,32,16.0,32.4519,0.2825,town,Nsangi,0.4248,0.0,0.4248
kampala_katuna,33,16.5,32.4481,0.2801,town,Buwaali,0.2757,0.0,0.2757
kampala_katuna,34,17.0,32.4446,0.2774,roadside settlement,Buwaali,0.1547,0.0,0.1547
kampala_katuna,35,17.5,32.4408,0.2749,roadside settlement,Mpiringisa,0.5046,0.4863,0.0183
kampala_katuna,36,18.0,32.4388,0.2709,roadside settlement,Mpiringisa,0.4898,0.4226,0.0672
kampala_katuna,37,18.5,32.4357,0.2678,town,Mpiringisa,1.0084,0.8993,0.1092
kampala_katuna,38,19.0,32.4316,0.2658,town,Bujaasi,0.311,0.0,0.311
kampala_katuna,39,19.5,32.4276,0.2638,town,Bujaasi,0.3873,0.0673,0.3199
kampala_katuna,40,20.0,32.4236,0.2618,roadside settlement,Bujaasi,0.133,0.0,0.133
kampala_katuna,41,20.5,32.4194,0.26,open road,Bujaasi,0.1737,0.1432,0.0305
kampala_katuna,42,21.0,32.4152,0.2585,roadside settlement,Nakirebe,0.232,0.1857,0.0463
kampala_katuna,43,21.5,32.4107,0.2585,roadside settlement,Nakirebe,0.6366,0.6017,0.0349
kampala_katuna,44,22.0,32.4063,0.2586,town,Nakirebe,0.4423,0.2465,0.1958
kampala_katuna,45,22.5,32.4022,0.2568,town,Kataba,0.5546,0.3011,0.2534
kampala_katuna,46,23.0,32.3987,0.254,roadside settlement,Kataba,0.1938,0.0,0.1938
kampala_katuna,47,23.5,32.3949,0.2517,roadside settlement,Kataba,0.1374,0.0066,0.1308
kampala_katuna,48,24.0,32.3907,0.2502,roadside settlement,Kataba,0.4778,0.4499,0.0279
kampala_katuna,49,24.5,32.3864,0.2487,roadside settlement,Kiwamirembe,0.2623,0.1979,0.0644
kampala_katuna,50,25.0,32.3828,0.2462,roadside settlement,Kiwamirembe,1.0226,1.0146,0.008
kampala_katuna,51,25.5,32.3791,0.244,roadside settlement,Katende,0.7344,0.7171,0.0173
kampala_katuna,52,26.0,32.3747,0.2435,roadside settlement,Katende,0.1167,0.0,0.1167
kampala_katuna,53,26.5,32.3702,0.2431,roadside settlement,Katende,0.2109,0.0,0.2109
kampala_katuna,54,27.0,32.3657,0.2426,roadside settlement,Kavule,0.1805,0.0,0.1805
kampala_katuna,55,27.5,32.3613,0.2422,roadside settlement,Kavule,0.0542,0.0,0.0542
kampala_katuna,56,28.0,32.3568,0.2417,open road,Lungala,0.1681,0.122,0.0461
kampala_katuna,57,28.5,32.3523,0.2413,roadside settlement,Lungala,0.9267,0.9569,-0.0302
kampala_katuna,58,29.0,32.3488,0.2387,roadside settlement,Lungala,0.3873,0.2981,0.0892
kampala_katuna,59,29.5,32.3471,0.2345,roadside settlement,Lungala,0.2392,0.0248,0.2144
kampala_katuna,60,30.0,32.3453,0.2304,roadside settlement,Nkonge,0.0522,0.0,0.0522
kampala_katuna,61,30.5,32.3425,0.227,roadside settlement,Ggala,0.2012,0.1766,0.0246
kampala_katuna,62,31.0,32.3389,0.2242,roadside settlement,Ggala,0.676,0.6776,-0.0016
kampala_katuna,63,31.5,32.3354,0.2214,roadside settlement,Police Centre,0.6489,0.6321,0.0168
kampala_katuna,64,32.0,32.3322,0.2183,roadside settlement,Police Centre,0.4571,0.3618,0.0952
kampala_katuna,65,32.5,32.3284,0.2159,roadside settlement,Police Centre,0.1174,0.0,0.1174
kampala_katuna,66,33.0,32.3247,0.2134,roadside settlement,Mawonve,0.5906,0.6017,-0.0111
kampala_katuna,67,33.5,32.3209,0.2109,roadside settlement,Kalagala,0.5917,0.5744,0.0173
kampala_katuna,68,34.0,32.3172,0.2084,roadside settlement,Kalagala,0.2191,0.0036,0.2156
kampala_katuna,69,34.5,32.3134,0.206,roadside settlement,Kalagala,0.1492,0.0,0.1492
kampala_katuna,70,35.0,32.3095,0.2038,roadside settlement,Kalagala,0.1078,0.0855,0.0223
kampala_katuna,71,35.5,32.3052,0.2027,roadside settlement,Nakigudde,1.0078,0.9964,0.0114
kampala_katuna,72,36.0,32.301,0.2014,roadside settlement,Nakigudde,0.227,0.2252,0.0018
kampala_katuna,73,36.5,32.2985,0.1977,roadside settlement,Mpambire,0.1276,0.0248,0.1028
kampala_katuna,74,37.0,32.2962,0.1938,roadside settlement,Mpambire,0.2095,0.0,0.2095
kampala_katuna,75,37.5,32.2935,0.1901,roadside settlement,Mpambire,0.1472,0.0,0.1472
kampala_katuna,76,38.0,32.2901,0.1873,roadside settlement,Mpambire,0.0214,0.0,0.0214
kampala_katuna,77,38.5,32.2865,0.1845,open road,Nambi,0.1795,0.1554,0.0241
kampala_katuna,78,39.0,32.2829,0.1818,open road,Nambi,0.9062,0.9387,-0.0325
kampala_katuna,79,39.5,32.2794,0.179,roadside settlement,Bubuule,0.1123,0.0127,0.0997
kampala_katuna,80,40.0,32.2761,0.1759,roadside settlement,Bubuule,0.7843,0.2556,0.5287
kampala_katuna,81,40.5,32.2726,0.1732,roadside settlement,Kabira,0.1472,0.0977,0.0495
kampala_katuna,82,41.0,32.2681,0.1726,roadside settlement,Kabira,0.3721,0.3284,0.0436
kampala_katuna,83,41.5,32.2637,0.1719,roadside settlement,Kwaba Kabira,0.6613,0.6503,0.011
kampala_katuna,84,42.0,32.2601,0.1696,roadside settlement,Kwaba Kabira,0.1003,0.0,0.1003
kampala_katuna,85,42.5,32.2571,0.1662,roadside settlement,Kwaba Kabira,0.1362,0.0,0.1362
kampala_katuna,86,43.0,32.2529,0.1647,open road,Butenga,0.1129,0.1129,0.0
kampala_katuna,87,43.5,32.2486,0.1636,open road,Butenga,0.158,0.1432,0.0147
kampala_katuna,88,44.0,32.2442,0.163,roadside settlement,Butenga,0.9364,0.966,-0.0297
kampala_katuna,89,44.5,32.2398,0.1639,roadside settlement,Butenga,0.0443,0.0,0.0443
kampala_katuna,90,45.0,32.2355,0.1628,roadside settlement,Kanyike,0.9198,0.9175,0.0023
kampala_katuna,91,45.5,32.2315,0.1608,roadside settlement,Kanyike,0.1555,0.0339,0.1216
kampala_katuna,92,46.0,32.23,0.1566,roadside settlement,Kikunyu,0.6142,0.541,0.0732
kampala_katuna,93,46.5,32.2278,0.1527,roadside settlement,Kikunyu B,0.1492,0.0,0.1492
kampala_katuna,94,47.0,32.2254,0.1489,roadside settlement,Kamengo B,0.5826,0.4772,0.1054
kampala_katuna,95,47.5,32.2233,0.1449,roadside settlement,Kamengo B,0.1763,0.0,0.1763
kampala_katuna,96,48.0,32.2213,0.1409,roadside settlement,Bwamulamira,0.1406,0.0,0.1406
kampala_katuna,97,48.5,32.218,0.1379,roadside settlement,Bwamulamira,0.3094,0.21,0.0993
kampala_katuna,98,49.0,32.2144,0.1352,roadside settlement,Nabbuzi,0.1334,0.0825,0.0509
kampala_katuna,99,49.5,32.2106,0.1328,roadside settlement,Nabbuzi,0.2133,0.1341,0.0792
kampala_katuna,100,50.0,32.2067,0.1305,roadside settlement,Nabbuzi,0.0779,0.0,0.0779
kampala_katuna,101,50.5,32.203,0.1281,open road,Nabbuzi,0.0344,0.0,0.0344
kampala_katuna,102,51.0,32.1993,0.1254,open road,Budde - Kiyonsa,0.0,0.0,0.0
kampala_katuna,103,51.5,32.1953,0.1235,open road,Budde - Kiyonsa,0.1372,0.1372,0.0
kampala_katuna,104,52.0,32.1911,0.1219,roadside settlement,Budde - Kiyonsa,0.5361,0.5197,0.0164
kampala_katuna,105,52.5,32.1869,0.1202,roadside settlement,Kyabadaaza - Ntula,0.2354,0.1949,0.0406
kampala_katuna,106,53.0,32.1828,0.1185,roadside settlement,Kyabadaaza - Ntula,0.8174,0.7778,0.0395
kampala_katuna,107,53.5,32.1797,0.1153,roadside settlement,Kyabadaaza - Ntula,0.27,0.2282,0.0418
kampala_katuna,108,54.0,32.1774,0.1115,roadside settlement,Kabuye - Bbumbu,0.185,0.0,0.185
kampala_katuna,109,54.5,32.1747,0.1079,roadside settlement,Kabuye - Ntaayi,0.1279,0.0,0.1279
kampala_katuna,110,55.0,32.1708,0.1057,open road,Kabuye - Ntaayi,0.0762,0.0,0.0762
kampala_katuna,111,55.5,32.1669,0.1034,open road,Kabuye Bumbu,0.1263,0.1038,0.0226
kampala_katuna,112,56.0,32.163,0.1012,open road,Kalandazi Fr,0.1371,0.1311,0.006
kampala_katuna,113,56.5,32.1591,0.0989,open road,Kalandazi Fr,0.2431,0.2404,0.0027
kampala_katuna,114,57.0,32.1552,0.0967,open road,Kalandazi Fr,0.0942,0.0795,0.0147
kampala_katuna,115,57.5,32.1513,0.0944,open road,Kalandazi Fr,0.2511,0.2495,0.0016
kampala_katuna,116,58.0,32.1476,0.0919,open road,Kalandazi Fr,0.1072,0.1068,0.0004
kampala_katuna,117,58.5,32.1442,0.089,open road,Kanani,0.5203,0.5288,-0.0086
kampala_katuna,118,59.0,32.1402,0.0868,roadside settlement,Mitala Maria Central,0.6243,0.6381,-0.0138
kampala_katuna,119,59.5,32.1362,0.0847,roadside settlement,Mitala Maria Central,0.0269,0.0,0.0269
kampala_katuna,120,60.0,32.1322,0.0826,open road,Mitala Maria Central,0.2257,0.207,0.0187
kampala_katuna,121,60.5,32.1286,0.08,roadside settlement,Mitala Maria,0.9916,1.0237,-0.0321
kampala_katuna,122,61.0,32.1251,0.0772,roadside settlement,Mitala Maria,0.6507,0.6594,-0.0087
kampala_katuna,123,61.5,32.1215,0.0745,roadside settlement,Mitala Maria,0.193,0.0,0.193
kampala_katuna,124,62.0,32.1179,0.0717,roadside settlement,Magya,0.2125,0.0764,0.1361
kampala_katuna,125,62.5,32.1144,0.0689,roadside settlement,Magya,0.1492,0.0,0.1492
kampala_katuna,126,63.0,32.1109,0.0661,roadside settlement,Buwama B,0.1492,0.0,0.1492
kampala_katuna,127,63.5,32.1074,0.0633,town,Buwama B,0.2473,0.0,0.2473
kampala_katuna,128,64.0,32.1035,0.0611,town,Buwama A,0.2677,0.0,0.2677
kampala_katuna,129,64.5,32.0995,0.059,roadside settlement,Buwama A,0.6381,0.6017,0.0364
kampala_katuna,130,65.0,32.0955,0.0569,roadside settlement,Buwama A,0.8281,0.8203,0.0078
kampala_katuna,131,65.5,32.0916,0.0547,roadside settlement,Mbiizinya,0.2431,0.0552,0.1879
kampala_katuna,132,66.0,32.0892,0.0508,roadside settlement,Mbiizinya,0.2405,0.0,0.2405
kampala_katuna,133,66.5,32.0872,0.0468,roadside settlement,Mbiizinya,0.058,0.0,0.058
kampala_katuna,134,67.0,32.0844,0.0433,roadside settlement,Mbiizinya,0.4231,0.3193,0.1037
kampala_katuna,135,67.5,32.0811,0.0402,roadside settlement,Mbiizinya,0.1992,0.1159,0.0833
kampala_katuna,136,68.0,32.0779,0.0371,roadside settlement,Buyaya-kitojjo,0.053,0.0,0.053
kampala_katuna,137,68.5,32.0744,0.0342,open road,Buyaya-kitojjo,0.1145,0.0582,0.0563
kampala_katuna,138,69.0,32.0708,0.0315,open road,Buyaya-kitojjo,0.141,0.1402,0.0008
kampala_katuna,139,69.5,32.0671,0.0289,open road,Kwabba,0.1406,0.1402,0.0004
kampala_katuna,140,70.0,32.0635,0.0263,roadside settlement,Kwabba,0.3264,0.3102,0.0162
kampala_katuna,141,70.5,32.0604,0.0231,roadside settlement,Kwabba,0.3894,0.3376,0.0518
kampala_katuna,142,71.0,32.0575,0.0195,roadside settlement,Nabusanke B,0.0933,0.037,0.0564
kampala_katuna,143,71.5,32.0547,0.016,town,Nabusanke B,0.3224,0.0916,0.2308
kampala_katuna,144,72.0,32.0518,0.0126,roadside settlement,Nabusanke A,0.1492,0.0,0.1492
kampala_katuna,145,72.5,32.0487,0.0093,roadside settlement,Kikomazi,0.6244,0.5774,0.047
kampala_katuna,146,73.0,32.0455,0.0061,roadside settlement,Kikomazi,0.7198,0.6928,0.0271
kampala_katuna,147,73.5,32.0423,0.0029,roadside settlement,Kalagala Kikutuzi,0.1902,0.0673,0.1229
kampala_katuna,148,74.0,32.0395,-0.0006,town,Kalagala Kikutuzi,0.3804,0.0613,0.3191
kampala_katuna,149,74.5,32.0369,-0.0043,roadside settlement,Kalagala Kikutuzi,0.1861,0.0673,0.1188
kampala_katuna,150,75.0,32.0344,-0.008,roadside settlement,Kayabwe Trc,0.1492,0.0,0.1492
kampala_katuna,151,75.5,32.0318,-0.0117,roadside settlement,Kayabwe Trc,0.1566,0.0,0.1566
kampala_katuna,152,76.0,32.0292,-0.0154,roadside settlement,Kayabwe Trc,0.2062,0.0,0.2062
kampala_katuna,153,76.5,32.0266,-0.0191,roadside settlement,Kayabwe Trc,0.2015,0.0,0.2015
kampala_katuna,154,77.0,32.0236,-0.0224,roadside settlement,Kayabwe Trc,0.205,0.043,0.1619
kampala_katuna,155,77.5,32.0199,-0.025,roadside settlement,Kayabwe Trc,0.0952,0.0,0.0952
kampala_katuna,156,78.0,32.0163,-0.0277,open road,,0.1169,0.0825,0.0344
kampala_katuna,157,78.5,32.0127,-0.0304,open road,,0.1232,0.1159,0.0073
kampala_katuna,158,79.0,32.009,-0.033,open road,,0.1602,0.1463,0.0139
kampala_katuna,159,79.5,32.0054,-0.0357,open road,Lbanda A,0.1535,0.1372,0.0163
kampala_katuna,160,80.0,32.0018,-0.0384,roadside settlement,Lbanda A,0.2976,0.2343,0.0632
kampala_katuna,161,80.5,31.9982,-0.041,roadside settlement,Lbanda A,0.4824,0.4772,0.0052
kampala_katuna,162,81.0,31.9946,-0.0437,roadside settlement,Lbanda A,0.7007,0.6989,0.0018
kampala_katuna,163,81.5,31.9918,-0.0473,roadside settlement,Lbanda A,0.7931,0.7657,0.0274
kampala_katuna,164,82.0,31.9891,-0.0509,roadside settlement,Kayunga,0.2291,0.0,0.2291
kampala_katuna,165,82.5,31.9865,-0.0546,roadside settlement,Kayunga,0.0393,0.0,0.0393
kampala_katuna,166,83.0,31.9838,-0.0582,roadside settlement,Kayunga,0.0403,0.0,0.0403
kampala_katuna,167,83.5,31.9811,-0.0619,open road,Kayunga,0.7696,0.793,-0.0234
kampala_katuna,168,84.0,31.9785,-0.0655,roadside settlement,Mugge,0.7084,0.7171,-0.0087
kampala_katuna,169,84.5,31.9758,-0.0691,roadside settlement,Mugge,0.3679,0.2191,0.1488
kampala_katuna,170,85.0,31.9731,-0.0727,roadside settlement,Mugge,0.0834,0.0,0.0834
kampala_katuna,171,85.5,31.9704,-0.0764,roadside settlement,Lubanga,0.1064,0.0,0.1064
kampala_katuna,172,86.0,31.9678,-0.08,roadside settlement,Lubanga,0.1733,0.0218,0.1516
kampala_katuna,173,86.5,31.9651,-0.0836,roadside settlement,Lubanga,0.1497,0.0,0.1497
kampala_katuna,174,87.0,31.9624,-0.0873,open road,Lubanga,0.1654,0.0643,0.1011
kampala_katuna,175,87.5,31.9597,-0.0909,open road,,0.2131,0.125,0.088
kampala_katuna,176,88.0,31.957,-0.0945,open road,,0.1673,0.1402,0.0271
kampala_katuna,177,88.5,31.9544,-0.0982,open road,,0.1883,0.1372,0.0511
kampala_katuna,178,89.0,31.9516,-0.1017,open road,,0.142,0.1281,0.0139
kampala_katuna,179,89.5,31.9485,-0.105,open road,,0.1598,0.1463,0.0135
kampala_katuna,180,90.0,31.9454,-0.1083,open road,Kaziru,0.1591,0.1281,0.0311
kampala_katuna,181,90.5,31.9423,-0.1115,open road,Kaziru,0.1961,0.1554,0.0407
kampala_katuna,182,91.0,31.9392,-0.1148,open road,Kaziru,0.1534,0.1098,0.0435
kampala_katuna,183,91.5,31.936,-0.118,roadside settlement,Kaziru,0.2344,0.1584,0.076
kampala_katuna,184,92.0,31.9319,-0.1199,roadside settlement,Kaziru,0.1502,0.1189,0.0313
kampala_katuna,185,92.5,31.9278,-0.1217,open road,Kaziru,0.1878,0.1402,0.0476
kampala_katuna,186,93.0,31.9238,-0.1236,open road,Kaziru,0.1526,0.1432,0.0094
kampala_katuna,187,93.5,31.9197,-0.1255,open road,Kaziru,0.1476,0.1432,0.0044
kampala_katuna,188,94.0,31.9155,-0.1271,open road,Kamuwunga,0.1311,0.1311,0.0
kampala_katuna,189,94.5,31.9113,-0.1287,open road,Kamuwunga,0.1281,0.1281,0.0
kampala_katuna,190,95.0,31.9071,-0.1303,open road,Kamuwunga,0.1254,0.125,0.0004
kampala_katuna,191,95.5,31.9029,-0.1319,open road,Kamuwunga,0.1345,0.1341,0.0004
kampala_katuna,192,96.0,31.8987,-0.1335,open road,Agip,0.1493,0.1493,0.0
kampala_katuna,193,96.5,31.8946,-0.1354,open road,Agip,0.2126,0.1979,0.0147
kampala_katuna,194,97.0,31.8906,-0.1374,open road,Agip,0.1774,0.1766,0.0008
kampala_katuna,195,97.5,31.8865,-0.1394,roadside settlement,Magezi Cell,0.2155,0.1949,0.0206
kampala_katuna,196,98.0,31.8826,-0.1414,town,Magezi Cell,1.406,0.2465,1.1595
kampala_katuna,197,98.5,31.8788,-0.1439,town,Magezi Cell,0.4835,0.2738,0.2097
kampala_katuna,198,99.0,31.8757,-0.1472,town,Juma Cell,0.5464,0.3224,0.224
kampala_katuna,199,99.5,31.873,-0.1508,roadside settlement,Kaliro Cell,0.4475,0.3163,0.1312
kampala_katuna,200,100.0,31.8705,-0.1545,roadside settlement,Kaliro A,0.5711,0.5197,0.0513
kampala_katuna,201,100.5,31.8678,-0.1581,roadside settlement,"Kirinya 'a""",0.4823,0.3588,0.1235
kampala_katuna,202,101.0,31.8648,-0.1614,roadside settlement,Bajja,0.6887,0.6624,0.0263
kampala_katuna,203,101.5,31.8622,-0.1651,roadside settlement,Bajja,0.4874,0.3527,0.1347
kampala_katuna,204,102.0,31.8603,-0.1692,roadside settlement,Kayunga,0.1957,0.0,0.1957
kampala_katuna,205,102.5,31.8576,-0.1728,roadside settlement,Kayunga,0.0532,0.0,0.0532
kampala_katuna,206,103.0,31.8549,-0.1764,roadside settlement,Lukuli,0.3786,0.3679,0.0107
kampala_katuna,207,103.5,31.8521,-0.18,roadside settlement,Bukullula,0.5941,0.5592,0.0349
kampala_katuna,208,104.0,31.8494,-0.1836,roadside settlement,Bukullula,0.1159,0.0066,0.1093
kampala_katuna,209,104.5,31.8477,-0.1878,roadside settlement,Mukono North,0.0542,0.0,0.0542
kampala_katuna,210,105.0,31.8461,-0.192,roadside settlement,Mukono North,0.4248,0.1432,0.2816
kampala_katuna,211,105.5,31.8451,-0.1964,roadside settlement,Mukono South,0.4428,0.1888,0.254
kampala_katuna,212,106.0,31.8444,-0.2009,roadside settlement,Kisanje East,0.1951,0.1432,0.0518
kampala_katuna,213,106.5,31.8435,-0.2053,roadside settlement,Kisanje East,0.0811,0.0,0.0811
kampala_katuna,214,107.0,31.8422,-0.2096,roadside settlement,Kisanje East,0.576,0.5987,-0.0226
kampala_katuna,215,107.5,31.841,-0.214,roadside settlement,Busanso,0.2833,0.2616,0.0216
kampala_katuna,216,108.0,31.8397,-0.2183,roadside settlement,Busanso,0.4857,0.4894,-0.0036
kampala_katuna,217,108.5,31.8382,-0.2226,roadside settlement,Kabale,0.5862,0.541,0.0452
kampala_katuna,218,109.0,31.837,-0.2269,roadside settlement,Kabale,0.1967,0.0,0.1967
kampala_katuna,219,109.5,31.836,-0.2313,roadside settlement,Kabaale Ii,0.1029,0.0,0.1029
kampala_katuna,220,110.0,31.8338,-0.2352,roadside settlement,Kamutuuza,0.0764,0.0,0.0764
kampala_katuna,221,110.5,31.8311,-0.2388,roadside settlement,Kamutuuza,0.9499,0.9752,-0.0253
kampala_katuna,222,111.0,31.8283,-0.2424,roadside settlement,Kamutuuza,0.0786,0.0,0.0786
kampala_katuna,223,111.5,31.8255,-0.2459,open road,Kamutuuza,0.7264,0.7292,-0.0028
kampala_katuna,224,112.0,31.8232,-0.2497,roadside settlement,Butende,0.5995,0.5562,0.0434
kampala_katuna,225,112.5,31.8215,-0.2539,roadside settlement,Butende,0.1492,0.0,0.1492
kampala_katuna,226,113.0,31.8196,-0.2579,roadside settlement,Butende,0.0731,0.0,0.0731
kampala_katuna,227,113.5,31.8178,-0.2621,roadside settlement,Kiwanyizi,1.1148,1.1361,-0.0213
kampala_katuna,228,114.0,31.8159,-0.2662,roadside settlement,Mpugwe,0.9321,0.9357,-0.0036
kampala_katuna,229,114.5,31.8129,-0.2696,roadside settlement,Mpugwe,0.2295,0.0,0.2295
kampala_katuna,230,115.0,31.8096,-0.2725,roadside settlement,Mpugwe,0.1758,0.0,0.1758
kampala_katuna,231,115.5,31.8057,-0.2744,roadside settlement,Nsangamu,0.116,0.0,0.116
kampala_katuna,232,116.0,31.8021,-0.2771,roadside settlement,Kadugala,0.1235,0.0,0.1235
kampala_katuna,233,116.5,31.798,-0.2789,roadside settlement,Kadugala,0.1339,0.0,0.1339
kampala_katuna,234,117.0,31.7938,-0.2804,open road,Kadugala,0.0159,0.0,0.0159
kampala_katuna,235,117.5,31.7899,-0.2826,open road,Kyalusowe,0.2164,0.1857,0.0307
kampala_katuna,236,118.0,31.7863,-0.285,roadside settlement,Kyalusowe,0.6566,0.6564,0.0002
kampala_katuna,237,118.5,31.785,-0.2893,roadside settlement,Kyalusowe A,0.7376,0.7474,-0.0098
kampala_katuna,238,119.0,31.7839,-0.2937,town,Kyalusowe A,0.9587,0.793,0.1658
kampala_katuna,239,119.5,31.7829,-0.2981,town,Kassana,0.8261,0.4954,0.3307
kampala_katuna,240,120.0,31.7805,-0.3018,town,Kassana,0.7435,0.3679,0.3756
kampala_katuna,241,120.5,31.7776,-0.3051,town,Kassana,0.3412,0.0,0.3412
kampala_katuna,242,121.0,31.7734,-0.3065,roadside settlement,Kayirikiti,0.1039,0.0,0.1039
kampala_katuna,243,121.5,31.769,-0.3062,town,Kayirikiti,0.4264,0.1281,0.2984
kampala_katuna,244,122.0,31.7648,-0.3072,town,Kayirikiti,0.4575,0.2616,0.1958
kampala_katuna,245,122.5,31.7627,-0.3112,town,Binyonyi A,0.254,0.0,0.254
kampala_katuna,246,123.0,31.7607,-0.3152,town,Kitaka,0.2797,0.0,0.2797
kampala_katuna,247,123.5,31.7586,-0.3192,town,Market Triangle,0.3799,0.1341,0.2458
kampala_katuna,248,124.0,31.7557,-0.3226,town,Nakayiba B,0.4785,0.2131,0.2655
kampala_katuna,249,124.5,31.7528,-0.3261,town,Nakayiba A,0.2818,0.0,0.2818
kampala_katuna,250,125.0,31.7491,-0.3285,town,Kirumba B,0.5167,0.2222,0.2945
kampala_katuna,251,125.5,31.7457,-0.3312,town,Kirumba C,0.9568,0.8416,0.1152
kampala_katuna,252,126.0,31.7423,-0.334,town,Mutuba Musisi,0.9592,0.8264,0.1328
kampala_katuna,253,126.5,31.7395,-0.3375,town,Mutuba Musisi,1.0192,0.8659,0.1533
kampala_katuna,254,127.0,31.7372,-0.3414,town,Cinema,0.9235,0.6624,0.2611
kampala_katuna,255,127.5,31.7348,-0.3437,town,Market,0.375,0.0,0.375
kampala_katuna,256,128.0,31.7335,-0.3394,roadside settlement,Old Kumbu,0.1253,0.0,0.1253
kampala_katuna,257,128.5,31.7299,-0.337,roadside settlement,Old Kumbu,0.1492,0.0,0.1492
kampala_katuna,258,129.0,31.7254,-0.3369,roadside settlement,Kijjabwemi B,0.1806,0.0,0.1806
kampala_katuna,259,129.5,31.7209,-0.3368,town,Kijjabwemi B,0.2978,0.0,0.2978
kampala_katuna,260,130.0,31.7165,-0.3364,roadside settlement,Kijjabwemi B,0.0269,0.0,0.0269
kampala_katuna,261,130.5,31.7121,-0.3369,roadside settlement,Kyabakuza Trading Centre,0.2419,0.1979,0.044
kampala_katuna,262,131.0,31.7081,-0.3389,town,Kyabakuza Trading Centre,0.9881,0.8689,0.1193
kampala_katuna,263,131.5,31.7038,-0.3394,town,Kyanja,0.7799,0.4954,0.2844
kampala_katuna,264,132.0,31.6996,-0.3377,roadside settlement,Kyabakuza B,0.4888,0.3436,0.1452
kampala_katuna,265,132.5,31.6953,-0.3366,roadside settlement,Kyabakuza B,0.6037,0.5045,0.0991
kampala_katuna,266,133.0,31.6909,-0.3368,roadside settlement,Kyabakuza B,0.3447,0.2252,0.1195
kampala_katuna,267,133.5,31.6864,-0.3371,roadside settlement,Kyabakuza B,0.0144,0.0,0.0144
kampala_katuna,268,134.0,31.6819,-0.3374,roadside settlement,,1.2212,1.2545,-0.0333
kampala_katuna,269,134.5,31.6777,-0.3391,roadside settlement,,0.8329,0.8294,0.0034
kampala_katuna,270,135.0,31.6733,-0.3397,roadside settlement,Kyabbogo,0.1223,0.0,0.1223
kampala_katuna,271,135.5,31.6688,-0.3395,roadside settlement,Kyabbogo,0.0907,0.0,0.0907
kampala_katuna,272,136.0,31.6646,-0.3383,roadside settlement,Kyabbogo,0.9337,0.9569,-0.0232
kampala_katuna,273,136.5,31.6601,-0.3382,roadside settlement,Kyabbogo,0.1199,0.0,0.1199
kampala_katuna,274,137.0,31.6556,-0.3386,roadside settlement,Kyabbogo,0.6928,0.6169,0.0759
kampala_katuna,275,137.5,31.6511,-0.3384,roadside settlement,Kabwami A,0.1923,0.1007,0.0916
kampala_katuna,276,138.0,31.6468,-0.3389,roadside settlement,Nkoni A,0.1047,0.0,0.1047
kampala_katuna,277,138.5,31.6427,-0.3407,roadside settlement,Nkoni A,0.1676,0.0127,0.155
kampala_katuna,278,139.0,31.6382,-0.341,roadside settlement,Nkoni,0.3527,0.3406,0.0121
kampala_katuna,279,139.5,31.634,-0.3424,roadside settlement,Nkoni Hill,0.2612,0.1949,0.0664
kampala_katuna,280,140.0,31.6295,-0.3427,roadside settlement,Kyagoma,0.2855,0.2495,0.036
kampala_katuna,281,140.5,31.6256,-0.345,roadside settlement,Kyagoma,0.391,0.3133,0.0777
kampala_katuna,282,141.0,31.6212,-0.3452,roadside settlement,Kikonge,0.0796,0.0,0.0796
kampala_katuna,283,141.5,31.6168,-0.3461,roadside settlement,Nkarwe,0.101,0.0,0.101
kampala_katuna,284,142.0,31.6125,-0.3472,roadside settlement,Nkarwe,0.5118,0.4985,0.0133
kampala_katuna,285,142.5,31.6081,-0.3482,roadside settlement,Mirembe (Kagganda),0.1459,0.0,0.1459
kampala_katuna,286,143.0,31.6038,-0.3476,roadside settlement,Mirembe (Kagganda),0.8275,0.8082,0.0194
kampala_katuna,287,143.5,31.5996,-0.3459,roadside settlement,Kagganda,0.0602,0.0,0.0602
kampala_katuna,288,144.0,31.5952,-0.3462,roadside settlement,Kagganda,0.1953,0.0,0.1953
kampala_katuna,289,144.5,31.5912,-0.3479,roadside settlement,Kyoko,0.1328,0.0,0.1328
kampala_katuna,290,145.0,31.5885,-0.3514,open road,Kyoko,0.061,0.0582,0.0027
kampala_katuna,291,145.5,31.5844,-0.3529,open road,Kyoko,0.1402,0.1402,0.0
kampala_katuna,292,146.0,31.5799,-0.3536,roadside settlement,Kyoko,0.4937,0.5015,-0.0078
kampala_katuna,293,146.5,31.5754,-0.3539,roadside settlement,Kaboyo Sula,0.6404,0.629,0.0114
kampala_katuna,294,147.0,31.571,-0.3542,roadside settlement,Kaboyo Sula,0.9039,0.9235,-0.0196
kampala_katuna,295,147.5,31.5665,-0.3545,roadside settlement,Kaboyo Sula,0.0771,0.0,0.0771
kampala_katuna,296,148.0,31.562,-0.3547,roadside settlement,Nakalembe,0.1758,0.0,0.1758
kampala_katuna,297,148.5,31.5576,-0.354,town,Kinoni,0.7569,0.5197,0.2372
kampala_katuna,298,149.0,31.5531,-0.3531,town,Middle,0.7917,0.5319,0.2599
kampala_katuna,299,149.5,31.5489,-0.3543,roadside settlement,Western,0.2302,0.0,0.2302
kampala_katuna,300,150.0,31.5458,-0.3574,roadside settlement,Western,0.0915,0.0,0.0915
kampala_katuna,301,150.5,31.543,-0.361,open road,Western,0.0522,0.0,0.0522
kampala_katuna,302,151.0,31.5403,-0.3646,roadside settlement,Kyekulula,0.6651,0.6685,-0.0034
kampala_katuna,303,151.5,31.5367,-0.3671,roadside settlement,Kyekulula,0.089,0.0,0.089
kampala_katuna,304,152.0,31.5325,-0.3689,roadside settlement,Kyekulula,0.087,0.0,0.087
kampala_katuna,305,152.5,31.5284,-0.3707,open road,Kyekulula,0.1271,0.122,0.0051
kampala_katuna,306,153.0,31.5242,-0.3722,roadside settlement,Bunyere,0.6998,0.7171,-0.0173
kampala_katuna,307,153.5,31.5199,-0.3736,roadside settlement,Degeya,0.7456,0.7535,-0.0079
kampala_katuna,308,154.0,31.5155,-0.3747,roadside settlement,Degeya,0.5868,0.4438,0.1429
kampala_katuna,309,154.5,31.5116,-0.3767,roadside settlement,Degeya,0.2429,0.0,0.2429
kampala_katuna,310,155.0,31.5074,-0.3779,roadside settlement,Degeya,0.0543,0.0,0.0543
kampala_katuna,311,155.5,31.503,-0.3782,open road,Bwami,0.1329,0.1068,0.0261
kampala_katuna,312,156.0,31.4987,-0.3795,roadside settlement,Bwami,0.2399,0.2161,0.0238
kampala_katuna,313,156.5,31.4944,-0.3807,open road,Bwami,0.4026,0.4074,-0.0048
kampala_katuna,314,157.0,31.4899,-0.3807,roadside settlement,Bwami,0.8343,0.8659,-0.0316
kampala_katuna,315,157.5,31.4854,-0.381,roadside settlement,Kabarungi,0.7057,0.6564,0.0493
kampala_katuna,316,158.0,31.481,-0.3816,roadside settlement,Kabarungi,0.324,0.1766,0.1473
kampala_katuna,317,158.5,31.4767,-0.3828,roadside settlement,Kabarungi,0.1252,0.0,0.1252
kampala_katuna,318,159.0,31.4731,-0.3855,roadside settlement,Kabarungi,0.0154,0.0,0.0154
kampala_katuna,319,159.5,31.4692,-0.3876,roadside settlement,Industry,0.0269,0.0,0.0269
kampala_katuna,320,160.0,31.465,-0.3893,town,Industry,0.6099,0.1979,0.412
kampala_katuna,321,160.5,31.4608,-0.391,town,Industry,1.0045,0.7171,0.2874
kampala_katuna,322,161.0,31.4566,-0.3919,roadside settlement,Mbiriizi,0.5216,0.3922,0.1294
kampala_katuna,323,161.5,31.4524,-0.3917,roadside settlement,Police,0.6528,0.626,0.0268
kampala_katuna,324,162.0,31.4485,-0.3933,roadside settlement,Police,0.1079,0.0,0.1079
kampala_katuna,325,162.5,31.4442,-0.3934,roadside settlement,Kyereme,0.5894,0.5015,0.0879
kampala_katuna,326,163.0,31.4398,-0.3938,roadside settlement,Kyereme,0.0378,0.0,0.0378
kampala_katuna,327,163.5,31.4355,-0.393,open road,Kyereme,0.0431,0.0,0.0431
kampala_katuna,328,164.0,31.4312,-0.3946,roadside settlement,Kyereme,0.9048,0.9387,-0.0339
kampala_katuna,329,164.5,31.4271,-0.3963,roadside settlement,Kyawagonya,0.0681,0.0,0.0681
kampala_katuna,330,165.0,31.4228,-0.3974,open road,Kitakomaga,0.5568,0.4226,0.1343
kampala_katuna,331,165.5,31.4186,-0.3959,roadside settlement,Kitakomaga,0.0274,0.0,0.0274
kampala_katuna,332,166.0,31.4141,-0.396,roadside settlement,Kitakomaga,0.3368,0.3042,0.0326
kampala_katuna,333,166.5,31.4097,-0.3961,roadside settlement,Kyetume,0.6181,0.5804,0.0376
kampala_katuna,334,167.0,31.406,-0.3986,roadside settlement,Kyetume,0.2773,0.1432,0.1341
kampala_katuna,335,167.5,31.4016,-0.3982,roadside settlement,Gankanga,0.1077,0.0,0.1077
kampala_katuna,336,168.0,31.3973,-0.3988,open road,Gankanga,0.0898,0.0,0.0898
kampala_katuna,337,168.5,31.3933,-0.4008,open road,Gankanga,0.0338,0.0,0.0338
kampala_katuna,338,169.0,31.3892,-0.4027,open road,Kyegera B,0.1026,0.0855,0.0171
kampala_katuna,339,169.5,31.3847,-0.4032,roadside settlement,Pida,0.309,0.2131,0.0959
kampala_katuna,340,170.0,31.3802,-0.4036,town,Pida,0.4108,0.0977,0.3131
kampala_katuna,341,170.5,31.3758,-0.404,roadside settlement,Kyandazima,0.0262,0.0,0.0262
kampala_katuna,342,171.0,31.3713,-0.4044,roadside settlement,Kyandazima,0.7463,0.6837,0.0626
kampala_katuna,343,171.5,31.3668,-0.4046,roadside settlement,Kirumba,0.3944,0.3983,-0.0039
kampala_katuna,344,172.0,31.3624,-0.4036,roadside settlement,Kirumba,0.2974,0.2222,0.0752
kampala_katuna,345,172.5,31.3585,-0.4014,roadside settlement,Kirumba,0.089,0.0,0.089
kampala_katuna,346,173.0,31.3552,-0.3984,roadside settlement,Kirumba,0.3859,0.374,0.0119
kampala_katuna,347,173.5,31.3519,-0.3953,roadside settlement,Mpumudde (Lwakibirizi),0.8086,0.8082,0.0005
kampala_katuna,348,174.0,31.3481,-0.3931,roadside settlement,Mpumudde (Lwakibirizi),0.1074,0.0,0.1074
kampala_katuna,349,174.5,31.3436,-0.393,roadside settlement,Mpumudde (Lwakibirizi),0.1261,0.0,0.1261
kampala_katuna,350,175.0,31.3391,-0.3932,roadside settlement,Mpumudde (Lwakibirizi),0.444,0.374,0.07
kampala_katuna,351,175.5,31.3346,-0.3932,roadside settlement,Kanyogogga,0.246,0.204,0.042
kampala_katuna,352,176.0,31.3302,-0.3924,roadside settlement,Kanyogogga,0.1139,0.0613,0.0526
kampala_katuna,353,176.5,31.3259,-0.3911,town,Byuma,0.2608,0.0,0.2608
kampala_katuna,354,177.0,31.3219,-0.3889,town,Kyazanga,0.4216,0.1675,0.2541
kampala_katuna,355,177.5,31.318,-0.3868,town,Central,0.5884,0.3224,0.2661
kampala_katuna,356,178.0,31.314,-0.3847,roadside settlement,Bukyanagandi,0.2211,0.1007,0.1203
kampala_katuna,357,178.5,31.3098,-0.3831,roadside settlement,Bukyanagandi,0.6565,0.5713,0.0852
kampala_katuna,358,179.0,31.3055,-0.3817,roadside settlement,Lwentale North,0.7428,0.6837,0.0591
kampala_katuna,359,179.5,31.3012,-0.3804,roadside settlement,Lwentale North,0.3263,0.2191,0.1072
kampala_katuna,360,180.0,31.2968,-0.3801,roadside settlement,Kiganda,0.1668,0.1402,0.0266
kampala_katuna,361,180.5,31.2923,-0.3804,roadside settlement,Kiganda,0.1915,0.1129,0.0787
kampala_katuna,362,181.0,31.2881,-0.3802,roadside settlement,Kiganda,0.9407,0.9752,-0.0345
kampala_katuna,363,181.5,31.2843,-0.3782,roadside settlement,Malongo,0.8555,0.8689,-0.0134
kampala_katuna,364,182.0,31.2799,-0.3771,roadside settlement,Malongo,0.7771,0.6989,0.0783
kampala_katuna,365,182.5,31.2764,-0.3745,roadside settlement,Malongo,0.1913,0.0704,0.1209
kampala_katuna,366,183.0,31.2727,-0.3721,roadside settlement,Kitesa,0.1621,0.0,0.1621
kampala_katuna,367,183.5,31.2686,-0.3704,open road,Kitesa,0.0219,0.0,0.0219
kampala_katuna,368,184.0,31.2642,-0.3692,roadside settlement,Kitesa,0.0244,0.0,0.0244
kampala_katuna,369,184.5,31.2599,-0.3691,roadside settlement,Gyenda,0.0229,0.0,0.0229
kampala_katuna,370,185.0,31.2565,-0.372,roadside settlement,Gyenda,0.1492,0.0,0.1492
kampala_katuna,371,185.5,31.2539,-0.3757,roadside settlement,Katovu Trc,0.2474,0.125,0.1224
kampala_katuna,372,186.0,31.2501,-0.3776,roadside settlement,Katovu Trc,0.1537,0.0461,0.1077
kampala_katuna,373,186.5,31.2457,-0.3783,roadside settlement,Ntula A,0.4944,0.371,0.1235
kampala_katuna,374,187.0,31.2413,-0.3795,roadside settlement,Ntula A,0.3429,0.3193,0.0236
kampala_katuna,375,187.5,31.237,-0.3806,roadside settlement,Katovu Central,0.3133,0.2495,0.0638
kampala_katuna,376,188.0,31.2326,-0.3818,roadside settlement,Katovu Central,0.1609,0.0066,0.1543
kampala_katuna,377,188.5,31.2283,-0.383,roadside settlement,Katovu Central,0.0361,0.0,0.0361
kampala_katuna,378,189.0,31.224,-0.3842,open road,Katovu Central,0.1027,0.0,0.1027
kampala_katuna,379,189.5,31.2195,-0.3845,open road,Katovu B,0.0989,0.0582,0.0407
kampala_katuna,380,190.0,31.215,-0.3848,open road,Bulimbale,0.1554,0.1554,0.0
kampala_katuna,381,190.5,31.2106,-0.3854,open road,Bulimbale,0.3671,0.3527,0.0143
kampala_katuna,382,191.0,31.2061,-0.386,open road,Bulimbale,0.0159,0.0,0.0159
kampala_katuna,383,191.5,31.2023,-0.3838,open road,Bulimbale,0.046,0.0157,0.0303
kampala_katuna,384,192.0,31.1981,-0.3832,open road,Bulimbale,0.4399,0.4529,-0.0131
kampala_katuna,385,192.5,31.1941,-0.3853,roadside settlement,BULIMBALE,0.1255,0.1098,0.0157
kampala_katuna,386,193.0,31.1901,-0.3874,roadside settlement,Ngango,0.3152,0.2556,0.0596
kampala_katuna,387,193.5,31.1867,-0.3902,roadside settlement,Ngango,0.0758,0.0,0.0758
kampala_katuna,388,194.0,31.1828,-0.3923,roadside settlement,Kasambya (Katovu),0.1624,0.0,0.1624
kampala_katuna,389,194.5,31.1787,-0.3942,open road,Kasambya (Katovu),0.121,0.0886,0.0324
kampala_katuna,390,195.0,31.1747,-0.3962,open road,Mikoma,0.2055,0.1463,0.0593
kampala_katuna,391,195.5,31.1706,-0.3982,roadside settlement,Mikoma,0.288,0.21,0.0779
kampala_katuna,392,196.0,31.1666,-0.4002,roadside settlement,Kalagala B,0.1268,0.1038,0.023
kampala_katuna,393,196.5,31.1626,-0.4022,roadside settlement,Kalagala B,0.2904,0.2434,0.047
kampala_katuna,394,197.0,31.1584,-0.4039,roadside settlement,Kasese,0.7505,0.7353,0.0152
kampala_katuna,395,197.5,31.1542,-0.4053,town,Lyantonde,0.4154,0.1645,0.2509
kampala_katuna,396,198.0,31.1501,-0.4071,roadside settlement,Kaliro A,0.2262,0.0,0.2262
kampala_katuna,397,198.5,31.146,-0.4088,roadside settlement,Kaliro A,0.117,0.0521,0.0648
kampala_katuna,398,199.0,31.1416,-0.4099,roadside settlement,Kyabazala,0.1221,0.0,0.1221
kampala_katuna,399,199.5,31.1373,-0.411,roadside settlement,Kyabazala,0.7297,0.7353,-0.0056
kampala_katuna,400,200.0,31.1329,-0.412,roadside settlement,Kyabazala,0.0314,0.0,0.0314
kampala_katuna,401,200.5,31.1286,-0.4134,open road,Kyabazala,0.0963,0.0,0.0963
kampala_katuna,402,201.0,31.1246,-0.4153,open road,Kyabazala,0.2593,0.2465,0.0128
kampala_katuna,403,201.5,31.1207,-0.4176,roadside settlement,Kyabazala,0.1702,0.1098,0.0604
kampala_katuna,404,202.0,31.1168,-0.4199,open road,,0.1283,0.1098,0.0185
kampala_katuna,405,202.5,31.1129,-0.4221,open road,,0.2942,0.2525,0.0416
kampala_katuna,406,203.0,31.1093,-0.4248,open road,,0.1857,0.1857,0.0
kampala_katuna,407,203.5,31.1057,-0.4275,open road,,0.2449,0.2252,0.0197
kampala_katuna,408,204.0,31.1018,-0.4296,roadside settlement,,0.378,0.3527,0.0253
kampala_katuna,409,204.5,31.0978,-0.4317,open road,,0.1731,0.1675,0.0055
kampala_katuna,410,205.0,31.0938,-0.4337,open road,,0.4681,0.4711,-0.003
kampala_katuna,411,205.5,31.0898,-0.4358,open road,,0.2343,0.2343,0.0
kampala_katuna,412,206.0,31.0857,-0.4376,open road,,0.5255,0.5501,-0.0246
kampala_katuna,413,206.5,31.0815,-0.4394,roadside settlement,,0.0288,0.0,0.0288
kampala_katuna,414,207.0,31.0774,-0.4412,open road,,1.0291,1.0116,0.0175
kampala_katuna,415,207.5,31.0733,-0.443,open road,,0.3973,0.3922,0.0051
kampala_katuna,416,208.0,31.0692,-0.4449,roadside settlement,,0.2062,0.0248,0.1814
kampala_katuna,417,208.5,31.0653,-0.4471,open road,,0.0604,0.0,0.0604
kampala_katuna,418,209.0,31.0613,-0.4492,open road,,0.0325,0.0,0.0325
kampala_katuna,419,209.5,31.0574,-0.4514,open road,,0.004,0.0,0.004
kampala_katuna,420,210.0,31.0536,-0.4537,open road,Karengo,0.1329,0.1189,0.0139
kampala_katuna,421,210.5,31.0497,-0.4561,open road,Karengo,0.0005,0.0,0.0005
kampala_katuna,422,211.0,31.0453,-0.4569,open road,Karengo,0.2661,0.2525,0.0135
kampala_katuna,423,211.5,31.0418,-0.4596,roadside settlement,Karengo,0.0863,0.0613,0.025
kampala_katuna,424,212.0,31.0384,-0.4626,roadside settlement,Akageti,0.2187,0.0916,0.1271
kampala_katuna,425,212.5,31.0349,-0.4655,roadside settlement,Akageti,0.253,0.1432,0.1098
kampala_katuna,426,213.0,31.0308,-0.4673,open road,Karengo,0.0888,0.0,0.0888
kampala_katuna,427,213.5,31.0268,-0.4693,open road,Karengo,0.2427,0.1736,0.0691
kampala_katuna,428,214.0,31.0224,-0.4703,open road,Karengo,0.1857,0.1857,0.0
kampala_katuna,429,214.5,31.018,-0.4708,open road,Karengo,0.067,0.0491,0.0179
kampala_katuna,430,215.0,31.0138,-0.4724,open road,,0.1325,0.1189,0.0135
kampala_katuna,431,215.5,31.0099,-0.4747,open road,,0.1081,0.1038,0.0044
kampala_katuna,432,216.0,31.0068,-0.4779,open road,,0.1605,0.1584,0.0021
kampala_katuna,433,216.5,31.0043,-0.4816,open road,,0.0552,0.0552,0.0
kampala_katuna,434,217.0,31.0015,-0.485,open road,,0.1832,0.1797,0.0035
kampala_katuna,435,217.5,30.9978,-0.4875,open road,,0.007,0.0,0.007
kampala_katuna,436,218.0,30.9939,-0.4897,open road,,0.2402,0.2131,0.0271
kampala_katuna,437,218.5,30.9894,-0.4898,open road,Bumaranjara,0.4541,0.4742,-0.0201
kampala_katuna,438,219.0,30.985,-0.4898,roadside settlement,Bumaranjara,0.598,0.6199,-0.0219
kampala_katuna,439,219.5,30.9814,-0.4924,roadside settlement,Bumaranjara,0.0853,0.0,0.0853
kampala_katuna,440,220.0,30.9776,-0.4946,roadside settlement,Bumaranjara,0.2059,0.0886,0.1173
kampala_katuna,441,220.5,30.9731,-0.4943,roadside settlement,Bumaranjara,0.207,0.1523,0.0546
kampala_katuna,442,221.0,30.9686,-0.4942,roadside settlement,Bumaranjara,0.0499,0.0,0.0499
kampala_katuna,443,221.5,30.9641,-0.4945,open road,Bumaranjara,0.1516,0.1341,0.0175
kampala_katuna,444,222.0,30.9596,-0.4949,open road,,0.1899,0.1766,0.0132
kampala_katuna,445,222.5,30.9552,-0.4951,open road,,0.2347,0.2343,0.0004
kampala_katuna,446,223.0,30.9507,-0.4943,open road,,0.2483,0.2343,0.0139
kampala_katuna,447,223.5,30.9463,-0.4934,open road,,0.5345,0.5592,-0.0247
kampala_katuna,448,224.0,30.9419,-0.4926,open road,,0.2526,0.2495,0.0031
kampala_katuna,449,224.5,30.9375,-0.493,roadside settlement,,0.489,0.4013,0.0877
kampala_katuna,450,225.0,30.933,-0.4928,roadside settlement,Nombi,0.1672,0.1372,0.03
kampala_katuna,451,225.5,30.9287,-0.4938,open road,Nombi,0.0083,0.0,0.0083
kampala_katuna,452,226.0,30.9243,-0.4946,open road,Nombi,0.1047,0.0886,0.0161
kampala_katuna,453,226.5,30.9198,-0.4952,open road,Nombi,0.373,0.3861,-0.0131
kampala_katuna,454,227.0,30.9154,-0.4957,open road,Sanga B,0.1827,0.1827,0.0
kampala_katuna,455,227.5,30.9109,-0.4962,roadside settlement,Sanga B,0.3418,0.3011,0.0406
kampala_katuna,456,228.0,30.9068,-0.4978,roadside settlement,Sanga A,0.4762,0.2404,0.2359
kampala_katuna,457,228.5,30.9029,-0.5001,roadside settlement,Sanga A,0.1607,0.0461,0.1146
kampala_katuna,458,229.0,30.8989,-0.5021,roadside settlement,Sanga A,0.1198,0.0,0.1198
kampala_katuna,459,229.5,30.8947,-0.5036,open road,Sanga A,0.2976,0.2404,0.0572
kampala_katuna,460,230.0,30.8906,-0.502,open road,Sanga A,0.0928,0.0795,0.0133
kampala_katuna,461,230.5,30.8868,-0.4995,open road,Kibega,0.01,0.0096,0.0004
kampala_katuna,462,231.0,30.8831,-0.497,open road,Kibega,0.1706,0.1706,0.0
kampala_katuna,463,231.5,30.8794,-0.4945,roadside settlement,Kibega,0.2812,0.2647,0.0165
kampala_katuna,464,232.0,30.8761,-0.4914,roadside settlement,Kibega,0.1949,0.1675,0.0274
kampala_katuna,465,232.5,30.8733,-0.4879,open road,Kibega,0.3417,0.3497,-0.008
kampala_katuna,466,233.0,30.8695,-0.4855,open road,,0.6211,0.6472,-0.0262
kampala_katuna,467,233.5,30.8651,-0.485,roadside settlement,Kyibega,0.2599,0.2222,0.0377
kampala_katuna,468,234.0,30.8608,-0.4863,roadside settlement,Kyibega,0.0189,0.0,0.0189
kampala_katuna,469,234.5,30.8572,-0.489,open road,Kyibega,0.1731,0.1523,0.0207
kampala_katuna,470,235.0,30.854,-0.4921,open road,Kyibega,1.0157,1.045,-0.0293
kampala_katuna,471,235.5,30.8529,-0.4964,open road,Kibega,0.3315,0.0977,0.2338
kampala_katuna,472,236.0,30.8516,-0.5007,open road,Kibega,0.1532,0.0,0.1532
kampala_katuna,473,236.5,30.8482,-0.5036,open road,Kibega,0.0109,0.0,0.0109
kampala_katuna,474,237.0,30.8445,-0.5061,open road,Kibega,0.0173,0.0,0.0173
kampala_katuna,475,237.5,30.8407,-0.5086,open road,Kibega,0.3086,0.292,0.0166
kampala_katuna,476,238.0,30.8364,-0.5096,open road,,0.0539,0.0491,0.0048
kampala_katuna,477,238.5,30.8319,-0.5099,open road,,0.2114,0.1979,0.0136
kampala_katuna,478,239.0,30.8274,-0.5102,open road,,0.2381,0.2374,0.0008
kampala_katuna,479,239.5,30.823,-0.5105,open road,,0.2191,0.204,0.0151
kampala_katuna,480,240.0,30.8185,-0.5108,open road,,0.2145,0.2009,0.0135
kampala_katuna,481,240.5,30.814,-0.5111,open road,,0.2387,0.2191,0.0196
kampala_katuna,482,241.0,30.8095,-0.5114,open road,,0.2902,0.292,-0.0018
kampala_katuna,483,241.5,30.805,-0.5114,open road,,0.2468,0.2465,0.0003
kampala_katuna,484,242.0,30.8006,-0.5111,open road,,0.2856,0.2708,0.0149
kampala_katuna,485,242.5,30.7961,-0.5108,open road,,0.1659,0.1523,0.0135
kampala_katuna,486,243.0,30.7916,-0.5105,open road,,0.2782,0.2647,0.0135
kampala_katuna,487,243.5,30.7871,-0.5105,open road,,0.2509,0.2374,0.0135
kampala_katuna,488,244.0,30.7826,-0.5106,open road,Kamatarisi,0.2479,0.2343,0.0135
kampala_katuna,489,244.5,30.7781,-0.5107,open road,Kamatarisi,0.4467,0.4529,-0.0062
kampala_katuna,490,245.0,30.7736,-0.5107,open road,Kamatarisi,0.7318,0.7596,-0.0278
kampala_katuna,491,245.5,30.7694,-0.512,open road,Kamatarisi,0.0534,0.0,0.0534
kampala_katuna,492,246.0,30.7655,-0.5143,open road,Kamatarisi,0.3223,0.2616,0.0607
kampala_katuna,493,246.5,30.7611,-0.5148,open road,Kamatarisi,0.093,0.0795,0.0135
kampala_katuna,494,247.0,30.7567,-0.5144,open road,Kamatarisi,0.4889,0.5015,-0.0126
kampala_katuna,495,247.5,30.7527,-0.5162,roadside settlement,Kasharara,0.0647,0.0,0.0647
kampala_katuna,496,248.0,30.7492,-0.5191,roadside settlement,Kihangire Cell,0.3685,0.295,0.0735
kampala_katuna,497,248.5,30.7454,-0.5214,roadside settlement,Kihangire Cell,0.0695,0.037,0.0326
kampala_katuna,498,249.0,30.7409,-0.522,roadside settlement,Kihangire Cell,0.2946,0.1979,0.0968
kampala_katuna,499,249.5,30.7365,-0.5225,roadside settlement,Biharwe East Cell,0.5194,0.462,0.0574
kampala_katuna,500,250.0,30.7323,-0.5241,roadside settlement,Biharwe Central Cell,0.6384,0.6047,0.0336
kampala_katuna,501,250.5,30.7283,-0.5262,roadside settlement,Kanyara Cell,0.4363,0.2859,0.1504
kampala_katuna,502,251.0,30.7244,-0.5283,roadside settlement,Rwabishekye-kanyara,0.5821,0.4924,0.0897
kampala_katuna,503,251.5,30.7203,-0.5304,roadside settlement,Rwabishekye-kanyara,0.2152,0.1281,0.0872
kampala_katuna,504,252.0,30.7168,-0.533,roadside settlement,Kibwera,0.2134,0.122,0.0914
kampala_katuna,505,252.5,30.7152,-0.5372,roadside settlement,Kibwera,0.0333,0.0,0.0333
kampala_katuna,506,253.0,30.7142,-0.5416,roadside settlement,Rwagaju,0.1425,0.0977,0.0448
kampala_katuna,507,253.5,30.7138,-0.5461,roadside settlement,Kibwera,0.0715,0.037,0.0345
kampala_katuna,508,254.0,30.7138,-0.5504,roadside settlement,Kibwera,0.0563,0.0,0.0563
kampala_katuna,509,254.5,30.7113,-0.5541,roadside settlement,Migamba,0.0803,0.0,0.0803
kampala_katuna,510,255.0,30.7086,-0.5578,open road,Migamba,0.0298,0.0,0.0298
kampala_katuna,511,255.5,30.7061,-0.5615,open road,Migamba,0.1309,0.1038,0.0271
kampala_katuna,512,256.0,30.7031,-0.5648,roadside settlement,Rwebihuro,0.1492,0.0,0.1492
kampala_katuna,513,256.5,30.6999,-0.568,roadside settlement,Rwebihuro,0.236,0.1523,0.0837
kampala_katuna,514,257.0,30.6966,-0.5711,open road,Rwebihuro,1.2632,0.1311,1.1321
kampala_katuna,515,257.5,30.6927,-0.5734,open road,Rwobuyenje,0.3482,0.3376,0.0106
kampala_katuna,516,258.0,30.689,-0.576,roadside settlement,Makenke,0.3096,0.2374,0.0722
kampala_katuna,517,258.5,30.686,-0.5792,roadside settlement,Makenke,0.2456,0.1766,0.069
kampala_katuna,518,259.0,30.6829,-0.5825,roadside settlement,Makenke,0.388,0.2981,0.0899
kampala_katuna,519,259.5,30.6789,-0.5845,roadside settlement,Nyamityobora Fr,0.4963,0.459,0.0373
kampala_katuna,520,260.0,30.6753,-0.5872,roadside settlement,Nyamityobora Fr,0.1414,0.0613,0.0802
kampala_katuna,521,260.5,30.6714,-0.5895,roadside settlement,Forest Reserve,0.6606,0.6564,0.0043
kampala_katuna,522,261.0,30.6676,-0.5918,roadside settlement,Forest Reserve,0.6737,0.6533,0.0204
kampala_katuna,523,261.5,30.6651,-0.5956,town,Market,0.4519,0.2131,0.2388
kampala_katuna,524,262.0,30.6638,-0.5999,town,Agip,0.5271,0.1827,0.3444
kampala_katuna,525,262.5,30.6628,-0.6042,town,Muti,0.9949,0.8507,0.1442
kampala_katuna,526,263.0,30.6609,-0.6083,town,Boma A,0.7299,0.0,0.7299
kampala_katuna,527,263.5,30.6602,-0.6127,town,Boma,0.6622,0.3042,0.3581
kampala_katuna,528,264.0,30.6574,-0.6159,town,Boma B,0.3353,0.0,0.3353
kampala_katuna,529,264.5,30.653,-0.6164,town,Kashanyarazi,0.3762,0.0,0.3762
kampala_katuna,530,265.0,30.6486,-0.6173,town,Kashanyarazi,0.3755,0.0,0.3755
kampala_katuna,531,265.5,30.6442,-0.6181,roadside settlement,Kashanyarazi,0.2589,0.1463,0.1126
kampala_katuna,532,266.0,30.6402,-0.62,roadside settlement,Nyamitanga,0.4582,0.3922,0.066
kampala_katuna,533,266.5,30.6361,-0.6218,roadside settlement,Nyamitanga,0.108,0.0,0.108
kampala_katuna,534,267.0,30.6334,-0.6254,roadside settlement,Nyamitanga,0.2055,0.1341,0.0714
kampala_katuna,535,267.5,30.6306,-0.6289,roadside settlement,Ruti,0.2438,0.21,0.0338
kampala_katuna,536,268.0,30.6263,-0.6301,roadside settlement,Ruti,0.605,0.3558,0.2493
kampala_katuna,537,268.5,30.622,-0.6315,town,Ruti,0.9262,0.6472,0.2789
kampala_katuna,538,269.0,30.6188,-0.6346,roadside settlement,Katozho,0.1492,0.0,0.1492
kampala_katuna,539,269.5,30.6145,-0.6358,roadside settlement,Nakiojo,0.4494,0.2525,0.1968
kampala_katuna,540,270.0,30.6102,-0.6369,roadside settlement,Nakiojo,0.2039,0.0,0.2039
kampala_katuna,541,270.5,30.6058,-0.6372,roadside settlement,Nakiojo,0.1453,0.0855,0.0597
kampala_katuna,542,271.0,30.6021,-0.635,roadside settlement,Nakiojo,0.1545,0.122,0.0325
kampala_katuna,543,271.5,30.5986,-0.6332,roadside settlement,Nakiojo,0.2075,0.1979,0.0097
kampala_katuna,544,272.0,30.5956,-0.6366,open road,Nakiojo,0.4427,0.4408,0.002
kampala_katuna,545,272.5,30.5921,-0.6394,roadside settlement,,0.7607,0.7232,0.0376
kampala_katuna,546,273.0,30.5884,-0.6419,roadside settlement,,0.1653,0.0,0.1653
kampala_katuna,547,273.5,30.5841,-0.6427,open road,,0.1177,0.0,0.1177
kampala_katuna,548,274.0,30.5796,-0.6424,open road,,0.2065,0.1766,0.0299
kampala_katuna,549,274.5,30.5751,-0.6425,open road,,0.2205,0.207,0.0135
kampala_katuna,550,275.0,30.5706,-0.6427,open road,,0.1841,0.1554,0.0287
kampala_katuna,551,275.5,30.5661,-0.6429,open road,,0.3375,0.3406,-0.003
kampala_katuna,552,276.0,30.5616,-0.643,roadside settlement,,0.264,0.2222,0.0419
kampala_katuna,553,276.5,30.5573,-0.6418,roadside settlement,,0.0106,0.0,0.0106
kampala_katuna,554,277.0,30.5531,-0.6403,roadside settlement,,0.0781,0.0461,0.0321
kampala_katuna,555,277.5,30.5488,-0.6389,roadside settlement,Ruchenche,0.1537,0.1038,0.0499
kampala_katuna,556,278.0,30.5446,-0.6374,open road,Ruchenche,0.2308,0.2161,0.0147
kampala_katuna,557,278.5,30.5403,-0.6359,roadside settlement,Ruchenche,0.4699,0.4286,0.0413
kampala_katuna,558,279.0,30.536,-0.6349,roadside settlement,Ruchenche,0.0617,0.0,0.0617
kampala_katuna,559,279.5,30.5315,-0.635,open road,Ruchenche,0.2634,0.2313,0.0322
kampala_katuna,560,280.0,30.527,-0.6351,open road,Ruchenche,0.0861,0.0582,0.0279
kampala_katuna,561,280.5,30.5225,-0.6352,roadside settlement,Rugando,0.3552,0.3224,0.0328
kampala_katuna,562,281.0,30.5182,-0.6362,roadside settlement,Rugando,0.4054,0.3406,0.0648
kampala_katuna,563,281.5,30.514,-0.6379,roadside settlement,Rugando,0.0467,0.0,0.0467
kampala_katuna,564,282.0,30.5098,-0.6395,open road,Rugando,0.0224,0.0,0.0224
kampala_katuna,565,282.5,30.5057,-0.6412,roadside settlement,Rugando,0.2335,0.1584,0.0751
kampala_katuna,566,283.0,30.5015,-0.6428,roadside settlement,Rugando,0.3333,0.2313,0.102
kampala_katuna,567,283.5,30.4973,-0.6445,roadside settlement,,0.2118,0.1281,0.0838
kampala_katuna,568,284.0,30.4931,-0.6462,open road,,0.2184,0.1554,0.063
kampala_katuna,569,284.5,30.489,-0.6478,open road,,0.1831,0.1827,0.0004
kampala_katuna,570,285.0,30.4854,-0.6505,roadside settlement,,0.2724,0.2525,0.0199
kampala_katuna,571,285.5,30.4828,-0.6542,roadside settlement,,0.5814,0.5926,-0.0112
kampala_katuna,572,286.0,30.4788,-0.656,open road,Kihonzi,0.0189,0.0,0.0189
kampala_katuna,573,286.5,30.4744,-0.657,open road,Kihonzi,0.2662,0.1979,0.0683
kampala_katuna,574,287.0,30.47,-0.6579,open road,Kihonzi,0.2705,0.2495,0.021
kampala_katuna,575,287.5,30.4656,-0.6587,roadside settlement,Kihonzi,0.0602,0.0,0.0602
kampala_katuna,576,288.0,30.4612,-0.6591,roadside settlement,Kihonzi,0.0696,0.0,0.0696
kampala_katuna,577,288.5,30.4568,-0.6603,roadside settlement,Kihonzi,0.224,0.1311,0.0929
kampala_katuna,578,289.0,30.4529,-0.6625,roadside settlement,Kihonzi,0.2337,0.1736,0.0601
kampala_katuna,579,289.5,30.4492,-0.665,roadside settlement,Nyakagando,0.2379,0.1827,0.0552
kampala_katuna,580,290.0,30.4454,-0.6674,roadside settlement,Nyakagando,0.2003,0.1463,0.054
kampala_katuna,581,290.5,30.4411,-0.6689,roadside settlement,Nyakagando,0.2424,0.2282,0.0141
kampala_katuna,582,291.0,30.4368,-0.6702,roadside settlement,Nyakagando,0.39,0.3467,0.0433
kampala_katuna,583,291.5,30.4326,-0.6715,roadside settlement,Nyakagando,0.1632,0.0886,0.0746
kampala_katuna,584,292.0,30.4283,-0.6728,roadside settlement,Nyakagando,0.0957,0.0613,0.0344
kampala_katuna,585,292.5,30.424,-0.6742,roadside settlement,Nyakagando,0.156,0.0673,0.0886
kampala_katuna,586,293.0,30.4197,-0.6755,roadside settlement,Nyakagando,0.1672,0.1432,0.024
kampala_katuna,587,293.5,30.4154,-0.6768,open road,Biti,0.2081,0.1979,0.0102
kampala_katuna,588,294.0,30.4111,-0.6781,roadside settlement,Biti,0.2971,0.2252,0.0718
kampala_katuna,589,294.5,30.4067,-0.6788,roadside settlement,Biti,0.0621,0.0127,0.0494
kampala_katuna,590,295.0,30.4022,-0.6793,roadside settlement,Biti,0.1494,0.1281,0.0213
kampala_katuna,591,295.5,30.3985,-0.6818,open road,Biti,0.1683,0.1372,0.0311
kampala_katuna,592,296.0,30.3951,-0.6846,open road,Biti,0.3064,0.3102,-0.0038
kampala_katuna,593,296.5,30.3916,-0.6876,roadside settlement,Biti,0.0865,0.0552,0.0314
kampala_katuna,594,297.0,30.39,-0.6917,roadside settlement,Biti,0.0831,0.0613,0.0218
kampala_katuna,595,297.5,30.3882,-0.6958,roadside settlement,Biti,0.2468,0.1493,0.0975
kampala_katuna,596,298.0,30.3853,-0.6993,roadside settlement,,0.2793,0.1584,0.1209
kampala_katuna,597,298.5,30.3824,-0.7027,roadside settlement,,0.3219,0.1463,0.1756
kampala_katuna,598,299.0,30.3804,-0.7067,roadside settlement,,0.2254,0.1372,0.0883
kampala_katuna,599,299.5,30.3795,-0.7111,open road,,0.2477,0.1949,0.0528
kampala_katuna,600,300.0,30.3786,-0.7155,roadside settlement,,0.1362,0.0855,0.0506
kampala_katuna,601,300.5,30.377,-0.7197,roadside settlement,,0.217,0.1402,0.0768
kampala_katuna,602,301.0,30.3735,-0.7224,roadside settlement,,0.2892,0.1432,0.146
kampala_katuna,603,301.5,30.3693,-0.7239,roadside settlement,,0.2886,0.1888,0.0998
kampala_katuna,604,302.0,30.3649,-0.7249,roadside settlement,,0.3127,0.2374,0.0754
kampala_katuna,605,302.5,30.3605,-0.7259,open road,,0.1345,0.1341,0.0004
kampala_katuna,606,303.0,30.3564,-0.7275,roadside settlement,,0.261,0.2282,0.0328
kampala_katuna,607,303.5,30.3525,-0.7299,roadside settlement,,0.7336,0.7444,-0.0108
kampala_katuna,608,304.0,30.3492,-0.7328,roadside settlement,Kyempisi,0.1183,0.0977,0.0206
kampala_katuna,609,304.5,30.3468,-0.7366,roadside settlement,Kyempisi,0.3116,0.1888,0.1228
kampala_katuna,610,305.0,30.3451,-0.7408,roadside settlement,Kyempisi,0.0319,0.0,0.0319
kampala_katuna,611,305.5,30.3434,-0.7449,open road,Kyempisi,0.0274,0.0,0.0274
kampala_katuna,612,306.0,30.341,-0.7487,open road,Nyamukana Trading Centre,0.2662,0.2495,0.0167
kampala_katuna,613,306.5,30.3377,-0.7516,roadside settlement,Nyamukana Trading Centre,0.0497,0.0,0.0497
kampala_katuna,614,307.0,30.3339,-0.7538,roadside settlement,Nyamukana Trading Centre,0.3831,0.2616,0.1214
kampala_katuna,615,307.5,30.3296,-0.7549,roadside settlement,Kashenyi,0.3107,0.2495,0.0612
kampala_katuna,616,308.0,30.3254,-0.7562,roadside settlement,Kashenyi,0.275,0.1736,0.1014
kampala_katuna,617,308.5,30.3217,-0.7539,open road,Kyakahetsi,0.2987,0.2647,0.034
kampala_katuna,618,309.0,30.3176,-0.7524,open road,Kyakahetsi,0.0824,0.0521,0.0303
kampala_katuna,619,309.5,30.3145,-0.7554,open road,Nyakakiri,0.003,0.0,0.003
kampala_katuna,620,310.0,30.3109,-0.7577,roadside settlement,Nyakakiri,0.1931,0.1493,0.0438
kampala_katuna,621,310.5,30.3069,-0.7595,open road,Nyakakiri,0.7911,0.8233,-0.0323
kampala_katuna,622,311.0,30.3048,-0.7635,open road,Nyaruteme,0.215,0.1979,0.0172
kampala_katuna,623,311.5,30.3016,-0.7666,roadside settlement,Nyaruteme,0.0408,0.0,0.0408
kampala_katuna,624,312.0,30.2979,-0.7692,open road,Nyaruteme,0.0094,0.0,0.0094
kampala_katuna,625,312.5,30.2943,-0.7718,open road,Rwempiri,1.2764,1.3122,-0.0358
kampala_katuna,626,313.0,30.2906,-0.7745,roadside settlement,Rwempiri,0.7807,0.8112,-0.0305
kampala_katuna,627,313.5,30.2882,-0.778,roadside settlement,Rwempiri,0.3425,0.2131,0.1294
kampala_katuna,628,314.0,30.2869,-0.7822,roadside settlement,Kanyakungu,0.091,0.0,0.091
kampala_katuna,629,314.5,30.2837,-0.7854,roadside settlement,Kashasha,0.0761,0.0,0.0761
kampala_katuna,630,315.0,30.2802,-0.7883,roadside settlement,Kashasha,0.1099,0.0,0.1099
kampala_katuna,631,315.5,30.2758,-0.7885,roadside settlement,Itojo Trading Centre,0.2913,0.1554,0.1359
kampala_katuna,632,316.0,30.2714,-0.7876,roadside settlement,Itojo Trading Centre,0.5754,0.4985,0.077
kampala_katuna,633,316.5,30.2675,-0.7889,open road,Itojo Trading Centre,0.1553,0.0734,0.0819
kampala_katuna,634,317.0,30.2663,-0.7932,open road,Kakiizi,0.0384,0.0,0.0384
kampala_katuna,635,317.5,30.2651,-0.7976,open road,Ruhanga,0.2282,0.2131,0.0151
kampala_katuna,636,318.0,30.264,-0.802,roadside settlement,Ruhanga,0.369,0.3224,0.0466
kampala_katuna,637,318.5,30.2643,-0.8064,roadside settlement,Migorora,0.3905,0.3649,0.0256
kampala_katuna,638,319.0,30.266,-0.8106,roadside settlement,Nyamuhani,0.0705,0.0,0.0705
kampala_katuna,639,319.5,30.2677,-0.8148,open road,Nyamuhani,0.0369,0.0,0.0369
kampala_katuna,640,320.0,30.2694,-0.819,open road,Nyamuhani,0.0298,0.0,0.0298
kampala_katuna,641,320.5,30.2708,-0.8233,roadside settlement,Kahunga I,0.0383,0.0,0.0383
kampala_katuna,642,321.0,30.2718,-0.8277,roadside settlement,Kahunga Trc,0.1569,0.0764,0.0804
kampala_katuna,643,321.5,30.2728,-0.8321,roadside settlement,Kahunga Trc,0.1763,0.1463,0.03
kampala_katuna,644,322.0,30.2739,-0.8365,roadside settlement,Nyakihanga,0.0931,0.0,0.0931
kampala_katuna,645,322.5,30.2747,-0.8409,roadside settlement,Nyakihanga,0.0731,0.0,0.0731
kampala_katuna,646,323.0,30.2741,-0.8453,open road,Nyakihanga,0.0313,0.0127,0.0186
kampala_katuna,647,323.5,30.2718,-0.8492,open road,Nyakihanga,0.0446,0.0,0.0446
kampala_katuna,648,324.0,30.2708,-0.8535,roadside settlement,Nyabubare,0.0209,0.0,0.0209
kampala_katuna,649,324.5,30.2717,-0.8579,roadside settlement,Nyabubare,0.1686,0.1432,0.0254
kampala_katuna,650,325.0,30.2716,-0.8624,town,Cell Iii,0.3252,0.0,0.3252
kampala_katuna,651,325.5,30.2694,-0.8663,town,Cell Iii,0.3925,0.0673,0.3252
kampala_katuna,652,326.0,30.2674,-0.8703,town,Ntungamo,0.4601,0.1949,0.2653
kampala_katuna,653,326.5,30.2658,-0.8745,town,Cell Vi,0.3255,0.0,0.3255
kampala_katuna,654,327.0,30.2656,-0.879,town,Cell I,0.3544,0.0,0.3544
kampala_katuna,655,327.5,30.2649,-0.8835,roadside settlement,Kyamate,0.2075,0.0825,0.1249
kampala_katuna,656,328.0,30.2641,-0.8879,roadside settlement,Orubaare,0.537,0.459,0.078
kampala_katuna,657,328.5,30.2631,-0.8923,open road,Orubaare,0.2134,0.204,0.0095
kampala_katuna,658,329.0,30.2602,-0.8958,roadside settlement,Orubaare,0.0234,0.0,0.0234
kampala_katuna,659,329.5,30.2572,-0.8992,roadside settlement,Orubaare,0.0353,0.0,0.0353
kampala_katuna,660,330.0,30.2542,-0.9025,roadside settlement,Kabagyendo,0.7836,0.714,0.0696
kampala_katuna,661,330.5,30.2504,-0.905,roadside settlement,Kabagyendo,0.7107,0.7292,-0.0185
kampala_katuna,662,331.0,30.246,-0.9054,roadside settlement,Kabagyendo,0.2316,0.0,0.2316
kampala_katuna,663,331.5,30.2417,-0.9065,roadside settlement,Kabagyendo,0.1562,0.0,0.1562
kampala_katuna,664,332.0,30.2397,-0.9103,open road,Kabagyendo,0.2634,0.1918,0.0716
kampala_katuna,665,332.5,30.2389,-0.9148,open road,Muyogo,0.0377,0.0,0.0377
kampala_katuna,666,333.0,30.2363,-0.9183,open road,Muyogo,0.2307,0.21,0.0207
kampala_katuna,667,333.5,30.2326,-0.9207,open road,Muyogo,0.1921,0.1918,0.0003
kampala_katuna,668,334.0,30.2288,-0.9232,open road,Muyogo,0.0,0.0,0.0
kampala_katuna,669,334.5,30.225,-0.9256,open road,Muyogo,0.0154,0.0,0.0154
kampala_katuna,670,335.0,30.2212,-0.9279,roadside settlement,Kyamugashe Ii,0.4076,0.3588,0.0488
kampala_katuna,671,335.5,30.2169,-0.9291,roadside settlement,Kyamugashe Ii,0.091,0.0582,0.0328
kampala_katuna,672,336.0,30.2141,-0.9326,roadside settlement,Kyamugashe Ii,0.1308,0.0552,0.0756
kampala_katuna,673,336.5,30.2128,-0.9368,roadside settlement,Kyamugashe Ii,0.0309,0.0,0.0309
kampala_katuna,674,337.0,30.212,-0.9413,open road,Kyamugashe Ii,0.0984,0.0613,0.0372
kampala_katuna,675,337.5,30.2113,-0.9457,open road,Kyamugashe I,0.1435,0.0977,0.0459
kampala_katuna,676,338.0,30.2106,-0.9502,open road,Kyamugashe I,0.0556,0.0521,0.0035
kampala_katuna,677,338.5,30.2106,-0.9547,open road,Kyamugashe I,0.043,0.043,0.0
kampala_katuna,678,339.0,30.2075,-0.9579,open road,Omungyenyi,0.2487,0.2343,0.0143
kampala_katuna,679,339.5,30.2054,-0.9617,roadside settlement,Omungyenyi,0.4565,0.3801,0.0764
kampala_katuna,680,340.0,30.2045,-0.9661,roadside settlement,Omungyenyi,0.1935,0.1159,0.0776
kampala_katuna,681,340.5,30.2035,-0.9705,roadside settlement,Rwabaramira,0.6412,0.6472,-0.0061
kampala_katuna,682,341.0,30.2026,-0.9749,open road,Rwabaramira,0.6323,0.6199,0.0124
kampala_katuna,683,341.5,30.2016,-0.9793,open road,Rwabaramira,0.4951,0.4347,0.0604
kampala_katuna,684,342.0,30.2007,-0.9838,open road,Rwabaramira,0.0855,0.0,0.0855
kampala_katuna,685,342.5,30.199,-0.9879,roadside settlement,Rwemiriro Ii,0.1418,0.0795,0.0624
kampala_katuna,686,343.0,30.1969,-0.9919,roadside settlement,Rwemiriro Ii,0.07,0.0279,0.0422
kampala_katuna,687,343.5,30.1948,-0.9959,roadside settlement,Rwemiriro I,0.2837,0.2465,0.0372
kampala_katuna,688,344.0,30.1928,-0.9999,roadside settlement,Rwemiriro I,0.2166,0.1706,0.0461
kampala_katuna,689,344.5,30.1908,-1.004,roadside settlement,Rwemiriro I,0.2169,0.122,0.0949
kampala_katuna,690,345.0,30.1898,-1.0084,roadside settlement,Rubaare Ii,0.4889,0.4256,0.0633
kampala_katuna,691,345.5,30.1889,-1.0128,roadside settlement,Rubaare Ii,0.4973,0.462,0.0352
kampala_katuna,692,346.0,30.1881,-1.0173,town,Nyalubale,0.3756,0.0916,0.284
kampala_katuna,693,346.5,30.1873,-1.0217,roadside settlement,Nyalubale,0.3728,0.2191,0.1536
kampala_katuna,694,347.0,30.1865,-1.0261,roadside settlement,Kyabukuju I,0.1504,0.04,0.1104
kampala_katuna,695,347.5,30.1856,-1.0306,roadside settlement,Kyabukuju I,0.4022,0.3254,0.0768
kampala_katuna,696,348.0,30.185,-1.035,roadside settlement,Rukiri,0.0288,0.0,0.0288
kampala_katuna,697,348.5,30.1847,-1.0395,roadside settlement,Rukiri,0.3345,0.2768,0.0576
kampala_katuna,698,349.0,30.1843,-1.0441,open road,Rukiri,0.5535,0.5653,-0.0118
kampala_katuna,699,349.5,30.1839,-1.0486,open road,Rukiri,0.0347,0.0,0.0347
kampala_katuna,700,350.0,30.183,-1.053,open road,Rukiri,0.0241,0.0036,0.0205
kampala_katuna,701,350.5,30.1824,-1.0574,open road,Enshenyi,0.2327,0.2252,0.0075
kampala_katuna,702,351.0,30.183,-1.0619,open road,Enshenyi,0.4637,0.4833,-0.0196
kampala_katuna,703,351.5,30.1836,-1.0664,open road,Enshenyi,0.2906,0.2859,0.0046
kampala_katuna,704,352.0,30.184,-1.0709,open road,Enshenyi,0.2241,0.1615,0.0627
kampala_katuna,705,352.5,30.1836,-1.0754,open road,Enshenyi,0.1554,0.1372,0.0183
kampala_katuna,706,353.0,30.183,-1.0799,open road,Enshenyi,0.3018,0.3042,-0.0023
kampala_katuna,707,353.5,30.1824,-1.0844,open road,Enshenyi,0.3677,0.371,-0.0033
kampala_katuna,708,354.0,30.1818,-1.0888,open road,Rushenyi,0.2703,0.2282,0.042
kampala_katuna,709,354.5,30.1812,-1.0933,open road,Rushenyi,0.227,0.1918,0.0352
kampala_katuna,710,355.0,30.1806,-1.0978,open road,Rushenyi,0.1979,0.1979,0.0
kampala_katuna,711,355.5,30.1798,-1.1022,open road,Rushenyi,0.2752,0.2616,0.0135
kampala_katuna,712,356.0,30.1788,-1.1066,roadside settlement,Orwina,0.6833,0.711,-0.0277
kampala_katuna,713,356.5,30.1786,-1.1111,roadside settlement,Orwina,0.7284,0.7353,-0.0069
kampala_katuna,714,357.0,30.1784,-1.1157,roadside settlement,Rwentobo,0.7164,0.6078,0.1086
kampala_katuna,715,357.5,30.1782,-1.1202,roadside settlement,Rwentobo,0.4704,0.2616,0.2087
kampala_katuna,716,358.0,30.1771,-1.1244,roadside settlement,Rwentobo,0.3663,0.289,0.0774
kampala_katuna,717,358.5,30.1736,-1.1273,roadside settlement,Rwentobo,0.399,0.3284,0.0705
kampala_katuna,718,359.0,30.1701,-1.13,roadside settlement,Rwentobo,0.3802,0.3588,0.0214
kampala_katuna,719,359.5,30.1665,-1.1328,open road,Nyabugando Ii,0.3146,0.3163,-0.0017
kampala_katuna,720,360.0,30.1627,-1.1351,roadside settlement,Nyabugando Ii,0.3482,0.2525,0.0957
kampala_katuna,721,360.5,30.1587,-1.1371,roadside settlement,Nyabugando Ii,0.2537,0.1888,0.0649
kampala_katuna,722,361.0,30.1546,-1.1389,roadside settlement,Nyanga I,0.7603,0.7717,-0.0114
kampala_katuna,723,361.5,30.1501,-1.139,roadside settlement,Nyanga I,0.6697,0.6594,0.0103
kampala_katuna,724,362.0,30.1456,-1.139,roadside settlement,Nyanga I,0.4371,0.4104,0.0267
kampala_katuna,725,362.5,30.1433,-1.1425,roadside settlement,Mishenyi,1.0195,1.048,-0.0286
kampala_katuna,726,363.0,30.14,-1.1452,roadside settlement,Mishenyi,0.9823,1.0177,-0.0353
kampala_katuna,727,363.5,30.1357,-1.1441,roadside settlement,Kabira,0.9505,0.9752,-0.0246
kampala_katuna,728,364.0,30.1321,-1.1414,roadside settlement,Katooma Iii,0.8139,0.8233,-0.0094
kampala_katuna,729,364.5,30.128,-1.1397,roadside settlement,Rwahi,0.8876,0.8871,0.0005
kampala_katuna,730,365.0,30.1242,-1.1418,roadside settlement,Rwahi,0.9229,0.9175,0.0054
kampala_katuna,731,365.5,30.1238,-1.1463,roadside settlement,Nyaruhanga,1.1829,1.1543,0.0286
kampala_katuna,732,366.0,30.1262,-1.15,roadside settlement,Nyaruhanga,0.7449,0.7232,0.0218
kampala_katuna,733,366.5,30.1285,-1.1538,roadside settlement,Nyakasa,0.5079,0.4043,0.1036
kampala_katuna,734,367.0,30.1319,-1.1565,roadside settlement,Kafuka,0.1177,0.0,0.1177
kampala_katuna,735,367.5,30.1318,-1.1609,roadside settlement,Kafuka,0.0445,0.0,0.0445
kampala_katuna,736,368.0,30.1334,-1.165,roadside settlement,Rwabahazi,0.0631,0.0,0.0631
kampala_katuna,737,368.5,30.1309,-1.1687,roadside settlement,Rwabahazi,0.0716,0.0,0.0716
kampala_katuna,738,369.0,30.1276,-1.1715,roadside settlement,Muhanga,0.0602,0.0,0.0602
kampala_katuna,739,369.5,30.1231,-1.1714,roadside settlement,Muhanga,0.3426,0.2131,0.1295
kampala_katuna,740,370.0,30.1186,-1.1711,roadside settlement,Kitaburaza,0.7132,0.6958,0.0174
kampala_katuna,741,370.5,30.1145,-1.1725,roadside settlement,Rwakahuku,0.354,0.2677,0.0862
kampala_katuna,742,371.0,30.1123,-1.1764,roadside settlement,Rwakahuku,0.2797,0.1797,0.1001
kampala_katuna,743,371.5,30.1117,-1.1808,roadside settlement,Butobere (Butare),0.2036,0.1493,0.0543
kampala_katuna,744,372.0,30.1145,-1.1843,roadside settlement,Nyakanengo,0.3576,0.3193,0.0382
kampala_katuna,745,372.5,30.1187,-1.1859,roadside settlement,Nyaruhanga (Highland),0.8041,0.8264,-0.0223
kampala_katuna,746,373.0,30.1228,-1.1875,roadside settlement,Kabaare,0.4279,0.4286,-0.0007
kampala_katuna,747,373.5,30.1227,-1.1918,roadside settlement,Kabaare,0.1484,0.0218,0.1266
kampala_katuna,748,374.0,30.123,-1.1962,roadside settlement,Kabaare,0.3622,0.3102,0.052
kampala_katuna,749,374.5,30.1239,-1.2006,roadside settlement,Bukinda,0.3339,0.2465,0.0875
kampala_katuna,750,375.0,30.1242,-1.2051,roadside settlement,Kagunga (Rutare),0.9213,0.9448,-0.0235
kampala_katuna,751,375.5,30.123,-1.2094,roadside settlement,Kagunga (Rutare),0.2547,0.1584,0.0963
kampala_katuna,752,376.0,30.1218,-1.2138,roadside settlement,Rwakimuri,0.6398,0.4924,0.1474
kampala_katuna,753,376.5,30.1206,-1.2181,roadside settlement,Rwakimuri,0.5383,0.5106,0.0277
kampala_katuna,754,377.0,30.1189,-1.2223,roadside settlement,Kitaburaza (Nyakabungo),0.1185,0.0734,0.0451
kampala_katuna,755,377.5,30.1158,-1.2255,roadside settlement,Kitaburaza (Nyakabungo),0.6205,0.5744,0.0461
kampala_katuna,756,378.0,30.1138,-1.2295,roadside settlement,Keihimbi,0.9793,1.0086,-0.0293
kampala_katuna,757,378.5,30.1123,-1.2338,roadside settlement,Kyobugombe,0.0329,0.0,0.0329
kampala_katuna,758,379.0,30.109,-1.2366,roadside settlement,Kyobugombe,0.1977,0.0,0.1977
kampala_katuna,759,379.5,30.1051,-1.2389,roadside settlement,Kyobugombe,0.1728,0.0704,0.1025
kampala_katuna,760,380.0,30.1007,-1.2395,roadside settlement,Ahakabiri,0.2038,0.1949,0.009
kampala_katuna,761,380.5,30.0964,-1.2403,open road,Nkumbura,0.2154,0.1857,0.0297
kampala_katuna,762,381.0,30.0937,-1.2437,roadside settlement,Nkumbura,0.091,0.0,0.091
kampala_katuna,763,381.5,30.0899,-1.2459,roadside settlement,Ahamumba,0.0647,0.0,0.0647
kampala_katuna,764,382.0,30.086,-1.2475,roadside settlement,Bugarama,0.9275,0.0218,0.9057
kampala_katuna,765,382.5,30.0836,-1.2513,roadside settlement,Bugarama,0.9342,0.0,0.9342
kampala_katuna,766,383.0,30.0804,-1.2543,roadside settlement,Nyakigugwe,0.3955,0.3163,0.0792
kampala_katuna,767,383.5,30.077,-1.2568,roadside settlement,Nyakigugwe,1.0393,0.5865,0.4528
kampala_katuna,768,384.0,30.0745,-1.2532,roadside settlement,Rwakaceregye,0.5191,0.0309,0.4882
kampala_katuna,769,384.5,30.0747,-1.2488,roadside settlement,Ahakatooma,0.0986,0.0,0.0986
kampala_katuna,770,385.0,30.0733,-1.2446,roadside settlement,Kaharo,0.6482,0.6503,-0.0021
kampala_katuna,771,385.5,30.0704,-1.2411,roadside settlement,Kimbugu,0.0941,0.037,0.0571
kampala_katuna,772,386.0,30.0678,-1.2375,roadside settlement,Kamunoga,1.1252,0.3436,0.7816
kampala_katuna,773,386.5,30.0645,-1.2347,roadside settlement,Kibumba,0.7295,0.7505,-0.0209
kampala_katuna,774,387.0,30.0605,-1.2338,roadside settlement,Ahamuremere,0.5721,0.5865,-0.0144
kampala_katuna,775,387.5,30.0568,-1.2334,roadside settlement,Rwabashenyi,0.7274,0.7505,-0.023
kampala_katuna,776,388.0,30.0597,-1.2315,roadside settlement,Rwabashenyi,0.9904,1.0237,-0.0334
kampala_katuna,777,388.5,30.0614,-1.2283,roadside settlement,Kirandura,0.9834,1.0025,-0.0191
kampala_katuna,778,389.0,30.0573,-1.228,roadside settlement,Kasharara,0.7799,0.796,-0.0161
kampala_katuna,779,389.5,30.0547,-1.2315,roadside settlement,Kasharara,0.5746,0.5744,0.0002
kampala_katuna,780,390.0,30.0512,-1.2338,open road,Nyaruhanga,1.1275,1.1664,-0.0389
kampala_katuna,781,390.5,30.0533,-1.2357,open road,Nyarungwe,0.7515,0.7657,-0.0141
kampala_katuna,782,391.0,30.0552,-1.2395,roadside settlement,Nyarungwe,0.822,0.796,0.026
kampala_katuna,783,391.5,30.0546,-1.2438,open road,Kabaraga,0.4777,0.4469,0.0309
kampala_katuna,784,392.0,30.0513,-1.2465,open road,Kanyankwanzi,0.0954,0.0,0.0954
kampala_katuna,785,392.5,30.0503,-1.2505,roadside settlement,Karuhuma,0.0647,0.0,0.0647
kampala_katuna,786,393.0,30.046,-1.2513,roadside settlement,Kanyankwanzi,0.0129,0.0,0.0129
kampala_katuna,787,393.5,30.0416,-1.2504,roadside settlement,Rwashenyire,0.0855,0.0734,0.0121
kampala_katuna,788,394.0,30.0374,-1.2491,open road,Rwashenyire,0.0092,0.0,0.0092
kampala_katuna,789,394.5,30.0349,-1.2457,roadside settlement,Nyakahita (Nyakagyera),0.0109,0.0,0.0109
kampala_katuna,790,395.0,30.0306,-1.2462,open road,Omubushenshero,0.001,0.0,0.001
kampala_katuna,791,395.5,30.0269,-1.2485,roadside settlement,Bunombe (Nyakagyera),0.0469,0.0,0.0469
kampala_katuna,792,396.0,30.0256,-1.2525,roadside settlement,Karubanda (Kyanamira),0.0208,0.0,0.0208
kampala_katuna,793,396.5,30.028,-1.256,roadside settlement,Karubanda (Kyanamira),0.0527,0.0,0.0527
kampala_katuna,794,397.0,30.0311,-1.2593,roadside settlement,Kabatogote,0.4827,0.0,0.4827
kampala_katuna,795,397.5,30.0294,-1.2624,roadside settlement,Rwanyabiboga,0.5869,0.0,0.5869
kampala_katuna,796,398.0,30.0251,-1.2614,roadside settlement,Nyakahita (Katookye),0.3987,0.377,0.0217
kampala_katuna,797,398.5,30.0208,-1.2603,roadside settlement,Rugarama Ii,0.248,0.1311,0.117
kampala_katuna,798,399.0,30.0166,-1.2587,roadside settlement,Nkombe,0.4305,0.0673,0.3632
kampala_katuna,799,399.5,30.0122,-1.2579,roadside settlement,Nyarukonkoromi,0.241,0.1189,0.1221
kampala_katuna,800,400.0,30.008,-1.257,roadside settlement,Mafuga,0.0602,0.0,0.0602
kampala_katuna,801,400.5,30.004,-1.2552,town,Nyakahita (Kigongi),0.8476,0.5896,0.2581
kampala_katuna,802,401.0,29.9997,-1.2559,town,Kigongi B,0.3267,0.0,0.3267
kampala_katuna,803,401.5,29.9958,-1.2582,town,Kigongi A,0.4574,0.204,0.2535
kampala_katuna,804,402.0,29.9935,-1.2612,town,Bitaka,0.4234,0.125,0.2984
kampala_katuna,805,402.5,29.9937,-1.2657,town,Igabiro (Mwanjari),0.3777,0.125,0.2527
kampala_katuna,806,403.0,29.9935,-1.2702,town,Nyangande,0.3602,0.122,0.2382
kampala_katuna,807,403.5,29.993,-1.2746,roadside settlement,Nyangande,0.2789,0.1523,0.1265
kampala_katuna,808,404.0,29.9942,-1.2789,roadside settlement,,0.3054,0.1615,0.144
kampala_katuna,809,404.5,29.9956,-1.2832,roadside settlement,Rwagana,0.222,0.0977,0.1243
kampala_katuna,810,405.0,29.9967,-1.2875,roadside settlement,Omukirwa,0.2436,0.1038,0.1398
kampala_katuna,811,405.5,29.9978,-1.2919,roadside settlement,Karubanda (Karubanda),0.3295,0.1584,0.1711
kampala_katuna,812,406.0,29.9986,-1.2964,roadside settlement,Karubanda (Karubanda),0.7839,0.0947,0.6892
kampala_katuna,813,406.5,29.9992,-1.3008,roadside settlement,Kazigizigi,0.2535,0.1432,0.1103
kampala_katuna,814,407.0,29.9999,-1.3053,roadside settlement,Rwabirundo,0.3944,0.292,0.1024
kampala_katuna,815,407.5,30.0002,-1.3098,roadside settlement,Rwabirundo,0.2182,0.1675,0.0506
kampala_katuna,816,408.0,30.0012,-1.3141,roadside settlement,Butare,0.3432,0.3011,0.0421
kampala_katuna,817,408.5,29.9994,-1.3179,roadside settlement,Butare,0.1925,0.1706,0.022
kampala_katuna,818,409.0,29.9963,-1.321,open road,Nyakatooma (Kicumbi),0.0635,0.0704,-0.0068
kampala_katuna,819,409.5,29.9993,-1.3239,roadside settlement,Nyakatooma (Kicumbi),0.3011,0.289,0.0121
kampala_katuna,820,410.0,30.0033,-1.3258,roadside settlement,Nyamurindira A,0.6326,0.6108,0.0218
kampala_katuna,821,410.5,30.0059,-1.3294,roadside settlement,Nyamurindira A,0.5489,0.5045,0.0443
kampala_katuna,822,411.0,30.0049,-1.3337,roadside settlement,Nyakateete B,0.1315,0.0,0.1315
kampala_katuna,823,411.5,30.0032,-1.3379,roadside settlement,Nyakateete A,0.1069,0.0,0.1069
kampala_katuna,824,412.0,30.0051,-1.3403,roadside settlement,Kyarugondo,0.4081,0.3588,0.0493
kampala_katuna,825,412.5,30.0095,-1.3394,roadside settlement,Kyarugondo,0.054,0.0,0.054
kampala_katuna,826,413.0,30.0138,-1.3386,roadside settlement,Nyakasharara,0.091,0.0643,0.0267
kampala_katuna,827,413.5,30.017,-1.3417,roadside settlement,Rwamacumu,0.141,0.1068,0.0342
kampala_katuna,828,414.0,30.019,-1.3456,roadside settlement,Nyakatugunda (Kasheregenyi),0.2626,0.2313,0.0314
kampala_katuna,829,414.5,30.0195,-1.35,roadside settlement,Nyakatugunda (Kasheregenyi),0.0997,0.0855,0.0142
kampala_katuna,830,415.0,30.0178,-1.3541,roadside settlement,Nyakarindi,0.2608,0.2282,0.0325
kampala_katuna,831,415.5,30.0158,-1.358,roadside settlement,Rukaranga,0.1918,0.1797,0.0121
kampala_katuna,832,416.0,30.015,-1.3625,roadside settlement,Rukaranga,0.1909,0.1675,0.0234
kampala_katuna,833,416.5,30.0138,-1.3667,roadside settlement,Murambo (Buranga),0.155,0.1189,0.0361
kampala_katuna,834,417.0,30.0107,-1.3699,roadside settlement,Murambo (Buranga),0.1613,0.1159,0.0454
kampala_katuna,835,417.5,30.0079,-1.3735,open road,Murambo (Buranga),0.1639,0.1493,0.0146
kampala_katuna,836,418.0,30.0063,-1.3776,open road,Rushebeya (Buranga),0.1831,0.1827,0.0004
kampala_katuna,837,418.5,30.0047,-1.3818,open road,Kabaliisa,0.2055,0.204,0.0016
kampala_katuna,838,419.0,30.0026,-1.3857,roadside settlement,Kabaliisa,0.0439,0.0,0.0439
kampala_katuna,839,419.5,30.0022,-1.3898,roadside settlement,Nyamengo (Kacerere),0.3607,0.3224,0.0384
kampala_katuna,840,420.0,30.0036,-1.3941,open road,Nyamengo (Kacerere),0.2459,0.1827,0.0632
kampala_katuna,841,420.5,30.0045,-1.3984,roadside settlement,Kamuganguzi,0.3823,0.3558,0.0265
kampala_katuna,842,421.0,30.0048,-1.4029,roadside settlement,Kamuganguzi,0.0716,0.0218,0.0498
kampala_katuna,843,421.5,30.0056,-1.4074,roadside settlement,Nyamirima,0.1968,0.1432,0.0535
kampala_katuna,844,422.0,30.0061,-1.4118,roadside settlement,,0.0512,0.0,0.0512
kampala_katuna,845,422.5,30.0083,-1.4157,roadside settlement,,0.3008,0.2191,0.0817
kampala_katuna,846,423.0,30.0097,-1.42,roadside settlement,Katuna,0.2135,0.0977,0.1158
kampala_katuna,847,423.5,30.01,-1.4241,roadside settlement,Katuna-Border,0.2418,0.1979,0.0439
kampala_katuna,848,424.0,30.0079,-1.4278,roadside settlement,Burambira-Katuna,0.1268,0.04,0.0868
kampala_katuna,849,424.5,30.0039,-1.4287,roadside settlement,Burambira-Katuna,0.3543,0.3436,0.0107
kampala_katuna,850,425.0,30.001,-1.4254,roadside settlement,Burambira-Katuna,0.0958,0.0157,0.0801
kampala_katuna,851,425.5,29.9982,-1.423,roadside settlement,Burambira (Mukarangye),0.077,0.0643,0.0127
kampala_malaba,0,0.0,32.5921,0.3159,town,Radio Uganda,2.0386,0.0,2.0386
kampala_malaba,1,0.5,32.5956,0.3186,town,Community Flats,0.9298,0.4651,0.4648
kampala_malaba,2,1.0,32.5992,0.3212,town,Ngabo,1.0946,0.3831,0.7115
kampala_malaba,3,1.5,32.6027,0.324,town,Lugogo,0.2758,0.0,0.2758
kampala_malaba,4,2.0,32.6068,0.3257,town,,1.2549,0.0248,1.2301
kampala_malaba,5,2.5,32.6109,0.3274,town,,2.2104,0.6806,1.5297
kampala_malaba,6,3.0,32.6142,0.3305,town,Nsimbwe-kasi,0.8732,0.5653,0.308
kampala_malaba,7,3.5,32.6176,0.3334,town,Nakawa Vocation Institute,0.7101,0.0,0.7101
kampala_malaba,8,4.0,32.621,0.3364,town,Central,0.3768,0.0,0.3768
kampala_malaba,9,4.5,32.6251,0.3382,town,K 10,0.3834,0.0582,0.3252
kampala_malaba,10,5.0,32.6293,0.3398,town,K 10,0.5079,0.1827,0.3252
kampala_malaba,11,5.5,32.6335,0.3414,town,K 7,0.5972,0.4013,0.1958
kampala_malaba,12,6.0,32.6377,0.343,town,B 4,0.2279,0.0,0.2279
kampala_malaba,13,6.5,32.6419,0.3446,town,Kireka,0.4696,0.2374,0.2323
kampala_malaba,14,7.0,32.6462,0.3458,town,Kireka,0.7305,0.4924,0.2381
kampala_malaba,15,7.5,32.6506,0.347,town,Kireka Central,0.3742,0.0,0.3742
kampala_malaba,16,8.0,32.6546,0.349,town,Kireka Central,0.5798,0.3558,0.224
kampala_malaba,17,8.5,32.6578,0.3521,town,Bbuto,0.807,0.629,0.178
kampala_malaba,18,9.0,32.6622,0.3527,town,Kigandazi,0.2342,0.0005,0.2337
kampala_malaba,19,9.5,32.6667,0.3529,town,Namulondo,0.2488,0.0,0.2488
kampala_malaba,20,10.0,32.6711,0.3536,town,Namulondo,0.2507,0.0188,0.2319
kampala_malaba,21,10.5,32.6756,0.3544,roadside settlement,Kireku Railway,0.2212,0.0,0.2212
kampala_malaba,22,11.0,32.68,0.3552,roadside settlement,Namanve,0.1574,0.0,0.1574
kampala_malaba,23,11.5,32.6843,0.3563,roadside settlement,Namanve,0.2274,0.1706,0.0568
kampala_malaba,24,12.0,32.6884,0.3583,town,Mawotto,0.9026,0.6624,0.2402
kampala_malaba,25,12.5,32.6924,0.3604,town,Mawotto,0.3416,0.0279,0.3138
kampala_malaba,26,13.0,32.6964,0.3624,roadside settlement,Kiwanga Lwanda,0.2535,0.1493,0.1041
kampala_malaba,27,13.5,32.7004,0.3644,town,Kiwanga Lwanda,0.7726,0.4499,0.3227
kampala_malaba,28,14.0,32.7044,0.3664,roadside settlement,Baggala,0.101,0.0,0.101
kampala_malaba,29,14.5,32.7088,0.3671,town,Baggala,0.9642,0.8325,0.1318
kampala_malaba,30,15.0,32.713,0.3687,town,Seeta,0.5467,0.3102,0.2365
kampala_malaba,31,15.5,32.7172,0.3704,town,Ntinda,0.2865,0.0,0.2865
kampala_malaba,32,16.0,32.7215,0.37,roadside settlement,Ntinda,0.1417,0.0,0.1417
kampala_malaba,33,16.5,32.7259,0.3704,town,Kigunga,0.2756,0.0,0.2756
kampala_malaba,34,17.0,32.7298,0.3726,roadside settlement,Kigunga,0.4242,0.3649,0.0593
kampala_malaba,35,17.5,32.7341,0.3722,roadside settlement,Lower Kauga,0.5809,0.5349,0.046
kampala_malaba,36,18.0,32.7375,0.3691,town,Lower Kauga,0.431,0.207,0.224
kampala_malaba,37,18.5,32.7407,0.366,town,Butebe,0.8654,0.6442,0.2212
kampala_malaba,38,19.0,32.744,0.3629,town,Butebe,0.5522,0.1979,0.3543
kampala_malaba,39,19.5,32.7475,0.3601,town,Mukono,0.254,0.0,0.254
kampala_malaba,40,20.0,32.7515,0.3582,town,Total,0.3173,0.0916,0.2257
kampala_malaba,41,20.5,32.7551,0.3556,town,Gunga,0.5645,0.3618,0.2027
kampala_malaba,42,21.0,32.7586,0.3527,town,Agip,0.2781,0.0,0.2781
kampala_malaba,43,21.5,32.7627,0.3511,town,Ggulu A,0.241,0.0,0.241
kampala_malaba,44,22.0,32.7671,0.3515,roadside settlement,Ngandu,0.1492,0.0,0.1492
kampala_malaba,45,22.5,32.7715,0.3506,roadside settlement,Kigombya North,0.2111,0.0,0.2111
kampala_malaba,46,23.0,32.7759,0.3511,town,Kigombya North,0.2886,0.0,0.2886
kampala_malaba,47,23.5,32.7803,0.3521,roadside settlement,Kigombya South,0.1396,0.0248,0.1148
kampala_malaba,48,24.0,32.7847,0.3531,town,"Lwanyonyi, Kamwaka Close",0.5448,0.0,0.5448
kampala_malaba,49,24.5,32.7891,0.3542,roadside settlement,"Lwanyonyi, Kamwaka Close",0.2879,0.2161,0.0718
kampala_malaba,50,25.0,32.7932,0.356,roadside settlement,"Lwanyonyi, Kamwaka Close",0.124,0.0,0.124
kampala_malaba,51,25.5,32.7972,0.358,open road,Kiwugo,0.1131,0.0855,0.0275
kampala_malaba,52,26.0,32.8008,0.3607,open road,Kasenge B,0.077,0.0339,0.0431
kampala_malaba,53,26.5,32.8051,0.3617,roadside settlement,Kasenge B,0.1724,0.0947,0.0777
kampala_malaba,54,27.0,32.8095,0.3626,roadside settlement,Kasenge B,0.171,0.0947,0.0763
kampala_malaba,55,27.5,32.8136,0.3645,town,Mbalala,0.335,0.0886,0.2464
kampala_malaba,56,28.0,32.8174,0.3668,town,Mbalala,0.5737,0.3497,0.224
kampala_malaba,57,28.5,32.8212,0.3692,town,Mbalala,0.4029,0.0,0.4029
kampala_malaba,58,29.0,32.8248,0.3719,roadside settlement,Kasenge A,0.2153,0.04,0.1753
kampala_malaba,59,29.5,32.8274,0.3756,roadside settlement,Namawojjolo West,0.3783,0.3042,0.0742
kampala_malaba,60,30.0,32.8308,0.3785,roadside settlement,Namawojjolo West,0.2421,0.1584,0.0837
kampala_malaba,61,30.5,32.8344,0.3812,roadside settlement,Namawojjolo West,0.4597,0.3801,0.0797
kampala_malaba,62,31.0,32.838,0.384,town,Namawojjolo East,0.2926,0.0613,0.2313
kampala_malaba,63,31.5,32.8415,0.3868,roadside settlement,Namawojjolo East,0.1722,0.0,0.1722
kampala_malaba,64,32.0,32.8454,0.3888,roadside settlement,Walusubi,0.1957,0.0,0.1957
kampala_malaba,65,32.5,32.8499,0.3889,roadside settlement,Walusubi,0.3443,0.2161,0.1282
kampala_malaba,66,33.0,32.8544,0.3888,roadside settlement,Kyawanvubu,0.4181,0.3922,0.0259
kampala_malaba,67,33.5,32.8587,0.3876,roadside settlement,Kayanja,0.6718,0.6503,0.0216
kampala_malaba,68,34.0,32.8628,0.3856,roadside settlement,Namataba Central,0.6641,0.6351,0.029
kampala_malaba,69,34.5,32.8658,0.3824,roadside settlement,Galabi,0.1511,0.0,0.1511
kampala_malaba,70,35.0,32.8679,0.3784,roadside settlement,Galabi,0.1363,0.0,0.1363
kampala_malaba,71,35.5,32.8705,0.3747,roadside settlement,Kayanja,0.3069,0.1493,0.1576
kampala_malaba,72,36.0,32.8742,0.3723,roadside settlement,Kayanja,0.1543,0.0,0.1543
kampala_malaba,73,36.5,32.8785,0.3711,roadside settlement,Namagunga A,0.4712,0.4256,0.0456
kampala_malaba,74,37.0,32.8829,0.3704,roadside settlement,Namagunga A,0.3471,0.2465,0.1007
kampala_malaba,75,37.5,32.8873,0.3714,roadside settlement,Namagunga B,0.3649,0.2434,0.1214
kampala_malaba,76,38.0,32.8918,0.3711,roadside settlement,Kasaku,0.6188,0.626,-0.0072
kampala_malaba,77,38.5,32.8961,0.3723,open road,Kasaku,0.7368,0.6776,0.0592
kampala_malaba,78,39.0,32.9005,0.3719,open road,Kasaku,0.5438,0.4711,0.0727
kampala_malaba,79,39.5,32.9049,0.3723,open road,Najumba,0.1061,0.0,0.1061
kampala_malaba,80,40.0,32.9085,0.375,roadside settlement,Lugazi,0.0298,0.0,0.0298
kampala_malaba,81,40.5,32.9128,0.3752,roadside settlement,Lugazi,0.1053,0.0886,0.0167
kampala_malaba,82,41.0,32.917,0.3736,roadside settlement,Lugazi,0.51,0.459,0.051
kampala_malaba,83,41.5,32.9208,0.3712,town,Kitega,0.4458,0.207,0.2388
kampala_malaba,84,42.0,32.9244,0.3684,roadside settlement,Kitega,0.1492,0.0005,0.1487
kampala_malaba,85,42.5,32.9286,0.3669,roadside settlement,Nakazzadde,0.8624,0.8598,0.0026
kampala_malaba,86,43.0,32.933,0.3665,town,Nakazzadde,0.9258,0.7687,0.1571
kampala_malaba,87,43.5,32.9368,0.3689,town,Lugazi,0.6804,0.4286,0.2518
kampala_malaba,88,44.0,32.9411,0.3695,town,Cable,0.5829,0.21,0.3728
kampala_malaba,89,44.5,32.945,0.3674,roadside settlement,Jagary,0.1906,0.0,0.1906
kampala_malaba,90,45.0,32.9494,0.3681,roadside settlement,Jagary,0.0818,0.0,0.0818
kampala_malaba,91,45.5,32.9535,0.3697,open road,Kinawataka,0.0241,0.0,0.0241
kampala_malaba,92,46.0,32.9571,0.3725,open road,Hospital,0.112,0.0825,0.0295
kampala_malaba,93,46.5,32.9599,0.376,roadside settlement,Bulyantete,0.4133,0.3831,0.0302
kampala_malaba,94,47.0,32.9628,0.3795,roadside settlement,Bulyantete,0.6664,0.6594,0.007
kampala_malaba,95,47.5,32.9656,0.383,roadside settlement,Tebalowoza,0.7003,0.6776,0.0227
kampala_malaba,96,48.0,32.9685,0.3865,roadside settlement,Tebalowoza,0.5645,0.4803,0.0842
kampala_malaba,97,48.5,32.972,0.3891,roadside settlement,Sagazi East,0.2,0.0673,0.1327
kampala_malaba,98,49.0,32.9764,0.3888,roadside settlement,Kasininya,0.1626,0.0,0.1626
kampala_malaba,99,49.5,32.9807,0.3894,roadside settlement,Kasininya,0.6716,0.5926,0.079
kampala_malaba,100,50.0,32.985,0.3905,roadside settlement,Kasininya,0.3947,0.3527,0.042
kampala_malaba,101,50.5,32.9894,0.3913,open road,Dangala A,0.0794,0.0,0.0794
kampala_malaba,102,51.0,32.9939,0.3921,open road,Dangala A,0.3332,0.3406,-0.0074
kampala_malaba,103,51.5,32.9983,0.3929,open road,Dangala A,0.3102,0.3102,0.0
kampala_malaba,104,52.0,33.0027,0.3937,roadside settlement,Nsakya A,0.6958,0.708,-0.0121
kampala_malaba,105,52.5,33.007,0.3951,town,Najjembe,0.883,0.6624,0.2205
kampala_malaba,106,53.0,33.0112,0.3966,roadside settlement,Najjembe,0.2415,0.0764,0.165
kampala_malaba,107,53.5,33.0155,0.3978,open road,Nsakya B,0.1017,0.0,0.1017
kampala_malaba,108,54.0,33.0197,0.3996,open road,Mubango,0.0541,0.0,0.0541
kampala_malaba,109,54.5,33.0239,0.4011,open road,Mubango,0.0149,0.0,0.0149
kampala_malaba,110,55.0,33.0281,0.4028,open road,Mubango,0.0005,0.0,0.0005
kampala_malaba,111,55.5,33.0322,0.4045,open road,Mubango,0.338,0.3467,-0.0086
kampala_malaba,112,56.0,33.0364,0.4062,open road,Najembe,0.5863,0.6138,-0.0276
kampala_malaba,113,56.5,33.0406,0.4079,open road,Najembe,0.0134,0.0,0.0134
kampala_malaba,114,57.0,33.0447,0.4096,open road,Najembe,0.0106,0.0,0.0106
kampala_malaba,115,57.5,33.049,0.4107,open road,Najembe,1.0043,1.0389,-0.0346
kampala_malaba,116,58.0,33.0535,0.4107,open road,Najembe,0.5283,0.5531,-0.0248
kampala_malaba,117,58.5,33.058,0.4106,open road,Najembe,0.5128,0.3922,0.1206
kampala_malaba,118,59.0,33.0625,0.4106,open road,,0.1014,0.0,0.1014
kampala_malaba,119,59.5,33.067,0.4105,open road,,0.004,0.0,0.004
kampala_malaba,120,60.0,33.0715,0.4106,open road,Lugalambo,0.0673,0.0673,0.0
kampala_malaba,121,60.5,33.0757,0.4092,open road,Lugalambo,0.3657,0.377,-0.0113
kampala_malaba,122,61.0,33.0798,0.4073,open road,Lugalambo,0.4972,0.5106,-0.0134
kampala_malaba,123,61.5,33.0842,0.4072,open road,Lugalambo,0.1324,0.0673,0.0651
kampala_malaba,124,62.0,33.0886,0.4082,open road,Lugalambo,0.2338,0.125,0.1088
kampala_malaba,125,62.5,33.093,0.4074,open road,Lugalambo,0.2113,0.207,0.0043
kampala_malaba,126,63.0,33.0975,0.4066,open road,Namatogonya,0.001,0.0,0.001
kampala_malaba,127,63.5,33.1018,0.4077,open road,Namatogonya,0.0149,0.0,0.0149
kampala_malaba,128,64.0,33.1059,0.4095,roadside settlement,Namatogonya,0.9338,0.963,-0.0292
kampala_malaba,129,64.5,33.1101,0.411,roadside settlement,Kiryante,0.4788,0.4529,0.0259
kampala_malaba,130,65.0,33.1146,0.4111,roadside settlement,Kiryante,0.3669,0.292,0.0749
kampala_malaba,131,65.5,33.119,0.4104,roadside settlement,Kiryante,0.5086,0.4803,0.0283
kampala_malaba,132,66.0,33.1227,0.4079,roadside settlement,Namanyonyi,0.4122,0.3011,0.1111
kampala_malaba,133,66.5,33.1268,0.4063,roadside settlement,Namanyonyi,0.1631,0.0,0.1631
kampala_malaba,134,67.0,33.1307,0.4082,roadside settlement,Namanyonyi,0.1492,0.0,0.1492
kampala_malaba,135,67.5,33.1339,0.4114,roadside settlement,Lugazi,0.1073,0.0248,0.0825
kampala_malaba,136,68.0,33.1373,0.4144,roadside settlement,Lugazi,0.8792,0.878,0.0012
kampala_malaba,137,68.5,33.1401,0.4179,town,Lugazi,0.4258,0.2161,0.2097
kampala_malaba,138,69.0,33.1427,0.4216,roadside settlement,Wampala,0.3329,0.1918,0.1411
kampala_malaba,139,69.5,33.1453,0.4253,town,Wampala,0.6475,0.4256,0.2219
kampala_malaba,140,70.0,33.1476,0.4291,roadside settlement,Njeru,0.2939,0.1736,0.1203
kampala_malaba,141,70.5,33.1505,0.4325,town,Njeru,0.2695,0.0,0.2695
kampala_malaba,142,71.0,33.1549,0.4333,roadside settlement,Namuwaya,0.157,0.0,0.157
kampala_malaba,143,71.5,33.1594,0.4335,roadside settlement,Naava,0.2153,0.0,0.2153
kampala_malaba,144,72.0,33.1637,0.4348,town,Naava Road,0.3506,0.0,0.3506
kampala_malaba,145,72.5,33.1679,0.4362,roadside settlement,Naava Road,0.0499,0.0,0.0499
kampala_malaba,146,73.0,33.1722,0.4377,roadside settlement,Triangle,0.0793,0.0,0.0793
kampala_malaba,147,73.5,33.1764,0.4392,town,Upper Naava,0.4101,0.1007,0.3094
kampala_malaba,148,74.0,33.1805,0.4396,town,Naminya,0.351,0.0279,0.3232
kampala_malaba,149,74.5,33.1846,0.4382,roadside settlement,Naminya,0.3582,0.0,0.3582
kampala_malaba,150,75.0,33.189,0.4389,roadside settlement,Nalufenya B,0.3008,0.2556,0.0452
kampala_malaba,151,75.5,33.1929,0.4407,roadside settlement,Nalufenya B,0.3018,0.2252,0.0766
kampala_malaba,152,76.0,33.1956,0.4442,town,Ambercourt,0.7125,0.4104,0.3021
kampala_malaba,153,76.5,33.1997,0.446,town,Mvule,0.4251,0.1189,0.3062
kampala_malaba,154,77.0,33.204,0.4456,roadside settlement,Mvule,0.4663,0.4681,-0.0018
kampala_malaba,155,77.5,33.2078,0.4432,roadside settlement,Mvule,0.3871,0.3831,0.004
kampala_malaba,156,78.0,33.2119,0.4414,town,Mvule,0.691,0.377,0.3139
kampala_malaba,157,78.5,33.216,0.4427,town,Railways,0.3515,0.0491,0.3024
kampala_malaba,158,79.0,33.2184,0.4465,roadside settlement,Railways,0.3242,0.2434,0.0808
kampala_malaba,159,79.5,33.219,0.451,town,Rubaga,0.455,0.1341,0.3209
kampala_malaba,160,80.0,33.2193,0.4555,town,Masese III,0.263,0.0,0.263
kampala_malaba,161,80.5,33.2229,0.4571,roadside settlement,Masese III,0.6542,0.0,0.6542
kampala_malaba,162,81.0,33.2258,0.4606,roadside settlement,Kamuli Road,0.0617,0.0,0.0617
kampala_malaba,163,81.5,33.2294,0.4632,town,Eastern Cell,0.5342,0.2161,0.3181
kampala_malaba,164,82.0,33.2336,0.4647,town,Stadium,0.8882,0.6989,0.1893
kampala_malaba,165,82.5,33.2379,0.4662,town,Kalina Cell,0.5976,0.3588,0.2388
kampala_malaba,166,83.0,33.2421,0.4678,town,Church,0.2629,0.0,0.2629
kampala_malaba,167,83.5,33.2463,0.4693,town,Wanyange Central LC I,0.672,0.4256,0.2464
kampala_malaba,168,84.0,33.2505,0.4709,roadside settlement,Wanyange Central LC I,0.3709,0.2343,0.1365
kampala_malaba,169,84.5,33.2548,0.4724,roadside settlement,Wanyange Lake LC I,0.2618,0.1402,0.1216
kampala_malaba,170,85.0,33.259,0.474,roadside settlement,Wanyange Central LC I,0.1724,0.0,0.1724
kampala_malaba,171,85.5,33.2632,0.4755,town,Walumbe LC I,0.503,0.1827,0.3203
kampala_malaba,172,86.0,33.2674,0.4772,town,Wairaka A LC I,0.8495,0.4985,0.351
kampala_malaba,173,86.5,33.2715,0.4791,roadside settlement,Mwiri Primary LC I,0.4352,0.3163,0.1189
kampala_malaba,174,87.0,33.2754,0.4812,roadside settlement,Mwiri Primary LC I,0.173,0.0,0.173
kampala_malaba,175,87.5,33.2794,0.4833,open road,Namaziba,0.0005,0.0,0.0005
kampala_malaba,176,88.0,33.2834,0.4853,open road,Go Moja,0.2097,0.1281,0.0816
kampala_malaba,177,88.5,33.2874,0.4874,open road,Go Moja,0.6303,0.6594,-0.0291
kampala_malaba,178,89.0,33.2914,0.4895,roadside settlement,Go Moja,0.5367,0.5167,0.02
kampala_malaba,179,89.5,33.2954,0.4916,roadside settlement,Single Quaters,0.0224,0.0,0.0224
kampala_malaba,180,90.0,33.2994,0.4936,open road,Single Quaters,0.0602,0.0,0.0602
kampala_malaba,181,90.5,33.3034,0.4957,open road,Majimazuri,0.6469,0.6624,-0.0155
kampala_malaba,182,91.0,33.3073,0.4978,open road,Majimazuri,0.1601,0.1189,0.0411
kampala_malaba,183,91.5,33.3113,0.4999,open road,Majimazuri,0.0404,0.0,0.0404
kampala_malaba,184,92.0,33.3153,0.502,open road,Hio LC I,0.8053,0.8385,-0.0333
kampala_malaba,185,92.5,33.3193,0.5041,open road,Hio LC I,0.452,0.4469,0.0051
kampala_malaba,186,93.0,33.3233,0.5061,open road,Hio LC I,0.4715,0.3831,0.0884
kampala_malaba,187,93.5,33.3273,0.5082,roadside settlement,Wandago,0.182,0.04,0.142
kampala_malaba,188,94.0,33.3313,0.5103,roadside settlement,Wandago,0.1253,0.0,0.1253
kampala_malaba,189,94.5,33.3353,0.5124,roadside settlement,Wandago,0.2776,0.2282,0.0493
kampala_malaba,190,95.0,33.3392,0.5145,roadside settlement,Magamaga,0.5619,0.5258,0.0361
kampala_malaba,191,95.5,33.3432,0.5167,town,Magamaga,0.4823,0.2282,0.2541
kampala_malaba,192,96.0,33.3468,0.5194,town,Magamaga,0.321,0.0127,0.3084
kampala_malaba,193,96.5,33.351,0.5207,town,Wabulungu trading centre,0.3743,0.0,0.3743
kampala_malaba,194,97.0,33.3555,0.5209,roadside settlement,Buwanga B,0.1112,0.0,0.1112
kampala_malaba,195,97.5,33.3599,0.5216,roadside settlement,Buwanga B,0.1593,0.0,0.1593
kampala_malaba,196,98.0,33.3643,0.5223,roadside settlement,Buwanga B,0.2331,0.0,0.2331
kampala_malaba,197,98.5,33.3687,0.5231,roadside settlement,Buwanga B,0.3113,0.0552,0.2561
kampala_malaba,198,99.0,33.3731,0.524,roadside settlement,Magamaga,1.3555,0.3345,1.021
kampala_malaba,199,99.5,33.3774,0.5255,roadside settlement,Musita A,0.0971,0.0188,0.0783
kampala_malaba,200,100.0,33.3816,0.527,roadside settlement,Musita A,0.4746,0.4135,0.0611
kampala_malaba,201,100.5,33.3859,0.5285,town,Musita A,0.359,0.1493,0.2097
kampala_malaba,202,101.0,33.3901,0.53,roadside settlement,Musita A,0.1758,0.0,0.1758
kampala_malaba,203,101.5,33.3942,0.5317,roadside settlement,Waitambugwe,0.5353,0.4863,0.0489
kampala_malaba,204,102.0,33.3966,0.5355,roadside settlement,Waitambugwe,0.0572,0.0,0.0572
kampala_malaba,205,102.5,33.3987,0.5395,roadside settlement,Nawangiri,0.6025,0.5896,0.0129
kampala_malaba,206,103.0,33.4009,0.5435,town,Batambogwe,0.4615,0.1584,0.3031
kampala_malaba,207,103.5,33.403,0.5474,town,Batambogwe,0.4053,0.0764,0.3288
kampala_malaba,208,104.0,33.4052,0.5514,roadside settlement,Batambogwe,0.2458,0.1797,0.0661
kampala_malaba,209,104.5,33.4073,0.5554,town,Wainya,0.3531,0.0279,0.3252
kampala_malaba,210,105.0,33.4095,0.5594,roadside settlement,Bulanga,0.1303,0.0,0.1303
kampala_malaba,211,105.5,33.4116,0.5633,town,Bulanga,0.4738,0.1888,0.2851
kampala_malaba,212,106.0,33.4149,0.5663,town,Namasoga,0.3705,0.0,0.3705
kampala_malaba,213,106.5,33.4188,0.5685,roadside settlement,Namasoga,0.1158,0.0,0.1158
kampala_malaba,214,107.0,33.4227,0.5706,roadside settlement,Namasoga,0.3008,0.2161,0.0847
kampala_malaba,215,107.5,33.4256,0.574,roadside settlement,Namasoga,0.4147,0.3558,0.0589
kampala_malaba,216,108.0,33.428,0.5778,roadside settlement,Namasoga,0.0758,0.0521,0.0236
kampala_malaba,217,108.5,33.4306,0.5815,roadside settlement,Walukuba,0.0395,0.0,0.0395
kampala_malaba,218,109.0,33.434,0.5844,open road,Namakunyu,0.2674,0.2343,0.0331
kampala_malaba,219,109.5,33.4378,0.5868,roadside settlement,Namakunyu,0.3493,0.2859,0.0634
kampala_malaba,220,110.0,33.4417,0.5892,roadside settlement,Namakunyu,0.3758,0.3406,0.0353
kampala_malaba,221,110.5,33.4458,0.591,roadside settlement,Iwawu,0.3982,0.3133,0.0849
kampala_malaba,222,111.0,33.4495,0.5935,roadside settlement,Iwawu,0.0607,0.0,0.0607
kampala_malaba,223,111.5,33.4529,0.5964,roadside settlement,Bukoyo,0.6153,0.5956,0.0197
kampala_malaba,224,112.0,33.4564,0.5993,roadside settlement,Bukoyo,0.3196,0.1979,0.1217
kampala_malaba,225,112.5,33.4602,0.6017,roadside settlement,Bukoyo,0.1793,0.037,0.1423
kampala_malaba,226,113.0,33.4637,0.6045,roadside settlement,Bukoyo,0.1109,0.0,0.1109
kampala_malaba,227,113.5,33.4667,0.6079,town,Walugogo Estate,0.5205,0.2252,0.2953
kampala_malaba,228,114.0,33.4699,0.6111,town,Nkaatu Proper,1.0102,0.626,0.3842
kampala_malaba,229,114.5,33.4735,0.6137,town,Nkatu Main,0.78,0.3406,0.4394
kampala_malaba,230,115.0,33.4778,0.6149,town,Iganga,0.4328,0.2252,0.2075
kampala_malaba,231,115.5,33.4821,0.6161,town,Mutukula A,0.3288,0.1098,0.2189
kampala_malaba,232,116.0,33.4861,0.6179,town,Mutukula,0.3087,0.0,0.3087
kampala_malaba,233,116.5,33.4899,0.6204,roadside settlement,Busei Central,0.6885,0.6442,0.0443
kampala_malaba,234,117.0,33.4936,0.6228,town,Busei A,0.4066,0.1615,0.2451
kampala_malaba,235,117.5,33.4972,0.6256,town,Busei A,0.3827,0.0,0.3827
kampala_malaba,236,118.0,33.5013,0.6271,roadside settlement,Busei B,0.1843,0.0,0.1843
kampala_malaba,237,118.5,33.5058,0.6277,roadside settlement,Nakalama North,0.0442,0.0,0.0442
kampala_malaba,238,119.0,33.5103,0.6277,open road,Nakalama North,0.2168,0.2009,0.0159
kampala_malaba,239,119.5,33.5147,0.6274,town,Nakalama North,0.7483,0.4286,0.3196
kampala_malaba,240,120.0,33.5189,0.6289,town,Nakalama,0.2407,0.0,0.2407
kampala_malaba,241,120.5,33.5234,0.6287,roadside settlement,Nakalama South,0.3972,0.2131,0.1842
kampala_malaba,242,121.0,33.5279,0.6285,roadside settlement,Nakalama South,0.324,0.1827,0.1413
kampala_malaba,243,121.5,33.5323,0.6291,open road,Nakalama South,0.0377,0.0,0.0377
kampala_malaba,244,122.0,33.5368,0.6296,open road,Bukooboli,0.0169,0.0,0.0169
kampala_malaba,245,122.5,33.5412,0.6305,roadside settlement,Bukooboli,0.2408,0.2009,0.0399
kampala_malaba,246,123.0,33.5456,0.6314,roadside settlement,Bukooboli,0.0487,0.0,0.0487
kampala_malaba,247,123.5,33.5501,0.6313,roadside settlement,Bukooboli,0.3233,0.2556,0.0677
kampala_malaba,248,124.0,33.5545,0.631,roadside settlement,Butende,0.0152,0.0,0.0152
kampala_malaba,249,124.5,33.559,0.631,open road,Butende,0.1268,0.1129,0.0139
kampala_malaba,250,125.0,33.5635,0.631,open road,Butende,0.3338,0.3254,0.0084
kampala_malaba,251,125.5,33.568,0.6311,roadside settlement,Butende,0.5175,0.5228,-0.0052
kampala_malaba,252,126.0,33.5725,0.6314,roadside settlement,Butende,0.6861,0.6533,0.0328
kampala_malaba,253,126.5,33.577,0.6311,roadside settlement,Butende,0.1487,0.0,0.1487
kampala_malaba,254,127.0,33.5814,0.6302,roadside settlement,Butende,0.0702,0.0,0.0702
kampala_malaba,255,127.5,33.5856,0.6286,open road,Butende,0.2541,0.2525,0.0016
kampala_malaba,256,128.0,33.5898,0.627,roadside settlement,Busesa,0.4241,0.4195,0.0046
kampala_malaba,257,128.5,33.5942,0.6264,roadside settlement,Busesa,0.5314,0.541,-0.0096
kampala_malaba,258,129.0,33.5987,0.6264,roadside settlement,Busesa,0.6044,0.5622,0.0422
kampala_malaba,259,129.5,33.6032,0.6261,roadside settlement,Ibaako,0.4253,0.374,0.0514
kampala_malaba,260,130.0,33.6076,0.6255,roadside settlement,Ibaako,0.2895,0.2161,0.0734
kampala_malaba,261,130.5,33.612,0.6245,roadside settlement,Idudi C,0.1114,0.0,0.1114
kampala_malaba,262,131.0,33.6164,0.6238,roadside settlement,Idudi C,0.2332,0.1098,0.1234
kampala_malaba,263,131.5,33.6209,0.6232,roadside settlement,Idudi D,0.4184,0.3133,0.1052
kampala_malaba,264,132.0,33.6253,0.6225,town,Idudi A,0.3107,0.0188,0.292
kampala_malaba,265,132.5,33.6296,0.6212,roadside settlement,Idudi B,0.1832,0.0,0.1832
kampala_malaba,266,133.0,33.6341,0.6211,roadside settlement,Bukasozi,0.1134,0.0,0.1134
kampala_malaba,267,133.5,33.6385,0.6204,roadside settlement,Bukasozi,0.2235,0.1432,0.0803
kampala_malaba,268,134.0,33.6428,0.6193,roadside settlement,Bwigula,0.1043,0.0521,0.0521
kampala_malaba,269,134.5,33.6472,0.6181,roadside settlement,Bwigula,0.1232,0.0,0.1232
kampala_malaba,270,135.0,33.6515,0.6167,roadside settlement,Butaba,0.1468,0.0,0.1468
kampala_malaba,271,135.5,33.6557,0.6151,roadside settlement,Butaba,0.1494,0.0764,0.073
kampala_malaba,272,136.0,33.66,0.6139,roadside settlement,Butaba,0.1477,0.0,0.1477
kampala_malaba,273,136.5,33.6643,0.6125,roadside settlement,Butaba,0.08,0.0,0.08
kampala_malaba,274,137.0,33.6686,0.6112,open road,Butaba,0.1335,0.1129,0.0206
kampala_malaba,275,137.5,33.6729,0.6099,open road,Nakawa,0.2191,0.2191,0.0
kampala_malaba,276,138.0,33.6772,0.6085,roadside settlement,Nakawa,0.3483,0.3254,0.0228
kampala_malaba,277,138.5,33.6814,0.6071,roadside settlement,Nakawa,0.3753,0.3436,0.0317
kampala_malaba,278,139.0,33.6858,0.6059,roadside settlement,Busowa North,0.3847,0.292,0.0927
kampala_malaba,279,139.5,33.69,0.6045,roadside settlement,Busowa North,0.2865,0.1645,0.122
kampala_malaba,280,140.0,33.6943,0.6031,roadside settlement,Busowa South,0.3182,0.1432,0.175
kampala_malaba,281,140.5,33.6985,0.6016,roadside settlement,Busowa Central,0.3544,0.2131,0.1413
kampala_malaba,282,141.0,33.7028,0.6,roadside settlement,Bugongo,0.2357,0.1645,0.0712
kampala_malaba,283,141.5,33.7069,0.5983,roadside settlement,Namalenha,0.1608,0.0947,0.0661
kampala_malaba,284,142.0,33.711,0.5964,roadside settlement,Namalenha,0.0645,0.0,0.0645
kampala_malaba,285,142.5,33.715,0.5945,open road,Namalenha,0.0447,0.04,0.0047
kampala_malaba,286,143.0,33.719,0.5924,open road,Lwaba,0.2618,0.2556,0.0063
kampala_malaba,287,143.5,33.723,0.5902,roadside settlement,Lwaba,0.3635,0.3254,0.0381
kampala_malaba,288,144.0,33.7269,0.588,roadside settlement,Lwaba,0.4208,0.3588,0.062
kampala_malaba,289,144.5,33.7308,0.5858,roadside settlement,Ndifakulya,0.4272,0.4043,0.0229
kampala_malaba,290,145.0,33.7348,0.5836,roadside settlement,Ndifakulya,0.443,0.3922,0.0508
kampala_malaba,291,145.5,33.7381,0.5807,roadside settlement,Ndifakulya,0.2537,0.1645,0.0892
kampala_malaba,292,146.0,33.7408,0.5771,roadside settlement,Ndeeba,0.2414,0.1281,0.1133
kampala_malaba,293,146.5,33.7442,0.5741,roadside settlement,Ndifakulya,0.2018,0.0825,0.1192
kampala_malaba,294,147.0,33.7476,0.5712,roadside settlement,Bwole,0.2167,0.0947,0.122
kampala_malaba,295,147.5,33.751,0.5681,town,Bwole,0.5375,0.2556,0.282
kampala_malaba,296,148.0,33.7543,0.5651,town,Bugiri,0.3714,0.125,0.2464
kampala_malaba,297,148.5,33.7576,0.5621,roadside settlement,Nkusi A,0.4275,0.3345,0.093
kampala_malaba,298,149.0,33.761,0.5591,roadside settlement,Bugiri,0.6949,0.6715,0.0233
kampala_malaba,299,149.5,33.7643,0.556,roadside settlement,Butambula,0.4831,0.371,0.1121
kampala_malaba,300,150.0,33.7673,0.5527,roadside settlement,Kiyinikibi East,0.2316,0.0,0.2316
kampala_malaba,301,150.5,33.7703,0.5493,roadside settlement,Kiyinikibi East,0.1169,0.0,0.1169
kampala_malaba,302,151.0,33.7732,0.5458,open road,Bukonde B,0.3429,0.2616,0.0813
kampala_malaba,303,151.5,33.7762,0.5424,roadside settlement,Bukonde B,0.2145,0.1949,0.0196
kampala_malaba,304,152.0,33.7791,0.539,roadside settlement,Bukonde B,0.1334,0.0886,0.0449
kampala_malaba,305,152.5,33.7821,0.5356,roadside settlement,Bukonde A,0.0543,0.0,0.0543
kampala_malaba,306,153.0,33.785,0.5322,roadside settlement,Bukonde A,0.0169,0.0,0.0169
kampala_malaba,307,153.5,33.788,0.5288,open road,Namayemba Central B,0.2286,0.2282,0.0004
kampala_malaba,308,154.0,33.791,0.5254,roadside settlement,Namayemba Central B,0.4272,0.4256,0.0016
kampala_malaba,309,154.5,33.794,0.522,roadside settlement,Namayemba East B,0.3662,0.2981,0.0681
kampala_malaba,310,155.0,33.7969,0.5186,roadside settlement,Namayemba,0.133,0.0521,0.0809
kampala_malaba,311,155.5,33.7999,0.5153,roadside settlement,Namayemba,0.1498,0.0,0.1498
kampala_malaba,312,156.0,33.8038,0.5131,roadside settlement,Namayemba,0.1662,0.0,0.1662
kampala_malaba,313,156.5,33.8082,0.5127,roadside settlement,Namayemba Central A,0.1373,0.0,0.1373
kampala_malaba,314,157.0,33.8125,0.514,roadside settlement,Namayemba East A,0.1602,0.0,0.1602
kampala_malaba,315,157.5,33.8168,0.5156,roadside settlement,Namayemba East A,0.063,0.0,0.063
kampala_malaba,316,158.0,33.821,0.5171,open road,Nakonkolo,0.0428,0.0,0.0428
kampala_malaba,317,158.5,33.8252,0.5187,open road,Nakonkolo,0.1033,0.0886,0.0147
kampala_malaba,318,159.0,33.8294,0.5203,roadside settlement,Nakonkolo,0.17,0.1645,0.0055
kampala_malaba,319,159.5,33.8336,0.5218,roadside settlement,Nakonkolo,0.2265,0.1311,0.0954
kampala_malaba,320,160.0,33.8378,0.5234,roadside settlement,Nankongolo,0.183,0.1038,0.0792
kampala_malaba,321,160.5,33.842,0.525,roadside settlement,Bugosere,0.2891,0.21,0.0791
kampala_malaba,322,161.0,33.8463,0.5265,roadside settlement,Bugosere,0.1039,0.0218,0.0821
kampala_malaba,323,161.5,33.8507,0.5274,roadside settlement,Buwuni,0.3368,0.292,0.0448
kampala_malaba,324,162.0,33.8551,0.5282,roadside settlement,Buwuni,0.079,0.04,0.039
kampala_malaba,325,162.5,33.8595,0.5291,roadside settlement,Butebe B,0.2616,0.1402,0.1214
kampala_malaba,326,163.0,33.8639,0.53,roadside settlement,Buwuni,0.1711,0.0491,0.122
kampala_malaba,327,163.5,33.8683,0.5309,roadside settlement,Makhoma A,0.2334,0.043,0.1904
kampala_malaba,328,164.0,33.8727,0.5318,roadside settlement,Kibimba,0.1657,0.0,0.1657
kampala_malaba,329,164.5,33.8771,0.5327,roadside settlement,Kibimba,0.1211,0.0,0.1211
kampala_malaba,330,165.0,33.8815,0.5335,open road,Kibimba,0.1757,0.1281,0.0476
kampala_malaba,331,165.5,33.8859,0.5344,open road,Kibimba,0.1432,0.1432,0.0
kampala_malaba,332,166.0,33.8903,0.5353,open road,Kibimba,0.213,0.1979,0.0151
kampala_malaba,333,166.5,33.8947,0.5362,open road,Butema,0.3347,0.3406,-0.0059
kampala_malaba,334,167.0,33.8991,0.5371,roadside settlement,Butema,0.2886,0.2768,0.0118
kampala_malaba,335,167.5,33.9036,0.5379,roadside settlement,Butema,0.2761,0.2495,0.0266
kampala_malaba,336,168.0,33.908,0.5373,roadside settlement,Butema,0.3362,0.2981,0.0381
kampala_malaba,337,168.5,33.9124,0.5363,roadside settlement,Bulema,0.4187,0.371,0.0477
kampala_malaba,338,169.0,33.9167,0.5352,roadside settlement,Bulema,0.2455,0.2009,0.0446
kampala_malaba,339,169.5,33.9211,0.5342,roadside settlement,Buwayo,0.2482,0.1797,0.0685
kampala_malaba,340,170.0,33.9255,0.5332,roadside settlement,Muwayo,0.3484,0.2799,0.0685
kampala_malaba,341,170.5,33.9299,0.5322,roadside settlement,Muwayo,0.4563,0.3436,0.1126
kampala_malaba,342,171.0,33.9342,0.5311,roadside settlement,Muwayo,0.4389,0.3315,0.1074
kampala_malaba,343,171.5,33.9386,0.5301,roadside settlement,Bubango,0.2976,0.2343,0.0633
kampala_malaba,344,172.0,33.943,0.5291,roadside settlement,Bubango,0.7271,0.6867,0.0404
kampala_malaba,345,172.5,33.9471,0.5275,roadside settlement,Bubango,0.5721,0.5258,0.0463
kampala_malaba,346,173.0,33.9514,0.5261,open road,Bubango,0.4608,0.371,0.0898
kampala_malaba,347,173.5,33.9557,0.5249,open road,Bubango,0.0846,0.0,0.0846
kampala_malaba,348,174.0,33.9601,0.5236,open road,Namutere,0.1284,0.1281,0.0004
kampala_malaba,349,174.5,33.9644,0.5239,open road,Namutere,1.6105,0.0,1.6105
kampala_malaba,350,175.0,33.9687,0.5254,town,Namutere,0.8825,0.0,0.8825
kampala_malaba,351,175.5,33.9729,0.5269,open road,Namutere,0.1003,0.0157,0.0846
kampala_malaba,352,176.0,33.9772,0.5284,open road,Bubango,0.1581,0.1038,0.0543
kampala_malaba,353,176.5,33.9814,0.5299,open road,Bubango,0.2169,0.1645,0.0524
kampala_malaba,354,177.0,33.9857,0.5313,open road,Bubango,0.327,0.3345,-0.0075
kampala_malaba,355,177.5,33.9899,0.5328,open road,West Bugwe Fr.,0.2641,0.2556,0.0086
kampala_malaba,356,178.0,33.9941,0.5343,open road,West Bugwe Fr.,0.0245,0.0,0.0245
kampala_malaba,357,178.5,33.9984,0.5358,open road,West Bugwe Fr.,0.0,0.0,0.0
kampala_malaba,358,179.0,34.0026,0.5373,open road,West Bugwe Fr.,0.0,0.0,0.0
kampala_malaba,359,179.5,34.0069,0.5387,open road,West Bugwe Fr.,0.0,0.0,0.0
kampala_malaba,360,180.0,34.0106,0.5412,open road,Bukade,0.3897,0.4043,-0.0146
kampala_malaba,361,180.5,34.0143,0.5438,open road,Bukade,0.4553,0.4651,-0.0098
kampala_malaba,362,181.0,34.0175,0.547,open road,Busitema University,0.1875,0.1129,0.0747
kampala_malaba,363,181.5,34.0202,0.5506,open road,Busitema University,0.0421,0.0005,0.0415
kampala_malaba,364,182.0,34.0229,0.5542,open road,Busitema University,0.0005,0.0,0.0005
kampala_malaba,365,182.5,34.0256,0.5578,roadside settlement,Busitema Trc,0.1678,0.0704,0.0974
kampala_malaba,366,183.0,34.0284,0.5614,town,Busitema Trc,0.6425,0.1402,0.5023
kampala_malaba,367,183.5,34.0311,0.5649,roadside settlement,Busitima,0.6063,0.0673,0.539
kampala_malaba,368,184.0,34.034,0.5684,roadside settlement,Buwuchi,0.4858,0.4469,0.039
kampala_malaba,369,184.5,34.0373,0.5715,roadside settlement,Buwuchi,0.2996,0.2768,0.0228
kampala_malaba,370,185.0,34.0406,0.5745,roadside settlement,Ndaiga,0.3287,0.1979,0.1308
kampala_malaba,371,185.5,34.0439,0.5776,roadside settlement,Ndaiga,0.1049,0.0,0.1049
kampala_malaba,372,186.0,34.0472,0.5807,roadside settlement,Ndaiga,0.0766,0.0,0.0766
kampala_malaba,373,186.5,34.0505,0.5837,open road,Busabi,0.074,0.0127,0.0614
kampala_malaba,374,187.0,34.0538,0.5868,open road,Busabi,0.1516,0.122,0.0296
kampala_malaba,375,187.5,34.0571,0.5899,open road,Malawa 'a',0.1432,0.1432,0.0
kampala_malaba,376,188.0,34.0601,0.5932,open road,Malawa 'a',0.285,0.2859,-0.0009
kampala_malaba,377,188.5,34.0623,0.5971,roadside settlement,Malawa 'a',0.3229,0.3011,0.0218
kampala_malaba,378,189.0,34.0647,0.601,roadside settlement,Malawa 'a',0.2429,0.1797,0.0632
kampala_malaba,379,189.5,34.0683,0.6036,roadside settlement,Papoli,0.3036,0.292,0.0116
kampala_malaba,380,190.0,34.072,0.6062,roadside settlement,Papoli,0.3727,0.3345,0.0382
kampala_malaba,381,190.5,34.0756,0.6088,roadside settlement,Papoli,0.2374,0.1827,0.0547
kampala_malaba,382,191.0,34.0793,0.6115,roadside settlement,Papoli,0.0846,0.0552,0.0294
kampala_malaba,383,191.5,34.083,0.6141,open road,Pakamalung 'a',0.2384,0.2161,0.0223
kampala_malaba,384,192.0,34.0866,0.6167,open road,Pakamalung 'a',0.3222,0.3133,0.009
kampala_malaba,385,192.5,34.0903,0.6193,open road,Podut A 'b',0.2772,0.2768,0.0004
kampala_malaba,386,193.0,34.0939,0.6219,roadside settlement,Podut A 'b',0.4241,0.4347,-0.0106
kampala_malaba,387,193.5,34.0976,0.6245,roadside settlement,Podoti,0.4564,0.371,0.0855
kampala_malaba,388,194.0,34.1013,0.6272,roadside settlement,Podoti,0.2073,0.1068,0.1005
kampala_malaba,389,194.5,34.1049,0.6298,roadside settlement,Asinget 'b',0.0747,0.0218,0.0529
kampala_malaba,390,195.0,34.1086,0.6324,roadside settlement,Asinge,0.2407,0.2313,0.0094
kampala_malaba,391,195.5,34.1123,0.635,roadside settlement,Asinge,0.4634,0.456,0.0075
kampala_malaba,392,196.0,34.1159,0.6376,roadside settlement,Katerema C 'a',0.4568,0.4074,0.0494
kampala_malaba,393,196.5,34.1196,0.6402,roadside settlement,Katerema C 'a',0.3956,0.3163,0.0793
kampala_malaba,394,197.0,34.1233,0.6428,roadside settlement,Aburi 'a',0.3561,0.3224,0.0337
kampala_malaba,395,197.5,34.1269,0.6455,roadside settlement,Aburi 'a',0.3146,0.2708,0.0438
kampala_malaba,396,198.0,34.1305,0.6483,roadside settlement,Magoro 'b',0.277,0.1827,0.0943
kampala_malaba,397,198.5,34.1331,0.6519,roadside settlement,Magoro 'b',0.0418,0.0,0.0418
kampala_malaba,398,199.0,34.1359,0.6554,roadside settlement,Opedede 'a',0.2298,0.2161,0.0137
kampala_malaba,399,199.5,34.1397,0.6577,roadside settlement,Opedede 'a',0.5126,0.5319,-0.0193
kampala_malaba,400,200.0,34.1441,0.6585,roadside settlement,Sukulu,0.4557,0.4347,0.0209
kampala_malaba,401,200.5,34.1486,0.6591,roadside settlement,Sukulu,0.1282,0.0,0.1282
kampala_malaba,402,201.0,34.153,0.6588,roadside settlement,Sukulu,0.1797,0.0582,0.1214
kampala_malaba,403,201.5,34.1574,0.658,roadside settlement,Amagoro 'b',0.1279,0.0,0.1279
kampala_malaba,404,202.0,34.1617,0.6593,roadside settlement,Ticaf 'a',0.1492,0.0,0.1492
kampala_malaba,405,202.5,34.1662,0.66,roadside settlement,Ticaf 'a',0.4073,0.0,0.4073
kampala_malaba,406,203.0,34.1707,0.66,town,Osukuru Corner 'b',0.3026,0.0,0.3026
kampala_malaba,407,203.5,34.175,0.6605,roadside settlement,Osukuru Corner 'b',0.1462,0.0188,0.1275
kampala_malaba,408,204.0,34.1788,0.6631,roadside settlement,Amagoro B Central 'b',0.4981,0.459,0.0391
kampala_malaba,409,204.5,34.1826,0.6653,roadside settlement,Amagoro B South,0.5642,0.5562,0.0081
kampala_malaba,410,205.0,34.1865,0.6676,roadside settlement,Asinge 'b' A,0.6264,0.629,-0.0026
kampala_malaba,411,205.5,34.1907,0.6676,roadside settlement,Asinge 'b' A,0.2088,0.0,0.2088
kampala_malaba,412,206.0,34.1943,0.6648,roadside settlement,Amagoro A South,0.1924,0.0,0.1924
kampala_malaba,413,206.5,34.1979,0.6621,roadside settlement,Amagoro A South,0.0859,0.0,0.0859
kampala_malaba,414,207.0,34.2015,0.6594,roadside settlement,Asinge 'a',0.0929,0.0,0.0929
kampala_malaba,415,207.5,34.2051,0.6568,open road,Asinge 'a',0.0005,0.0,0.0005
kampala_malaba,416,208.0,34.2094,0.6553,open road,Oriyoyi,0.0402,0.0127,0.0275
kampala_malaba,417,208.5,34.2136,0.6538,roadside settlement,Oriyoyi,0.4524,0.4469,0.0055
kampala_malaba,418,209.0,34.2179,0.6524,roadside settlement,Oriyoyi,0.3947,0.3467,0.048
kampala_malaba,419,209.5,34.2221,0.6509,roadside settlement,Oriyoi Central,0.0854,0.0,0.0854
kampala_malaba,420,210.0,34.2264,0.6495,open road,Oriyoi 'a',0.1072,0.0825,0.0247
kampala_malaba,421,210.5,34.2306,0.648,open road,Oriyoi 'a',0.0261,0.0066,0.0195
kampala_malaba,422,211.0,34.2349,0.6466,roadside settlement,Asinge 'a',0.2714,0.2404,0.031
kampala_malaba,423,211.5,34.2392,0.6452,roadside settlement,Asinge 'a',0.4898,0.4165,0.0733
kampala_malaba,424,212.0,34.2434,0.6437,roadside settlement,Asinge 'a',0.2194,0.1615,0.058
kampala_malaba,425,212.5,34.2477,0.6422,roadside settlement,Amagoro Central,0.2382,0.1402,0.098
kampala_malaba,426,213.0,34.2519,0.6408,town,Asinge 'b',0.4595,0.1615,0.2981
kampala_malaba,427,213.5,34.2562,0.6393,roadside settlement,Asinge 'b',0.2118,0.1281,0.0837
kampala_malaba,428,214.0,34.2604,0.6399,town,Obore Central 'a',0.6234,0.0947,0.5288
kampala_malaba,429,214.5,34.2644,0.6382,town,Malaba 'b' East,0.7236,0.1038,0.6199
kampala_malaba,430,215.0,34.2684,0.6379,town,Malaba 'a' South,0.4622,0.1281,0.3341
kampala_malaba,431,215.5,34.2704,0.6363,roadside settlement,Malaba 'a' South,0.1922,0.1432,0.049
