corridor,piece,km_mid,road_type,built_ha_2000,built_ha_2005,built_ha_2010,built_ha_2015,built_ha_2020,built_ha_2025,built_ha_2030,built_ha_2026_proj,growth_ha_2000_2020
kampala_malaba,0,0.25,town,11.7,11.79,11.87,11.96,12.05,12.05,12.05,12.05,0.3500000000000014
kampala_malaba,1,0.75,town,8.18,8.28,8.38,8.47,8.47,8.47,8.47,8.47,0.2900000000000009
kampala_malaba,2,1.25,town,11.04,11.04,11.04,11.05,11.11,11.11,11.11,11.11,0.07000000000000028
kampala_malaba,3,1.75,town,9.92,9.92,9.92,9.93,9.97,9.97,9.97,9.97,0.05000000000000071
kampala_malaba,4,2.25,town,6.66,7.11,7.56,8.03,8.58,8.83,9.17,8.9,1.92
kampala_malaba,5,2.75,town,6.13,6.17,6.21,6.26,6.38,6.38,6.38,6.38,0.25
kampala_malaba,6,3.25,town,10.62,10.67,10.72,10.75,10.75,10.75,10.75,10.75,0.13000000000000078
kampala_malaba,7,3.75,town,7.89,7.92,7.95,7.98,8.01,8.01,8.01,8.01,0.1200000000000001
kampala_malaba,8,4.25,town,14.71,14.77,14.83,14.9,14.98,14.98,14.98,14.98,0.2699999999999996
kampala_malaba,9,4.75,town,13.0,13.0,13.0,13.01,13.09,13.09,13.09,13.09,0.08999999999999986
kampala_malaba,10,5.25,town,10.19,10.38,10.56,10.81,11.27,11.96,11.96,11.96,1.08
kampala_malaba,11,5.75,town,10.25,10.66,11.08,11.41,11.41,11.41,11.41,11.41,1.1600000000000001
kampala_malaba,12,6.25,town,11.38,11.43,11.47,11.51,11.51,11.51,11.51,11.51,0.129999999999999
kampala_malaba,13,6.75,town,12.77,12.77,12.77,12.77,12.77,12.77,12.77,12.77,0.0
kampala_malaba,14,7.25,town,13.19,13.19,13.19,13.19,13.19,13.19,13.19,13.19,0.0
kampala_malaba,15,7.75,town,11.22,11.24,11.26,11.3,11.4,11.4,11.4,11.4,0.17999999999999972
kampala_malaba,16,8.25,town,5.13,5.25,5.36,5.48,5.59,5.59,6.53,5.78,0.45999999999999996
kampala_malaba,17,8.75,town,7.98,8.04,8.1,8.14,8.14,8.14,8.14,8.14,0.16000000000000014
kampala_malaba,18,9.25,town,12.32,12.33,12.34,12.34,12.34,12.34,12.34,12.34,0.019999999999999574
kampala_malaba,19,9.75,town,10.86,11.05,11.23,11.38,11.38,11.38,11.38,11.38,0.5200000000000014
kampala_malaba,20,10.25,town,9.94,10.07,10.2,10.31,10.32,10.32,10.32,10.32,0.3800000000000008
kampala_malaba,21,10.75,roadside settlement,6.05,7.37,8.7,9.78,9.91,9.91,10.25,9.98,3.8600000000000003
kampala_malaba,22,11.25,roadside settlement,5.5,5.82,6.15,6.54,7.19,7.35,7.38,7.36,1.6900000000000004
kampala_malaba,23,11.75,roadside settlement,0.04,0.06,0.12,0.35,1.16,1.81,1.97,1.84,1.1199999999999999
kampala_malaba,24,12.25,town,1.73,1.84,1.94,2.84,6.32,6.76,6.76,6.76,4.59
kampala_malaba,25,12.75,town,1.94,2.51,3.13,3.91,5.43,5.77,5.77,5.77,3.4899999999999998
kampala_malaba,26,13.25,roadside settlement,1.15,1.77,2.58,3.49,4.68,5.35,5.69,5.42,3.53
kampala_malaba,27,13.75,town,4.75,5.99,7.23,8.47,8.47,8.47,8.47,8.47,3.7200000000000006
kampala_malaba,28,14.25,roadside settlement,1.98,2.94,3.91,4.69,4.76,5.13,5.16,5.14,2.78
kampala_malaba,29,14.75,town,4.66,5.18,6.16,6.82,6.91,6.91,6.91,6.91,2.25
kampala_malaba,30,15.25,town,11.46,11.56,11.66,11.74,11.74,11.74,11.74,11.74,0.27999999999999936
kampala_malaba,31,15.75,town,7.96,8.25,8.54,8.78,8.79,8.79,8.79,8.79,0.8299999999999992
kampala_malaba,32,16.25,roadside settlement,2.71,3.06,3.51,4.32,4.32,4.33,4.33,4.33,1.6100000000000003
kampala_malaba,33,16.75,town,6.4,7.38,8.46,9.28,9.46,9.46,9.46,9.46,3.0600000000000005
kampala_malaba,34,17.25,roadside settlement,2.18,2.85,3.51,4.14,4.16,4.75,5.03,4.81,1.98
kampala_malaba,35,17.75,roadside settlement,5.17,5.63,6.09,6.54,6.6,6.6,6.6,6.6,1.4299999999999997
kampala_malaba,36,18.25,town,5.83,6.28,6.72,7.08,7.08,7.18,7.18,7.18,1.25
kampala_malaba,37,18.75,town,5.04,5.36,5.68,5.95,5.95,5.95,5.95,5.95,0.9100000000000001
kampala_malaba,38,19.25,town,8.62,8.71,8.8,8.87,8.87,8.87,8.87,8.87,0.25
kampala_malaba,39,19.75,town,6.52,6.81,7.1,7.33,7.33,7.33,7.33,7.33,0.8100000000000005
kampala_malaba,40,20.25,town,8.84,8.96,9.08,9.18,9.18,9.18,9.18,9.18,0.33999999999999986
kampala_malaba,41,20.75,town,10.43,10.44,10.45,10.46,10.46,10.46,10.46,10.46,0.030000000000001137
kampala_malaba,42,21.25,town,11.03,11.05,11.07,11.09,11.09,11.09,11.09,11.09,0.0600000000000005
kampala_malaba,43,21.75,town,7.12,7.44,7.76,8.31,8.31,8.31,8.31,8.31,1.1900000000000004
kampala_malaba,44,22.25,roadside settlement,6.7,7.4,8.11,8.75,8.76,8.76,8.76,8.76,2.0599999999999996
kampala_malaba,45,22.75,roadside settlement,6.3,6.91,7.51,8.0,8.05,8.05,8.05,8.05,1.7500000000000009
kampala_malaba,46,23.25,town,5.37,5.88,6.39,6.8,6.8,6.8,6.8,6.8,1.4299999999999997
kampala_malaba,47,23.75,roadside settlement,0.78,1.2,1.75,2.14,2.29,2.47,2.53,2.48,1.51
kampala_malaba,48,24.25,town,0.26,0.45,0.64,1.49,2.27,2.87,2.92,2.88,2.01
kampala_malaba,49,24.75,roadside settlement,0.85,1.26,1.7,2.35,3.27,3.27,3.31,3.28,2.42
kampala_malaba,50,25.25,roadside settlement,1.18,1.29,1.4,1.48,1.49,1.87,1.94,1.88,0.31000000000000005
kampala_malaba,51,25.75,open road,0.0,0.15,0.3,0.45,0.72,0.85,0.87,0.85,0.72
kampala_malaba,52,26.25,open road,0.02,0.06,0.26,0.37,0.48,0.67,0.67,0.67,0.45999999999999996
kampala_malaba,53,26.75,roadside settlement,0.11,0.25,0.42,0.67,0.67,0.86,1.14,0.92,0.56
kampala_malaba,54,27.25,roadside settlement,2.66,3.08,3.5,3.85,3.89,4.28,4.31,4.29,1.23
kampala_malaba,55,27.75,town,1.73,2.0,2.65,3.04,3.25,3.34,3.36,3.34,1.52
kampala_malaba,56,28.25,town,1.21,2.1,3.14,3.91,4.09,4.49,4.52,4.5,2.88
kampala_malaba,57,28.75,town,2.8,3.28,4.49,5.17,5.21,5.22,5.22,5.22,2.41
kampala_malaba,58,29.25,roadside settlement,0.45,1.7,2.99,4.17,4.18,4.18,4.41,4.23,3.7299999999999995
kampala_malaba,59,29.75,roadside settlement,0.1,0.21,0.56,1.13,1.55,2.32,2.32,2.32,1.45
kampala_malaba,60,30.25,roadside settlement,0.91,1.51,2.12,2.63,2.72,3.95,4.07,3.97,1.81
kampala_malaba,61,30.75,roadside settlement,3.7,4.42,5.26,5.89,5.9,5.9,5.9,5.9,2.2
kampala_malaba,62,31.25,town,4.84,5.31,5.77,6.18,6.18,6.18,6.21,6.19,1.3399999999999999
kampala_malaba,63,31.75,roadside settlement,3.76,4.19,5.07,5.63,5.65,5.75,5.75,5.75,1.8900000000000006
kampala_malaba,64,32.25,town,3.77,4.33,4.89,5.35,5.35,5.62,5.62,5.62,1.5799999999999996
kampala_malaba,65,32.75,roadside settlement,0.99,1.11,1.24,1.54,1.58,1.78,2.18,1.86,0.5900000000000001
kampala_malaba,66,33.25,roadside settlement,0.29,0.55,0.81,1.35,3.04,3.05,3.05,3.05,2.75
kampala_malaba,67,33.75,roadside settlement,1.33,1.51,1.7,1.85,1.85,1.94,2.14,1.98,0.52
kampala_malaba,68,34.25,roadside settlement,3.56,3.74,3.93,4.08,4.26,4.41,4.41,4.41,0.6999999999999997
kampala_malaba,69,34.75,roadside settlement,2.51,2.85,3.26,3.59,3.6,3.72,3.72,3.72,1.0900000000000003
kampala_malaba,70,35.25,roadside settlement,1.64,2.15,2.72,3.19,3.29,3.61,3.61,3.61,1.6500000000000001
kampala_malaba,71,35.75,roadside settlement,1.35,1.97,2.81,3.63,3.64,3.77,3.77,3.77,2.29
kampala_malaba,72,36.25,roadside settlement,5.33,5.63,5.93,6.17,6.18,6.37,6.39,6.37,0.8499999999999996
kampala_malaba,73,36.75,roadside settlement,1.02,1.35,1.69,2.01,2.01,2.3,2.31,2.3,0.9899999999999998
kampala_malaba,74,37.25,roadside settlement,3.66,3.82,3.98,4.11,4.11,4.28,4.28,4.28,0.4500000000000002
kampala_malaba,75,37.75,roadside settlement,2.48,2.63,2.78,2.9,2.9,3.18,3.46,3.24,0.41999999999999993
kampala_malaba,76,38.25,roadside settlement,0.48,0.51,0.54,0.58,0.73,0.73,0.79,0.74,0.25
kampala_malaba,77,38.75,roadside settlement,0.32,0.36,0.5,0.57,0.57,0.69,0.74,0.7,0.24999999999999994
kampala_malaba,78,39.25,open road,0.0,0.0,0.0,0.0,0.0,0.0,0.0,0.0,0.0
kampala_malaba,79,39.75,roadside settlement,0.05,0.06,0.1,0.13,0.14,0.25,0.25,0.25,0.09000000000000001
kampala_malaba,80,40.25,roadside settlement,0.4,1.19,1.98,3.07,3.08,3.08,3.52,3.17,2.68
kampala_malaba,81,40.75,roadside settlement,0.23,0.37,0.5,0.72,0.74,1.37,1.37,1.37,0.51
kampala_malaba,82,41.25,roadside settlement,1.41,1.89,2.59,3.23,3.34,3.48,3.55,3.49,1.93
kampala_malaba,83,41.75,town,5.36,5.82,6.44,6.87,6.87,6.93,6.93,6.93,1.5099999999999998
kampala_malaba,84,42.25,roadside settlement,2.6,2.95,3.3,3.59,3.62,4.49,4.59,4.51,1.02
kampala_malaba,85,42.75,roadside settlement,5.12,5.3,5.49,5.64,5.64,5.92,6.29,5.99,0.5199999999999996
kampala_malaba,86,43.25,town,8.89,8.92,8.96,8.99,8.99,8.99,8.99,8.99,0.09999999999999964
kampala_malaba,87,43.75,town,9.77,9.78,9.8,9.81,9.81,9.81,9.81,9.81,0.040000000000000924
kampala_malaba,88,44.25,town,2.37,2.42,2.47,2.51,2.51,2.65,2.65,2.65,0.13999999999999968
kampala_malaba,89,44.75,roadside settlement,4.07,4.34,4.62,4.84,5.0,5.01,5.01,5.01,0.9299999999999997
kampala_malaba,90,45.25,roadside settlement,0.57,0.62,0.67,0.72,0.72,1.31,1.32,1.31,0.15000000000000002
kampala_malaba,91,45.75,open road,0.57,0.61,0.65,0.68,0.68,0.68,0.68,0.68,0.1100000000000001
kampala_malaba,92,46.25,open road,0.0,0.0,0.0,0.0,0.0,0.0,0.0,0.0,0.0
kampala_malaba,93,46.75,roadside settlement,0.09,0.1,0.1,0.11,0.11,0.11,0.23,0.13,0.020000000000000004
kampala_malaba,94,47.25,roadside settlement,0.76,0.86,0.97,1.05,1.06,1.18,1.24,1.19,0.30000000000000004
kampala_malaba,95,47.75,roadside settlement,2.34,2.76,3.27,3.77,4.01,4.01,4.01,4.01,1.67
kampala_malaba,96,48.25,roadside settlement,1.84,2.24,2.86,3.52,3.7,3.7,3.7,3.7,1.86
kampala_malaba,97,48.75,roadside settlement,1.8,2.08,2.37,2.6,2.6,2.6,2.63,2.61,0.8
kampala_malaba,98,49.25,roadside settlement,1.01,1.31,1.74,2.15,2.37,2.37,2.37,2.37,1.36
kampala_malaba,99,49.75,roadside settlement,0.73,0.86,1.03,1.15,1.22,1.39,1.45,1.4,0.49
kampala_malaba,100,50.25,roadside settlement,0.17,0.22,0.27,0.32,0.38,0.38,0.62,0.43,0.21
kampala_malaba,101,50.75,open road,0.0,0.0,0.0,0.0,0.0,0.0,0.0,0.0,0.0
kampala_malaba,102,51.25,open road,0.0,0.0,0.0,0.0,0.06,0.06,0.06,0.06,0.06
kampala_malaba,103,51.75,open road,0.18,0.18,0.18,0.19,0.19,0.51,0.69,0.55,0.010000000000000009
kampala_malaba,104,52.25,roadside settlement,0.81,1.05,1.28,1.75,1.89,2.06,2.15,2.08,1.0799999999999998
kampala_malaba,105,52.75,town,2.94,3.36,3.77,4.18,4.2,4.39,4.39,4.39,1.2600000000000002
kampala_malaba,106,53.25,roadside settlement,1.04,1.11,1.18,1.24,1.24,1.76,1.88,1.78,0.19999999999999996
kampala_malaba,107,53.75,open road,0.0,0.0,0.0,0.0,0.0,0.0,0.0,0.0,0.0
kampala_malaba,108,54.25,open road,0.0,0.0,0.0,0.0,0.0,0.0,0.0,0.0,0.0
kampala_malaba,109,54.75,open road,0.02,0.02,0.02,0.02,0.02,0.02,0.02,0.02,0.0
kampala_malaba,110,55.25,open road,0.0,0.0,0.0,0.0,0.0,0.0,0.0,0.0,0.0
kampala_malaba,111,55.75,open road,0.0,0.0,0.0,0.0,0.0,0.0,0.0,0.0,0.0
kampala_malaba,112,56.25,open road,0.01,0.01,0.02,0.02,0.02,0.02,0.02,0.02,0.01
kampala_malaba,113,56.75,open road,0.27,0.28,0.28,0.29,0.29,0.32,0.51,0.36,0.019999999999999962
kampala_malaba,114,57.25,open road,0.01,0.01,0.01,0.01,0.01,0.01,0.01,0.01,0.0
kampala_malaba,115,57.75,open road,0.0,0.0,0.0,0.0,0.0,0.0,0.0,0.0,0.0
kampala_malaba,116,58.25,open road,0.0,0.0,0.0,0.0,0.0,0.0,0.0,0.0,0.0
kampala_malaba,117,58.75,open road,0.0,0.0,0.0,0.0,0.0,0.0,0.0,0.0,0.0
kampala_malaba,118,59.25,open road,0.0,0.0,0.0,0.0,0.0,0.0,0.0,0.0,0.0
kampala_malaba,119,59.75,open road,0.0,0.0,0.0,0.0,0.0,0.0,0.0,0.0,0.0
kampala_malaba,120,60.25,open road,0.01,0.01,0.01,0.01,0.01,0.01,0.01,0.01,0.0
kampala_malaba,121,60.75,open road,0.0,0.0,0.0,0.0,0.0,0.0,0.0,0.0,0.0
kampala_malaba,122,61.25,open road,0.0,0.0,0.0,0.0,0.0,0.0,0.0,0.0,0.0
kampala_malaba,123,61.75,open road,0.0,0.0,0.0,0.0,0.0,0.0,0.0,0.0,0.0
kampala_malaba,124,62.25,open road,0.41,0.52,0.63,0.72,0.73,0.75,0.76,0.75,0.32
kampala_malaba,125,62.75,open road,0.06,0.06,0.07,0.07,0.08,0.08,0.08,0.08,0.020000000000000004
kampala_malaba,126,63.25,open road,0.04,0.04,0.05,0.05,0.05,0.05,0.05,0.05,0.010000000000000002
kampala_malaba,127,63.75,open road,0.01,0.01,0.01,0.01,0.01,0.01,0.01,0.01,0.0
kampala_malaba,128,64.25,roadside settlement,0.33,0.35,0.37,0.41,0.52,0.67,0.99,0.73,0.19
kampala_malaba,129,64.75,roadside settlement,1.23,1.4,1.56,2.04,2.16,2.33,2.33,2.33,0.9300000000000002
kampala_malaba,130,65.25,roadside settlement,0.84,0.87,0.93,0.97,0.99,1.04,1.5,1.13,0.15000000000000002
kampala_malaba,131,65.75,roadside settlement,1.86,1.94,2.15,2.31,2.32,2.41,2.5,2.43,0.45999999999999974
kampala_malaba,132,66.25,roadside settlement,4.5,4.85,5.19,5.47,5.47,5.47,5.47,5.47,0.9699999999999998
kampala_malaba,133,66.75,roadside settlement,4.57,4.62,4.72,4.78,4.78,4.82,4.82,4.82,0.20999999999999996
kampala_malaba,134,67.25,roadside settlement,4.05,4.14,4.22,4.3,4.32,4.4,4.4,4.4,0.27000000000000046
kampala_malaba,135,67.75,roadside settlement,1.83,1.99,2.15,2.33,2.48,2.48,2.48,2.48,0.6499999999999999
kampala_malaba,136,68.25,roadside settlement,4.34,4.4,4.47,4.52,4.52,4.71,4.77,4.72,0.17999999999999972
kampala_malaba,137,68.75,town,5.57,5.83,6.09,6.29,6.3,6.3,6.3,6.3,0.7299999999999995
kampala_malaba,138,69.25,roadside settlement,7.44,7.56,7.67,7.76,7.76,7.76,7.76,7.76,0.3199999999999994
kampala_malaba,139,69.75,town,9.61,9.68,9.75,9.8,9.8,9.8,9.8,9.8,0.19000000000000128
kampala_malaba,140,70.25,roadside settlement,9.14,9.14,9.14,9.14,9.14,9.14,9.14,9.14,0.0
kampala_malaba,141,70.75,town,10.37,10.4,10.43,10.46,10.46,10.46,10.46,10.46,0.09000000000000163
kampala_malaba,142,71.25,roadside settlement,8.98,8.98,8.99,9.0,9.0,9.0,9.0,9.0,0.019999999999999574
kampala_malaba,143,71.75,roadside settlement,10.05,10.05,10.05,10.05,10.06,10.06,10.06,10.06,0.009999999999999787
kampala_malaba,144,72.25,town,4.57,4.83,5.09,5.31,5.35,5.53,5.53,5.53,0.7799999999999994
kampala_malaba,145,72.75,roadside settlement,1.46,1.57,1.71,2.13,2.45,2.45,2.55,2.47,0.9900000000000002
kampala_malaba,146,73.25,roadside settlement,2.44,2.46,2.48,2.5,2.5,2.5,2.5,2.5,0.06000000000000005
kampala_malaba,147,73.75,town,4.99,5.18,5.43,5.61,5.64,5.64,5.64,5.64,0.6499999999999995
kampala_malaba,148,74.25,town,7.16,7.31,7.45,7.65,8.05,8.05,8.05,8.05,0.8900000000000006
kampala_malaba,149,74.75,roadside settlement,5.49,5.58,5.66,5.76,5.99,6.0,6.0,6.0,0.5
kampala_malaba,150,75.25,roadside settlement,0.27,0.3,0.33,0.36,0.45,1.1,1.18,1.12,0.18
kampala_malaba,151,75.75,roadside settlement,2.09,2.16,2.23,2.35,2.69,2.69,2.69,2.69,0.6000000000000001
kampala_malaba,152,76.25,town,3.05,3.08,3.11,3.17,3.35,3.35,3.35,3.35,0.30000000000000027
kampala_malaba,153,76.75,town,1.59,1.84,2.09,2.61,4.21,4.44,4.44,4.44,2.62
kampala_malaba,154,77.25,roadside settlement,2.58,2.61,2.65,2.69,2.81,2.89,3.25,2.96,0.22999999999999998
kampala_malaba,155,77.75,roadside settlement,4.51,4.51,4.51,4.51,4.51,4.51,4.83,4.57,0.0
kampala_malaba,156,78.25,town,5.2,5.2,5.2,5.2,5.23,5.23,5.23,5.23,0.03000000000000025
kampala_malaba,157,78.75,roadside settlement,4.4,4.62,4.83,5.0,5.0,5.0,5.0,5.0,0.5999999999999996
kampala_malaba,158,79.25,roadside settlement,2.33,2.38,2.43,2.48,2.53,2.53,2.78,2.58,0.19999999999999973
kampala_malaba,159,79.75,town,3.18,3.24,3.29,3.34,3.34,3.34,3.34,3.34,0.1599999999999997
kampala_malaba,160,80.25,town,6.6,6.81,7.02,7.18,7.18,7.18,7.18,7.18,0.5800000000000001
kampala_malaba,161,80.75,roadside settlement,2.71,2.74,2.78,2.81,2.84,2.84,2.84,2.84,0.1299999999999999
kampala_malaba,162,81.25,roadside settlement,1.94,1.97,1.99,2.02,2.06,2.06,2.19,2.09,0.1200000000000001
kampala_malaba,163,81.75,town,4.33,4.36,4.38,4.4,4.41,4.68,4.68,4.68,0.08000000000000007
kampala_malaba,164,82.25,town,6.22,6.23,6.25,6.26,6.26,6.26,6.26,6.26,0.040000000000000036
kampala_malaba,165,82.75,town,9.43,9.54,9.66,9.75,9.75,9.75,9.75,9.75,0.3200000000000003
kampala_malaba,166,83.25,town,10.8,10.81,10.83,10.84,10.88,10.88,10.88,10.88,0.08000000000000007
kampala_malaba,167,83.75,town,8.54,8.56,8.57,8.58,8.58,8.58,8.58,8.58,0.040000000000000924
kampala_malaba,168,84.25,roadside settlement,8.71,8.75,8.78,8.81,8.81,8.81,8.81,8.81,0.09999999999999964
kampala_malaba,169,84.75,roadside settlement,6.42,6.45,6.48,6.5,6.5,6.5,6.5,6.5,0.08000000000000007
kampala_malaba,170,85.25,roadside settlement,4.87,4.91,4.96,5.0,5.0,5.0,5.0,5.0,0.1299999999999999
kampala_malaba,171,85.75,town,6.3,6.34,6.39,6.43,6.43,6.43,6.43,6.43,0.1299999999999999
kampala_malaba,172,86.25,town,2.82,3.06,3.29,3.47,3.48,3.85,3.85,3.85,0.6600000000000001
kampala_malaba,173,86.75,roadside settlement,2.32,2.39,2.46,2.52,2.55,2.55,2.68,2.58,0.22999999999999998
kampala_malaba,174,87.25,roadside settlement,1.2,1.26,1.32,1.46,1.46,1.98,2.12,2.01,0.26
kampala_malaba,175,87.75,open road,0.01,0.01,0.01,0.01,0.02,0.1,0.12,0.1,0.01
kampala_malaba,176,88.25,open road,0.01,0.01,0.01,0.01,0.01,0.01,0.01,0.01,0.0
kampala_malaba,177,88.75,open road,0.0,0.0,0.0,0.0,0.0,0.0,0.0,0.0,0.0
kampala_malaba,178,89.25,roadside settlement,0.32,0.32,0.32,0.33,0.33,0.34,0.34,0.34,0.010000000000000009
kampala_malaba,179,89.75,roadside settlement,0.35,0.35,0.36,0.37,0.37,0.38,0.38,0.38,0.020000000000000018
kampala_malaba,180,90.25,open road,0.0,0.0,0.0,0.0,0.0,0.0,0.0,0.0,0.0
kampala_malaba,181,90.75,open road,0.01,0.01,0.01,0.01,0.01,0.01,0.01,0.01,0.0
kampala_malaba,182,91.25,open road,0.35,0.36,0.37,0.38,0.4,0.4,0.4,0.4,0.050000000000000044
kampala_malaba,183,91.75,open road,0.02,0.02,0.02,0.02,0.02,0.02,0.02,0.02,0.0
kampala_malaba,184,92.25,open road,0.03,0.03,0.03,0.03,0.03,0.03,0.03,0.03,0.0
kampala_malaba,185,92.75,open road,0.49,0.5,0.52,0.53,0.55,0.55,0.55,0.55,0.06000000000000005
kampala_malaba,186,93.25,open road,0.0,0.0,0.0,0.0,0.0,0.0,0.0,0.0,0.0
kampala_malaba,187,93.75,roadside settlement,3.22,3.22,3.22,3.23,3.26,3.26,3.26,3.26,0.03999999999999959
kampala_malaba,188,94.25,roadside settlement,2.12,2.26,2.39,2.51,2.51,2.56,2.61,2.57,0.3899999999999997
kampala_malaba,189,94.75,roadside settlement,0.43,0.46,0.48,0.52,0.65,0.82,1.09,0.87,0.22000000000000003
kampala_malaba,190,95.25,roadside settlement,0.99,1.02,1.05,1.08,1.13,1.28,1.46,1.32,0.1399999999999999
kampala_malaba,191,95.75,town,4.57,4.79,5.0,5.17,5.18,5.18,5.24,5.19,0.6099999999999994
kampala_malaba,192,96.25,town,8.45,8.47,8.49,8.51,8.51,8.51,8.51,8.51,0.0600000000000005
kampala_malaba,193,96.75,town,3.21,3.21,3.21,3.21,3.21,3.21,3.24,3.22,0.0
kampala_malaba,194,97.25,roadside settlement,0.4,0.41,0.42,0.43,0.43,0.53,0.53,0.53,0.02999999999999997
kampala_malaba,195,97.75,roadside settlement,1.39,1.43,1.47,1.55,1.55,1.71,1.76,1.72,0.16000000000000014
kampala_malaba,196,98.25,roadside settlement,0.68,0.7,0.71,0.73,0.75,0.75,0.81,0.76,0.06999999999999995
kampala_malaba,197,98.75,roadside settlement,0.25,0.27,0.3,0.33,0.42,0.59,0.59,0.59,0.16999999999999998
kampala_malaba,198,99.25,roadside settlement,1.02,1.09,1.16,1.22,1.36,1.47,1.47,1.47,0.3400000000000001
kampala_malaba,199,99.75,roadside settlement,1.32,1.37,1.41,1.45,1.46,1.65,1.7,1.66,0.1399999999999999
kampala_malaba,200,100.25,roadside settlement,2.62,2.8,3.02,3.19,3.28,3.28,3.28,3.28,0.6599999999999997
kampala_malaba,201,100.75,town,5.36,5.63,5.9,6.12,6.15,6.16,6.34,6.2,0.79
kampala_malaba,202,101.25,roadside settlement,1.43,1.52,1.61,1.69,1.71,1.71,1.72,1.71,0.28
kampala_malaba,203,101.75,roadside settlement,2.26,2.34,2.42,2.48,2.49,2.6,2.6,2.6,0.23000000000000043
kampala_malaba,204,102.25,roadside settlement,1.47,1.5,1.55,1.59,1.62,1.98,1.99,1.98,0.15000000000000013
kampala_malaba,205,102.75,roadside settlement,0.94,1.04,1.14,1.23,1.28,1.36,1.4,1.37,0.3400000000000001
kampala_malaba,206,103.25,town,1.72,1.94,2.15,2.42,2.45,2.45,2.53,2.47,0.7300000000000002
kampala_malaba,207,103.75,town,1.41,1.49,1.66,1.77,1.98,2.06,2.08,2.06,0.5700000000000001
kampala_malaba,208,104.25,roadside settlement,1.56,1.71,1.87,2.14,2.17,2.17,2.21,2.18,0.6099999999999999
kampala_malaba,209,104.75,town,1.39,1.44,1.48,1.52,1.57,1.76,1.82,1.77,0.18000000000000016
kampala_malaba,210,105.25,roadside settlement,1.15,1.21,1.38,1.48,1.5,1.73,1.73,1.73,0.3500000000000001
kampala_malaba,211,105.75,town,7.82,8.11,8.4,8.63,8.63,8.63,8.63,8.63,0.8100000000000005
kampala_malaba,212,106.25,town,4.42,4.65,4.87,5.24,5.25,5.25,5.25,5.25,0.8300000000000001
kampala_malaba,213,106.75,roadside settlement,1.14,1.29,1.43,1.56,1.59,1.84,1.88,1.85,0.4500000000000002
kampala_malaba,214,107.25,roadside settlement,0.21,0.27,0.32,0.43,0.64,0.95,1.01,0.96,0.43000000000000005
kampala_malaba,215,107.75,roadside settlement,1.26,1.4,1.53,1.65,1.7,1.86,1.86,1.86,0.43999999999999995
kampala_malaba,216,108.25,roadside settlement,0.47,0.54,0.62,0.73,0.73,0.78,0.98,0.82,0.26
kampala_malaba,217,108.75,roadside settlement,0.47,0.5,0.53,0.56,0.56,0.59,0.66,0.6,0.09000000000000008
kampala_malaba,218,109.25,open road,0.15,0.16,0.2,0.29,0.37,0.53,0.78,0.58,0.22
kampala_malaba,219,109.75,roadside settlement,0.4,0.43,0.47,0.51,0.56,0.96,1.0,0.97,0.16000000000000003
kampala_malaba,220,110.25,roadside settlement,0.18,0.28,0.38,0.54,0.61,0.86,0.92,0.87,0.43
kampala_malaba,221,110.75,roadside settlement,1.12,1.36,1.6,1.84,1.85,1.85,1.85,1.85,0.73
kampala_malaba,222,111.25,roadside settlement,1.26,1.35,1.48,1.75,1.79,2.28,2.31,2.29,0.53
kampala_malaba,223,111.75,roadside settlement,2.9,3.04,3.18,3.4,3.42,3.44,3.45,3.44,0.52
kampala_malaba,224,112.25,roadside settlement,5.5,5.69,5.87,6.02,6.02,6.02,6.02,6.02,0.5199999999999996
kampala_malaba,225,112.75,roadside settlement,4.26,4.4,4.56,4.69,4.75,4.75,4.75,4.75,0.4900000000000002
kampala_malaba,226,113.25,roadside settlement,1.69,1.79,2.02,2.15,2.24,2.32,2.32,2.32,0.5500000000000003
kampala_malaba,227,113.75,town,1.51,1.66,1.81,1.93,1.93,2.26,2.36,2.28,0.41999999999999993
kampala_malaba,228,114.25,town,6.24,6.78,7.32,7.76,7.76,7.76,7.76,7.76,1.5199999999999996
kampala_malaba,229,114.75,town,8.0,8.51,9.02,9.43,9.44,9.66,9.66,9.66,1.4399999999999995
kampala_malaba,230,115.25,town,9.6,9.89,10.18,10.41,10.41,10.41,10.41,10.41,0.8100000000000005
kampala_malaba,231,115.75,town,7.89,8.76,9.62,10.31,10.31,10.31,10.31,10.31,2.420000000000001
kampala_malaba,232,116.25,town,7.02,7.46,7.89,8.24,8.24,8.24,8.24,8.24,1.2200000000000006
kampala_malaba,233,116.75,roadside settlement,5.02,5.59,6.17,6.64,6.64,6.81,6.81,6.81,1.62
kampala_malaba,234,117.25,town,6.78,7.29,7.8,8.2,8.2,8.2,8.2,8.2,1.419999999999999
kampala_malaba,235,117.75,town,4.22,4.68,5.23,5.68,5.7,5.75,6.03,5.81,1.4800000000000004
kampala_malaba,236,118.25,roadside settlement,1.91,2.14,2.48,2.84,2.86,3.21,3.48,3.26,0.95
kampala_malaba,237,118.75,roadside settlement,0.91,1.01,1.11,1.19,1.23,1.5,1.53,1.51,0.31999999999999995
kampala_malaba,238,119.25,open road,0.1,0.11,0.12,0.13,0.16,0.16,0.24,0.18,0.06
kampala_malaba,239,119.75,town,2.68,2.74,2.79,2.83,2.83,2.85,2.85,2.85,0.1499999999999999
kampala_malaba,240,120.25,town,7.05,7.3,7.55,7.75,7.75,7.75,7.75,7.75,0.7000000000000002
kampala_malaba,241,120.75,roadside settlement,2.44,2.67,2.91,3.1,3.1,3.67,3.67,3.67,0.6600000000000001
kampala_malaba,242,121.25,roadside settlement,0.43,0.43,0.43,0.44,0.48,1.03,1.62,1.15,0.04999999999999999
kampala_malaba,243,121.75,open road,0.0,0.0,0.0,0.0,0.0,0.0,0.0,0.0,0.0
kampala_malaba,244,122.25,open road,0.0,0.0,0.0,0.0,0.0,0.13,0.4,0.18,0.0
kampala_malaba,245,122.75,roadside settlement,0.13,0.24,0.36,0.46,0.51,0.61,0.72,0.63,0.38
kampala_malaba,246,123.25,roadside settlement,0.87,0.91,0.95,0.99,1.1,1.52,1.76,1.57,0.2300000000000001
kampala_malaba,247,123.75,roadside settlement,0.23,0.26,0.44,0.6,0.71,0.86,1.83,1.05,0.48
kampala_malaba,248,124.25,roadside settlement,0.6,0.71,0.81,0.91,0.93,1.18,1.62,1.27,0.33000000000000007
kampala_malaba,249,124.75,open road,0.0,0.0,0.0,0.01,0.04,0.07,0.11,0.08,0.04
kampala_malaba,250,125.25,open road,0.05,0.18,0.32,0.64,1.28,1.81,2.21,1.89,1.23
kampala_malaba,251,125.75,roadside settlement,0.78,0.92,1.07,1.23,1.82,2.43,2.44,2.43,1.04
kampala_malaba,252,126.25,roadside settlement,2.7,2.78,2.86,2.93,2.94,2.94,2.94,2.94,0.23999999999999977
kampala_malaba,253,126.75,roadside settlement,0.38,0.4,0.45,0.5,0.76,1.0,1.14,1.03,0.38
kampala_malaba,254,127.25,roadside settlement,0.13,0.21,0.39,0.51,0.67,1.31,1.63,1.37,0.54
kampala_malaba,255,127.75,open road,0.0,0.0,0.0,0.0,0.0,0.08,0.21,0.11,0.0
kampala_malaba,256,128.25,roadside settlement,0.4,0.46,0.53,0.62,0.74,1.07,1.42,1.14,0.33999999999999997
kampala_malaba,257,128.75,roadside settlement,0.1,0.11,0.24,0.39,0.73,0.78,0.85,0.79,0.63
kampala_malaba,258,129.25,roadside settlement,4.26,4.42,4.58,4.73,4.74,4.74,4.74,4.74,0.4800000000000004
kampala_malaba,259,129.75,roadside settlement,2.99,3.09,3.19,3.28,3.44,3.44,3.44,3.44,0.44999999999999973
kampala_malaba,260,130.25,roadside settlement,1.94,2.01,2.08,2.18,2.24,2.43,2.53,2.45,0.30000000000000027
kampala_malaba,261,130.75,roadside settlement,1.4,1.53,1.68,1.86,2.25,2.37,2.37,2.37,0.8500000000000001
kampala_malaba,262,131.25,roadside settlement,3.11,3.23,3.36,3.47,3.55,3.71,3.71,3.71,0.43999999999999995
kampala_malaba,263,131.75,roadside settlement,9.25,9.99,10.72,11.31,11.31,11.31,11.31,11.31,2.0600000000000005
kampala_malaba,264,132.25,town,5.75,6.44,7.12,7.67,7.67,7.67,7.67,7.67,1.92
kampala_malaba,265,132.75,roadside settlement,3.15,3.31,3.48,3.61,3.64,4.14,4.43,4.2,0.4900000000000002
kampala_malaba,266,133.25,roadside settlement,1.07,1.08,1.12,1.34,1.48,1.58,1.58,1.58,0.4099999999999999
kampala_malaba,267,133.75,roadside settlement,0.4,0.42,0.46,0.48,0.49,0.59,0.93,0.66,0.08999999999999997
kampala_malaba,268,134.25,roadside settlement,0.47,0.53,0.62,0.74,1.0,1.43,1.67,1.48,0.53
kampala_malaba,269,134.75,roadside settlement,1.34,1.37,1.43,1.47,1.5,1.68,1.85,1.71,0.15999999999999992
kampala_malaba,270,135.25,roadside settlement,1.59,1.63,1.68,1.74,1.76,1.78,1.78,1.78,0.16999999999999993
kampala_malaba,271,135.75,roadside settlement,0.63,0.75,0.87,0.97,0.99,1.12,1.25,1.15,0.36
kampala_malaba,272,136.25,roadside settlement,1.47,1.53,1.64,1.73,2.05,2.07,2.07,2.07,0.5799999999999998
kampala_malaba,273,136.75,roadside settlement,1.15,1.28,1.4,1.58,1.59,2.07,2.18,2.09,0.44000000000000017
kampala_malaba,274,137.25,open road,0.0,0.01,0.01,0.01,0.01,0.01,0.05,0.02,0.01
kampala_malaba,275,137.75,open road,0.05,0.05,0.06,0.06,0.06,0.13,0.34,0.17,0.009999999999999995
kampala_malaba,276,138.25,roadside settlement,0.22,0.36,0.5,0.63,0.69,1.13,1.57,1.22,0.47
kampala_malaba,277,138.75,roadside settlement,0.46,0.52,0.6,0.96,1.29,2.16,2.98,2.32,0.8300000000000001
kampala_malaba,278,139.25,roadside settlement,2.01,2.1,2.23,2.45,2.57,2.57,2.58,2.57,0.56
kampala_malaba,279,139.75,roadside settlement,4.78,5.09,5.41,5.7,5.94,5.94,5.94,5.94,1.1600000000000001
kampala_malaba,280,140.25,roadside settlement,4.78,5.41,6.03,6.66,6.99,6.99,6.99,6.99,2.21
kampala_malaba,281,140.75,roadside settlement,0.63,0.84,1.11,1.53,2.08,2.41,2.41,2.41,1.4500000000000002
kampala_malaba,282,141.25,roadside settlement,0.61,0.66,0.8,1.09,1.34,1.89,2.01,1.91,0.7300000000000001
kampala_malaba,283,141.75,roadside settlement,0.28,0.35,0.41,0.6,1.07,1.38,1.45,1.39,0.79
kampala_malaba,284,142.25,roadside settlement,0.55,0.62,0.77,1.02,1.54,1.88,1.91,1.89,0.99
kampala_malaba,285,142.75,open road,0.0,0.04,0.09,0.15,0.28,0.74,1.29,0.85,0.28
kampala_malaba,286,143.25,open road,0.04,0.05,0.06,0.1,0.25,0.26,0.65,0.34,0.21
kampala_malaba,287,143.75,roadside settlement,0.43,0.43,0.49,0.66,0.98,1.1,1.23,1.13,0.55
kampala_malaba,288,144.25,roadside settlement,0.55,0.59,0.82,0.96,1.49,1.49,1.51,1.49,0.94
kampala_malaba,289,144.75,roadside settlement,0.45,0.5,0.64,0.72,0.94,1.69,1.79,1.71,0.48999999999999994
kampala_malaba,290,145.25,roadside settlement,1.5,1.59,1.78,1.96,2.36,2.37,2.44,2.38,0.8599999999999999
kampala_malaba,291,145.75,roadside settlement,0.44,0.63,1.27,2.25,3.6,3.6,3.6,3.6,3.16
kampala_malaba,292,146.25,roadside settlement,4.0,4.56,5.18,5.74,5.74,5.74,5.74,5.74,1.7400000000000002
kampala_malaba,293,146.75,roadside settlement,8.49,8.7,8.9,9.07,9.11,9.11,9.11,9.11,0.6199999999999992
kampala_malaba,294,147.25,roadside settlement,7.68,8.05,8.42,8.72,8.72,8.72,8.72,8.72,1.040000000000001
kampala_malaba,295,147.75,town,9.81,9.9,10.0,10.08,10.08,10.08,10.08,10.08,0.2699999999999996
kampala_malaba,296,148.25,town,8.89,9.38,9.88,10.28,10.28,10.28,10.28,10.28,1.3899999999999988
kampala_malaba,297,148.75,roadside settlement,4.06,4.87,5.67,6.51,6.52,6.52,6.52,6.52,2.46
kampala_malaba,298,149.25,roadside settlement,2.01,2.76,3.54,4.22,4.22,4.22,4.22,4.22,2.21
kampala_malaba,299,149.75,roadside settlement,2.79,3.06,3.48,4.01,4.31,4.38,4.38,4.38,1.5199999999999996
kampala_malaba,300,150.25,roadside settlement,3.93,4.33,4.79,5.18,5.46,5.46,5.46,5.46,1.5299999999999998
kampala_malaba,301,150.75,roadside settlement,0.68,0.77,0.85,0.95,1.08,1.22,1.84,1.34,0.4
kampala_malaba,302,151.25,open road,0.0,0.0,0.0,0.01,0.12,0.18,0.6,0.26,0.12
kampala_malaba,303,151.75,roadside settlement,0.0,0.01,0.07,0.16,0.66,0.84,0.85,0.84,0.66
kampala_malaba,304,152.25,roadside settlement,0.32,0.42,0.67,0.9,1.33,1.46,1.63,1.49,1.01
kampala_malaba,305,152.75,roadside settlement,0.0,0.1,0.25,0.49,0.82,0.98,1.01,0.99,0.82
kampala_malaba,306,153.25,roadside settlement,0.0,0.02,0.13,0.21,0.52,0.53,0.63,0.55,0.52
kampala_malaba,307,153.75,open road,0.0,0.0,0.0,0.01,0.04,0.06,0.12,0.07,0.04
kampala_malaba,308,154.25,roadside settlement,0.0,0.07,0.25,0.63,1.11,1.35,1.36,1.35,1.11
kampala_malaba,309,154.75,roadside settlement,0.22,0.34,0.67,1.38,1.96,2.23,2.23,2.23,1.74
kampala_malaba,310,155.25,roadside settlement,1.1,1.28,1.54,1.93,2.99,3.05,3.05,3.05,1.8900000000000001
kampala_malaba,311,155.75,roadside settlement,4.76,5.02,5.31,5.55,5.85,5.85,5.85,5.85,1.0899999999999999
kampala_malaba,312,156.25,roadside settlement,2.73,2.78,2.83,2.88,2.88,2.92,2.92,2.92,0.1499999999999999
kampala_malaba,313,156.75,roadside settlement,1.07,1.15,1.23,1.36,1.59,1.73,1.85,1.75,0.52
kampala_malaba,314,157.25,roadside settlement,0.41,0.44,0.65,0.81,1.37,1.59,1.62,1.6,0.9600000000000002
kampala_malaba,315,157.75,roadside settlement,0.0,0.02,0.04,0.16,0.75,0.8,1.12,0.86,0.75
kampala_malaba,316,158.25,open road,0.0,0.01,0.04,0.09,0.23,0.48,1.03,0.59,0.23
kampala_malaba,317,158.75,open road,0.05,0.06,0.06,0.07,0.12,0.16,0.34,0.2,0.06999999999999999
kampala_malaba,318,159.25,roadside settlement,0.25,0.3,0.36,0.41,0.48,0.59,0.8,0.63,0.22999999999999998
kampala_malaba,319,159.75,roadside settlement,0.93,0.98,1.02,1.17,1.18,1.36,1.47,1.38,0.2499999999999999
kampala_malaba,320,160.25,roadside settlement,0.35,0.35,0.38,0.45,0.9,1.11,1.26,1.14,0.55
kampala_malaba,321,160.75,roadside settlement,0.73,0.76,0.8,0.89,1.22,1.52,1.66,1.55,0.49
kampala_malaba,322,161.25,roadside settlement,0.23,0.23,0.28,0.32,0.38,0.4,0.45,0.41,0.15
kampala_malaba,323,161.75,roadside settlement,0.38,0.43,0.48,0.72,1.09,1.39,1.53,1.42,0.7100000000000001
kampala_malaba,324,162.25,roadside settlement,0.41,0.48,0.55,0.81,0.82,1.51,1.77,1.56,0.41
kampala_malaba,325,162.75,roadside settlement,3.71,3.8,3.89,3.96,3.96,4.11,4.35,4.16,0.25
kampala_malaba,326,163.25,roadside settlement,3.62,3.88,4.14,4.35,4.35,4.57,4.73,4.6,0.7299999999999995
kampala_malaba,327,163.75,roadside settlement,2.78,2.91,3.04,3.14,3.15,3.15,3.15,3.15,0.3700000000000001
kampala_malaba,328,164.25,roadside settlement,1.64,1.86,2.08,2.25,2.3,2.5,2.68,2.54,0.6599999999999999
kampala_malaba,329,164.75,roadside settlement,2.1,2.12,2.15,2.18,2.18,2.37,2.84,2.46,0.08000000000000007
kampala_malaba,330,165.25,open road,0.0,0.0,0.0,0.0,0.0,0.0,0.36,0.07,0.0
kampala_malaba,331,165.75,open road,0.0,0.0,0.0,0.0,0.0,0.0,0.0,0.0,0.0
kampala_malaba,332,166.25,open road,0.0,0.0,0.0,0.0,0.0,0.0,0.0,0.0,0.0
kampala_malaba,333,166.75,open road,0.01,0.01,0.01,0.01,0.01,0.01,0.2,0.05,0.0
kampala_malaba,334,167.25,roadside settlement,0.0,0.0,0.01,0.02,0.21,0.26,0.46,0.3,0.21
kampala_malaba,335,167.75,roadside settlement,0.04,0.06,0.17,0.46,1.78,1.93,1.95,1.93,1.74
kampala_malaba,336,168.25,roadside settlement,0.23,0.38,0.52,0.76,1.17,1.31,1.34,1.32,0.94
kampala_malaba,337,168.75,roadside settlement,0.76,0.89,1.22,1.54,1.66,1.86,1.86,1.86,0.8999999999999999
kampala_malaba,338,169.25,roadside settlement,0.32,0.44,0.68,0.94,0.97,1.09,1.23,1.12,0.6499999999999999
kampala_malaba,339,169.75,roadside settlement,0.92,1.0,1.14,1.29,1.35,1.42,1.42,1.42,0.43000000000000005
kampala_malaba,340,170.25,roadside settlement,1.87,2.06,2.25,2.4,2.41,2.5,2.78,2.56,0.54
kampala_malaba,341,170.75,roadside settlement,5.53,5.7,5.87,6.01,6.01,6.01,6.01,6.01,0.47999999999999954
kampala_malaba,342,171.25,roadside settlement,1.57,1.88,2.19,2.55,2.85,2.91,2.91,2.91,1.28
kampala_malaba,343,171.75,roadside settlement,0.0,0.03,0.08,0.15,0.24,0.44,0.81,0.51,0.24
kampala_malaba,344,172.25,roadside settlement,0.14,0.22,0.33,0.46,0.9,1.37,1.53,1.4,0.76
kampala_malaba,345,172.75,roadside settlement,0.84,0.84,0.87,0.9,1.27,1.39,1.4,1.39,0.43000000000000005
kampala_malaba,346,173.25,open road,0.07,0.08,0.09,0.1,0.1,0.28,0.74,0.37,0.03
kampala_malaba,347,173.75,open road,0.0,0.0,0.0,0.0,0.0,0.0,0.0,0.0,0.0
kampala_malaba,348,174.25,open road,0.0,0.0,0.0,0.0,0.0,0.0,0.0,0.0,0.0
kampala_malaba,349,174.75,open road,0.05,0.05,0.06,0.06,0.06,0.08,0.14,0.09,0.009999999999999995
kampala_malaba,350,175.25,town,0.21,0.23,0.24,0.26,0.26,0.26,0.51,0.31,0.05000000000000002
kampala_malaba,351,175.75,open road,0.02,0.03,0.05,0.07,0.11,0.19,0.22,0.2,0.09
kampala_malaba,352,176.25,open road,0.0,0.0,0.0,0.0,0.0,0.0,0.0,0.0,0.0
kampala_malaba,353,176.75,open road,0.0,0.0,0.0,0.0,0.0,0.0,0.0,0.0,0.0
kampala_malaba,354,177.25,open road,0.0,0.0,0.0,0.0,0.0,0.0,0.0,0.0,0.0
kampala_malaba,355,177.75,open road,0.0,0.0,0.0,0.0,0.0,0.0,0.0,0.0,0.0
kampala_malaba,356,178.25,open road,0.0,0.0,0.0,0.0,0.0,0.0,0.0,0.0,0.0
kampala_malaba,357,178.75,open road,0.01,0.02,0.02,0.02,0.02,0.02,0.02,0.02,0.01
kampala_malaba,358,179.25,open road,0.01,0.02,0.02,0.02,0.02,0.02,0.02,0.02,0.01
kampala_malaba,359,179.75,open road,0.01,0.01,0.01,0.01,0.01,0.01,0.01,0.01,0.0
kampala_malaba,360,180.25,open road,0.0,0.0,0.0,0.0,0.0,0.0,0.0,0.0,0.0
kampala_malaba,361,180.75,open road,0.04,0.04,0.05,0.05,0.05,0.05,0.05,0.05,0.010000000000000002
kampala_malaba,362,181.25,open road,0.2,0.2,0.2,0.2,0.2,0.62,0.9,0.68,0.0
kampala_malaba,363,181.75,open road,0.17,0.21,0.25,0.54,0.66,0.94,1.0,0.95,0.49
kampala_malaba,364,182.25,open road,0.0,0.0,0.0,0.0,0.0,0.0,0.0,0.0,0.0
kampala_malaba,365,182.75,roadside settlement,0.39,0.4,0.42,0.43,0.43,0.65,0.92,0.7,0.03999999999999998
kampala_malaba,366,183.25,town,1.85,1.92,2.02,2.21,2.24,2.41,2.45,2.42,0.3900000000000001
kampala_malaba,367,183.75,roadside settlement,0.1,0.13,0.2,0.25,0.29,0.43,1.13,0.57,0.18999999999999997
kampala_malaba,368,184.25,roadside settlement,0.12,0.16,0.22,0.38,0.94,1.42,1.66,1.47,0.82
kampala_malaba,369,184.75,roadside settlement,0.2,0.32,0.57,1.02,1.62,1.7,1.7,1.7,1.4200000000000002
kampala_malaba,370,185.25,roadside settlement,1.61,1.69,1.99,2.3,2.46,2.59,2.59,2.59,0.8499999999999999
kampala_malaba,371,185.75,roadside settlement,1.25,1.38,1.54,1.74,1.93,1.93,1.93,1.93,0.6799999999999999
kampala_malaba,372,186.25,roadside settlement,0.17,0.27,0.39,0.52,0.7,0.89,1.17,0.95,0.5299999999999999
kampala_malaba,373,186.75,open road,0.09,0.1,0.12,0.13,0.14,0.14,0.38,0.19,0.05000000000000002
kampala_malaba,374,187.25,open road,0.02,0.02,0.02,0.02,0.02,0.02,0.02,0.02,0.0
kampala_malaba,375,187.75,open road,0.0,0.0,0.0,0.0,0.0,0.0,0.0,0.0,0.0
kampala_malaba,376,188.25,open road,0.01,0.01,0.01,0.01,0.01,0.01,0.07,0.02,0.0
kampala_malaba,377,188.75,roadside settlement,0.12,0.16,0.28,0.45,0.88,1.08,1.17,1.1,0.76
kampala_malaba,378,189.25,roadside settlement,1.11,1.14,1.19,1.35,1.56,1.76,1.79,1.77,0.44999999999999996
kampala_malaba,379,189.75,roadside settlement,0.0,0.07,0.2,0.35,0.68,1.17,1.47,1.23,0.68
kampala_malaba,380,190.25,roadside settlement,0.02,0.1,0.31,0.51,0.9,1.17,1.31,1.2,0.88
kampala_malaba,381,190.75,roadside settlement,0.15,0.21,0.26,0.45,0.77,1.06,1.2,1.09,0.62
kampala_malaba,382,191.25,roadside settlement,0.0,0.07,0.17,0.26,0.4,0.53,0.66,0.56,0.4
kampala_malaba,383,191.75,open road,0.0,0.0,0.0,0.04,0.18,0.32,0.37,0.33,0.18
kampala_malaba,384,192.25,open road,0.0,0.0,0.09,0.18,0.47,0.47,0.54,0.48,0.47
kampala_malaba,385,192.75,open road,0.0,0.08,0.21,0.32,0.42,0.44,0.6,0.47,0.42
kampala_malaba,386,193.25,roadside settlement,0.17,0.27,0.43,0.64,0.94,1.09,1.21,1.11,0.7699999999999999
kampala_malaba,387,193.75,roadside settlement,1.93,2.02,2.13,2.41,2.87,2.87,2.87,2.87,0.9400000000000002
kampala_malaba,388,194.25,roadside settlement,0.53,0.82,1.23,1.8,2.52,2.57,2.57,2.57,1.99
kampala_malaba,389,194.75,roadside settlement,0.15,0.31,0.69,1.05,1.78,1.98,2.11,2.01,1.6300000000000001
kampala_malaba,390,195.25,roadside settlement,0.0,0.01,0.11,0.41,1.18,1.45,1.51,1.46,1.18
kampala_malaba,391,195.75,roadside settlement,0.1,0.2,0.42,0.79,1.37,1.54,1.54,1.54,1.27
kampala_malaba,392,196.25,roadside settlement,1.42,1.94,2.63,3.23,3.32,3.5,3.65,3.53,1.9
kampala_malaba,393,196.75,roadside settlement,0.84,0.92,1.16,1.6,2.19,3.07,3.07,3.07,1.35
kampala_malaba,394,197.25,roadside settlement,0.09,0.18,0.36,0.73,1.0,1.06,1.06,1.06,0.91
kampala_malaba,395,197.75,roadside settlement,0.11,0.15,0.27,0.44,0.9,0.97,0.97,0.97,0.79
kampala_malaba,396,198.25,roadside settlement,0.82,1.09,1.47,1.95,2.19,2.37,2.37,2.37,1.37
kampala_malaba,397,198.75,roadside settlement,0.31,0.32,0.34,0.47,0.7,0.93,0.96,0.94,0.38999999999999996
kampala_malaba,398,199.25,roadside settlement,0.25,0.36,0.47,0.56,0.82,1.08,1.4,1.14,0.57
kampala_malaba,399,199.75,roadside settlement,0.03,0.03,0.04,0.11,0.27,0.39,0.42,0.4,0.24000000000000002
kampala_malaba,400,200.25,roadside settlement,0.76,0.81,0.96,1.17,1.5,1.56,1.56,1.56,0.74
kampala_malaba,401,200.75,roadside settlement,1.16,1.38,1.61,1.86,2.01,2.08,2.15,2.09,0.8499999999999999
kampala_malaba,402,201.25,roadside settlement,5.38,5.62,5.85,6.15,6.67,6.78,6.83,6.79,1.29
kampala_malaba,403,201.75,roadside settlement,8.55,8.73,8.91,9.09,9.24,9.24,9.24,9.24,0.6899999999999995
kampala_malaba,404,202.25,roadside settlement,2.4,2.68,2.96,3.2,3.23,3.24,5.78,3.75,0.8300000000000001
kampala_malaba,405,202.75,roadside settlement,0.54,0.86,1.19,1.85,2.52,2.98,2.98,2.98,1.98
kampala_malaba,406,203.25,town,2.95,3.29,3.63,3.9,4.13,4.65,4.71,4.66,1.1799999999999997
kampala_malaba,407,203.75,roadside settlement,2.24,2.39,2.54,2.66,2.67,2.67,2.69,2.67,0.4299999999999997
kampala_malaba,408,204.25,roadside settlement,3.36,3.73,4.18,4.71,5.03,5.13,5.13,5.13,1.6700000000000004
kampala_malaba,409,204.75,roadside settlement,1.24,1.8,2.5,3.5,3.76,4.2,4.23,4.21,2.5199999999999996
kampala_malaba,410,205.25,roadside settlement,0.49,0.53,0.59,0.66,1.03,2.3,2.6,2.36,0.54
kampala_malaba,411,205.75,roadside settlement,5.02,5.12,5.22,5.35,5.61,5.66,5.66,5.66,0.5900000000000007
kampala_malaba,412,206.25,roadside settlement,2.26,2.35,2.51,2.68,2.96,2.98,2.98,2.98,0.7000000000000002
kampala_malaba,413,206.75,roadside settlement,0.48,0.61,0.82,1.07,1.34,1.67,1.8,1.7,0.8600000000000001
kampala_malaba,414,207.25,roadside settlement,0.12,0.18,0.38,0.56,0.85,0.93,0.93,0.93,0.73
kampala_malaba,415,207.75,open road,0.0,0.09,0.17,0.24,0.24,0.25,0.51,0.3,0.24
kampala_malaba,416,208.25,open road,0.0,0.05,0.11,0.15,0.15,0.67,0.87,0.71,0.15
kampala_malaba,417,208.75,roadside settlement,0.38,0.5,0.62,0.82,1.14,1.43,1.54,1.45,0.7599999999999999
kampala_malaba,418,209.25,roadside settlement,0.94,1.2,1.79,2.36,3.07,3.07,3.07,3.07,2.13
kampala_malaba,419,209.75,roadside settlement,0.07,0.24,0.5,0.75,1.13,1.32,1.61,1.38,1.0599999999999998
kampala_malaba,420,210.25,open road,0.0,0.0,0.02,0.05,0.25,0.35,1.31,0.54,0.25
kampala_malaba,421,210.75,roadside settlement,0.0,0.01,0.01,0.24,0.81,1.28,1.74,1.37,0.81
kampala_malaba,422,211.25,roadside settlement,0.18,0.28,0.39,0.52,0.62,0.87,1.61,1.02,0.44
kampala_malaba,423,211.75,roadside settlement,1.3,1.56,1.95,2.97,3.41,3.46,3.46,3.46,2.1100000000000003
kampala_malaba,424,212.25,roadside settlement,0.19,0.27,0.55,0.97,1.68,1.77,1.77,1.77,1.49
kampala_malaba,425,212.75,roadside settlement,0.49,0.57,0.69,1.43,4.25,6.53,6.64,6.55,3.76
kampala_malaba,426,213.25,town,1.43,1.66,1.91,2.25,2.25,2.31,2.52,2.35,0.8200000000000001
kampala_malaba,427,213.75,roadside settlement,2.0,2.08,2.16,2.22,2.22,2.23,2.58,2.3,0.2200000000000002
kampala_malaba,428,214.25,town,3.56,4.09,4.62,5.05,5.07,5.14,5.2,5.15,1.5100000000000002
kampala_malaba,429,214.75,town,3.85,4.06,4.26,4.54,4.77,4.85,4.95,4.87,0.9199999999999995
kampala_malaba,430,215.25,town,2.9,3.06,3.22,3.38,3.5,3.88,4.01,3.91,0.6000000000000001
kampala_malaba,431,215.54290306534605,roadside settlement,2.64,2.67,2.7,2.74,2.78,2.78,2.78,2.78,0.13999999999999968
kampala_elegu,0,0.25,town,17.5,17.59,17.68,17.76,17.78,17.78,17.78,17.78,0.28000000000000114
kampala_elegu,1,0.75,town,12.86,12.93,13.0,13.06,13.08,13.08,13.08,13.08,0.22000000000000064
kampala_elegu,2,1.25,town,12.22,12.22,12.22,12.22,12.22,12.22,12.22,12.22,0.0
kampala_elegu,3,1.75,town,11.14,11.14,11.14,11.14,11.14,11.14,11.14,11.14,0.0
kampala_elegu,4,2.25,town,11.01,11.03,11.04,11.05,11.05,11.05,11.05,11.05,0.040000000000000924
kampala_elegu,5,2.75,town,11.12,11.29,11.47,11.61,11.61,11.61,11.61,11.61,0.4900000000000002
kampala_elegu,6,3.25,town,11.12,11.55,11.97,12.32,12.32,12.32,12.32,12.32,1.200000000000001
kampala_elegu,7,3.75,town,14.33,14.33,14.33,14.36,14.49,14.49,14.49,14.49,0.16000000000000014
kampala_elegu,8,4.25,town,12.57,12.61,12.65,12.69,12.76,12.76,12.76,12.76,0.1899999999999995
kampala_elegu,9,4.75,town,11.34,11.57,11.81,12.0,12.0,12.0,12.0,12.0,0.6600000000000001
kampala_elegu,10,5.25,town,10.94,10.94,10.95,10.96,10.96,10.96,10.96,10.96,0.02000000000000135
kampala_elegu,11,5.75,town,10.89,10.99,11.09,11.17,11.17,11.17,11.17,11.17,0.27999999999999936
kampala_elegu,12,6.25,town,10.21,10.44,10.67,10.85,10.85,10.85,10.85,10.85,0.6399999999999988
kampala_elegu,13,6.75,town,11.12,11.29,11.46,11.6,11.6,11.6,11.6,11.6,0.4800000000000004
kampala_elegu,14,7.25,town,7.49,8.16,8.82,9.36,9.4,9.4,9.4,9.4,1.9100000000000001
kampala_elegu,15,7.75,town,0.74,0.96,1.2,1.41,1.57,1.67,1.72,1.68,0.8300000000000001
kampala_elegu,16,8.25,town,1.24,1.41,1.7,1.91,2.05,2.23,2.28,2.24,0.8099999999999998
kampala_elegu,17,8.75,town,5.49,6.5,7.77,8.7,8.78,8.78,8.78,8.78,3.289999999999999
kampala_elegu,18,9.25,town,3.25,4.17,5.1,5.84,5.84,6.13,6.13,6.13,2.59
kampala_elegu,19,9.75,roadside settlement,1.22,1.57,1.99,2.41,2.47,2.66,2.66,2.66,1.2500000000000002
kampala_elegu,20,10.25,town,0.09,0.43,1.06,2.3,2.48,2.77,2.77,2.77,2.39
kampala_elegu,21,10.75,roadside settlement,0.63,1.04,2.2,3.21,3.36,3.36,3.36,3.36,2.73
kampala_elegu,22,11.25,roadside settlement,2.84,3.43,4.02,4.5,5.08,5.35,5.35,5.35,2.24
kampala_elegu,23,11.75,roadside settlement,1.13,1.48,1.84,2.39,2.71,2.8,2.82,2.8,1.58
kampala_elegu,24,12.25,roadside settlement,2.51,3.1,3.7,4.17,4.17,4.17,4.33,4.2,1.6600000000000001
kampala_elegu,25,12.75,town,4.63,5.62,6.61,7.4,7.44,7.44,7.46,7.44,2.8100000000000005
kampala_elegu,26,13.25,town,5.09,5.4,5.72,6.04,6.14,6.26,6.31,6.27,1.0499999999999998
kampala_elegu,27,13.75,town,5.7,5.78,5.85,5.92,5.92,6.15,6.15,6.15,0.21999999999999975
kampala_elegu,28,14.25,town,9.76,9.91,10.07,10.19,10.19,10.19,10.19,10.19,0.4299999999999997
kampala_elegu,29,14.75,town,5.39,5.74,6.09,6.37,6.37,6.37,6.37,6.37,0.9800000000000004
kampala_elegu,30,15.25,town,5.59,5.84,6.08,6.27,6.3,6.3,6.3,6.3,0.71
kampala_elegu,31,15.75,town,4.01,4.41,4.83,5.38,5.39,5.39,5.39,5.39,1.38
kampala_elegu,32,16.25,roadside settlement,0.57,0.83,1.13,1.81,1.98,2.28,2.28,2.28,1.4100000000000001
kampala_elegu,33,16.75,roadside settlement,0.29,0.35,0.48,0.67,0.86,1.13,1.2,1.14,0.5700000000000001
kampala_elegu,34,17.25,roadside settlement,0.53,0.68,0.89,1.25,1.96,2.43,2.49,2.44,1.43
kampala_elegu,35,17.75,roadside settlement,0.07,0.12,0.19,0.43,1.17,1.24,1.29,1.25,1.0999999999999999
kampala_elegu,36,18.25,roadside settlement,0.33,0.41,0.49,1.05,1.5,1.5,1.59,1.52,1.17
kampala_elegu,37,18.75,town,1.05,1.35,1.74,2.17,2.28,2.37,2.4,2.38,1.2299999999999998
kampala_elegu,38,19.25,roadside settlement,2.07,2.57,3.07,3.84,4.02,4.14,4.14,4.14,1.9499999999999997
kampala_elegu,39,19.75,roadside settlement,1.88,2.45,3.02,3.48,3.53,3.65,3.65,3.65,1.65
kampala_elegu,40,20.25,roadside settlement,3.93,4.36,4.92,5.64,5.77,5.96,5.96,5.96,1.8399999999999994
kampala_elegu,41,20.75,roadside settlement,1.14,1.68,2.22,3.04,3.54,3.64,3.64,3.64,2.4000000000000004
kampala_elegu,42,21.25,roadside settlement,0.62,0.75,0.88,1.46,1.84,1.84,2.06,1.88,1.2200000000000002
kampala_elegu,43,21.75,roadside settlement,0.33,0.48,0.64,0.83,0.98,1.21,1.33,1.23,0.6499999999999999
kampala_elegu,44,22.25,roadside settlement,0.31,0.49,0.82,1.27,1.43,1.51,1.63,1.53,1.1199999999999999
kampala_elegu,45,22.75,open road,0.15,0.16,0.23,0.27,0.3,0.36,0.43,0.37,0.15
kampala_elegu,46,23.25,roadside settlement,1.45,1.5,1.58,1.67,1.99,2.17,2.2,2.18,0.54
kampala_elegu,47,23.75,roadside settlement,1.84,1.99,2.29,2.48,2.54,2.55,2.55,2.55,0.7
kampala_elegu,48,24.25,roadside settlement,0.32,0.51,0.82,1.26,1.6,1.6,1.66,1.61,1.28
kampala_elegu,49,24.75,roadside settlement,0.03,0.05,0.11,0.15,0.41,0.41,0.69,0.47,0.38
kampala_elegu,50,25.25,roadside settlement,0.59,0.61,0.64,0.67,0.68,0.74,0.82,0.76,0.09000000000000008
kampala_elegu,51,25.75,roadside settlement,0.81,0.9,1.01,1.17,1.43,1.63,1.63,1.63,0.6199999999999999
kampala_elegu,52,26.25,roadside settlement,1.06,1.3,1.54,1.77,2.09,2.49,2.59,2.51,1.0299999999999998
kampala_elegu,53,26.75,roadside settlement,0.32,0.41,0.5,0.8,0.83,0.83,0.83,0.83,0.51
kampala_elegu,54,27.25,roadside settlement,2.54,2.88,3.23,3.51,3.51,3.51,3.51,3.51,0.9699999999999998
kampala_elegu,55,27.75,roadside settlement,2.53,2.72,2.92,3.17,3.17,3.46,3.46,3.46,0.6400000000000001
kampala_elegu,56,28.25,roadside settlement,2.38,2.55,2.72,2.88,2.88,2.97,3.01,2.98,0.5
kampala_elegu,57,28.75,roadside settlement,2.83,3.16,3.5,3.77,3.79,4.58,4.58,4.58,0.96
kampala_elegu,58,29.25,town,4.9,5.24,5.57,5.84,5.86,5.86,5.86,5.86,0.96
kampala_elegu,59,29.75,town,4.17,4.44,4.7,4.92,4.92,4.92,4.92,4.92,0.75
kampala_elegu,60,30.25,town,2.95,3.03,3.12,3.19,3.19,3.19,3.19,3.19,0.23999999999999977
kampala_elegu,61,30.75,roadside settlement,2.68,2.73,2.79,2.84,2.9,3.04,3.08,3.05,0.21999999999999975
kampala_elegu,62,31.25,roadside settlement,0.9,1.04,1.17,1.31,1.37,1.46,1.46,1.46,0.4700000000000001
kampala_elegu,63,31.75,roadside settlement,0.59,0.69,0.93,1.3,1.5,1.68,1.75,1.69,0.91
kampala_elegu,64,32.25,roadside settlement,0.41,0.5,0.63,1.09,1.37,1.74,1.82,1.76,0.9600000000000002
kampala_elegu,65,32.75,roadside settlement,0.18,0.36,0.64,0.91,0.93,1.3,1.4,1.32,0.75
kampala_elegu,66,33.25,roadside settlement,0.79,1.03,1.27,1.65,2.01,2.01,2.01,2.01,1.2199999999999998
kampala_elegu,67,33.75,roadside settlement,0.85,0.97,1.09,1.19,1.26,1.68,1.68,1.68,0.41000000000000003
kampala_elegu,68,34.25,roadside settlement,0.2,0.21,0.25,0.28,0.29,0.4,0.5,0.42,0.08999999999999997
kampala_elegu,69,34.75,roadside settlement,1.86,2.51,3.47,4.46,4.55,4.55,4.55,4.55,2.6899999999999995
kampala_elegu,70,35.25,roadside settlement,1.84,2.3,3.11,3.88,4.1,4.35,4.35,4.35,2.26
kampala_elegu,71,35.75,roadside settlement,0.33,0.54,0.8,1.08,1.15,1.15,1.19,1.16,0.8199999999999998
kampala_elegu,72,36.25,roadside settlement,0.13,0.18,0.32,0.44,0.7,0.88,0.98,0.9,0.57
kampala_elegu,73,36.75,open road,0.27,0.3,0.33,0.46,0.56,0.95,1.09,0.98,0.29000000000000004
kampala_elegu,74,37.25,roadside settlement,0.8,0.94,1.22,1.55,1.66,1.99,1.99,1.99,0.8599999999999999
kampala_elegu,75,37.75,roadside settlement,1.4,1.49,1.58,1.67,1.83,2.21,2.38,2.24,0.43000000000000016
kampala_elegu,76,38.25,roadside settlement,0.15,0.15,0.15,0.16,0.23,0.23,0.36,0.26,0.08000000000000002
kampala_elegu,77,38.75,roadside settlement,1.15,1.34,1.69,1.98,2.36,2.58,2.58,2.58,1.21
kampala_elegu,78,39.25,roadside settlement,1.88,2.05,2.36,2.97,3.14,3.14,3.19,3.15,1.2600000000000002
kampala_elegu,79,39.75,town,4.68,4.93,5.34,5.61,5.65,5.65,5.65,5.65,0.9700000000000006
kampala_elegu,80,40.25,town,4.49,4.99,5.57,6.06,6.08,6.08,6.35,6.13,1.5899999999999999
kampala_elegu,81,40.75,roadside settlement,1.78,2.05,2.35,2.75,2.82,3.07,3.21,3.1,1.0399999999999998
kampala_elegu,82,41.25,roadside settlement,1.02,1.17,1.32,1.58,1.9,1.9,2.0,1.92,0.8799999999999999
kampala_elegu,83,41.75,roadside settlement,1.52,1.87,2.23,2.95,3.01,3.26,3.26,3.26,1.4899999999999998
kampala_elegu,84,42.25,roadside settlement,1.15,1.74,2.39,3.04,3.51,3.51,3.51,3.51,2.36
kampala_elegu,85,42.75,roadside settlement,1.69,2.33,3.02,4.34,4.45,4.56,4.56,4.56,2.7600000000000002
kampala_elegu,86,43.25,town,1.55,1.91,2.47,3.22,3.33,3.33,3.33,3.33,1.78
kampala_elegu,87,43.75,town,4.97,5.01,5.06,5.1,5.1,5.16,5.21,5.17,0.1299999999999999
kampala_elegu,88,44.25,town,13.95,14.06,14.17,14.25,14.25,14.25,14.25,14.25,0.3000000000000007
kampala_elegu,89,44.75,town,3.45,3.98,4.51,5.13,5.16,5.19,5.24,5.2,1.71
kampala_elegu,90,45.25,roadside settlement,1.75,1.87,2.04,2.17,2.2,2.48,2.48,2.48,0.4500000000000002
kampala_elegu,91,45.75,roadside settlement,2.27,2.61,2.94,3.26,3.27,3.27,3.32,3.28,1.0
kampala_elegu,92,46.25,roadside settlement,3.34,3.79,4.27,4.64,4.65,4.65,4.65,4.65,1.3100000000000005
kampala_elegu,93,46.75,roadside settlement,0.46,0.5,0.58,0.81,0.82,0.82,1.12,0.88,0.35999999999999993
kampala_elegu,94,47.25,roadside settlement,0.84,0.9,1.04,1.21,1.21,1.63,1.68,1.64,0.37
kampala_elegu,95,47.75,roadside settlement,0.71,0.99,1.32,1.68,2.1,2.14,2.14,2.14,1.3900000000000001
kampala_elegu,96,48.25,roadside settlement,1.58,2.05,2.57,3.12,3.44,3.44,3.44,3.44,1.8599999999999999
kampala_elegu,97,48.75,roadside settlement,1.6,1.81,2.01,2.19,2.32,2.47,2.47,2.47,0.7199999999999998
kampala_elegu,98,49.25,roadside settlement,0.35,0.37,0.41,0.57,0.6,0.71,0.79,0.73,0.25
kampala_elegu,99,49.75,roadside settlement,3.11,3.41,3.7,3.94,3.95,4.03,4.08,4.04,0.8400000000000003
kampala_elegu,100,50.25,roadside settlement,3.47,3.66,4.23,4.67,4.67,4.67,4.71,4.68,1.1999999999999997
kampala_elegu,101,50.75,roadside settlement,0.6,0.69,0.95,1.12,1.58,1.84,1.95,1.86,0.9800000000000001
kampala_elegu,102,51.25,roadside settlement,0.45,0.6,0.74,0.95,1.12,1.12,1.27,1.15,0.6700000000000002
kampala_elegu,103,51.75,roadside settlement,0.63,0.76,0.9,1.2,1.6,1.69,1.75,1.7,0.9700000000000001
kampala_elegu,104,52.25,roadside settlement,0.56,0.62,0.72,1.06,1.46,1.54,1.76,1.58,0.8999999999999999
kampala_elegu,105,52.75,open road,0.0,0.0,0.01,0.02,0.04,0.04,0.04,0.04,0.04
kampala_elegu,106,53.25,roadside settlement,0.32,0.37,0.49,0.64,0.67,0.72,0.74,0.72,0.35000000000000003
kampala_elegu,107,53.75,roadside settlement,0.6,0.66,0.82,1.03,1.22,1.83,1.83,1.83,0.62
kampala_elegu,108,54.25,roadside settlement,0.11,0.26,0.4,0.65,0.87,1.5,1.55,1.51,0.76
kampala_elegu,109,54.75,roadside settlement,1.38,1.5,1.67,1.87,2.11,2.22,2.22,2.22,0.73
kampala_elegu,110,55.25,roadside settlement,2.45,2.75,3.06,3.52,3.63,3.63,3.63,3.63,1.1799999999999997
kampala_elegu,111,55.75,roadside settlement,3.71,4.37,5.02,5.66,5.67,5.72,5.72,5.72,1.96
kampala_elegu,112,56.25,roadside settlement,3.72,3.98,4.24,4.73,4.73,4.73,4.73,4.73,1.0100000000000002
kampala_elegu,113,56.75,town,6.26,6.4,6.53,6.64,6.64,6.64,6.64,6.64,0.3799999999999999
kampala_elegu,114,57.25,town,10.25,10.38,10.51,10.62,10.62,10.62,10.62,10.62,0.3699999999999992
kampala_elegu,115,57.75,town,8.84,8.93,9.01,9.08,9.08,9.08,9.08,9.08,0.2400000000000002
kampala_elegu,116,58.25,town,4.91,5.06,5.21,5.33,5.37,5.37,5.37,5.37,0.45999999999999996
kampala_elegu,117,58.75,town,5.05,5.08,5.11,5.14,5.14,5.14,5.14,5.14,0.08999999999999986
kampala_elegu,118,59.25,town,8.37,8.64,8.9,9.11,9.11,9.11,9.11,9.11,0.7400000000000002
kampala_elegu,119,59.75,town,8.32,8.49,8.66,8.8,8.8,8.8,8.8,8.8,0.4800000000000004
kampala_elegu,120,60.25,roadside settlement,2.88,3.46,4.19,4.73,4.79,4.79,4.79,4.79,1.9100000000000001
kampala_elegu,121,60.75,roadside settlement,1.61,1.85,2.24,2.51,2.58,2.86,2.86,2.86,0.97
kampala_elegu,122,61.25,roadside settlement,0.73,0.86,1.0,1.14,1.33,1.37,1.42,1.38,0.6000000000000001
kampala_elegu,123,61.75,roadside settlement,0.45,0.49,0.53,0.56,0.57,0.57,0.59,0.57,0.11999999999999994
kampala_elegu,124,62.25,roadside settlement,0.31,0.37,0.67,0.86,1.05,1.13,1.16,1.14,0.74
kampala_elegu,125,62.75,roadside settlement,0.47,0.61,0.8,1.16,1.22,1.48,1.51,1.49,0.75
kampala_elegu,126,63.25,roadside settlement,0.95,1.33,1.84,2.4,2.45,2.55,2.55,2.55,1.5000000000000002
kampala_elegu,127,63.75,roadside settlement,0.07,0.16,0.36,0.49,0.74,1.28,1.49,1.32,0.6699999999999999
kampala_elegu,128,64.25,roadside settlement,0.58,0.65,0.75,0.98,1.32,1.46,1.49,1.47,0.7400000000000001
kampala_elegu,129,64.75,roadside settlement,0.01,0.04,0.1,0.27,0.64,0.79,0.86,0.8,0.63
kampala_elegu,130,65.25,roadside settlement,0.23,0.29,0.41,0.56,0.95,1.1,1.15,1.11,0.72
kampala_elegu,131,65.75,roadside settlement,2.28,2.57,2.86,3.28,3.57,3.57,3.57,3.57,1.29
kampala_elegu,132,66.25,roadside settlement,0.78,0.95,1.26,1.71,1.99,2.14,2.17,2.15,1.21
kampala_elegu,133,66.75,roadside settlement,0.32,0.36,0.41,0.45,0.47,0.78,1.02,0.83,0.14999999999999997
kampala_elegu,134,67.25,roadside settlement,0.0,0.04,0.11,0.23,0.46,0.62,0.71,0.64,0.46
kampala_elegu,135,67.75,roadside settlement,1.42,1.66,1.9,2.32,2.44,2.53,2.53,2.53,1.02
kampala_elegu,136,68.25,roadside settlement,0.04,0.07,0.22,0.4,0.73,1.28,1.32,1.29,0.69
kampala_elegu,137,68.75,roadside settlement,0.02,0.04,0.14,0.23,0.28,0.28,0.45,0.31,0.26
kampala_elegu,138,69.25,roadside settlement,0.56,0.59,0.68,0.81,1.15,1.36,1.36,1.36,0.5899999999999999
kampala_elegu,139,69.75,roadside settlement,0.25,0.31,0.41,0.51,0.82,0.95,0.97,0.95,0.57
kampala_elegu,140,70.25,roadside settlement,0.02,0.08,0.18,0.28,0.5,0.53,0.55,0.53,0.48
kampala_elegu,141,70.75,roadside settlement,0.1,0.12,0.23,0.36,0.6,0.83,0.94,0.85,0.5
kampala_elegu,142,71.25,roadside settlement,0.24,0.28,0.49,0.79,1.11,1.4,1.4,1.4,0.8700000000000001
kampala_elegu,143,71.75,roadside settlement,2.02,2.12,2.22,2.34,2.46,2.77,2.78,2.77,0.43999999999999995
kampala_elegu,144,72.25,roadside settlement,0.32,0.35,0.38,0.43,0.45,0.48,0.53,0.49,0.13
kampala_elegu,145,72.75,open road,0.01,0.01,0.01,0.01,0.01,0.01,0.01,0.01,0.0
kampala_elegu,146,73.25,roadside settlement,0.03,0.07,0.11,0.32,1.0,1.05,1.12,1.06,0.97
kampala_elegu,147,73.75,roadside settlement,0.09,0.14,0.22,0.51,1.04,1.36,1.37,1.36,0.9500000000000001
kampala_elegu,148,74.25,roadside settlement,0.15,0.18,0.25,0.42,1.05,1.55,1.59,1.56,0.9
kampala_elegu,149,74.75,roadside settlement,0.34,0.35,0.43,0.5,0.76,1.0,1.1,1.02,0.42
kampala_elegu,150,75.25,roadside settlement,0.33,0.36,0.42,0.56,1.0,1.05,1.09,1.06,0.6699999999999999
kampala_elegu,151,75.75,roadside settlement,0.15,0.19,0.26,0.43,0.68,0.96,0.96,0.96,0.53
kampala_elegu,152,76.25,open road,0.06,0.06,0.07,0.08,0.09,0.09,0.1,0.09,0.03
kampala_elegu,153,76.75,roadside settlement,0.16,0.18,0.19,0.21,0.21,0.21,0.43,0.25,0.04999999999999999
kampala_elegu,154,77.25,roadside settlement,0.42,0.48,0.53,0.61,0.7,0.96,1.22,1.01,0.27999999999999997
kampala_elegu,155,77.75,roadside settlement,0.13,0.14,0.19,0.27,0.4,0.43,0.49,0.44,0.27
kampala_elegu,156,78.25,open road,0.0,0.0,0.0,0.0,0.0,0.0,0.0,0.0,0.0
kampala_elegu,157,78.75,open road,0.0,0.0,0.0,0.0,0.0,0.0,0.0,0.0,0.0
kampala_elegu,158,79.25,open road,0.0,0.0,0.0,0.0,0.0,0.0,0.0,0.0,0.0
kampala_elegu,159,79.75,open road,0.0,0.0,0.0,0.0,0.0,0.0,0.0,0.0,0.0
kampala_elegu,160,80.25,open road,0.0,0.0,0.0,0.01,0.19,0.27,0.27,0.27,0.19
kampala_elegu,161,80.75,open road,0.0,0.0,0.07,0.2,0.43,0.9,1.33,0.99,0.43
kampala_elegu,162,81.25,roadside settlement,0.01,0.03,0.05,0.12,0.35,0.45,0.49,0.46,0.33999999999999997
kampala_elegu,163,81.75,roadside settlement,2.18,2.28,2.41,2.52,2.66,2.79,2.79,2.79,0.48
kampala_elegu,164,82.25,roadside settlement,2.37,2.7,3.03,3.29,3.29,3.37,3.37,3.37,0.9199999999999999
kampala_elegu,165,82.75,town,7.5,7.78,8.15,8.41,8.42,8.42,8.42,8.42,0.9199999999999999
kampala_elegu,166,83.25,roadside settlement,1.91,2.21,2.52,2.77,2.77,2.93,2.93,2.93,0.8600000000000001
kampala_elegu,167,83.75,roadside settlement,0.08,0.14,0.27,0.38,0.48,0.53,0.67,0.56,0.39999999999999997
kampala_elegu,168,84.25,roadside settlement,0.13,0.19,0.24,0.36,0.47,0.54,0.64,0.56,0.33999999999999997
kampala_elegu,169,84.75,open road,0.13,0.14,0.16,0.19,0.36,0.43,0.47,0.44,0.22999999999999998
kampala_elegu,170,85.25,open road,0.0,0.0,0.0,0.0,0.0,0.0,0.0,0.0,0.0
kampala_elegu,171,85.75,open road,0.01,0.01,0.01,0.01,0.01,0.15,0.15,0.15,0.0
kampala_elegu,172,86.25,roadside settlement,0.77,0.84,0.92,1.08,1.4,1.58,1.66,1.6,0.6299999999999999
kampala_elegu,173,86.75,roadside settlement,0.04,0.06,0.14,0.29,0.72,0.88,1.02,0.91,0.6799999999999999
kampala_elegu,174,87.25,open road,0.27,0.27,0.3,0.33,0.42,0.56,0.61,0.57,0.14999999999999997
kampala_elegu,175,87.75,open road,0.01,0.01,0.02,0.02,0.04,0.04,0.06,0.04,0.03
kampala_elegu,176,88.25,open road,0.09,0.12,0.19,0.37,0.78,0.95,1.03,0.97,0.6900000000000001
kampala_elegu,177,88.75,open road,0.08,0.08,0.1,0.13,0.25,0.27,0.3,0.28,0.16999999999999998
kampala_elegu,178,89.25,open road,0.0,0.0,0.0,0.0,0.0,0.0,0.0,0.0,0.0
kampala_elegu,179,89.75,open road,0.0,0.0,0.0,0.0,0.0,0.0,0.0,0.0,0.0
kampala_elegu,180,90.25,roadside settlement,0.8,0.84,0.96,1.03,1.09,1.25,1.3,1.26,0.29000000000000004
kampala_elegu,181,90.75,roadside settlement,0.3,0.33,0.35,0.45,0.47,0.47,0.47,0.47,0.16999999999999998
kampala_elegu,182,91.25,open road,0.0,0.0,0.0,0.0,0.0,0.0,0.0,0.0,0.0
kampala_elegu,183,91.75,open road,0.0,0.0,0.0,0.0,0.0,0.0,0.0,0.0,0.0
kampala_elegu,184,92.25,open road,0.09,0.1,0.1,0.11,0.11,0.11,0.32,0.15,0.020000000000000004
kampala_elegu,185,92.75,open road,0.03,0.03,0.04,0.04,0.04,0.04,0.64,0.16,0.010000000000000002
kampala_elegu,186,93.25,open road,0.22,0.22,0.22,0.22,0.23,0.23,0.23,0.23,0.010000000000000009
kampala_elegu,187,93.75,roadside settlement,0.98,1.29,1.61,1.86,1.87,1.95,1.95,1.95,0.8900000000000001
kampala_elegu,188,94.25,roadside settlement,4.5,5.14,5.79,6.31,6.32,6.32,6.32,6.32,1.8200000000000003
kampala_elegu,189,94.75,roadside settlement,3.75,3.82,3.89,3.98,4.15,4.29,4.29,4.29,0.40000000000000036
kampala_elegu,190,95.25,open road,0.25,0.27,0.29,0.31,0.32,0.65,0.65,0.65,0.07
kampala_elegu,191,95.75,open road,0.0,0.06,0.12,0.18,0.24,0.56,0.63,0.57,0.24
kampala_elegu,192,96.25,open road,0.0,0.0,0.03,0.09,0.4,0.63,0.83,0.67,0.4
kampala_elegu,193,96.75,open road,0.02,0.03,0.09,0.2,0.45,0.57,0.64,0.58,0.43
kampala_elegu,194,97.25,roadside settlement,0.47,0.5,0.53,0.55,0.55,0.67,0.67,0.67,0.08000000000000007
kampala_elegu,195,97.75,roadside settlement,0.68,0.74,0.81,0.86,0.89,1.08,1.21,1.11,0.20999999999999996
kampala_elegu,196,98.25,open road,0.2,0.22,0.23,0.31,0.61,0.7,0.79,0.72,0.41
kampala_elegu,197,98.75,roadside settlement,0.24,0.29,0.34,0.39,0.55,0.74,0.78,0.75,0.31000000000000005
kampala_elegu,198,99.25,roadside settlement,0.57,0.59,0.6,0.62,0.62,0.84,0.86,0.84,0.050000000000000044
kampala_elegu,199,99.75,open road,0.0,0.0,0.0,0.0,0.0,0.0,0.0,0.0,0.0
kampala_elegu,200,100.25,open road,0.0,0.0,0.0,0.01,0.05,0.09,0.11,0.09,0.05
kampala_elegu,201,100.75,open road,0.01,0.01,0.02,0.03,0.08,0.08,0.09,0.08,0.07
kampala_elegu,202,101.25,open road,0.04,0.04,0.05,0.05,0.06,0.06,0.06,0.06,0.019999999999999997
kampala_elegu,203,101.75,open road,0.14,0.15,0.16,0.2,0.28,0.28,0.28,0.28,0.14
kampala_elegu,204,102.25,open road,0.0,0.01,0.04,0.13,0.58,0.75,0.75,0.75,0.58
kampala_elegu,205,102.75,open road,0.0,0.0,0.05,0.21,0.6,0.9,0.92,0.9,0.6
kampala_elegu,206,103.25,open road,0.06,0.08,0.15,0.31,0.66,0.8,0.84,0.81,0.6000000000000001
kampala_elegu,207,103.75,open road,0.15,0.16,0.16,0.17,0.17,0.17,0.17,0.17,0.020000000000000018
kampala_elegu,208,104.25,open road,0.14,0.14,0.18,0.38,0.46,0.59,0.59,0.59,0.32
kampala_elegu,209,104.75,roadside settlement,2.59,2.65,2.71,2.76,2.76,2.78,2.92,2.81,0.16999999999999993
kampala_elegu,210,105.25,roadside settlement,0.94,0.94,0.94,0.95,1.01,1.01,1.06,1.02,0.07000000000000006
kampala_elegu,211,105.75,open road,0.15,0.16,0.16,0.17,0.17,0.17,0.22,0.18,0.020000000000000018
kampala_elegu,212,106.25,open road,0.23,0.23,0.23,0.23,0.24,0.3,0.3,0.3,0.009999999999999981
kampala_elegu,213,106.75,open road,0.09,0.1,0.12,0.13,0.13,0.16,0.29,0.19,0.04000000000000001
kampala_elegu,214,107.25,open road,0.09,0.09,0.1,0.11,0.16,0.16,0.18,0.16,0.07
kampala_elegu,215,107.75,open road,0.4,0.41,0.43,0.45,0.51,0.79,0.79,0.79,0.10999999999999999
kampala_elegu,216,108.25,open road,0.18,0.23,0.33,0.44,0.71,0.93,1.05,0.95,0.53
kampala_elegu,217,108.75,open road,0.72,0.84,0.95,1.05,1.14,1.26,1.31,1.27,0.41999999999999993
kampala_elegu,218,109.25,open road,0.2,0.25,0.29,0.36,0.62,1.01,1.01,1.01,0.42
kampala_elegu,219,109.75,roadside settlement,0.26,0.3,0.35,0.4,0.43,0.65,0.66,0.65,0.16999999999999998
kampala_elegu,220,110.25,open road,0.16,0.16,0.17,0.17,0.22,0.22,0.29,0.23,0.06
kampala_elegu,221,110.75,open road,0.11,0.11,0.11,0.12,0.12,0.12,0.16,0.13,0.009999999999999995
kampala_elegu,222,111.25,open road,0.0,0.0,0.0,0.0,0.0,0.0,0.0,0.0,0.0
kampala_elegu,223,111.75,open road,0.01,0.02,0.03,0.07,0.21,0.21,0.41,0.25,0.19999999999999998
kampala_elegu,224,112.25,roadside settlement,0.12,0.13,0.19,0.28,0.53,0.64,0.64,0.64,0.41000000000000003
kampala_elegu,225,112.75,open road,0.33,0.37,0.44,0.59,0.85,1.12,1.25,1.15,0.52
kampala_elegu,226,113.25,open road,0.03,0.03,0.05,0.08,0.1,0.13,0.13,0.13,0.07
kampala_elegu,227,113.75,open road,0.09,0.11,0.13,0.17,0.33,0.52,0.56,0.53,0.24000000000000002
kampala_elegu,228,114.25,roadside settlement,0.82,0.97,1.24,1.55,1.55,1.83,1.91,1.85,0.7300000000000001
kampala_elegu,229,114.75,roadside settlement,2.49,2.76,3.08,3.64,3.71,3.82,3.83,3.82,1.2199999999999998
kampala_elegu,230,115.25,roadside settlement,0.03,0.07,0.17,0.28,0.6,0.86,0.9,0.87,0.57
kampala_elegu,231,115.75,open road,0.37,0.37,0.41,0.45,0.59,0.77,0.82,0.78,0.21999999999999997
kampala_elegu,232,116.25,open road,0.07,0.09,0.15,0.23,0.4,1.03,1.03,1.03,0.33
kampala_elegu,233,116.75,open road,0.01,0.02,0.04,0.05,0.06,0.06,0.21,0.09,0.049999999999999996
kampala_elegu,234,117.25,open road,0.04,0.06,0.13,0.2,0.3,0.43,0.63,0.47,0.26
kampala_elegu,235,117.75,open road,0.14,0.15,0.16,0.17,0.22,0.29,0.68,0.37,0.07999999999999999
kampala_elegu,236,118.25,open road,0.54,0.58,0.62,0.65,0.66,0.73,0.87,0.76,0.12
kampala_elegu,237,118.75,open road,0.01,0.02,0.04,0.1,0.24,0.25,0.32,0.26,0.22999999999999998
kampala_elegu,238,119.25,open road,0.02,0.02,0.08,0.13,0.23,0.35,0.36,0.35,0.21000000000000002
kampala_elegu,239,119.75,open road,0.14,0.15,0.17,0.2,0.32,0.32,0.4,0.34,0.18
kampala_elegu,240,120.25,open road,0.15,0.16,0.17,0.18,0.18,0.18,0.18,0.18,0.03
kampala_elegu,241,120.75,open road,0.0,0.01,0.01,0.04,0.04,0.04,0.05,0.04,0.04
kampala_elegu,242,121.25,roadside settlement,1.8,1.83,1.87,1.95,2.0,2.28,2.41,2.31,0.19999999999999996
kampala_elegu,243,121.75,roadside settlement,0.87,0.99,1.16,1.34,1.4,1.51,1.62,1.53,0.5299999999999999
kampala_elegu,244,122.25,roadside settlement,0.36,0.41,0.47,0.58,1.03,1.45,1.59,1.48,0.67
kampala_elegu,245,122.75,open road,0.0,0.0,0.0,0.0,0.0,0.0,0.0,0.0,0.0
kampala_elegu,246,123.25,open road,0.08,0.09,0.09,0.1,0.1,0.1,0.1,0.1,0.020000000000000004
kampala_elegu,247,123.75,open road,0.11,0.12,0.12,0.13,0.13,0.16,0.16,0.16,0.020000000000000004
kampala_elegu,248,124.25,open road,0.01,0.01,0.01,0.01,0.01,0.01,0.01,0.01,0.0
kampala_elegu,249,124.75,open road,0.14,0.15,0.16,0.17,0.17,0.17,0.17,0.17,0.03
kampala_elegu,250,125.25,open road,0.0,0.0,0.0,0.0,0.0,0.0,0.0,0.0,0.0
kampala_elegu,251,125.75,open road,0.0,0.0,0.01,0.01,0.02,0.02,0.02,0.02,0.02
kampala_elegu,252,126.25,open road,0.0,0.0,0.0,0.0,0.01,0.01,0.01,0.01,0.01
kampala_elegu,253,126.75,open road,0.07,0.08,0.08,0.09,0.09,0.09,0.09,0.09,0.01999999999999999
kampala_elegu,254,127.25,open road,0.02,0.02,0.03,0.03,0.03,0.03,0.03,0.03,0.009999999999999998
kampala_elegu,255,127.75,open road,0.02,0.03,0.03,0.03,0.03,0.03,0.03,0.03,0.009999999999999998
kampala_elegu,256,128.25,open road,0.0,0.0,0.0,0.0,0.0,0.0,0.0,0.0,0.0
kampala_elegu,257,128.75,open road,0.0,0.0,0.0,0.0,0.0,0.0,0.0,0.0,0.0
kampala_elegu,258,129.25,open road,0.0,0.0,0.0,0.0,0.0,0.0,0.0,0.0,0.0
kampala_elegu,259,129.75,open road,0.01,0.03,0.05,0.08,0.11,0.26,0.31,0.27,0.1
kampala_elegu,260,130.25,roadside settlement,0.93,1.05,1.2,1.51,1.83,2.28,2.3,2.28,0.9
kampala_elegu,261,130.75,roadside settlement,0.0,0.01,0.03,0.08,0.28,0.28,0.33,0.29,0.28
kampala_elegu,262,131.25,open road,0.11,0.11,0.12,0.13,0.13,0.13,0.13,0.13,0.020000000000000004
kampala_elegu,263,131.75,open road,0.02,0.02,0.02,0.02,0.02,0.02,0.02,0.02,0.0
kampala_elegu,264,132.25,open road,0.21,0.22,0.23,0.29,0.3,0.3,0.31,0.3,0.09
kampala_elegu,265,132.75,open road,0.01,0.03,0.12,0.2,0.37,0.6,0.6,0.6,0.36
kampala_elegu,266,133.25,roadside settlement,0.1,0.18,0.35,0.49,0.7,0.74,0.79,0.75,0.6
kampala_elegu,267,133.75,roadside settlement,0.2,0.27,0.39,0.59,0.85,1.1,1.15,1.11,0.6499999999999999
kampala_elegu,268,134.25,roadside settlement,1.16,1.26,1.37,1.57,1.95,2.09,2.38,2.15,0.79
kampala_elegu,269,134.75,roadside settlement,5.21,5.91,6.65,7.26,7.45,7.45,7.45,7.45,2.24
kampala_elegu,270,135.25,town,6.52,7.1,7.68,8.15,8.2,8.2,8.2,8.2,1.6799999999999997
kampala_elegu,271,135.75,roadside settlement,4.12,4.29,4.46,4.61,4.64,4.66,4.66,4.66,0.5199999999999996
kampala_elegu,272,136.25,roadside settlement,0.85,1.02,1.19,1.32,1.36,1.63,1.69,1.64,0.5100000000000001
kampala_elegu,273,136.75,open road,0.0,0.0,0.02,0.05,0.12,0.12,0.12,0.12,0.12
kampala_elegu,274,137.25,open road,0.12,0.13,0.15,0.16,0.2,0.2,0.25,0.21,0.08000000000000002
kampala_elegu,275,137.75,open road,0.02,0.03,0.04,0.04,0.04,0.04,0.04,0.04,0.02
kampala_elegu,276,138.25,open road,0.01,0.01,0.01,0.01,0.01,0.01,0.01,0.01,0.0
kampala_elegu,277,138.75,open road,0.0,0.0,0.0,0.0,0.0,0.0,0.0,0.0,0.0
kampala_elegu,278,139.25,open road,0.0,0.0,0.0,0.0,0.0,0.0,0.0,0.0,0.0
kampala_elegu,279,139.75,open road,0.0,0.0,0.0,0.0,0.0,0.0,0.0,0.0,0.0
kampala_elegu,280,140.25,open road,0.02,0.02,0.02,0.02,0.02,0.02,0.02,0.02,0.0
kampala_elegu,281,140.75,open road,0.0,0.0,0.0,0.0,0.0,0.0,0.0,0.0,0.0
kampala_elegu,282,141.25,open road,0.0,0.0,0.0,0.0,0.0,0.0,0.0,0.0,0.0
kampala_elegu,283,141.75,open road,0.0,0.0,0.0,0.0,0.0,0.0,0.0,0.0,0.0
kampala_elegu,284,142.25,roadside settlement,0.73,0.74,0.76,0.76,0.77,0.92,0.97,0.93,0.040000000000000036
kampala_elegu,285,142.75,roadside settlement,2.03,2.06,2.1,2.13,2.27,2.46,2.46,2.46,0.2400000000000002
kampala_elegu,286,143.25,roadside settlement,0.24,0.25,0.25,0.28,0.31,0.39,0.54,0.42,0.07
kampala_elegu,287,143.75,open road,0.28,0.29,0.3,0.33,0.51,0.65,0.65,0.65,0.22999999999999998
kampala_elegu,288,144.25,open road,0.04,0.04,0.05,0.05,0.05,0.05,0.05,0.05,0.010000000000000002
kampala_elegu,289,144.75,open road,0.14,0.15,0.16,0.17,0.17,0.17,0.17,0.17,0.03
kampala_elegu,290,145.25,open road,0.0,0.0,0.0,0.0,0.0,0.0,0.0,0.0,0.0
kampala_elegu,291,145.75,open road,0.0,0.0,0.0,0.0,0.0,0.0,0.0,0.0,0.0
kampala_elegu,292,146.25,open road,0.0,0.0,0.0,0.0,0.0,0.0,0.0,0.0,0.0
kampala_elegu,293,146.75,open road,0.0,0.0,0.0,0.0,0.0,0.0,0.0,0.0,0.0
kampala_elegu,294,147.25,open road,0.0,0.0,0.0,0.0,0.0,0.0,0.0,0.0,0.0
kampala_elegu,295,147.75,open road,0.23,0.26,0.3,0.34,0.58,0.59,0.62,0.6,0.35
kampala_elegu,296,148.25,open road,0.0,0.0,0.0,0.0,0.0,0.0,0.0,0.0,0.0
kampala_elegu,297,148.75,open road,0.0,0.0,0.0,0.0,0.0,0.0,0.0,0.0,0.0
kampala_elegu,298,149.25,open road,0.0,0.0,0.0,0.0,0.0,0.0,0.0,0.0,0.0
kampala_elegu,299,149.75,open road,0.05,0.05,0.05,0.06,0.06,0.06,0.06,0.06,0.009999999999999995
kampala_elegu,300,150.25,open road,0.07,0.08,0.08,0.09,0.09,0.09,0.09,0.09,0.01999999999999999
kampala_elegu,301,150.75,open road,0.0,0.0,0.0,0.0,0.0,0.0,0.0,0.0,0.0
kampala_elegu,302,151.25,open road,0.0,0.0,0.0,0.0,0.0,0.0,0.0,0.0,0.0
kampala_elegu,303,151.75,open road,0.0,0.0,0.0,0.0,0.0,0.0,0.0,0.0,0.0
kampala_elegu,304,152.25,open road,0.0,0.0,0.0,0.0,0.0,0.0,0.0,0.0,0.0
kampala_elegu,305,152.75,open road,0.01,0.01,0.01,0.01,0.01,0.01,0.01,0.01,0.0
kampala_elegu,306,153.25,open road,0.0,0.0,0.0,0.0,0.01,0.01,0.01,0.01,0.01
kampala_elegu,307,153.75,open road,0.0,0.0,0.0,0.0,0.0,0.0,0.0,0.0,0.0
kampala_elegu,308,154.25,open road,0.0,0.0,0.0,0.0,0.0,0.0,0.0,0.0,0.0
kampala_elegu,309,154.75,roadside settlement,0.47,0.51,0.57,0.67,1.0,1.22,1.35,1.25,0.53
kampala_elegu,310,155.25,open road,0.07,0.1,0.12,0.21,0.66,0.84,0.91,0.85,0.5900000000000001
kampala_elegu,311,155.75,open road,0.0,0.0,0.03,0.06,0.23,0.51,0.51,0.51,0.23
kampala_elegu,312,156.25,open road,0.0,0.0,0.01,0.03,0.19,0.33,0.44,0.35,0.19
kampala_elegu,313,156.75,open road,0.36,0.39,0.47,0.64,1.14,1.15,1.19,1.16,0.7799999999999999
kampala_elegu,314,157.25,open road,0.0,0.02,0.04,0.08,0.24,0.4,0.47,0.41,0.24
kampala_elegu,315,157.75,roadside settlement,0.56,0.66,0.84,1.09,1.42,1.64,1.64,1.64,0.8599999999999999
kampala_elegu,316,158.25,roadside settlement,2.89,3.12,3.45,3.83,4.31,4.32,4.32,4.32,1.4199999999999995
kampala_elegu,317,158.75,roadside settlement,0.02,0.15,0.67,1.27,1.69,1.8,1.83,1.81,1.67
kampala_elegu,318,159.25,roadside settlement,0.4,0.42,0.47,0.56,0.67,0.67,0.85,0.71,0.27
kampala_elegu,319,159.75,open road,0.26,0.27,0.29,0.35,0.56,0.61,0.75,0.64,0.30000000000000004
kampala_elegu,320,160.25,open road,0.02,0.02,0.13,0.18,0.24,0.57,0.6,0.58,0.22
kampala_elegu,321,160.75,open road,0.04,0.06,0.24,0.37,0.63,0.76,0.76,0.76,0.59
kampala_elegu,322,161.25,open road,0.02,0.02,0.02,0.02,0.02,0.02,0.02,0.02,0.0
kampala_elegu,323,161.75,open road,0.0,0.0,0.0,0.01,0.01,0.01,0.01,0.01,0.01
kampala_elegu,324,162.25,roadside settlement,0.56,0.58,0.6,0.78,0.87,0.97,0.98,0.97,0.30999999999999994
kampala_elegu,325,162.75,roadside settlement,0.21,0.23,0.27,0.32,0.44,0.59,0.67,0.61,0.23
kampala_elegu,326,163.25,open road,0.08,0.09,0.1,0.18,0.52,0.68,0.7,0.68,0.44
kampala_elegu,327,163.75,open road,0.0,0.0,0.0,0.0,0.0,0.0,0.0,0.0,0.0
kampala_elegu,328,164.25,open road,0.01,0.01,0.02,0.02,0.02,0.02,0.02,0.02,0.01
kampala_elegu,329,164.75,open road,0.0,0.0,0.0,0.0,0.0,0.2,0.2,0.2,0.0
kampala_elegu,330,165.25,roadside settlement,0.0,0.14,0.3,0.57,1.39,1.83,1.83,1.83,1.39
kampala_elegu,331,165.75,roadside settlement,0.81,1.35,2.37,3.57,3.65,4.33,4.33,4.33,2.84
kampala_elegu,332,166.25,roadside settlement,1.02,1.19,1.44,1.62,1.84,1.84,1.87,1.85,0.8200000000000001
kampala_elegu,333,166.75,roadside settlement,0.23,0.26,0.28,0.31,0.31,0.48,0.48,0.48,0.07999999999999999
kampala_elegu,334,167.25,roadside settlement,0.08,0.25,0.71,0.98,1.35,1.5,1.52,1.5,1.27
kampala_elegu,335,167.75,roadside settlement,1.24,1.39,1.7,1.97,2.01,2.06,2.16,2.08,0.7699999999999998
kampala_elegu,336,168.25,roadside settlement,0.28,0.31,0.34,0.36,0.36,0.68,0.68,0.68,0.07999999999999996
kampala_elegu,337,168.75,open road,0.02,0.03,0.03,0.05,0.05,0.05,0.06,0.05,0.030000000000000002
kampala_elegu,338,169.25,open road,0.0,0.0,0.0,0.0,0.0,0.0,0.0,0.0,0.0
kampala_elegu,339,169.75,open road,0.0,0.0,0.0,0.0,0.0,0.0,0.0,0.0,0.0
kampala_elegu,340,170.25,open road,0.09,0.09,0.1,0.1,0.1,0.1,0.1,0.1,0.010000000000000009
kampala_elegu,341,170.75,open road,0.0,0.0,0.0,0.0,0.0,0.0,0.0,0.0,0.0
kampala_elegu,342,171.25,open road,0.0,0.0,0.0,0.0,0.0,0.0,0.0,0.0,0.0
kampala_elegu,343,171.75,open road,0.0,0.0,0.0,0.0,0.0,0.0,0.0,0.0,0.0
kampala_elegu,344,172.25,open road,0.01,0.01,0.01,0.01,0.01,0.01,0.01,0.01,0.0
kampala_elegu,345,172.75,open road,0.0,0.0,0.0,0.0,0.0,0.0,0.0,0.0,0.0
kampala_elegu,346,173.25,open road,0.07,0.07,0.08,0.08,0.08,0.08,0.08,0.08,0.009999999999999995
kampala_elegu,347,173.75,open road,0.0,0.0,0.0,0.0,0.0,0.0,0.0,0.0,0.0
kampala_elegu,348,174.25,open road,0.0,0.0,0.0,0.0,0.0,0.0,0.0,0.0,0.0
kampala_elegu,349,174.75,open road,0.0,0.0,0.0,0.0,0.0,0.0,0.0,0.0,0.0
kampala_elegu,350,175.25,open road,0.0,0.0,0.0,0.0,0.0,0.0,0.0,0.0,0.0
kampala_elegu,351,175.75,open road,0.0,0.0,0.0,0.0,0.0,0.0,0.0,0.0,0.0
kampala_elegu,352,176.25,open road,0.0,0.0,0.0,0.0,0.0,0.0,0.0,0.0,0.0
kampala_elegu,353,176.75,open road,0.0,0.0,0.0,0.0,0.0,0.0,0.0,0.0,0.0
kampala_elegu,354,177.25,open road,0.0,0.0,0.0,0.0,0.0,0.0,0.0,0.0,0.0
kampala_elegu,355,177.75,open road,0.0,0.0,0.0,0.01,0.06,0.06,0.17,0.08,0.06
kampala_elegu,356,178.25,roadside settlement,0.0,0.02,0.07,0.22,0.77,0.83,0.83,0.83,0.77
kampala_elegu,357,178.75,roadside settlement,0.63,0.83,1.05,1.27,1.62,1.91,1.94,1.92,0.9900000000000001
kampala_elegu,358,179.25,open road,0.03,0.03,0.03,0.04,0.04,0.04,0.07,0.05,0.010000000000000002
kampala_elegu,359,179.75,open road,0.0,0.0,0.0,0.0,0.0,0.0,0.0,0.0,0.0
kampala_elegu,360,180.25,open road,0.13,0.14,0.15,0.16,0.17,0.17,0.17,0.17,0.04000000000000001
kampala_elegu,361,180.75,open road,0.13,0.15,0.16,0.18,0.18,0.18,0.26,0.2,0.04999999999999999
kampala_elegu,362,181.25,open road,0.0,0.0,0.0,0.0,0.0,0.0,0.0,0.0,0.0
kampala_elegu,363,181.75,open road,0.04,0.05,0.05,0.05,0.05,0.05,0.05,0.05,0.010000000000000002
kampala_elegu,364,182.25,open road,0.0,0.0,0.0,0.0,0.0,0.0,0.0,0.0,0.0
kampala_elegu,365,182.75,open road,0.0,0.0,0.0,0.0,0.0,0.0,0.0,0.0,0.0
kampala_elegu,366,183.25,open road,0.17,0.22,0.26,0.3,0.33,0.45,0.57,0.47,0.16
kampala_elegu,367,183.75,open road,0.0,0.0,0.0,0.08,0.36,0.4,0.45,0.41,0.36
kampala_elegu,368,184.25,open road,0.05,0.09,0.13,0.24,0.62,0.62,0.66,0.63,0.57
kampala_elegu,369,184.75,open road,0.07,0.07,0.08,0.08,0.09,0.09,0.09,0.09,0.01999999999999999
kampala_elegu,370,185.25,roadside settlement,1.8,1.92,2.04,2.22,2.37,2.51,2.58,2.52,0.5700000000000001
kampala_elegu,371,185.75,roadside settlement,0.52,0.54,0.72,0.93,1.4,1.4,1.48,1.42,0.8799999999999999
kampala_elegu,372,186.25,roadside settlement,0.11,0.14,0.25,0.36,0.88,1.27,1.37,1.29,0.77
kampala_elegu,373,186.75,roadside settlement,0.14,0.17,0.21,0.36,1.03,1.46,1.46,1.46,0.89
kampala_elegu,374,187.25,roadside settlement,0.09,0.1,0.15,0.23,0.51,0.78,0.92,0.81,0.42000000000000004
kampala_elegu,375,187.75,open road,0.11,0.12,0.14,0.15,0.17,0.26,0.3,0.27,0.06000000000000001
kampala_elegu,376,188.25,open road,0.07,0.08,0.09,0.14,0.38,0.38,0.38,0.38,0.31
kampala_elegu,377,188.75,open road,0.05,0.05,0.05,0.07,0.14,0.14,0.22,0.16,0.09000000000000001
kampala_elegu,378,189.25,open road,0.27,0.27,0.28,0.31,0.34,0.34,0.42,0.36,0.07
kampala_elegu,379,189.75,open road,0.01,0.01,0.01,0.01,0.01,0.01,0.01,0.01,0.0
kampala_elegu,380,190.25,open road,0.0,0.0,0.0,0.0,0.0,0.0,0.0,0.0,0.0
kampala_elegu,381,190.75,open road,0.04,0.04,0.05,0.05,0.05,0.05,0.05,0.05,0.010000000000000002
kampala_elegu,382,191.25,roadside settlement,0.36,0.43,0.5,0.59,0.6,0.86,0.92,0.87,0.24
kampala_elegu,383,191.75,roadside settlement,0.22,0.25,0.32,0.5,1.12,1.33,1.33,1.33,0.9000000000000001
kampala_elegu,384,192.25,roadside settlement,0.12,0.3,0.51,0.71,1.1,1.22,1.24,1.22,0.9800000000000001
kampala_elegu,385,192.75,roadside settlement,0.16,0.2,0.25,0.37,0.78,1.24,1.28,1.25,0.62
kampala_elegu,386,193.25,open road,0.04,0.05,0.08,0.1,0.26,0.41,0.46,0.42,0.22
kampala_elegu,387,193.75,roadside settlement,0.38,0.42,0.46,0.5,0.51,0.85,0.9,0.86,0.13
kampala_elegu,388,194.25,roadside settlement,0.28,0.44,0.66,1.07,1.24,1.67,1.91,1.72,0.96
kampala_elegu,389,194.75,roadside settlement,0.11,0.19,0.4,0.8,1.23,1.3,1.36,1.31,1.1199999999999999
kampala_elegu,390,195.25,roadside settlement,0.51,1.04,1.81,2.58,3.61,3.83,3.83,3.83,3.0999999999999996
kampala_elegu,391,195.75,roadside settlement,1.9,2.91,4.19,5.59,5.71,5.71,5.71,5.71,3.81
kampala_elegu,392,196.25,town,2.87,3.17,3.63,4.11,4.62,4.89,4.89,4.89,1.75
kampala_elegu,393,196.75,town,4.87,5.01,5.15,5.48,6.58,6.83,6.88,6.84,1.71
kampala_elegu,394,197.25,roadside settlement,4.24,4.43,4.65,4.82,4.85,4.92,4.92,4.92,0.6099999999999994
kampala_elegu,395,197.75,roadside settlement,1.72,1.89,2.08,2.25,2.41,2.45,2.45,2.45,0.6900000000000002
kampala_elegu,396,198.25,roadside settlement,1.32,1.42,1.67,2.14,2.44,2.46,2.46,2.46,1.1199999999999999
kampala_elegu,397,198.75,roadside settlement,0.15,0.15,0.16,0.24,0.33,0.33,0.33,0.33,0.18000000000000002
kampala_elegu,398,199.25,open road,0.12,0.12,0.14,0.16,0.23,0.3,0.3,0.3,0.11000000000000001
kampala_elegu,399,199.75,open road,0.16,0.17,0.17,0.18,0.19,0.19,0.19,0.19,0.03
kampala_elegu,400,200.25,open road,0.0,0.0,0.0,0.02,0.11,0.11,0.15,0.12,0.11
kampala_elegu,401,200.75,open road,0.0,0.03,0.12,0.21,0.43,0.48,0.59,0.5,0.43
kampala_elegu,402,201.25,roadside settlement,0.0,0.0,0.2,0.45,0.95,1.45,1.46,1.45,0.95
kampala_elegu,403,201.75,roadside settlement,0.44,0.75,1.22,1.75,2.27,3.09,3.11,3.09,1.83
kampala_elegu,404,202.25,roadside settlement,0.21,0.33,0.55,1.0,1.45,1.57,1.84,1.62,1.24
kampala_elegu,405,202.75,open road,0.0,0.0,0.0,0.01,0.11,0.11,0.21,0.13,0.11
kampala_elegu,406,203.25,open road,0.0,0.0,0.01,0.01,0.02,0.02,0.02,0.02,0.02
kampala_elegu,407,203.75,roadside settlement,0.5,0.51,0.53,0.55,0.6,0.86,0.89,0.87,0.09999999999999998
kampala_elegu,408,204.25,roadside settlement,0.7,0.8,0.93,1.11,1.48,1.82,1.82,1.82,0.78
kampala_elegu,409,204.75,roadside settlement,0.0,0.06,0.41,0.7,1.25,1.82,1.91,1.84,1.25
kampala_elegu,410,205.25,roadside settlement,0.36,0.41,0.5,0.64,0.71,0.71,0.77,0.72,0.35
kampala_elegu,411,205.75,town,4.72,4.76,4.88,5.17,6.21,6.4,6.4,6.4,1.4900000000000002
kampala_elegu,412,206.25,roadside settlement,2.96,3.15,3.41,3.68,3.94,3.94,3.94,3.94,0.98
kampala_elegu,413,206.75,roadside settlement,1.18,1.36,1.55,1.76,1.93,2.31,2.31,2.31,0.75
kampala_elegu,414,207.25,roadside settlement,0.0,0.06,0.14,0.26,0.6,1.21,1.62,1.29,0.6
kampala_elegu,415,207.75,roadside settlement,0.68,0.95,1.23,1.57,1.95,2.02,2.02,2.02,1.27
kampala_elegu,416,208.25,open road,0.0,0.06,0.13,0.4,0.63,0.77,0.81,0.78,0.63
kampala_elegu,417,208.75,roadside settlement,0.23,0.32,0.43,0.6,0.94,1.01,1.04,1.02,0.71
kampala_elegu,418,209.25,roadside settlement,0.38,0.45,0.58,0.98,1.39,1.64,1.64,1.64,1.0099999999999998
kampala_elegu,419,209.75,roadside settlement,0.0,0.04,0.08,0.15,0.47,0.51,0.59,0.53,0.47
kampala_elegu,420,210.25,roadside settlement,0.0,0.14,0.59,1.47,1.82,2.04,2.05,2.04,1.82
kampala_elegu,421,210.75,roadside settlement,0.02,0.16,0.41,0.68,1.09,1.37,1.46,1.39,1.07
kampala_elegu,422,211.25,open road,0.0,0.0,0.0,0.01,0.01,0.11,0.12,0.11,0.01
kampala_elegu,423,211.75,roadside settlement,0.35,0.41,0.51,0.59,0.68,0.88,0.92,0.89,0.33000000000000007
kampala_elegu,424,212.25,roadside settlement,1.19,1.58,1.97,2.29,2.38,2.41,2.44,2.42,1.19
kampala_elegu,425,212.75,open road,0.0,0.04,0.28,0.4,0.47,0.6,0.76,0.63,0.47
kampala_elegu,426,213.25,open road,0.22,0.23,0.23,0.24,0.26,0.26,0.26,0.26,0.04000000000000001
kampala_elegu,427,213.75,open road,0.0,0.0,0.0,0.0,0.02,0.1,0.13,0.11,0.02
kampala_elegu,428,214.25,roadside settlement,0.0,0.03,0.12,0.43,1.12,1.23,1.23,1.23,1.12
kampala_elegu,429,214.75,roadside settlement,0.1,0.34,0.61,1.05,1.44,2.04,2.05,2.04,1.3399999999999999
kampala_elegu,430,215.25,roadside settlement,0.47,0.58,1.01,1.41,1.98,1.98,1.98,1.98,1.51
kampala_elegu,431,215.75,roadside settlement,0.07,0.26,0.79,1.5,3.38,3.38,3.38,3.38,3.31
kampala_elegu,432,216.25,town,0.24,0.28,0.81,1.32,2.25,2.54,2.6,2.55,2.01
kampala_elegu,433,216.75,roadside settlement,2.8,2.93,3.14,3.34,3.68,4.0,4.02,4.0,0.8800000000000003
kampala_elegu,434,217.25,roadside settlement,0.75,1.12,1.73,2.46,4.2,4.37,4.37,4.37,3.45
kampala_elegu,435,217.75,town,2.66,3.07,3.61,4.9,7.07,7.17,7.17,7.17,4.41
kampala_elegu,436,218.25,town,6.34,6.81,7.28,7.85,8.86,8.86,8.86,8.86,2.5199999999999996
kampala_elegu,437,218.75,roadside settlement,1.77,2.51,3.25,4.44,6.32,6.32,6.32,6.32,4.550000000000001
kampala_elegu,438,219.25,roadside settlement,0.6,1.09,1.83,3.26,4.49,4.49,4.51,4.49,3.89
kampala_elegu,439,219.75,roadside settlement,0.29,0.59,1.47,2.25,3.69,4.01,4.25,4.06,3.4
kampala_elegu,440,220.25,roadside settlement,0.8,1.37,2.02,3.28,4.29,4.29,4.29,4.29,3.49
kampala_elegu,441,220.75,roadside settlement,0.0,0.09,0.26,0.9,2.27,2.4,2.4,2.4,2.27
kampala_elegu,442,221.25,roadside settlement,0.0,0.02,0.1,0.22,0.63,1.3,1.35,1.31,0.63
kampala_elegu,443,221.75,open road,0.0,0.03,0.09,0.22,0.76,0.89,0.93,0.9,0.76
kampala_elegu,444,222.25,roadside settlement,0.01,0.07,0.15,0.24,0.58,1.0,1.06,1.01,0.57
kampala_elegu,445,222.75,roadside settlement,0.17,0.31,0.6,1.0,1.89,2.36,2.36,2.36,1.72
kampala_elegu,446,223.25,roadside settlement,3.07,3.21,3.36,3.6,3.77,3.82,3.82,3.82,0.7000000000000002
kampala_elegu,447,223.75,roadside settlement,0.21,0.43,0.84,1.18,1.7,1.94,1.94,1.94,1.49
kampala_elegu,448,224.25,open road,0.11,0.11,0.11,0.15,0.25,0.59,0.68,0.61,0.14
kampala_elegu,449,224.75,open road,0.05,0.06,0.12,0.26,0.47,0.67,0.75,0.69,0.42
kampala_elegu,450,225.25,roadside settlement,0.1,0.11,0.18,0.24,0.4,0.63,0.8,0.66,0.30000000000000004
kampala_elegu,451,225.75,roadside settlement,0.12,0.2,0.33,0.49,1.48,1.64,1.64,1.64,1.3599999999999999
kampala_elegu,452,226.25,roadside settlement,0.0,0.0,0.01,0.2,0.57,0.75,0.81,0.76,0.57
kampala_elegu,453,226.75,roadside settlement,0.17,0.55,1.27,1.89,2.67,2.91,2.91,2.91,2.5
kampala_elegu,454,227.25,roadside settlement,0.44,0.74,1.14,1.57,1.86,2.15,2.15,2.15,1.4200000000000002
kampala_elegu,455,227.75,open road,0.46,0.48,0.57,0.82,1.01,1.1,1.14,1.11,0.55
kampala_elegu,456,228.25,roadside settlement,0.34,0.56,0.81,1.12,1.49,1.67,1.68,1.67,1.15
kampala_elegu,457,228.75,roadside settlement,0.3,0.33,0.39,0.63,0.91,1.13,1.14,1.13,0.6100000000000001
kampala_elegu,458,229.25,roadside settlement,1.0,1.57,2.33,3.06,3.29,3.3,3.31,3.3,2.29
kampala_elegu,459,229.75,roadside settlement,0.54,0.78,1.48,1.95,2.1,2.66,2.68,2.66,1.56
kampala_elegu,460,230.25,roadside settlement,0.02,0.02,0.03,0.15,0.27,0.59,0.77,0.63,0.25
kampala_elegu,461,230.75,roadside settlement,0.43,0.47,0.51,0.57,0.78,1.03,1.08,1.04,0.35000000000000003
kampala_elegu,462,231.25,roadside settlement,0.36,0.61,0.86,1.07,1.14,1.46,1.47,1.46,0.7799999999999999
kampala_elegu,463,231.75,open road,0.06,0.11,0.17,0.22,0.35,0.45,0.5,0.46,0.29
kampala_elegu,464,232.25,open road,0.0,0.01,0.08,0.2,0.6,0.96,1.0,0.97,0.6
kampala_elegu,465,232.75,open road,0.26,0.37,0.58,0.92,1.07,1.26,1.32,1.27,0.81
kampala_elegu,466,233.25,roadside settlement,0.0,0.07,0.26,0.43,0.9,1.14,1.17,1.15,0.9
kampala_elegu,467,233.75,roadside settlement,0.0,0.02,0.26,0.45,0.83,1.07,1.13,1.08,0.83
kampala_elegu,468,234.25,roadside settlement,0.0,0.0,0.14,0.22,0.43,0.82,0.82,0.82,0.43
kampala_elegu,469,234.75,open road,0.04,0.16,0.28,0.48,0.78,0.78,0.78,0.78,0.74
kampala_elegu,470,235.25,roadside settlement,0.25,0.37,0.48,0.83,1.14,1.24,1.27,1.25,0.8899999999999999
kampala_elegu,471,235.75,roadside settlement,1.86,2.14,2.42,2.75,2.76,3.21,3.25,3.22,0.8999999999999997
kampala_elegu,472,236.25,roadside settlement,0.17,0.22,0.27,0.35,0.48,0.77,0.79,0.77,0.30999999999999994
kampala_elegu,473,236.75,open road,0.02,0.02,0.07,0.1,0.13,0.13,0.19,0.14,0.11
kampala_elegu,474,237.25,open road,0.01,0.07,0.12,0.17,0.24,0.24,0.27,0.25,0.22999999999999998
kampala_elegu,475,237.75,roadside settlement,0.23,0.49,0.83,1.16,1.39,1.7,1.77,1.71,1.16
kampala_elegu,476,238.25,roadside settlement,0.61,0.73,0.85,1.17,1.34,1.4,1.42,1.4,0.7300000000000001
kampala_elegu,477,238.75,roadside settlement,0.0,0.04,0.09,0.39,0.5,0.5,0.57,0.51,0.5
kampala_elegu,478,239.25,roadside settlement,1.2,1.43,1.75,1.97,2.35,2.6,2.69,2.62,1.1500000000000001
kampala_elegu,479,239.75,roadside settlement,0.26,0.27,0.28,0.29,0.3,0.3,0.3,0.3,0.03999999999999998
kampala_elegu,480,240.25,open road,0.13,0.13,0.16,0.17,0.19,0.19,0.34,0.22,0.06
kampala_elegu,481,240.75,roadside settlement,0.02,0.07,0.13,0.42,0.65,0.83,0.9,0.84,0.63
kampala_elegu,482,241.25,open road,0.09,0.11,0.13,0.27,0.34,0.4,0.48,0.42,0.25
kampala_elegu,483,241.75,roadside settlement,0.31,0.38,0.49,0.66,0.8,1.13,1.17,1.14,0.49000000000000005
kampala_elegu,484,242.25,roadside settlement,0.63,0.71,0.79,1.04,1.4,1.56,1.66,1.58,0.7699999999999999
kampala_elegu,485,242.75,open road,0.21,0.22,0.22,0.23,0.24,0.31,0.31,0.31,0.03
kampala_elegu,486,243.25,roadside settlement,0.32,0.52,0.8,1.06,1.16,1.16,1.24,1.18,0.8399999999999999
kampala_elegu,487,243.75,roadside settlement,0.27,0.35,0.5,0.67,0.83,0.99,1.06,1.0,0.5599999999999999
kampala_elegu,488,244.25,roadside settlement,1.17,1.18,1.2,1.23,1.38,1.91,1.97,1.92,0.20999999999999996
kampala_elegu,489,244.75,roadside settlement,1.36,1.43,1.49,1.56,1.64,1.76,1.9,1.79,0.2799999999999998
kampala_elegu,490,245.25,roadside settlement,0.55,0.65,0.84,1.0,1.48,1.97,2.0,1.98,0.9299999999999999
kampala_elegu,491,245.75,roadside settlement,0.31,0.34,0.36,0.39,0.43,0.95,1.1,0.98,0.12
kampala_elegu,492,246.25,open road,0.46,0.63,0.82,1.05,1.27,1.35,1.35,1.35,0.81
kampala_elegu,493,246.75,open road,0.07,0.07,0.07,0.08,0.08,0.23,0.3,0.24,0.009999999999999995
kampala_elegu,494,247.25,roadside settlement,0.04,0.04,0.05,0.5,0.81,2.01,2.01,2.01,0.77
kampala_elegu,495,247.75,roadside settlement,1.2,1.3,1.4,1.55,1.9,2.15,2.21,2.16,0.7
kampala_elegu,496,248.25,roadside settlement,0.24,0.32,0.4,0.48,0.53,0.69,0.69,0.69,0.29000000000000004
kampala_elegu,497,248.75,roadside settlement,0.44,0.46,0.49,0.54,0.7,0.91,0.95,0.92,0.25999999999999995
kampala_elegu,498,249.25,roadside settlement,0.59,0.69,0.8,0.97,1.39,1.5,1.57,1.51,0.7999999999999999
kampala_elegu,499,249.75,roadside settlement,0.52,0.55,0.68,0.81,0.98,1.05,1.09,1.06,0.45999999999999996
kampala_elegu,500,250.25,roadside settlement,0.62,0.82,1.01,1.25,1.44,1.73,1.77,1.74,0.82
kampala_elegu,501,250.75,roadside settlement,0.73,0.84,0.94,1.05,1.26,1.35,1.45,1.37,0.53
kampala_elegu,502,251.25,roadside settlement,0.86,0.95,1.04,1.12,1.21,1.41,1.5,1.43,0.35
kampala_elegu,503,251.75,roadside settlement,0.82,0.99,1.2,1.39,1.64,2.14,2.17,2.15,0.82
kampala_elegu,504,252.25,town,4.33,4.49,4.66,5.03,6.22,6.46,6.48,6.46,1.8899999999999997
kampala_elegu,505,252.75,roadside settlement,1.27,1.29,1.32,1.41,1.75,2.54,2.58,2.55,0.48
kampala_elegu,506,253.25,open road,0.0,0.0,0.0,0.0,0.0,0.0,0.0,0.0,0.0
kampala_elegu,507,253.75,open road,0.0,0.0,0.0,0.0,0.0,0.0,0.0,0.0,0.0
kampala_elegu,508,254.25,open road,0.0,0.0,0.0,0.0,0.0,0.0,0.0,0.0,0.0
kampala_elegu,509,254.75,open road,0.0,0.0,0.0,0.0,0.0,0.0,0.0,0.0,0.0
kampala_elegu,510,255.25,roadside settlement,0.21,0.21,0.22,0.23,0.23,0.23,0.23,0.23,0.020000000000000018
kampala_elegu,511,255.75,open road,0.07,0.08,0.08,0.08,0.08,0.08,0.08,0.08,0.009999999999999995
kampala_elegu,512,256.25,open road,0.0,0.0,0.0,0.0,0.0,0.0,0.0,0.0,0.0
kampala_elegu,513,256.75,open road,0.0,0.0,0.0,0.0,0.0,0.0,0.0,0.0,0.0
kampala_elegu,514,257.25,open road,0.0,0.0,0.0,0.0,0.0,0.0,0.0,0.0,0.0
kampala_elegu,515,257.75,roadside settlement,0.46,0.67,0.97,1.29,1.45,1.57,1.61,1.58,0.99
kampala_elegu,516,258.25,roadside settlement,0.56,1.04,1.53,1.92,1.96,2.15,2.31,2.18,1.4
kampala_elegu,517,258.75,roadside settlement,0.79,0.97,1.15,1.63,2.11,2.49,2.54,2.5,1.3199999999999998
kampala_elegu,518,259.25,roadside settlement,0.72,0.84,1.02,1.17,1.5,1.66,1.69,1.67,0.78
kampala_elegu,519,259.75,roadside settlement,0.33,0.49,0.75,1.09,1.28,1.46,1.53,1.47,0.95
kampala_elegu,520,260.25,roadside settlement,1.11,1.5,1.88,2.24,2.36,2.36,2.36,2.36,1.2499999999999998
kampala_elegu,521,260.75,roadside settlement,1.1,1.27,1.49,1.82,2.01,2.01,2.01,2.01,0.9099999999999997
kampala_elegu,522,261.25,roadside settlement,1.38,1.54,1.7,1.91,2.05,2.11,2.11,2.11,0.6699999999999999
kampala_elegu,523,261.75,roadside settlement,1.51,1.67,1.86,2.05,2.14,2.17,2.17,2.17,0.6300000000000001
kampala_elegu,524,262.25,roadside settlement,0.44,0.54,0.67,0.77,0.85,1.04,1.18,1.07,0.41
kampala_elegu,525,262.75,roadside settlement,0.19,0.25,0.38,0.55,0.74,0.84,1.0,0.87,0.55
kampala_elegu,526,263.25,roadside settlement,1.46,1.59,1.93,2.27,2.37,2.37,2.37,2.37,0.9100000000000001
kampala_elegu,527,263.75,roadside settlement,0.86,1.12,1.38,1.8,1.97,2.23,2.23,2.23,1.1099999999999999
kampala_elegu,528,264.25,roadside settlement,2.13,2.24,2.36,2.46,2.55,2.82,2.82,2.82,0.41999999999999993
kampala_elegu,529,264.75,roadside settlement,1.03,1.13,1.23,1.31,1.34,1.65,1.65,1.65,0.31000000000000005
kampala_elegu,530,265.25,roadside settlement,1.45,1.5,1.54,1.66,1.88,2.25,2.3,2.26,0.42999999999999994
kampala_elegu,531,265.75,roadside settlement,4.34,4.54,4.75,4.96,5.09,5.09,5.09,5.09,0.75
kampala_elegu,532,266.25,roadside settlement,1.82,2.07,2.42,2.85,3.11,3.11,3.11,3.11,1.2899999999999998
kampala_elegu,533,266.75,roadside settlement,2.01,2.14,2.31,2.51,2.99,2.99,2.99,2.99,0.9800000000000004
kampala_elegu,534,267.25,roadside settlement,1.2,1.59,2.04,2.47,2.97,2.97,2.97,2.97,1.7700000000000002
kampala_elegu,535,267.75,roadside settlement,0.51,0.77,1.22,1.86,1.97,2.04,2.04,2.04,1.46
kampala_elegu,536,268.25,roadside settlement,0.22,0.25,0.33,0.48,0.84,1.08,1.09,1.08,0.62
kampala_elegu,537,268.75,roadside settlement,0.7,0.88,1.05,1.46,1.58,1.76,1.86,1.78,0.8800000000000001
kampala_elegu,538,269.25,roadside settlement,1.11,1.16,1.27,1.41,1.62,1.63,1.69,1.64,0.51
kampala_elegu,539,269.75,roadside settlement,0.87,1.03,1.29,1.54,1.79,1.99,1.99,1.99,0.92
kampala_elegu,540,270.25,roadside settlement,0.12,0.17,0.46,0.79,1.47,1.63,1.81,1.67,1.35
kampala_elegu,541,270.75,roadside settlement,0.23,0.38,0.63,0.9,1.5,2.05,2.05,2.05,1.27
kampala_elegu,542,271.25,roadside settlement,0.77,0.96,1.32,1.73,1.96,2.07,2.07,2.07,1.19
kampala_elegu,543,271.75,roadside settlement,0.08,0.11,0.28,0.41,0.73,0.79,0.88,0.81,0.65
kampala_elegu,544,272.25,roadside settlement,0.67,0.86,1.11,1.3,1.45,1.61,1.61,1.61,0.7799999999999999
kampala_elegu,545,272.75,roadside settlement,0.15,0.22,0.37,0.52,0.86,1.09,1.2,1.11,0.71
kampala_elegu,546,273.25,roadside settlement,0.06,0.16,0.3,0.45,0.68,0.81,0.96,0.84,0.6200000000000001
kampala_elegu,547,273.75,roadside settlement,0.16,0.25,0.4,0.6,0.96,1.07,1.07,1.07,0.7999999999999999
kampala_elegu,548,274.25,roadside settlement,0.24,0.4,0.75,1.08,1.91,2.23,2.26,2.24,1.67
kampala_elegu,549,274.75,roadside settlement,0.22,0.66,1.26,1.92,2.87,3.01,3.01,3.01,2.65
kampala_elegu,550,275.25,roadside settlement,0.96,1.22,1.68,2.0,2.29,2.4,2.42,2.4,1.33
kampala_elegu,551,275.75,roadside settlement,0.82,1.0,1.21,1.49,2.22,2.26,2.26,2.26,1.4000000000000004
kampala_elegu,552,276.25,roadside settlement,1.29,1.42,1.68,1.93,2.25,2.35,2.35,2.35,0.96
kampala_elegu,553,276.75,roadside settlement,0.67,0.75,0.93,1.08,1.29,1.78,1.85,1.79,0.62
kampala_elegu,554,277.25,roadside settlement,0.4,0.58,0.85,1.1,1.42,1.54,1.55,1.54,1.02
kampala_elegu,555,277.75,roadside settlement,0.0,0.01,0.13,0.6,1.38,1.59,1.59,1.59,1.38
kampala_elegu,556,278.25,roadside settlement,0.03,0.09,0.21,0.6,1.19,1.44,1.46,1.44,1.16
kampala_elegu,557,278.75,roadside settlement,0.46,0.59,0.83,1.05,1.46,1.46,1.46,1.46,1.0
kampala_elegu,558,279.25,roadside settlement,0.26,0.4,0.67,0.92,1.24,1.38,1.4,1.38,0.98
kampala_elegu,559,279.75,roadside settlement,0.03,0.08,0.18,0.32,0.86,1.44,1.52,1.46,0.83
kampala_elegu,560,280.25,open road,0.23,0.26,0.36,0.48,0.81,1.05,1.22,1.08,0.5800000000000001
kampala_elegu,561,280.75,roadside settlement,0.08,0.15,0.27,0.5,0.82,1.1,1.15,1.11,0.74
kampala_elegu,562,281.25,roadside settlement,0.65,0.83,1.0,1.19,1.43,1.44,1.44,1.44,0.7799999999999999
kampala_elegu,563,281.75,roadside settlement,0.59,0.81,1.11,1.37,1.49,1.57,1.61,1.58,0.9
kampala_elegu,564,282.25,roadside settlement,0.14,0.28,0.73,1.09,1.33,1.61,1.61,1.61,1.19
kampala_elegu,565,282.75,open road,0.09,0.1,0.11,0.12,0.12,0.15,0.15,0.15,0.03
kampala_elegu,566,283.25,roadside settlement,0.71,0.8,0.9,1.0,1.2,1.39,1.51,1.41,0.49
kampala_elegu,567,283.75,roadside settlement,0.39,0.45,0.55,0.66,1.19,1.32,1.36,1.33,0.7999999999999999
kampala_elegu,568,284.25,roadside settlement,1.09,1.29,1.62,1.84,1.88,2.03,2.03,2.03,0.7899999999999998
kampala_elegu,569,284.75,roadside settlement,0.41,0.56,0.73,0.98,1.11,1.44,1.55,1.46,0.7000000000000002
kampala_elegu,570,285.25,open road,0.0,0.01,0.1,0.25,0.32,0.51,0.63,0.53,0.32
kampala_elegu,571,285.75,roadside settlement,0.18,0.22,0.27,0.46,0.63,0.88,0.88,0.88,0.45
kampala_elegu,572,286.25,roadside settlement,0.97,1.15,1.35,1.58,1.62,1.65,1.65,1.65,0.6500000000000001
kampala_elegu,573,286.75,roadside settlement,1.53,1.73,1.97,2.16,2.28,2.28,2.28,2.28,0.7499999999999998
kampala_elegu,574,287.25,roadside settlement,0.22,0.25,0.28,0.41,0.5,0.94,1.15,0.98,0.28
kampala_elegu,575,287.75,roadside settlement,0.13,0.2,0.3,0.45,0.66,0.7,0.76,0.71,0.53
kampala_elegu,576,288.25,roadside settlement,0.63,0.76,0.94,1.17,1.76,2.14,2.14,2.14,1.13
kampala_elegu,577,288.75,roadside settlement,0.53,0.68,0.83,0.97,1.05,1.05,1.12,1.06,0.52
kampala_elegu,578,289.25,open road,0.35,0.45,0.55,0.78,1.02,1.09,1.28,1.13,0.67
kampala_elegu,579,289.75,roadside settlement,2.27,2.41,2.56,2.74,2.86,2.89,2.89,2.89,0.5899999999999999
kampala_elegu,580,290.25,roadside settlement,1.43,1.52,1.6,1.67,1.72,1.72,1.72,1.72,0.29000000000000004
kampala_elegu,581,290.75,roadside settlement,0.63,0.71,0.8,0.91,1.03,1.03,1.03,1.03,0.4
kampala_elegu,582,291.25,roadside settlement,2.97,3.3,3.78,4.12,4.22,4.22,4.22,4.22,1.2499999999999996
kampala_elegu,583,291.75,roadside settlement,2.63,2.78,2.93,3.05,3.12,3.12,3.12,3.12,0.4900000000000002
kampala_elegu,584,292.25,roadside settlement,0.99,1.1,1.2,1.35,1.59,1.91,1.97,1.92,0.6000000000000001
kampala_elegu,585,292.75,roadside settlement,0.07,0.18,0.44,1.0,1.41,1.48,1.49,1.48,1.3399999999999999
kampala_elegu,586,293.25,open road,0.01,0.01,0.01,0.01,0.02,0.1,0.17,0.11,0.01
kampala_elegu,587,293.75,roadside settlement,0.24,0.25,0.33,0.44,0.92,1.45,1.67,1.49,0.68
kampala_elegu,588,294.25,roadside settlement,0.07,0.08,0.16,0.47,1.05,1.21,1.3,1.23,0.98
kampala_elegu,589,294.75,roadside settlement,0.65,0.99,1.49,1.88,1.98,2.09,2.09,2.09,1.33
kampala_elegu,590,295.25,roadside settlement,0.02,0.32,0.71,1.1,1.25,1.44,1.49,1.45,1.23
kampala_elegu,591,295.75,roadside settlement,0.72,0.85,1.14,1.45,1.88,1.88,1.88,1.88,1.16
kampala_elegu,592,296.25,roadside settlement,0.03,0.07,0.15,0.26,0.51,0.84,0.84,0.84,0.48
kampala_elegu,593,296.75,roadside settlement,0.33,0.46,0.64,0.85,1.18,1.31,1.34,1.32,0.8499999999999999
kampala_elegu,594,297.25,roadside settlement,0.0,0.17,0.4,0.98,1.54,1.91,1.93,1.91,1.54
kampala_elegu,595,297.75,roadside settlement,0.0,0.03,0.12,0.23,0.52,0.94,1.07,0.97,0.52
kampala_elegu,596,298.25,roadside settlement,0.71,0.95,1.21,1.49,1.71,1.88,1.94,1.89,1.0
kampala_elegu,597,298.75,roadside settlement,0.39,0.49,0.93,1.35,1.63,2.29,2.53,2.34,1.2399999999999998
kampala_elegu,598,299.25,roadside settlement,0.54,0.79,1.11,1.45,2.05,2.2,2.2,2.2,1.5099999999999998
kampala_elegu,599,299.75,roadside settlement,0.22,0.44,0.69,1.22,1.81,1.85,1.87,1.85,1.59
kampala_elegu,600,300.25,roadside settlement,0.3,0.5,0.8,1.35,2.06,2.06,2.06,2.06,1.76
kampala_elegu,601,300.75,roadside settlement,0.07,0.21,0.51,0.77,1.07,1.07,1.4,1.14,1.0
kampala_elegu,602,301.25,roadside settlement,0.06,0.08,0.22,0.49,0.88,1.0,1.12,1.02,0.8200000000000001
kampala_elegu,603,301.75,roadside settlement,0.0,0.25,0.56,1.26,2.03,2.09,2.09,2.09,2.03
kampala_elegu,604,302.25,roadside settlement,0.65,1.13,1.83,2.38,2.74,2.9,2.9,2.9,2.0900000000000003
kampala_elegu,605,302.75,roadside settlement,0.18,0.3,0.47,0.61,0.88,0.88,0.9,0.88,0.7
kampala_elegu,606,303.25,roadside settlement,0.04,0.14,0.25,0.47,0.8,1.09,1.13,1.1,0.76
kampala_elegu,607,303.75,roadside settlement,0.35,0.6,0.86,1.27,2.0,2.08,2.1,2.08,1.65
kampala_elegu,608,304.25,roadside settlement,0.2,0.22,0.33,0.6,0.82,1.07,1.31,1.12,0.6199999999999999
kampala_elegu,609,304.75,roadside settlement,1.07,1.44,1.99,2.44,2.67,2.75,2.85,2.77,1.5999999999999999
kampala_elegu,610,305.25,roadside settlement,0.14,0.2,0.76,1.21,2.23,2.38,2.38,2.38,2.09
kampala_elegu,611,305.75,roadside settlement,0.0,0.04,0.17,0.47,0.74,0.9,0.98,0.92,0.74
kampala_elegu,612,306.25,roadside settlement,0.07,0.09,0.14,0.18,0.49,0.67,0.76,0.69,0.42
kampala_elegu,613,306.75,roadside settlement,0.05,0.18,0.31,0.46,0.91,1.23,1.31,1.25,0.86
kampala_elegu,614,307.25,open road,0.0,0.0,0.0,0.07,0.16,0.16,0.28,0.18,0.16
kampala_elegu,615,307.75,roadside settlement,0.29,0.43,0.58,1.07,1.32,1.84,1.91,1.85,1.03
kampala_elegu,616,308.25,roadside settlement,0.88,1.14,1.43,1.7,1.92,2.03,2.03,2.03,1.04
kampala_elegu,617,308.75,roadside settlement,0.26,0.4,0.6,0.82,1.03,1.25,1.34,1.27,0.77
kampala_elegu,618,309.25,roadside settlement,1.73,1.97,2.21,2.48,2.68,2.68,2.68,2.68,0.9500000000000002
kampala_elegu,619,309.75,roadside settlement,2.31,2.46,2.71,2.9,3.09,3.09,3.09,3.09,0.7799999999999998
kampala_elegu,620,310.25,open road,0.0,0.01,0.03,0.05,0.28,0.28,0.29,0.28,0.28
kampala_elegu,621,310.75,roadside settlement,0.17,0.27,0.5,0.76,1.23,1.47,1.48,1.47,1.06
kampala_elegu,622,311.25,roadside settlement,0.18,0.29,0.44,0.6,0.98,1.53,1.65,1.55,0.8
kampala_elegu,623,311.75,open road,0.0,0.02,0.07,0.34,0.79,1.46,1.48,1.46,0.79
kampala_elegu,624,312.25,open road,0.02,0.06,0.25,0.38,0.53,1.22,1.23,1.22,0.51
kampala_elegu,625,312.75,roadside settlement,0.0,0.1,0.32,0.62,1.25,1.4,1.46,1.41,1.25
kampala_elegu,626,313.25,roadside settlement,0.0,0.12,0.27,0.59,1.42,2.13,2.52,2.21,1.42
kampala_elegu,627,313.75,roadside settlement,0.2,0.26,0.46,0.65,1.11,1.41,1.42,1.41,0.9100000000000001
kampala_elegu,628,314.25,roadside settlement,0.0,0.02,0.04,0.13,0.52,0.73,0.82,0.75,0.52
kampala_elegu,629,314.75,roadside settlement,0.08,0.16,0.33,0.53,0.94,1.41,1.66,1.46,0.86
kampala_elegu,630,315.25,roadside settlement,0.04,0.08,0.18,0.35,0.78,1.12,1.23,1.14,0.74
kampala_elegu,631,315.75,open road,0.07,0.07,0.07,0.11,0.2,0.34,0.39,0.35,0.13
kampala_elegu,632,316.25,open road,0.0,0.0,0.0,0.0,0.03,0.11,0.15,0.12,0.03
kampala_elegu,633,316.75,open road,0.12,0.13,0.13,0.13,0.14,0.14,0.31,0.17,0.020000000000000018
kampala_elegu,634,317.25,open road,0.01,0.05,0.2,0.34,0.83,1.2,1.4,1.24,0.82
kampala_elegu,635,317.75,roadside settlement,0.04,0.15,0.32,0.48,1.0,1.41,1.53,1.43,0.96
kampala_elegu,636,318.25,roadside settlement,0.2,0.38,0.59,0.8,1.23,1.59,1.65,1.6,1.03
kampala_elegu,637,318.75,roadside settlement,0.75,1.11,1.73,2.74,3.13,3.13,3.13,3.13,2.38
kampala_elegu,638,319.25,roadside settlement,0.59,0.67,0.74,0.8,0.88,0.9,1.02,0.92,0.29000000000000004
kampala_elegu,639,319.75,roadside settlement,0.9,1.09,1.37,1.63,1.97,2.11,2.29,2.15,1.0699999999999998
kampala_elegu,640,320.25,roadside settlement,0.39,0.54,0.72,1.13,1.76,2.01,2.01,2.01,1.37
kampala_elegu,641,320.75,roadside settlement,0.07,0.09,0.26,0.52,0.84,0.84,0.88,0.85,0.77
kampala_elegu,642,321.25,roadside settlement,0.25,0.36,0.47,0.65,0.96,1.28,1.28,1.28,0.71
kampala_elegu,643,321.75,roadside settlement,0.71,1.08,1.9,2.67,3.03,3.09,3.09,3.09,2.32
kampala_elegu,644,322.25,roadside settlement,0.41,0.49,0.8,1.01,1.19,1.26,1.31,1.27,0.78
kampala_elegu,645,322.75,roadside settlement,1.64,1.82,2.0,2.19,2.38,2.46,2.46,2.46,0.74
kampala_elegu,646,323.25,roadside settlement,1.93,2.09,2.43,2.74,2.84,2.84,2.84,2.84,0.9099999999999999
kampala_elegu,647,323.75,roadside settlement,1.75,2.12,2.66,3.05,3.29,3.76,3.83,3.77,1.54
kampala_elegu,648,324.25,roadside settlement,3.9,4.19,4.48,4.74,4.83,4.83,4.83,4.83,0.9300000000000002
kampala_elegu,649,324.75,roadside settlement,4.83,5.03,5.23,5.39,5.41,5.8,5.8,5.8,0.5800000000000001
kampala_elegu,650,325.25,roadside settlement,2.03,2.21,2.4,2.69,2.74,3.18,3.18,3.18,0.7100000000000004
kampala_elegu,651,325.75,roadside settlement,1.35,1.78,2.2,2.64,2.74,2.74,2.74,2.74,1.3900000000000001
kampala_elegu,652,326.25,roadside settlement,3.06,3.47,3.89,4.26,4.31,4.33,4.33,4.33,1.2499999999999996
kampala_elegu,653,326.75,roadside settlement,1.55,1.81,2.12,2.43,2.94,2.94,2.94,2.94,1.39
kampala_elegu,654,327.25,roadside settlement,5.53,5.93,6.34,6.67,6.72,6.72,6.72,6.72,1.1899999999999995
kampala_elegu,655,327.75,roadside settlement,3.34,3.44,3.55,3.64,3.64,3.89,3.89,3.89,0.30000000000000027
kampala_elegu,656,328.25,roadside settlement,2.59,2.72,2.9,3.17,3.29,3.29,3.29,3.29,0.7000000000000002
kampala_elegu,657,328.75,roadside settlement,4.07,4.2,4.33,4.43,4.44,4.59,4.59,4.59,0.3700000000000001
kampala_elegu,658,329.25,roadside settlement,3.96,3.99,4.07,4.19,4.2,4.2,4.23,4.21,0.2400000000000002
kampala_elegu,659,329.75,roadside settlement,4.81,4.84,4.87,4.89,4.9,4.9,4.9,4.9,0.09000000000000075
kampala_elegu,660,330.25,roadside settlement,5.63,5.79,5.94,6.06,6.06,6.06,6.06,6.06,0.4299999999999997
kampala_elegu,661,330.75,roadside settlement,5.98,5.99,6.0,6.02,6.1,6.1,6.1,6.1,0.11999999999999922
kampala_elegu,662,331.25,roadside settlement,7.75,7.99,8.22,8.44,8.6,8.6,8.6,8.6,0.8499999999999996
kampala_elegu,663,331.75,roadside settlement,2.6,3.29,3.98,4.63,4.74,4.74,4.74,4.74,2.14
kampala_elegu,664,332.25,roadside settlement,2.73,3.32,3.9,4.38,4.41,4.41,4.41,4.41,1.6800000000000002
kampala_elegu,665,332.75,roadside settlement,2.9,3.11,3.33,3.5,3.52,3.52,3.52,3.52,0.6200000000000001
kampala_elegu,666,333.25,roadside settlement,1.06,1.19,1.32,1.44,1.5,1.5,1.53,1.51,0.43999999999999995
kampala_elegu,667,333.75,roadside settlement,1.0,1.3,1.59,1.97,2.29,2.37,2.37,2.37,1.29
kampala_elegu,668,334.25,roadside settlement,3.01,3.26,3.57,3.85,4.08,4.63,4.85,4.67,1.0700000000000003
kampala_elegu,669,334.75,roadside settlement,2.17,2.26,2.35,2.48,2.53,2.79,2.84,2.8,0.3599999999999999
kampala_elegu,670,335.25,roadside settlement,0.64,0.72,0.81,0.94,1.5,1.76,1.92,1.79,0.86
kampala_elegu,671,335.75,roadside settlement,0.63,0.81,1.0,1.25,1.68,2.04,2.07,2.05,1.0499999999999998
kampala_elegu,672,336.25,roadside settlement,1.07,1.28,1.68,2.14,2.31,2.59,2.59,2.59,1.24
kampala_elegu,673,336.75,roadside settlement,0.92,0.98,1.04,1.11,1.19,1.29,1.36,1.3,0.2699999999999999
kampala_elegu,674,337.25,roadside settlement,0.61,0.65,0.69,0.74,0.95,1.06,1.09,1.07,0.33999999999999997
kampala_elegu,675,337.75,roadside settlement,0.75,1.03,1.39,1.83,2.03,2.56,2.72,2.59,1.2799999999999998
kampala_elegu,676,338.25,roadside settlement,0.72,0.98,1.25,1.79,2.2,2.2,2.48,2.26,1.4800000000000002
kampala_elegu,677,338.75,roadside settlement,1.37,1.59,1.89,2.25,2.87,3.02,3.02,3.02,1.5
kampala_elegu,678,339.25,roadside settlement,0.64,0.99,1.34,1.9,2.16,2.25,2.27,2.25,1.52
kampala_elegu,679,339.75,town,0.26,0.52,0.82,1.42,2.43,2.53,2.71,2.57,2.17
kampala_elegu,680,340.25,town,0.78,0.94,1.11,1.42,1.96,2.22,2.31,2.24,1.18
kampala_elegu,681,340.75,open road,0.78,1.01,1.29,1.55,1.74,2.24,2.48,2.29,0.96
kampala_elegu,682,341.25,open road,0.15,0.27,0.39,0.49,0.65,1.07,1.19,1.09,0.5
kampala_elegu,683,341.75,open road,0.0,0.02,0.19,0.29,0.32,0.33,0.39,0.34,0.32
kampala_elegu,684,342.25,roadside settlement,0.3,0.3,0.33,0.5,0.63,0.74,0.85,0.76,0.33
kampala_elegu,685,342.75,roadside settlement,0.79,0.83,0.87,0.94,1.01,1.01,1.06,1.02,0.21999999999999997
kampala_elegu,686,343.25,roadside settlement,0.2,0.27,0.42,0.54,0.79,0.8,0.95,0.83,0.5900000000000001
kampala_elegu,687,343.75,roadside settlement,1.38,1.58,1.78,1.96,2.05,2.13,2.13,2.13,0.6699999999999999
kampala_elegu,688,344.25,town,1.25,1.33,1.42,1.6,1.68,1.76,2.07,1.82,0.42999999999999994
kampala_elegu,689,344.75,open road,0.06,0.08,0.13,0.17,0.26,0.53,0.57,0.54,0.2
kampala_elegu,690,345.25,roadside settlement,0.23,0.42,0.78,1.4,1.87,2.44,2.59,2.47,1.6400000000000001
kampala_elegu,691,345.75,roadside settlement,0.05,0.22,0.39,0.62,0.74,1.03,1.1,1.04,0.69
kampala_elegu,692,346.25,roadside settlement,0.05,0.23,0.49,0.95,1.74,2.59,2.63,2.6,1.69
kampala_elegu,693,346.75,roadside settlement,0.12,0.32,0.67,1.02,1.65,2.66,2.72,2.67,1.5299999999999998
kampala_elegu,694,347.25,roadside settlement,0.0,0.02,0.12,0.19,0.51,0.89,0.97,0.91,0.51
kampala_elegu,695,347.75,roadside settlement,0.0,0.12,0.35,0.55,0.88,1.53,1.55,1.53,0.88
kampala_elegu,696,348.25,roadside settlement,0.61,0.75,0.89,1.06,1.43,1.54,1.6,1.55,0.82
kampala_elegu,697,348.75,roadside settlement,0.09,0.11,0.36,0.49,0.62,0.66,0.7,0.67,0.53
kampala_elegu,698,349.25,roadside settlement,0.31,0.42,0.62,0.88,1.32,2.15,2.19,2.16,1.01
kampala_elegu,699,349.75,roadside settlement,0.0,0.01,0.1,0.23,0.7,0.91,1.03,0.93,0.7
kampala_elegu,700,350.25,roadside settlement,0.32,0.41,0.52,0.75,0.81,1.1,1.18,1.12,0.49000000000000005
kampala_elegu,701,350.75,roadside settlement,0.44,0.7,1.15,1.55,1.65,2.36,2.64,2.42,1.21
kampala_elegu,702,351.25,roadside settlement,0.44,0.71,1.1,1.53,2.06,2.25,2.29,2.26,1.62
kampala_elegu,703,351.75,town,1.58,1.68,1.79,1.88,1.92,1.92,1.95,1.93,0.33999999999999986
kampala_elegu,704,352.25,town,0.73,1.15,1.56,1.91,1.93,2.22,2.28,2.23,1.2
kampala_elegu,705,352.75,roadside settlement,0.01,0.08,0.16,0.22,0.29,0.31,0.4,0.33,0.27999999999999997
kampala_elegu,706,353.25,open road,0.11,0.11,0.11,0.11,0.12,0.27,0.27,0.27,0.009999999999999995
kampala_elegu,707,353.75,roadside settlement,0.1,0.15,0.25,0.56,0.79,0.93,1.12,0.97,0.6900000000000001
kampala_elegu,708,354.25,open road,0.15,0.21,0.41,0.64,0.71,1.0,1.81,1.16,0.5599999999999999
kampala_elegu,709,354.75,open road,0.0,0.05,0.12,0.23,0.51,0.67,1.26,0.79,0.51
kampala_elegu,710,355.25,open road,0.0,0.02,0.24,0.6,0.71,0.86,0.93,0.87,0.71
kampala_elegu,711,355.75,open road,0.0,0.13,0.6,0.95,1.38,1.45,1.52,1.46,1.38
kampala_elegu,712,356.25,roadside settlement,0.0,0.16,0.41,0.94,1.89,2.18,2.18,2.18,1.89
kampala_elegu,713,356.75,roadside settlement,0.0,0.1,0.32,0.64,1.63,1.77,1.77,1.77,1.63
kampala_elegu,714,357.25,town,0.51,0.67,1.26,1.87,2.36,2.98,3.05,2.99,1.8499999999999999
kampala_elegu,715,357.75,roadside settlement,0.09,0.21,0.44,0.77,1.07,1.57,1.67,1.59,0.9800000000000001
kampala_elegu,716,358.25,roadside settlement,0.0,0.06,0.48,0.73,1.28,1.52,1.58,1.53,1.28
kampala_elegu,717,358.75,open road,0.01,0.01,0.09,0.16,0.25,0.41,0.48,0.42,0.24
kampala_elegu,718,359.25,roadside settlement,0.01,0.02,0.03,0.32,0.72,0.91,0.94,0.92,0.71
kampala_elegu,719,359.75,roadside settlement,1.02,1.09,1.29,1.43,1.48,1.9,1.95,1.91,0.45999999999999996
kampala_elegu,720,360.25,roadside settlement,0.5,0.82,1.24,1.6,2.01,2.66,2.87,2.7,1.5099999999999998
kampala_elegu,721,360.75,roadside settlement,0.27,0.52,0.81,1.71,1.89,2.83,3.01,2.87,1.6199999999999999
kampala_elegu,722,361.25,roadside settlement,0.56,0.78,1.21,1.74,2.08,2.08,2.14,2.09,1.52
kampala_elegu,723,361.75,roadside settlement,0.16,0.67,1.46,2.35,3.37,3.37,3.37,3.37,3.21
kampala_elegu,724,362.25,roadside settlement,0.74,0.91,1.41,1.95,2.36,2.74,2.78,2.75,1.6199999999999999
kampala_elegu,725,362.75,town,2.64,3.75,5.28,6.69,6.87,6.87,6.87,6.87,4.23
kampala_elegu,726,363.25,town,3.62,4.0,4.38,4.72,4.72,4.87,4.87,4.87,1.0999999999999996
kampala_elegu,727,363.75,roadside settlement,1.46,1.48,1.52,1.55,1.59,1.59,1.62,1.6,0.13000000000000012
kampala_elegu,728,364.25,roadside settlement,2.5,2.61,2.71,2.81,2.85,2.85,2.85,2.85,0.3500000000000001
kampala_elegu,729,364.75,roadside settlement,1.31,1.5,1.7,2.12,2.22,2.22,2.22,2.22,0.9100000000000001
kampala_elegu,730,365.25,roadside settlement,0.64,0.87,1.11,1.44,1.91,2.08,2.19,2.1,1.27
kampala_elegu,731,365.75,roadside settlement,0.39,0.39,0.4,0.42,0.46,0.46,0.51,0.47,0.07
kampala_elegu,732,366.25,roadside settlement,0.16,0.45,0.83,1.24,1.84,2.32,2.56,2.37,1.6800000000000002
kampala_elegu,733,366.75,roadside settlement,0.0,0.12,0.37,0.56,1.0,1.85,1.89,1.86,1.0
kampala_elegu,734,367.25,roadside settlement,0.05,0.21,0.64,0.98,1.47,1.68,1.68,1.68,1.42
kampala_elegu,735,367.75,open road,0.0,0.05,0.14,0.42,0.82,0.89,1.03,0.92,0.82
kampala_elegu,736,368.25,open road,0.2,0.25,0.31,0.43,0.83,1.01,1.12,1.03,0.6299999999999999
kampala_elegu,737,368.75,open road,0.0,0.0,0.14,0.39,1.06,1.3,1.3,1.3,1.06
kampala_elegu,738,369.25,open road,0.36,0.39,0.42,0.44,0.46,0.46,0.46,0.46,0.10000000000000003
kampala_elegu,739,369.75,roadside settlement,0.66,0.71,0.76,0.8,0.81,0.81,0.81,0.81,0.15000000000000002
kampala_elegu,740,370.25,open road,0.06,0.1,0.15,0.19,0.22,0.28,0.38,0.3,0.16
kampala_elegu,741,370.75,roadside settlement,0.34,0.6,1.06,1.47,1.85,2.0,2.27,2.05,1.51
kampala_elegu,742,371.25,roadside settlement,0.22,0.24,0.27,0.3,0.31,0.49,0.54,0.5,0.09
kampala_elegu,743,371.75,open road,0.0,0.09,0.21,0.33,0.68,0.69,0.88,0.73,0.68
kampala_elegu,744,372.25,open road,0.0,0.06,0.16,0.24,0.48,0.67,0.67,0.67,0.48
kampala_elegu,745,372.75,open road,0.0,0.07,0.15,0.37,0.63,1.04,1.09,1.05,0.63
kampala_elegu,746,373.25,open road,0.01,0.01,0.01,0.01,0.01,0.01,0.01,0.01,0.0
kampala_elegu,747,373.75,roadside settlement,0.67,0.76,1.11,1.29,1.33,1.62,1.67,1.63,0.66
kampala_elegu,748,374.25,roadside settlement,0.6,0.84,1.33,2.09,2.68,3.32,3.32,3.32,2.08
kampala_elegu,749,374.75,roadside settlement,0.0,0.02,0.1,0.27,0.59,0.69,0.83,0.72,0.59
kampala_elegu,750,375.25,open road,0.01,0.01,0.03,0.06,0.19,0.35,0.35,0.35,0.18
kampala_elegu,751,375.75,open road,0.07,0.15,0.24,0.33,0.55,0.81,0.81,0.81,0.48000000000000004
kampala_elegu,752,376.25,open road,0.17,0.18,0.19,0.31,0.44,0.44,0.49,0.45,0.27
kampala_elegu,753,376.75,roadside settlement,0.23,0.25,0.26,0.28,0.29,0.29,0.34,0.3,0.05999999999999997
kampala_elegu,754,377.25,roadside settlement,0.0,0.04,0.19,0.77,1.16,1.29,1.41,1.31,1.16
kampala_elegu,755,377.75,open road,0.0,0.0,0.0,0.0,0.01,0.01,0.09,0.03,0.01
kampala_elegu,756,378.25,open road,0.25,0.27,0.29,0.3,0.31,0.31,0.31,0.31,0.06
kampala_elegu,757,378.75,open road,0.07,0.08,0.09,0.1,0.1,0.1,0.1,0.1,0.03
kampala_elegu,758,379.25,open road,0.08,0.09,0.09,0.09,0.09,0.09,0.09,0.09,0.009999999999999995
kampala_elegu,759,379.75,open road,0.32,0.34,0.35,0.37,0.38,0.38,0.38,0.38,0.06
kampala_elegu,760,380.25,open road,0.07,0.1,0.18,0.33,0.53,0.63,0.73,0.65,0.46
kampala_elegu,761,380.75,open road,0.0,0.04,0.09,0.23,0.58,0.76,0.9,0.79,0.58
kampala_elegu,762,381.25,open road,0.11,0.12,0.17,0.34,0.78,0.92,1.01,0.94,0.67
kampala_elegu,763,381.75,open road,0.0,0.0,0.0,0.0,0.0,0.14,0.14,0.14,0.0
kampala_elegu,764,382.25,open road,0.02,0.03,0.08,0.17,0.25,0.25,0.43,0.29,0.23
kampala_elegu,765,382.75,roadside settlement,0.76,0.77,0.79,0.82,0.86,0.87,0.96,0.89,0.09999999999999998
kampala_elegu,766,383.25,open road,0.16,0.17,0.17,0.18,0.18,0.18,0.18,0.18,0.01999999999999999
kampala_elegu,767,383.75,open road,0.08,0.15,0.21,0.34,0.59,0.67,0.81,0.7,0.51
kampala_elegu,768,384.25,open road,0.0,0.03,0.08,0.22,0.47,0.68,0.84,0.71,0.47
kampala_elegu,769,384.75,roadside settlement,0.11,0.23,0.5,0.67,1.0,1.56,1.65,1.58,0.89
kampala_elegu,770,385.25,roadside settlement,0.02,0.13,0.24,0.61,1.04,1.41,1.48,1.42,1.02
kampala_elegu,771,385.75,open road,0.0,0.0,0.0,0.01,0.04,0.04,0.14,0.06,0.04
kampala_elegu,772,386.25,open road,0.0,0.0,0.0,0.0,0.0,0.0,0.0,0.0,0.0
kampala_elegu,773,386.75,open road,0.05,0.05,0.05,0.05,0.05,0.05,0.05,0.05,0.0
kampala_elegu,774,387.25,open road,0.11,0.13,0.15,0.39,0.87,1.2,1.27,1.21,0.76
kampala_elegu,775,387.75,roadside settlement,0.08,0.22,0.38,0.57,1.04,1.44,1.55,1.46,0.9600000000000001
kampala_elegu,776,388.25,roadside settlement,0.06,0.09,0.21,0.45,1.56,1.76,1.82,1.77,1.5
kampala_elegu,777,388.75,roadside settlement,0.45,0.57,0.92,1.22,2.05,2.37,2.37,2.37,1.5999999999999999
kampala_elegu,778,389.25,roadside settlement,0.14,0.4,0.68,1.23,2.02,2.31,2.33,2.31,1.88
kampala_elegu,779,389.75,roadside settlement,0.34,0.52,0.78,1.13,1.32,1.42,1.44,1.42,0.98
kampala_elegu,780,390.25,roadside settlement,0.15,0.24,0.37,0.57,1.36,1.89,1.93,1.9,1.2100000000000002
kampala_elegu,781,390.75,roadside settlement,1.03,1.29,1.55,1.87,2.43,2.73,2.73,2.73,1.4000000000000001
kampala_elegu,782,391.25,roadside settlement,0.51,0.52,0.52,0.52,0.52,0.52,0.52,0.52,0.010000000000000009
kampala_elegu,783,391.75,roadside settlement,2.06,2.06,2.06,2.06,2.06,2.06,2.06,2.06,0.0
kampala_elegu,784,392.25,roadside settlement,1.88,1.88,1.88,1.88,1.88,1.88,1.88,1.88,0.0
kampala_elegu,785,392.75,roadside settlement,0.67,0.67,0.67,0.67,0.68,0.68,0.68,0.68,0.010000000000000009
kampala_elegu,786,393.25,roadside settlement,1.23,1.48,1.73,2.01,2.01,2.01,2.01,2.01,0.7799999999999998
kampala_elegu,787,393.75,town,2.12,2.33,2.55,2.81,2.82,3.07,3.07,3.07,0.6999999999999997
kampala_elegu,788,394.25,town,4.05,4.14,4.23,4.31,4.32,4.32,4.32,4.32,0.27000000000000046
kampala_elegu,789,394.75,roadside settlement,2.52,2.76,3.0,3.2,3.24,3.24,3.24,3.24,0.7200000000000002
kampala_elegu,790,395.25,roadside settlement,1.03,1.16,1.31,1.6,1.78,1.99,1.99,1.99,0.75
kampala_elegu,791,395.75,roadside settlement,0.67,0.67,0.67,0.67,0.67,0.67,0.67,0.67,0.0
kampala_elegu,792,396.25,roadside settlement,1.22,1.22,1.22,1.22,1.22,1.22,1.22,1.22,0.0
kampala_elegu,793,396.75,roadside settlement,0.68,0.71,0.73,0.88,1.14,1.21,1.21,1.21,0.45999999999999985
kampala_elegu,794,397.25,roadside settlement,1.0,1.0,1.0,1.0,1.0,1.0,1.0,1.0,0.0
kampala_elegu,795,397.75,roadside settlement,0.56,0.56,0.56,0.56,0.56,0.56,0.56,0.56,0.0
kampala_elegu,796,398.25,roadside settlement,0.81,0.81,0.81,0.81,0.81,0.81,0.81,0.81,0.0
kampala_elegu,797,398.75,roadside settlement,1.47,1.47,1.47,1.47,1.47,1.47,1.47,1.47,0.0
kampala_elegu,798,399.25,roadside settlement,0.32,0.32,0.32,0.32,0.32,0.32,0.32,0.32,0.0
kampala_elegu,799,399.75,roadside settlement,0.3,0.3,0.3,0.3,0.3,0.3,0.3,0.3,0.0
kampala_elegu,800,400.25,open road,0.37,0.37,0.37,0.37,0.37,0.37,0.37,0.37,0.0
kampala_elegu,801,400.75,open road,0.6,0.6,0.61,0.62,0.63,0.63,0.63,0.63,0.030000000000000027
kampala_elegu,802,401.25,roadside settlement,1.58,1.75,2.38,2.72,2.97,2.97,2.97,2.97,1.3900000000000001
kampala_elegu,803,401.75,roadside settlement,0.65,0.68,0.76,1.06,1.06,1.16,1.16,1.16,0.41000000000000003
kampala_elegu,804,402.25,roadside settlement,0.16,0.16,0.16,0.16,0.16,0.16,0.16,0.16,0.0
kampala_elegu,805,402.75,open road,0.47,0.48,0.49,0.5,0.51,0.51,0.55,0.52,0.040000000000000036
kampala_elegu,806,403.25,roadside settlement,0.08,0.08,0.08,0.08,0.08,0.08,0.08,0.08,0.0
kampala_elegu,807,403.75,roadside settlement,0.39,0.39,0.39,0.39,0.39,0.39,0.39,0.39,0.0
kampala_elegu,808,404.25,roadside settlement,1.79,1.79,1.79,1.79,1.79,1.79,1.79,1.79,0.0
kampala_elegu,809,404.75,roadside settlement,1.3,1.3,1.3,1.3,1.3,1.3,1.3,1.3,0.0
kampala_elegu,810,405.25,open road,0.6,0.61,0.61,0.62,0.62,0.62,0.62,0.62,0.020000000000000018
kampala_elegu,811,405.75,roadside settlement,0.87,0.87,0.87,0.87,0.88,0.88,0.88,0.88,0.010000000000000009
kampala_elegu,812,406.25,open road,0.54,0.54,0.54,0.54,0.54,0.54,0.54,0.54,0.0
kampala_elegu,813,406.75,open road,0.01,0.01,0.01,0.01,0.01,0.01,0.01,0.01,0.0
kampala_elegu,814,407.25,open road,0.19,0.21,0.23,0.24,0.25,0.25,0.25,0.25,0.06
kampala_elegu,815,407.75,open road,0.09,0.09,0.09,0.09,0.09,0.09,0.09,0.09,0.0
kampala_elegu,816,408.25,open road,0.02,0.02,0.02,0.02,0.02,0.02,0.02,0.02,0.0
kampala_elegu,817,408.75,open road,0.14,0.14,0.14,0.14,0.14,0.14,0.14,0.14,0.0
kampala_elegu,818,409.25,open road,0.09,0.09,0.1,0.1,0.11,0.11,0.11,0.11,0.020000000000000004
kampala_elegu,819,409.75,open road,0.02,0.02,0.03,0.03,0.03,0.03,0.03,0.03,0.009999999999999998
kampala_elegu,820,410.25,open road,0.03,0.04,0.04,0.04,0.04,0.04,0.04,0.04,0.010000000000000002
kampala_elegu,821,410.75,open road,0.0,0.0,0.0,0.0,0.0,0.0,0.0,0.0,0.0
kampala_elegu,822,411.25,open road,0.1,0.11,0.12,0.13,0.14,0.14,0.14,0.14,0.04000000000000001
kampala_elegu,823,411.75,open road,0.16,0.18,0.19,0.2,0.21,0.21,0.21,0.21,0.04999999999999999
kampala_elegu,824,412.25,open road,0.0,0.0,0.0,0.0,0.0,0.0,0.0,0.0,0.0
kampala_elegu,825,412.75,open road,0.17,0.17,0.18,0.18,0.18,0.18,0.18,0.18,0.009999999999999981
kampala_elegu,826,413.25,open road,0.03,0.04,0.04,0.04,0.04,0.04,0.04,0.04,0.010000000000000002
kampala_elegu,827,413.75,open road,0.01,0.01,0.01,0.01,0.01,0.01,0.01,0.01,0.0
kampala_elegu,828,414.25,open road,0.0,0.0,0.0,0.0,0.0,0.0,0.0,0.0,0.0
kampala_elegu,829,414.75,open road,0.04,0.04,0.05,0.05,0.05,0.05,0.05,0.05,0.010000000000000002
kampala_elegu,830,415.25,open road,0.03,0.04,0.04,0.04,0.04,0.04,0.04,0.04,0.010000000000000002
kampala_elegu,831,415.75,open road,0.3,0.31,0.32,0.33,0.34,0.34,0.58,0.39,0.040000000000000036
kampala_elegu,832,416.25,open road,0.12,0.12,0.12,0.12,0.12,0.12,0.16,0.13,0.0
kampala_elegu,833,416.75,open road,0.28,0.31,0.33,0.89,1.07,1.22,1.23,1.22,0.79
kampala_elegu,834,417.25,open road,0.95,0.95,0.96,0.96,0.96,0.96,0.98,0.96,0.010000000000000009
kampala_elegu,835,417.75,open road,0.34,0.34,0.34,0.34,0.34,0.34,0.34,0.34,0.0
kampala_elegu,836,418.25,open road,1.55,1.55,1.55,1.55,1.56,1.56,1.56,1.56,0.010000000000000009
kampala_elegu,837,418.75,roadside settlement,2.42,2.56,2.74,2.87,3.31,3.31,3.31,3.31,0.8900000000000001
kampala_elegu,838,419.25,town,2.24,2.97,4.17,5.65,6.0,6.0,6.0,6.0,3.76
kampala_elegu,839,419.75,roadside settlement,0.76,0.81,1.01,1.22,1.23,1.26,1.26,1.26,0.47
kampala_elegu,840,420.25,open road,0.02,0.02,0.02,0.02,0.02,0.02,0.02,0.02,0.0
kampala_elegu,841,420.75,open road,0.43,0.43,0.43,0.43,0.43,0.43,0.43,0.43,0.0
kampala_elegu,842,421.25,open road,0.03,0.03,0.03,0.03,0.03,0.03,0.03,0.03,0.0
kampala_elegu,843,421.75,roadside settlement,0.26,0.28,0.29,0.31,0.32,0.32,0.32,0.32,0.06
kampala_elegu,844,422.25,roadside settlement,0.21,0.22,0.24,0.25,0.26,0.26,0.51,0.31,0.05000000000000002
kampala_elegu,845,422.75,roadside settlement,0.36,0.36,0.36,0.36,0.36,0.36,0.36,0.36,0.0
kampala_elegu,846,423.25,roadside settlement,2.38,2.38,2.38,2.38,2.38,2.38,2.38,2.38,0.0
kampala_elegu,847,423.75,roadside settlement,1.76,1.76,1.76,1.76,1.76,1.76,1.76,1.76,0.0
kampala_elegu,848,424.25,roadside settlement,2.03,2.03,2.03,2.03,2.04,2.04,2.04,2.04,0.010000000000000231
kampala_elegu,849,424.75,roadside settlement,0.32,0.32,0.32,0.32,0.32,0.32,0.32,0.32,0.0
kampala_elegu,850,425.25,roadside settlement,0.82,0.82,0.82,0.82,0.83,0.83,0.83,0.83,0.010000000000000009
kampala_elegu,851,425.75,open road,0.37,0.38,0.41,0.43,0.44,0.49,0.5,0.49,0.07
kampala_elegu,852,426.25,open road,0.03,0.04,0.04,0.04,0.04,0.04,0.04,0.04,0.010000000000000002
kampala_elegu,853,426.75,open road,0.04,0.04,0.05,0.05,0.05,0.05,0.05,0.05,0.010000000000000002
kampala_elegu,854,427.25,open road,0.1,0.11,0.11,0.11,0.11,0.11,0.11,0.11,0.009999999999999995
kampala_elegu,855,427.75,open road,0.0,0.0,0.0,0.0,0.0,0.0,0.0,0.0,0.0
kampala_elegu,856,428.25,open road,0.26,0.26,0.26,0.26,0.26,0.26,0.26,0.26,0.0
kampala_elegu,857,428.75,roadside settlement,1.53,1.53,1.53,1.53,1.59,1.59,1.59,1.59,0.06000000000000005
kampala_elegu,858,429.25,roadside settlement,1.24,2.01,3.21,4.29,4.69,4.93,4.93,4.93,3.45
kampala_elegu,859,429.75,town,0.44,1.18,2.01,3.35,4.53,4.53,4.53,4.53,4.09
kampala_elegu,860,430.25,roadside settlement,0.02,0.31,0.98,1.62,2.12,3.02,3.03,3.02,2.1
kampala_elegu,861,430.65911696159094,roadside settlement,0.37,1.91,3.69,6.46,7.44,7.49,7.49,7.49,7.07
kampala_katuna,0,0.25,town,6.43,6.51,6.6,6.68,6.68,7.16,7.16,7.16,0.25
kampala_katuna,1,0.75,town,12.42,12.43,12.43,12.43,12.43,12.43,12.43,12.43,0.009999999999999787
kampala_katuna,2,1.25,town,11.96,12.04,12.12,12.19,12.19,12.19,12.19,12.19,0.22999999999999865
kampala_katuna,3,1.75,town,9.31,9.32,9.33,9.34,9.34,9.34,9.34,9.34,0.02999999999999936
kampala_katuna,4,2.25,town,8.97,8.97,8.97,9.01,9.2,9.2,9.2,9.2,0.22999999999999865
kampala_katuna,5,2.75,town,10.62,10.63,10.65,10.72,11.04,11.04,11.04,11.04,0.41999999999999993
kampala_katuna,6,3.25,town,12.61,12.61,12.61,12.61,12.61,12.61,12.61,12.61,0.0
kampala_katuna,7,3.75,town,13.58,13.64,13.7,13.94,14.6,14.6,14.6,14.6,1.0199999999999996
kampala_katuna,8,4.25,town,13.56,13.56,13.57,13.57,13.57,13.57,13.57,13.57,0.009999999999999787
kampala_katuna,9,4.75,town,12.56,12.61,12.66,12.69,12.69,12.69,12.69,12.69,0.129999999999999
kampala_katuna,10,5.25,town,9.64,9.78,9.91,10.02,10.02,10.02,10.02,10.02,0.379999999999999
kampala_katuna,11,5.75,town,7.9,8.57,9.23,9.78,9.86,9.86,9.86,9.86,1.959999999999999
kampala_katuna,12,6.25,town,10.69,10.79,10.89,10.98,11.04,11.04,11.04,11.04,0.34999999999999964
kampala_katuna,13,6.75,town,1.95,2.21,2.48,2.86,3.72,4.15,4.25,4.17,1.7700000000000002
kampala_katuna,14,7.25,roadside settlement,1.45,1.68,1.91,2.12,2.22,2.23,2.29,2.24,0.7700000000000002
kampala_katuna,15,7.75,town,7.42,8.24,9.06,9.8,10.17,10.17,10.17,10.17,2.75
kampala_katuna,16,8.25,town,6.84,7.28,7.71,8.06,8.06,8.06,8.06,8.06,1.2200000000000006
kampala_katuna,17,8.75,town,10.2,10.24,10.29,10.33,10.33,10.33,10.33,10.33,0.13000000000000078
kampala_katuna,18,9.25,town,10.19,10.26,10.32,10.37,10.37,10.37,10.37,10.37,0.17999999999999972
kampala_katuna,19,9.75,town,5.89,6.56,7.88,8.67,8.9,9.1,9.1,9.1,3.0100000000000007
kampala_katuna,20,10.25,town,3.66,3.99,4.32,4.58,4.6,5.49,5.49,5.49,0.9399999999999995
kampala_katuna,21,10.75,town,3.39,3.78,4.17,4.49,4.51,4.58,4.58,4.58,1.1199999999999997
kampala_katuna,22,11.25,town,3.1,3.53,3.97,4.32,4.34,4.63,4.63,4.63,1.2399999999999998
kampala_katuna,23,11.75,town,9.29,9.44,9.59,9.75,9.75,9.75,9.75,9.75,0.46000000000000085
kampala_katuna,24,12.25,town,6.73,7.33,7.93,8.58,8.58,8.58,8.58,8.58,1.8499999999999996
kampala_katuna,25,12.75,town,4.26,4.69,5.12,5.46,5.46,5.46,5.46,5.46,1.2000000000000002
kampala_katuna,26,13.25,roadside settlement,4.52,4.96,5.4,5.75,5.75,5.75,5.75,5.75,1.2300000000000004
kampala_katuna,27,13.75,town,7.83,8.03,8.24,8.41,8.41,8.41,8.41,8.41,0.5800000000000001
kampala_katuna,28,14.25,town,5.54,5.76,5.98,6.17,6.26,6.26,6.26,6.26,0.7199999999999998
kampala_katuna,29,14.75,town,3.79,4.69,5.59,6.32,6.38,6.38,6.38,6.38,2.59
kampala_katuna,30,15.25,town,6.77,7.67,8.56,9.28,9.47,9.47,9.47,9.47,2.700000000000001
kampala_katuna,31,15.75,town,6.8,7.09,7.37,7.6,7.62,7.62,7.62,7.62,0.8200000000000003
kampala_katuna,32,16.25,town,3.83,4.07,4.3,4.49,4.58,4.58,4.58,4.58,0.75
kampala_katuna,33,16.75,town,3.42,4.18,4.94,5.71,5.71,5.81,5.81,5.81,2.29
kampala_katuna,34,17.25,roadside settlement,2.49,3.34,4.2,4.88,4.89,5.26,5.32,5.27,2.3999999999999995
kampala_katuna,35,17.75,roadside settlement,0.26,0.41,0.57,0.7,0.76,0.9,1.03,0.93,0.5
kampala_katuna,36,18.25,roadside settlement,2.63,2.79,2.95,3.15,3.19,3.51,3.57,3.52,0.56
kampala_katuna,37,18.75,town,3.02,3.8,4.58,5.22,5.3,5.38,5.38,5.38,2.28
kampala_katuna,38,19.25,town,2.56,3.35,4.35,5.14,5.54,5.54,5.54,5.54,2.98
kampala_katuna,39,19.75,town,3.01,3.75,4.5,5.3,5.31,5.31,5.31,5.31,2.3
kampala_katuna,40,20.25,roadside settlement,0.5,0.66,0.84,0.97,0.98,1.39,1.49,1.41,0.48
kampala_katuna,41,20.75,open road,0.11,0.12,0.13,0.14,0.14,0.27,0.39,0.29,0.030000000000000013
kampala_katuna,42,21.25,roadside settlement,0.28,0.41,0.58,0.77,1.14,1.85,1.85,1.85,0.8599999999999999
kampala_katuna,43,21.75,roadside settlement,1.67,2.23,2.82,3.52,4.16,4.16,4.3,4.19,2.49
kampala_katuna,44,22.25,town,1.33,1.76,2.19,2.69,2.89,3.17,3.18,3.17,1.56
kampala_katuna,45,22.75,town,2.24,2.72,3.26,3.67,3.69,3.82,3.82,3.82,1.4499999999999997
kampala_katuna,46,23.25,roadside settlement,1.78,1.99,2.21,2.38,2.56,2.64,2.68,2.65,0.78
kampala_katuna,47,23.75,roadside settlement,0.1,0.11,0.11,0.34,0.37,0.4,0.92,0.5,0.27
kampala_katuna,48,24.25,roadside settlement,0.61,0.79,0.98,1.12,1.13,1.14,1.15,1.14,0.5199999999999999
kampala_katuna,49,24.75,roadside settlement,0.57,0.72,1.03,1.33,1.93,2.53,2.53,2.53,1.3599999999999999
kampala_katuna,50,25.25,roadside settlement,1.16,1.49,1.94,2.4,2.44,2.86,2.86,2.86,1.28
kampala_katuna,51,25.75,roadside settlement,5.4,5.78,6.17,6.47,6.47,6.47,6.47,6.47,1.0699999999999994
kampala_katuna,52,26.25,roadside settlement,1.77,2.11,2.45,2.73,2.77,2.77,2.77,2.77,1.0
kampala_katuna,53,26.75,roadside settlement,1.61,1.8,2.06,2.25,2.27,2.33,2.48,2.36,0.6599999999999999
kampala_katuna,54,27.25,roadside settlement,3.61,3.77,3.93,4.06,4.2,4.33,4.33,4.33,0.5900000000000003
kampala_katuna,55,27.75,roadside settlement,0.12,0.14,0.17,0.39,0.4,0.4,0.42,0.4,0.28
kampala_katuna,56,28.25,open road,0.0,0.01,0.01,0.02,0.02,0.02,0.02,0.02,0.02
kampala_katuna,57,28.75,roadside settlement,0.34,0.4,0.55,0.86,0.86,1.57,1.57,1.57,0.52
kampala_katuna,58,29.25,roadside settlement,1.68,1.78,1.88,1.97,2.25,2.25,2.3,2.26,0.5700000000000001
kampala_katuna,59,29.75,roadside settlement,1.63,1.83,2.05,2.21,2.22,2.28,2.32,2.29,0.5900000000000003
kampala_katuna,60,30.25,roadside settlement,0.72,0.75,0.85,0.99,1.31,1.56,1.75,1.6,0.5900000000000001
kampala_katuna,61,30.75,roadside settlement,0.35,0.43,0.57,0.68,0.76,1.06,1.28,1.1,0.41000000000000003
kampala_katuna,62,31.25,roadside settlement,1.56,1.6,1.64,1.67,1.71,1.71,1.76,1.72,0.1499999999999999
kampala_katuna,63,31.75,roadside settlement,1.69,1.75,1.82,1.87,1.92,1.92,1.92,1.92,0.22999999999999998
kampala_katuna,64,32.25,roadside settlement,3.89,4.1,4.37,4.56,4.56,4.56,4.56,4.56,0.6699999999999995
kampala_katuna,65,32.75,roadside settlement,3.57,3.78,3.99,4.17,4.24,4.44,4.45,4.44,0.6700000000000004
kampala_katuna,66,33.25,roadside settlement,1.24,1.32,1.4,1.62,1.62,1.8,1.98,1.84,0.3800000000000001
kampala_katuna,67,33.75,roadside settlement,2.17,2.33,2.5,2.75,2.8,2.8,2.8,2.8,0.6299999999999999
kampala_katuna,68,34.25,roadside settlement,4.31,4.49,4.68,4.91,4.92,4.92,4.92,4.92,0.6100000000000003
kampala_katuna,69,34.75,roadside settlement,3.3,3.61,3.94,4.22,4.34,4.34,4.34,4.34,1.04
kampala_katuna,70,35.25,roadside settlement,0.4,0.44,0.49,0.53,0.54,0.67,0.67,0.67,0.14
kampala_katuna,71,35.75,roadside settlement,0.9,0.97,1.13,1.32,1.4,1.6,1.74,1.63,0.4999999999999999
kampala_katuna,72,36.25,roadside settlement,1.3,1.5,1.7,1.86,1.89,1.95,1.97,1.95,0.5899999999999999
kampala_katuna,73,36.75,roadside settlement,0.65,0.73,0.81,0.87,0.9,0.9,0.93,0.91,0.25
kampala_katuna,74,37.25,roadside settlement,2.24,2.41,2.68,3.0,3.01,3.32,3.32,3.32,0.7699999999999996
kampala_katuna,75,37.75,roadside settlement,2.27,2.46,2.96,3.24,3.25,3.25,3.25,3.25,0.98
kampala_katuna,76,38.25,roadside settlement,0.28,0.3,0.31,0.41,0.44,0.48,0.53,0.49,0.15999999999999998
kampala_katuna,77,38.75,open road,0.0,0.0,0.0,0.0,0.0,0.0,0.0,0.0,0.0
kampala_katuna,78,39.25,open road,0.16,0.17,0.18,0.18,0.19,0.19,0.27,0.21,0.03
kampala_katuna,79,39.75,roadside settlement,0.98,1.14,1.45,1.75,1.78,1.92,1.96,1.93,0.8
kampala_katuna,80,40.25,roadside settlement,1.04,1.12,1.23,1.34,1.38,1.51,1.78,1.56,0.33999999999999986
kampala_katuna,81,40.75,roadside settlement,0.86,0.92,0.99,1.1,1.35,1.51,1.54,1.52,0.4900000000000001
kampala_katuna,82,41.25,roadside settlement,0.62,0.68,0.74,0.78,0.79,0.91,0.92,0.91,0.17000000000000004
kampala_katuna,83,41.75,roadside settlement,1.17,1.29,1.41,1.59,1.64,2.19,2.21,2.19,0.47
kampala_katuna,84,42.25,roadside settlement,0.34,0.49,0.67,0.83,0.85,0.85,0.99,0.88,0.51
kampala_katuna,85,42.75,roadside settlement,0.15,0.24,0.4,0.56,0.75,0.79,0.91,0.81,0.6
kampala_katuna,86,43.25,open road,0.0,0.0,0.0,0.0,0.0,0.0,0.0,0.0,0.0
kampala_katuna,87,43.75,open road,0.0,0.0,0.0,0.0,0.0,0.0,0.05,0.01,0.0
kampala_katuna,88,44.25,roadside settlement,0.41,0.45,0.49,0.6,1.13,1.55,1.69,1.58,0.72
kampala_katuna,89,44.75,roadside settlement,0.4,0.5,0.61,0.76,0.91,1.08,1.14,1.09,0.51
kampala_katuna,90,45.25,roadside settlement,0.5,0.61,0.72,0.85,1.02,1.17,1.17,1.17,0.52
kampala_katuna,91,45.75,roadside settlement,1.89,2.07,2.25,2.4,2.44,2.44,2.44,2.44,0.55
kampala_katuna,92,46.25,roadside settlement,3.05,3.33,3.85,4.21,4.36,4.58,4.58,4.58,1.3100000000000005
kampala_katuna,93,46.75,roadside settlement,1.12,1.26,1.46,1.68,1.84,1.99,1.99,1.99,0.72
kampala_katuna,94,47.25,roadside settlement,3.22,3.43,3.65,3.84,3.93,4.03,4.11,4.05,0.71
kampala_katuna,95,47.75,roadside settlement,3.17,3.4,3.66,4.12,4.26,4.26,4.41,4.29,1.0899999999999999
kampala_katuna,96,48.25,roadside settlement,1.42,1.55,1.68,1.83,2.07,2.07,2.07,2.07,0.6499999999999999
kampala_katuna,97,48.75,roadside settlement,0.33,0.44,0.58,0.73,0.91,0.93,1.01,0.95,0.5800000000000001
kampala_katuna,98,49.25,roadside settlement,0.14,0.29,0.46,0.64,0.99,1.07,1.25,1.11,0.85
kampala_katuna,99,49.75,roadside settlement,0.42,0.59,0.89,1.4,1.48,1.52,1.63,1.54,1.06
kampala_katuna,100,50.25,roadside settlement,0.31,0.38,0.45,0.58,0.67,0.89,0.95,0.9,0.36000000000000004
kampala_katuna,101,50.75,open road,0.0,0.0,0.0,0.0,0.0,0.0,0.0,0.0,0.0
kampala_katuna,102,51.25,open road,0.0,0.0,0.0,0.0,0.0,0.0,0.0,0.0,0.0
kampala_katuna,103,51.75,open road,0.0,0.0,0.0,0.0,0.0,0.0,0.0,0.0,0.0
kampala_katuna,104,52.25,roadside settlement,1.04,1.15,1.26,1.5,1.6,2.25,2.26,2.25,0.56
kampala_katuna,105,52.75,roadside settlement,1.12,1.32,1.56,1.74,1.77,1.89,2.03,1.92,0.6499999999999999
kampala_katuna,106,53.25,roadside settlement,4.74,4.96,5.23,5.5,5.51,5.51,5.51,5.51,0.7699999999999996
kampala_katuna,107,53.75,roadside settlement,1.68,1.8,1.96,2.09,2.15,2.26,2.26,2.26,0.47
kampala_katuna,108,54.25,roadside settlement,1.22,1.32,1.42,1.49,1.5,1.83,1.86,1.84,0.28
kampala_katuna,109,54.75,roadside settlement,0.69,0.75,0.83,0.98,0.99,1.05,1.05,1.05,0.30000000000000004
kampala_katuna,110,55.25,open road,0.01,0.01,0.01,0.01,0.04,0.04,0.04,0.04,0.03
kampala_katuna,111,55.75,open road,0.0,0.0,0.0,0.0,0.0,0.0,0.0,0.0,0.0
kampala_katuna,112,56.25,open road,0.0,0.0,0.0,0.0,0.0,0.0,0.0,0.0,0.0
kampala_katuna,113,56.75,open road,0.01,0.01,0.01,0.01,0.01,0.01,0.01,0.01,0.0
kampala_katuna,114,57.25,open road,0.01,0.02,0.04,0.05,0.06,0.14,0.22,0.16,0.049999999999999996
kampala_katuna,115,57.75,open road,0.0,0.0,0.0,0.0,0.0,0.0,0.0,0.0,0.0
kampala_katuna,116,58.25,open road,0.0,0.01,0.01,0.02,0.02,0.02,0.02,0.02,0.02
kampala_katuna,117,58.75,open road,0.0,0.0,0.0,0.0,0.0,0.12,0.24,0.14,0.0
kampala_katuna,118,59.25,roadside settlement,0.12,0.14,0.36,0.55,0.67,1.02,1.13,1.04,0.55
kampala_katuna,119,59.75,roadside settlement,0.0,0.03,0.05,0.06,0.08,0.14,0.17,0.15,0.08
kampala_katuna,120,60.25,roadside settlement,0.02,0.02,0.03,0.04,0.05,0.05,0.06,0.05,0.030000000000000002
kampala_katuna,121,60.75,roadside settlement,0.18,0.33,0.5,0.63,0.85,1.28,1.78,1.38,0.6699999999999999
kampala_katuna,122,61.25,roadside settlement,0.96,0.99,1.03,1.16,1.3,1.37,1.38,1.37,0.3400000000000001
kampala_katuna,123,61.75,roadside settlement,2.62,2.74,3.1,3.3,3.33,3.33,3.33,3.33,0.71
kampala_katuna,124,62.25,roadside settlement,3.88,3.98,4.08,4.38,4.38,4.66,4.66,4.66,0.5
kampala_katuna,125,62.75,roadside settlement,2.72,2.89,3.05,3.2,3.3,3.42,3.42,3.42,0.5799999999999996
kampala_katuna,126,63.25,roadside settlement,3.72,4.17,4.61,4.99,5.13,5.18,5.18,5.18,1.4099999999999997
kampala_katuna,127,63.75,town,7.06,7.24,7.51,7.7,7.76,7.76,7.76,7.76,0.7000000000000002
kampala_katuna,128,64.25,town,3.99,4.46,4.92,5.38,5.56,5.64,6.01,5.71,1.5699999999999994
kampala_katuna,129,64.75,roadside settlement,0.45,0.59,0.72,0.84,0.85,1.26,1.31,1.27,0.39999999999999997
kampala_katuna,130,65.25,roadside settlement,0.97,1.02,1.08,1.13,1.19,1.46,1.63,1.49,0.21999999999999997
kampala_katuna,131,65.75,roadside settlement,0.91,0.92,1.04,1.3,1.42,1.42,1.47,1.43,0.5099999999999999
kampala_katuna,132,66.25,roadside settlement,2.05,2.11,2.17,2.22,2.28,2.43,2.43,2.43,0.22999999999999998
kampala_katuna,133,66.75,roadside settlement,0.06,0.14,0.21,0.29,0.32,0.32,0.34,0.32,0.26
kampala_katuna,134,67.25,roadside settlement,0.24,0.26,0.29,0.32,0.49,0.57,0.57,0.57,0.25
kampala_katuna,135,67.75,roadside settlement,0.87,0.96,1.05,1.24,1.25,1.34,1.34,1.34,0.38
kampala_katuna,136,68.25,roadside settlement,0.16,0.16,0.17,0.21,0.41,0.57,0.65,0.59,0.24999999999999997
kampala_katuna,137,68.75,open road,0.0,0.0,0.0,0.02,0.06,0.15,0.19,0.16,0.06
kampala_katuna,138,69.25,open road,0.0,0.0,0.0,0.0,0.0,0.0,0.0,0.0,0.0
kampala_katuna,139,69.75,open road,0.0,0.0,0.0,0.0,0.0,0.0,0.0,0.0,0.0
kampala_katuna,140,70.25,roadside settlement,0.07,0.13,0.18,0.27,0.47,0.8,0.84,0.81,0.39999999999999997
kampala_katuna,141,70.75,roadside settlement,0.68,0.94,1.28,2.27,2.6,2.88,2.96,2.9,1.92
kampala_katuna,142,71.25,roadside settlement,0.11,0.16,0.22,0.56,0.77,0.91,0.92,0.91,0.66
kampala_katuna,143,71.75,town,3.29,3.41,3.69,3.92,4.22,4.22,4.22,4.22,0.9299999999999997
kampala_katuna,144,72.25,roadside settlement,4.06,4.14,4.22,4.29,4.32,4.33,4.33,4.33,0.2600000000000007
kampala_katuna,145,72.75,roadside settlement,0.6,0.7,0.8,1.01,1.06,1.3,1.3,1.3,0.4600000000000001
kampala_katuna,146,73.25,roadside settlement,1.02,1.11,1.23,1.53,2.23,2.4,2.4,2.4,1.21
kampala_katuna,147,73.75,roadside settlement,0.56,0.63,0.76,0.94,1.28,1.49,1.49,1.49,0.72
kampala_katuna,148,74.25,town,0.85,0.96,1.22,1.39,1.61,1.68,1.68,1.68,0.7600000000000001
kampala_katuna,149,74.75,roadside settlement,2.25,2.43,2.66,2.83,2.86,2.93,2.94,2.93,0.6099999999999999
kampala_katuna,150,75.25,roadside settlement,5.59,5.94,6.29,6.58,6.58,6.58,6.58,6.58,0.9900000000000002
kampala_katuna,151,75.75,roadside settlement,6.5,6.77,7.05,7.27,7.27,7.27,7.27,7.27,0.7699999999999996
kampala_katuna,152,76.25,roadside settlement,4.45,4.76,5.06,5.3,5.3,5.3,5.33,5.31,0.8499999999999996
kampala_katuna,153,76.75,roadside settlement,2.48,2.85,3.22,3.52,3.52,3.56,3.78,3.6,1.04
kampala_katuna,154,77.25,roadside settlement,1.14,1.27,1.43,1.56,1.57,1.63,1.87,1.68,0.43000000000000016
kampala_katuna,155,77.75,roadside settlement,0.12,0.14,0.15,0.18,0.4,0.45,0.72,0.5,0.28
kampala_katuna,156,78.25,open road,0.0,0.0,0.0,0.0,0.0,0.0,0.0,0.0,0.0
kampala_katuna,157,78.75,open road,0.0,0.0,0.0,0.0,0.0,0.0,0.0,0.0,0.0
kampala_katuna,158,79.25,open road,0.0,0.0,0.0,0.0,0.0,0.0,0.0,0.0,0.0
kampala_katuna,159,79.75,open road,0.0,0.0,0.0,0.0,0.0,0.0,0.0,0.0,0.0
kampala_katuna,160,80.25,roadside settlement,0.66,0.75,0.84,0.92,1.12,1.18,1.2,1.18,0.4600000000000001
kampala_katuna,161,80.75,roadside settlement,0.2,0.3,0.48,0.62,0.68,0.93,0.98,0.94,0.48000000000000004
kampala_katuna,162,81.25,roadside settlement,0.58,0.62,0.66,0.71,0.82,0.82,0.99,0.85,0.24
kampala_katuna,163,81.75,roadside settlement,1.46,1.61,1.78,1.92,1.94,2.11,2.11,2.11,0.48
kampala_katuna,164,82.25,roadside settlement,1.72,1.82,1.92,2.02,2.12,2.14,2.14,2.14,0.40000000000000013
kampala_katuna,165,82.75,roadside settlement,0.25,0.27,0.3,0.36,0.48,0.56,0.59,0.57,0.22999999999999998
kampala_katuna,166,83.25,roadside settlement,0.0,0.0,0.03,0.13,0.66,0.93,0.94,0.93,0.66
kampala_katuna,167,83.75,open road,0.04,0.05,0.05,0.06,0.13,0.13,0.15,0.13,0.09
kampala_katuna,168,84.25,roadside settlement,0.23,0.33,0.46,0.78,0.99,1.22,1.27,1.23,0.76
kampala_katuna,169,84.75,roadside settlement,0.61,0.66,0.71,0.83,0.85,1.03,1.09,1.04,0.24
kampala_katuna,170,85.25,roadside settlement,0.64,0.72,0.82,0.9,0.94,1.19,1.19,1.19,0.29999999999999993
kampala_katuna,171,85.75,roadside settlement,2.42,2.49,2.55,2.61,2.69,2.78,2.78,2.78,0.27
kampala_katuna,172,86.25,roadside settlement,4.53,4.66,4.8,4.96,5.31,5.33,5.33,5.33,0.7799999999999994
kampala_katuna,173,86.75,roadside settlement,0.99,1.06,1.17,1.25,1.29,1.45,1.51,1.46,0.30000000000000004
kampala_katuna,174,87.25,open road,0.06,0.06,0.07,0.09,0.14,0.14,0.2,0.15,0.08000000000000002
kampala_katuna,175,87.75,open road,0.12,0.13,0.14,0.22,0.23,0.26,0.36,0.28,0.11000000000000001
kampala_katuna,176,88.25,open road,0.02,0.02,0.02,0.02,0.02,0.02,0.02,0.02,0.0
kampala_katuna,177,88.75,open road,0.02,0.02,0.02,0.02,0.02,0.02,0.02,0.02,0.0
kampala_katuna,178,89.25,open road,0.0,0.0,0.0,0.0,0.0,0.0,0.0,0.0,0.0
kampala_katuna,179,89.75,open road,0.01,0.02,0.02,0.02,0.02,0.02,0.02,0.02,0.01
kampala_katuna,180,90.25,open road,0.13,0.14,0.16,0.18,0.18,0.18,0.18,0.18,0.04999999999999999
kampala_katuna,181,90.75,open road,0.0,0.0,0.0,0.0,0.0,0.0,0.0,0.0,0.0
kampala_katuna,182,91.25,open road,0.01,0.01,0.01,0.01,0.01,0.01,0.01,0.01,0.0
kampala_katuna,183,91.75,roadside settlement,1.27,1.28,1.3,1.31,1.32,2.0,2.06,2.01,0.050000000000000044
kampala_katuna,184,92.25,roadside settlement,0.03,0.04,0.05,0.05,0.05,0.07,0.07,0.07,0.020000000000000004
kampala_katuna,185,92.75,open road,0.07,0.08,0.09,0.09,0.1,0.1,0.1,0.1,0.03
kampala_katuna,186,93.25,open road,0.0,0.0,0.0,0.0,0.0,0.0,0.0,0.0,0.0
kampala_katuna,187,93.75,open road,0.0,0.0,0.0,0.0,0.0,0.0,0.0,0.0,0.0
kampala_katuna,188,94.25,open road,0.0,0.0,0.0,0.0,0.0,0.0,0.0,0.0,0.0
kampala_katuna,189,94.75,open road,0.0,0.0,0.0,0.0,0.0,0.0,0.0,0.0,0.0
kampala_katuna,190,95.25,open road,0.0,0.01,0.01,0.01,0.01,0.01,0.01,0.01,0.01
kampala_katuna,191,95.75,open road,0.01,0.01,0.01,0.01,0.01,0.01,0.01,0.01,0.0
kampala_katuna,192,96.25,open road,0.01,0.01,0.01,0.01,0.01,0.01,0.01,0.01,0.0
kampala_katuna,193,96.75,open road,0.17,0.2,0.23,0.26,0.43,0.43,0.43,0.43,0.26
kampala_katuna,194,97.25,open road,0.0,0.0,0.0,0.0,0.0,0.08,0.08,0.08,0.0
kampala_katuna,195,97.75,roadside settlement,0.08,0.09,0.1,0.11,0.14,0.22,0.29,0.23,0.06000000000000001
kampala_katuna,196,98.25,town,1.17,1.29,1.47,1.69,2.16,2.41,2.48,2.42,0.9900000000000002
kampala_katuna,197,98.75,town,7.25,7.38,7.52,7.64,7.69,7.69,7.69,7.69,0.4400000000000004
kampala_katuna,198,99.25,town,6.54,6.58,6.63,6.66,6.79,6.79,6.81,6.79,0.25
kampala_katuna,199,99.75,town,8.48,8.54,8.59,8.66,8.84,8.84,8.86,8.84,0.35999999999999943
kampala_katuna,200,100.25,roadside settlement,4.9,5.05,5.21,5.36,5.92,5.92,5.92,5.92,1.0199999999999996
kampala_katuna,201,100.75,roadside settlement,1.28,1.44,1.65,2.04,2.08,2.16,2.17,2.16,0.8
kampala_katuna,202,101.25,roadside settlement,0.72,0.75,0.77,0.88,1.06,1.1,1.12,1.1,0.3400000000000001
kampala_katuna,203,101.75,roadside settlement,2.24,2.38,2.52,2.65,2.74,2.91,2.91,2.91,0.5
kampala_katuna,204,102.25,roadside settlement,1.73,1.82,1.97,2.1,2.25,2.3,2.3,2.3,0.52
kampala_katuna,205,102.75,roadside settlement,0.66,0.68,0.71,0.78,0.95,1.18,1.23,1.19,0.2899999999999999
kampala_katuna,206,103.25,roadside settlement,0.0,0.0,0.01,0.03,0.13,0.22,0.43,0.26,0.13
kampala_katuna,207,103.75,roadside settlement,2.05,2.08,2.13,2.16,2.16,2.27,2.56,2.33,0.11000000000000032
kampala_katuna,208,104.25,roadside settlement,2.34,2.39,2.45,2.5,2.66,2.8,2.8,2.8,0.3200000000000003
kampala_katuna,209,104.75,roadside settlement,1.82,1.87,1.94,2.0,2.11,2.32,2.52,2.36,0.2899999999999998
kampala_katuna,210,105.25,roadside settlement,3.43,3.47,3.51,3.56,3.66,3.66,3.66,3.66,0.22999999999999998
kampala_katuna,211,105.75,roadside settlement,3.58,3.63,3.69,3.74,3.74,3.8,3.82,3.8,0.16000000000000014
kampala_katuna,212,106.25,roadside settlement,1.08,1.12,1.2,1.37,1.49,1.59,1.66,1.6,0.4099999999999999
kampala_katuna,213,106.75,roadside settlement,0.71,0.9,1.1,1.41,1.48,1.63,1.72,1.65,0.77
kampala_katuna,214,107.25,roadside settlement,0.1,0.14,0.2,0.68,1.02,1.26,1.5,1.31,0.92
kampala_katuna,215,107.75,roadside settlement,0.5,0.66,0.87,1.13,1.52,1.76,1.76,1.76,1.02
kampala_katuna,216,108.25,roadside settlement,0.48,0.62,0.79,0.97,0.99,1.11,1.16,1.12,0.51
kampala_katuna,217,108.75,roadside settlement,3.51,3.77,4.07,4.35,4.57,4.57,4.59,4.57,1.0600000000000005
kampala_katuna,218,109.25,roadside settlement,4.78,4.92,5.06,5.18,5.19,5.24,5.24,5.24,0.41000000000000014
kampala_katuna,219,109.75,roadside settlement,1.56,1.64,1.71,1.78,1.78,1.78,1.95,1.81,0.21999999999999997
kampala_katuna,220,110.25,roadside settlement,0.46,0.5,0.54,0.65,0.68,0.76,0.76,0.76,0.22000000000000003
kampala_katuna,221,110.75,roadside settlement,0.92,0.96,1.07,1.13,1.27,1.55,1.77,1.59,0.35
kampala_katuna,222,111.25,roadside settlement,1.48,1.61,1.74,1.93,1.94,2.2,2.24,2.21,0.45999999999999996
kampala_katuna,223,111.75,open road,0.22,0.23,0.25,0.26,0.26,0.26,0.63,0.33,0.04000000000000001
kampala_katuna,224,112.25,roadside settlement,2.11,2.17,2.23,2.28,2.3,2.47,2.71,2.52,0.18999999999999995
kampala_katuna,225,112.75,roadside settlement,4.07,4.22,4.37,4.49,4.49,4.49,4.49,4.49,0.41999999999999993
kampala_katuna,226,113.25,roadside settlement,0.33,0.41,0.49,0.6,0.67,0.83,0.88,0.84,0.34
kampala_katuna,227,113.75,roadside settlement,1.12,1.32,1.51,1.72,1.95,1.97,1.97,1.97,0.8299999999999998
kampala_katuna,228,114.25,roadside settlement,2.68,2.82,2.96,3.07,3.14,3.27,3.27,3.27,0.45999999999999996
kampala_katuna,229,114.75,roadside settlement,7.54,7.7,7.86,7.99,7.99,7.99,7.99,7.99,0.4500000000000002
kampala_katuna,230,115.25,roadside settlement,1.3,1.67,2.06,2.5,2.53,2.56,2.57,2.56,1.2299999999999998
kampala_katuna,231,115.75,roadside settlement,1.1,1.22,1.43,1.58,1.81,2.0,2.0,2.0,0.71
kampala_katuna,232,116.25,roadside settlement,1.21,1.36,1.5,1.85,2.06,2.21,2.41,2.25,0.8500000000000001
kampala_katuna,233,116.75,roadside settlement,1.54,1.74,1.93,2.1,2.14,2.38,2.67,2.44,0.6000000000000001
kampala_katuna,234,117.25,open road,0.24,0.25,0.27,0.28,0.29,0.36,0.36,0.36,0.04999999999999999
kampala_katuna,235,117.75,roadside settlement,0.09,0.21,0.42,0.67,1.11,1.22,1.27,1.23,1.02
kampala_katuna,236,118.25,roadside settlement,0.56,0.75,0.94,1.38,1.67,1.73,1.73,1.73,1.1099999999999999
kampala_katuna,237,118.75,roadside settlement,0.88,1.05,1.22,1.55,1.64,1.85,1.87,1.85,0.7599999999999999
kampala_katuna,238,119.25,town,1.73,2.19,2.72,3.32,3.87,4.09,4.09,4.09,2.14
kampala_katuna,239,119.75,town,1.61,2.18,2.88,3.39,3.4,3.4,3.41,3.4,1.7899999999999998
kampala_katuna,240,120.25,town,1.08,1.7,2.39,2.95,3.39,3.43,3.43,3.43,2.31
kampala_katuna,241,120.75,town,1.52,1.92,2.45,3.01,3.46,3.52,3.52,3.52,1.94
kampala_katuna,242,121.25,roadside settlement,1.05,1.75,2.61,3.72,4.06,4.06,4.06,4.06,3.01
kampala_katuna,243,121.75,town,2.27,2.95,3.63,4.19,4.2,4.2,4.2,4.2,1.9300000000000002
kampala_katuna,244,122.25,town,4.12,5.06,6.0,6.74,6.74,6.74,6.74,6.74,2.62
kampala_katuna,245,122.75,town,6.59,7.38,8.17,8.8,8.8,8.8,8.8,8.8,2.210000000000001
kampala_katuna,246,123.25,town,8.78,9.13,9.48,9.76,9.76,9.76,9.76,9.76,0.9800000000000004
kampala_katuna,247,123.75,town,7.58,7.71,7.83,7.94,7.94,7.94,8.14,7.98,0.3600000000000003
kampala_katuna,248,124.25,town,5.5,5.66,5.89,6.05,6.05,6.81,6.99,6.85,0.5499999999999998
kampala_katuna,249,124.75,town,6.02,6.29,6.55,6.77,6.77,6.92,7.62,7.06,0.75
kampala_katuna,250,125.25,town,1.95,2.47,2.99,3.42,3.42,5.14,5.79,5.27,1.47
kampala_katuna,251,125.75,town,4.18,4.41,4.63,4.83,4.86,5.82,5.91,5.84,0.6800000000000006
kampala_katuna,252,126.25,town,7.16,7.44,7.72,7.95,7.95,8.12,8.12,8.12,0.79
kampala_katuna,253,126.75,town,5.56,5.85,6.14,6.38,6.38,6.79,6.79,6.79,0.8200000000000003
kampala_katuna,254,127.25,town,7.16,7.44,7.72,7.94,7.94,7.94,7.94,7.94,0.7800000000000002
kampala_katuna,255,127.75,town,6.46,6.63,6.8,6.94,6.94,6.94,6.94,6.94,0.4800000000000004
kampala_katuna,256,128.25,roadside settlement,4.44,5.11,5.78,6.31,6.31,6.31,6.31,6.31,1.8699999999999992
kampala_katuna,257,128.75,roadside settlement,7.53,7.74,7.96,8.14,8.14,8.14,8.14,8.14,0.6100000000000003
kampala_katuna,258,129.25,town,9.14,9.32,9.51,9.65,9.65,9.65,9.65,9.65,0.5099999999999998
kampala_katuna,259,129.75,town,7.61,8.07,8.52,8.88,8.88,8.88,8.88,8.88,1.2700000000000005
kampala_katuna,260,130.25,roadside settlement,0.17,0.21,0.26,0.29,0.34,0.51,0.6,0.53,0.17
kampala_katuna,261,130.75,roadside settlement,0.93,0.94,0.94,0.95,0.95,1.22,1.31,1.24,0.019999999999999907
kampala_katuna,262,131.25,town,5.94,6.15,6.36,6.53,6.54,6.99,6.99,6.99,0.5999999999999996
kampala_katuna,263,131.75,town,3.16,3.49,3.83,4.1,4.15,4.26,4.26,4.26,0.9900000000000002
kampala_katuna,264,132.25,roadside settlement,3.06,3.29,3.53,3.72,3.72,3.73,3.73,3.73,0.6600000000000001
kampala_katuna,265,132.75,roadside settlement,2.5,2.9,3.31,3.64,3.65,3.67,3.67,3.67,1.15
kampala_katuna,266,133.25,roadside settlement,2.76,2.89,3.03,3.15,3.3,3.3,3.3,3.3,0.54
kampala_katuna,267,133.75,roadside settlement,0.68,0.82,0.96,1.06,1.06,1.33,1.54,1.37,0.38
kampala_katuna,268,134.25,roadside settlement,0.41,0.44,0.51,0.56,0.75,1.01,1.05,1.02,0.34
kampala_katuna,269,134.75,roadside settlement,0.58,0.66,0.75,0.83,0.89,0.96,0.99,0.97,0.31000000000000005
kampala_katuna,270,135.25,roadside settlement,1.0,1.16,1.33,1.47,1.63,1.71,1.73,1.71,0.6299999999999999
kampala_katuna,271,135.75,roadside settlement,0.16,0.18,0.23,0.47,0.73,0.76,0.92,0.79,0.57
kampala_katuna,272,136.25,roadside settlement,0.51,0.67,0.84,1.04,1.35,1.42,1.49,1.43,0.8400000000000001
kampala_katuna,273,136.75,roadside settlement,1.04,1.2,1.39,1.6,1.7,1.8,1.85,1.81,0.6599999999999999
kampala_katuna,274,137.25,roadside settlement,0.54,0.59,0.65,0.7,0.73,0.99,1.01,0.99,0.18999999999999995
kampala_katuna,275,137.75,roadside settlement,1.97,2.33,2.68,3.18,3.3,3.38,3.38,3.38,1.3299999999999998
kampala_katuna,276,138.25,roadside settlement,0.22,0.29,0.35,0.4,0.52,0.66,0.83,0.69,0.30000000000000004
kampala_katuna,277,138.75,roadside settlement,2.39,2.82,3.25,3.6,3.6,3.6,3.6,3.6,1.21
kampala_katuna,278,139.25,roadside settlement,0.58,0.64,0.69,0.83,0.87,1.08,2.03,1.27,0.29000000000000004
kampala_katuna,279,139.75,roadside settlement,1.48,1.73,1.98,2.2,2.2,2.4,2.4,2.4,0.7200000000000002
kampala_katuna,280,140.25,roadside settlement,0.4,0.59,0.77,0.98,1.13,1.45,1.54,1.47,0.7299999999999999
kampala_katuna,281,140.75,roadside settlement,1.14,1.2,1.28,1.53,1.67,1.94,1.95,1.94,0.53
kampala_katuna,282,141.25,roadside settlement,1.16,1.23,1.3,1.36,1.36,1.59,1.99,1.67,0.20000000000000018
kampala_katuna,283,141.75,roadside settlement,0.8,0.9,1.23,1.47,1.51,1.53,1.62,1.55,0.71
kampala_katuna,284,142.25,roadside settlement,1.33,1.4,1.48,1.56,1.67,1.8,1.92,1.82,0.33999999999999986
kampala_katuna,285,142.75,roadside settlement,2.17,2.29,2.45,2.57,2.58,2.58,2.58,2.58,0.41000000000000014
kampala_katuna,286,143.25,roadside settlement,1.72,1.97,2.3,2.7,2.91,3.14,3.14,3.14,1.1900000000000002
kampala_katuna,287,143.75,roadside settlement,0.7,0.86,1.03,1.33,1.4,1.47,1.47,1.47,0.7
kampala_katuna,288,144.25,roadside settlement,0.93,1.21,1.51,1.76,1.89,2.06,2.06,2.06,0.9599999999999999
kampala_katuna,289,144.75,roadside settlement,0.75,0.82,0.93,1.02,1.26,1.71,1.73,1.71,0.51
kampala_katuna,290,145.25,open road,0.12,0.12,0.14,0.26,0.55,0.73,0.81,0.75,0.43000000000000005
kampala_katuna,291,145.75,open road,0.0,0.0,0.0,0.0,0.0,0.0,0.0,0.0,0.0
kampala_katuna,292,146.25,roadside settlement,0.13,0.14,0.15,0.16,0.16,0.34,0.4,0.35,0.03
kampala_katuna,293,146.75,roadside settlement,1.14,1.34,1.53,1.7,1.76,1.76,1.88,1.78,0.6200000000000001
kampala_katuna,294,147.25,roadside settlement,1.3,1.39,1.49,1.56,1.59,1.79,1.79,1.79,0.29000000000000004
kampala_katuna,295,147.75,roadside settlement,1.45,1.57,1.7,1.8,2.0,2.1,2.1,2.1,0.55
kampala_katuna,296,148.25,roadside settlement,1.94,2.1,2.31,2.47,2.48,2.52,2.52,2.52,0.54
kampala_katuna,297,148.75,town,5.91,5.99,6.06,6.13,6.13,6.13,6.13,6.13,0.21999999999999975
kampala_katuna,298,149.25,town,9.93,10.01,10.1,10.17,10.17,10.17,10.17,10.17,0.2400000000000002
kampala_katuna,299,149.75,roadside settlement,3.09,3.51,3.92,4.26,4.29,4.29,4.29,4.29,1.2000000000000002
kampala_katuna,300,150.25,roadside settlement,1.92,1.99,2.14,2.23,2.25,2.38,2.38,2.38,0.33000000000000007
kampala_katuna,301,150.75,open road,0.0,0.0,0.0,0.0,0.0,0.26,0.31,0.27,0.0
kampala_katuna,302,151.25,roadside settlement,0.13,0.19,0.3,0.37,0.4,0.51,0.57,0.52,0.27
kampala_katuna,303,151.75,roadside settlement,0.52,0.63,0.74,0.89,0.96,1.0,1.19,1.04,0.43999999999999995
kampala_katuna,304,152.25,roadside settlement,0.47,0.5,0.55,0.8,0.95,0.95,0.98,0.96,0.48
kampala_katuna,305,152.75,open road,0.0,0.01,0.01,0.02,0.02,0.02,0.11,0.04,0.02
kampala_katuna,306,153.25,roadside settlement,0.13,0.17,0.21,0.62,0.74,0.94,1.0,0.95,0.61
kampala_katuna,307,153.75,roadside settlement,1.51,1.69,1.87,2.04,2.13,2.16,2.23,2.17,0.6199999999999999
kampala_katuna,308,154.25,roadside settlement,1.66,1.75,1.84,1.92,1.93,2.05,2.05,2.05,0.27
kampala_katuna,309,154.75,roadside settlement,1.52,1.62,1.83,2.03,2.33,2.45,2.45,2.45,0.81
kampala_katuna,310,155.25,roadside settlement,0.06,0.08,0.1,0.16,0.43,0.47,0.94,0.56,0.37
kampala_katuna,311,155.75,open road,0.0,0.0,0.0,0.01,0.03,0.06,0.09,0.07,0.03
kampala_katuna,312,156.25,roadside settlement,0.0,0.01,0.02,0.07,0.23,0.23,0.33,0.25,0.23
kampala_katuna,313,156.75,open road,0.26,0.29,0.33,0.49,0.63,0.67,0.76,0.69,0.37
kampala_katuna,314,157.25,roadside settlement,0.42,0.48,0.66,0.87,0.97,1.27,1.32,1.28,0.55
kampala_katuna,315,157.75,roadside settlement,2.76,2.78,2.8,2.88,2.9,2.9,2.92,2.9,0.14000000000000012
kampala_katuna,316,158.25,roadside settlement,0.17,0.25,0.36,0.67,0.92,1.13,1.2,1.14,0.75
kampala_katuna,317,158.75,roadside settlement,0.0,0.03,0.06,0.23,0.74,1.15,1.25,1.17,0.74
kampala_katuna,318,159.25,roadside settlement,0.02,0.06,0.11,0.23,0.39,0.75,0.78,0.76,0.37
kampala_katuna,319,159.75,roadside settlement,0.87,1.07,1.26,1.53,1.86,2.22,2.26,2.23,0.9900000000000001
kampala_katuna,320,160.25,town,2.73,3.03,3.34,3.59,3.74,3.74,3.76,3.74,1.0100000000000002
kampala_katuna,321,160.75,town,8.98,9.26,9.53,9.76,9.76,9.76,9.76,9.76,0.7799999999999994
kampala_katuna,322,161.25,roadside settlement,5.49,5.61,6.05,6.27,6.27,6.46,6.46,6.46,0.7799999999999994
kampala_katuna,323,161.75,roadside settlement,0.65,0.96,1.28,1.56,1.72,1.97,1.99,1.97,1.0699999999999998
kampala_katuna,324,162.25,roadside settlement,0.39,0.47,0.6,0.73,0.83,0.89,0.92,0.9,0.43999999999999995
kampala_katuna,325,162.75,roadside settlement,0.86,0.99,1.14,1.68,1.76,1.95,2.04,1.97,0.9
kampala_katuna,326,163.25,roadside settlement,0.03,0.06,0.13,0.2,0.34,0.5,0.61,0.52,0.31000000000000005
kampala_katuna,327,163.75,open road,0.05,0.05,0.05,0.09,0.18,0.26,0.37,0.28,0.13
kampala_katuna,328,164.25,roadside settlement,0.17,0.23,0.29,0.35,0.44,0.61,0.79,0.65,0.27
kampala_katuna,329,164.75,roadside settlement,0.29,0.29,0.3,0.32,0.36,0.37,0.69,0.43,0.07
kampala_katuna,330,165.25,open road,0.02,0.12,0.28,0.44,0.62,1.34,1.49,1.37,0.6
kampala_katuna,331,165.75,roadside settlement,0.31,0.53,0.75,1.1,1.11,1.51,1.51,1.51,0.8
kampala_katuna,332,166.25,roadside settlement,0.12,0.14,0.16,0.27,0.37,0.48,0.48,0.48,0.25
kampala_katuna,333,166.75,roadside settlement,1.56,1.7,1.84,1.95,1.96,2.29,2.62,2.36,0.3999999999999999
kampala_katuna,334,167.25,roadside settlement,2.91,3.27,3.64,3.93,4.08,4.44,4.49,4.45,1.17
kampala_katuna,335,167.75,roadside settlement,0.64,0.72,0.8,0.87,1.12,1.23,1.27,1.24,0.4800000000000001
kampala_katuna,336,168.25,open road,0.01,0.01,0.01,0.01,0.01,0.01,0.07,0.02,0.0
kampala_katuna,337,168.75,open road,0.16,0.16,0.16,0.16,0.16,0.16,0.16,0.16,0.0
kampala_katuna,338,169.25,open road,0.03,0.08,0.14,0.2,0.33,0.78,1.14,0.85,0.30000000000000004
kampala_katuna,339,169.75,roadside settlement,1.82,1.85,1.99,2.29,2.65,2.74,2.98,2.79,0.8299999999999998
kampala_katuna,340,170.25,town,3.79,4.06,4.32,4.54,4.6,4.6,4.6,4.6,0.8099999999999996
kampala_katuna,341,170.75,roadside settlement,0.3,0.31,0.32,0.34,0.43,0.43,0.64,0.47,0.13
kampala_katuna,342,171.25,roadside settlement,0.5,0.54,0.63,0.85,1.19,1.64,1.68,1.65,0.69
kampala_katuna,343,171.75,roadside settlement,0.08,0.09,0.09,0.12,0.36,0.36,0.36,0.36,0.27999999999999997
kampala_katuna,344,172.25,roadside settlement,0.55,0.6,0.66,0.72,0.8,1.05,1.16,1.07,0.25
kampala_katuna,345,172.75,roadside settlement,0.74,0.77,0.8,0.83,0.84,0.87,1.09,0.91,0.09999999999999998
kampala_katuna,346,173.25,roadside settlement,1.02,1.03,1.04,1.06,1.11,1.3,1.3,1.3,0.09000000000000008
kampala_katuna,347,173.75,roadside settlement,0.89,0.9,1.0,1.04,1.05,1.29,1.47,1.33,0.16000000000000003
kampala_katuna,348,174.25,roadside settlement,1.23,1.28,1.34,1.47,1.65,1.83,1.96,1.86,0.41999999999999993
kampala_katuna,349,174.75,roadside settlement,0.08,0.15,0.22,0.59,1.41,1.47,1.7,1.52,1.3299999999999998
kampala_katuna,350,175.25,roadside settlement,1.71,1.81,2.13,2.31,2.37,2.67,2.78,2.69,0.6600000000000001
kampala_katuna,351,175.75,roadside settlement,0.57,0.65,0.73,0.94,1.26,1.32,1.35,1.33,0.6900000000000001
kampala_katuna,352,176.25,roadside settlement,0.54,0.77,0.99,1.18,1.37,1.43,1.43,1.43,0.8300000000000001
kampala_katuna,353,176.75,town,3.35,3.9,4.64,5.15,5.2,5.26,5.37,5.28,1.85
kampala_katuna,354,177.25,town,3.95,4.14,4.33,4.5,4.52,4.52,4.57,4.53,0.5699999999999994
kampala_katuna,355,177.75,town,8.29,8.54,8.8,9.19,9.19,9.19,9.23,9.2,0.9000000000000004
kampala_katuna,356,178.25,roadside settlement,3.52,3.73,4.08,4.31,4.34,4.64,4.66,4.64,0.8199999999999998
kampala_katuna,357,178.75,roadside settlement,1.63,1.74,2.12,2.52,3.18,3.18,3.33,3.21,1.5500000000000003
kampala_katuna,358,179.25,roadside settlement,0.45,0.47,0.54,0.58,0.59,0.66,0.83,0.69,0.13999999999999996
kampala_katuna,359,179.75,roadside settlement,0.41,0.46,0.51,0.61,0.88,1.33,1.44,1.35,0.47000000000000003
kampala_katuna,360,180.25,roadside settlement,0.07,0.09,0.18,0.31,0.49,0.58,0.64,0.59,0.42
kampala_katuna,361,180.75,roadside settlement,0.45,0.51,0.56,0.63,0.93,1.17,1.45,1.23,0.48000000000000004
kampala_katuna,362,181.25,roadside settlement,0.04,0.06,0.15,0.38,0.63,0.83,1.06,0.88,0.59
kampala_katuna,363,181.75,roadside settlement,0.25,0.35,0.49,0.65,0.94,1.07,1.08,1.07,0.69
kampala_katuna,364,182.25,roadside settlement,1.03,1.26,1.5,1.71,1.85,2.14,2.18,2.15,0.8200000000000001
kampala_katuna,365,182.75,roadside settlement,0.21,0.22,0.23,0.24,0.25,0.38,0.38,0.38,0.04000000000000001
kampala_katuna,366,183.25,roadside settlement,0.64,0.7,0.75,0.82,1.03,1.07,1.16,1.09,0.39
kampala_katuna,367,183.75,open road,0.38,0.41,0.43,0.47,0.54,0.54,0.59,0.55,0.16000000000000003
kampala_katuna,368,184.25,roadside settlement,0.18,0.3,0.57,0.81,0.98,1.31,1.34,1.32,0.8
kampala_katuna,369,184.75,roadside settlement,0.71,0.74,0.78,0.81,0.82,1.08,1.16,1.1,0.10999999999999999
kampala_katuna,370,185.25,roadside settlement,4.0,4.24,4.47,4.66,4.66,4.74,4.74,4.74,0.6600000000000001
kampala_katuna,371,185.75,roadside settlement,2.91,3.25,3.58,3.87,3.94,3.94,4.04,3.96,1.0299999999999998
kampala_katuna,372,186.25,roadside settlement,0.8,1.04,1.28,1.48,1.53,1.64,1.81,1.67,0.73
kampala_katuna,373,186.75,roadside settlement,0.73,0.88,1.05,1.19,1.23,1.48,1.58,1.5,0.5
kampala_katuna,374,187.25,roadside settlement,0.22,0.24,0.37,0.47,0.84,0.88,1.07,0.92,0.62
kampala_katuna,375,187.75,roadside settlement,0.32,0.56,0.9,1.23,1.53,1.8,1.8,1.8,1.21
kampala_katuna,376,188.25,roadside settlement,2.06,2.36,2.66,2.91,3.02,3.4,3.4,3.4,0.96
kampala_katuna,377,188.75,roadside settlement,0.13,0.17,0.3,0.37,0.4,0.4,0.53,0.43,0.27
kampala_katuna,378,189.25,open road,0.01,0.05,0.09,0.2,0.43,0.85,0.85,0.85,0.42
kampala_katuna,379,189.75,open road,0.02,0.02,0.02,0.02,0.02,0.02,0.02,0.02,0.0
kampala_katuna,380,190.25,open road,0.0,0.0,0.01,0.02,0.03,0.03,0.04,0.03,0.03
kampala_katuna,381,190.75,open road,0.0,0.05,0.16,0.23,0.26,0.3,0.3,0.3,0.26
kampala_katuna,382,191.25,open road,0.02,0.02,0.03,0.03,0.03,0.03,0.03,0.03,0.009999999999999998
kampala_katuna,383,191.75,open road,0.0,0.0,0.0,0.0,0.0,0.0,0.02,0.0,0.0
kampala_katuna,384,192.25,open road,0.39,0.39,0.4,0.4,0.41,0.41,0.41,0.41,0.019999999999999962
kampala_katuna,385,192.75,roadside settlement,0.01,0.1,0.26,0.43,0.69,0.98,1.06,1.0,0.6799999999999999
kampala_katuna,386,193.25,roadside settlement,1.23,1.27,1.35,1.4,1.43,1.62,1.86,1.67,0.19999999999999996
kampala_katuna,387,193.75,roadside settlement,1.41,1.45,1.5,1.54,1.56,1.74,1.74,1.74,0.15000000000000013
kampala_katuna,388,194.25,roadside settlement,1.64,1.75,1.86,2.21,2.39,2.79,2.84,2.8,0.7500000000000002
kampala_katuna,389,194.75,open road,0.06,0.07,0.07,0.08,0.08,0.08,0.08,0.08,0.020000000000000004
kampala_katuna,390,195.25,open road,0.01,0.01,0.01,0.01,0.02,0.02,0.07,0.03,0.01
kampala_katuna,391,195.75,roadside settlement,0.08,0.27,0.74,1.31,1.89,1.89,1.92,1.9,1.8099999999999998
kampala_katuna,392,196.25,roadside settlement,0.06,0.08,0.1,0.12,0.12,0.28,0.33,0.29,0.06
kampala_katuna,393,196.75,roadside settlement,0.64,0.75,1.0,1.17,1.18,1.71,1.74,1.72,0.5399999999999999
kampala_katuna,394,197.25,roadside settlement,5.29,5.38,5.48,5.55,5.55,5.55,5.55,5.55,0.2599999999999998
kampala_katuna,395,197.75,town,8.02,8.28,8.54,8.75,8.76,8.76,8.76,8.76,0.7400000000000002
kampala_katuna,396,198.25,roadside settlement,4.09,4.29,4.5,4.66,4.67,4.72,4.84,4.74,0.5800000000000001
kampala_katuna,397,198.75,roadside settlement,0.34,0.39,0.45,0.58,0.98,1.32,1.39,1.33,0.6399999999999999
kampala_katuna,398,199.25,roadside settlement,0.82,1.05,1.4,1.75,2.22,3.05,3.09,3.06,1.4000000000000004
kampala_katuna,399,199.75,roadside settlement,0.12,0.13,0.14,0.27,0.8,1.04,1.18,1.07,0.68
kampala_katuna,400,200.25,roadside settlement,0.48,0.52,0.61,0.74,0.86,0.95,0.95,0.95,0.38
kampala_katuna,401,200.75,open road,0.0,0.0,0.0,0.06,0.19,0.26,0.26,0.26,0.19
kampala_katuna,402,201.25,open road,0.11,0.11,0.12,0.12,0.13,0.15,0.16,0.15,0.020000000000000004
kampala_katuna,403,201.75,roadside settlement,0.17,0.28,0.39,0.53,0.82,0.96,1.03,0.97,0.6499999999999999
kampala_katuna,404,202.25,open road,0.0,0.0,0.0,0.0,0.0,0.0,0.0,0.0,0.0
kampala_katuna,405,202.75,open road,0.11,0.11,0.12,0.13,0.14,0.14,0.14,0.14,0.030000000000000013
kampala_katuna,406,203.25,open road,0.01,0.01,0.01,0.02,0.02,0.02,0.02,0.02,0.01
kampala_katuna,407,203.75,open road,0.0,0.0,0.01,0.01,0.01,0.01,0.01,0.01,0.01
kampala_katuna,408,204.25,roadside settlement,0.29,0.35,0.4,0.45,0.49,0.49,0.52,0.5,0.2
kampala_katuna,409,204.75,open road,0.14,0.23,0.33,0.5,0.53,0.83,0.93,0.85,0.39
kampala_katuna,410,205.25,open road,0.0,0.0,0.0,0.0,0.0,0.0,0.0,0.0,0.0
kampala_katuna,411,205.75,open road,0.01,0.01,0.01,0.01,0.01,0.01,0.01,0.01,0.0
kampala_katuna,412,206.25,open road,0.01,0.01,0.02,0.02,0.02,0.02,0.02,0.02,0.01
kampala_katuna,413,206.75,roadside settlement,0.15,0.16,0.18,0.19,0.19,0.19,0.31,0.21,0.04000000000000001
kampala_katuna,414,207.25,open road,0.44,0.46,0.47,0.48,0.48,0.57,0.61,0.58,0.03999999999999998
kampala_katuna,415,207.75,open road,0.11,0.12,0.14,0.27,0.28,0.35,0.42,0.36,0.17000000000000004
kampala_katuna,416,208.25,roadside settlement,0.41,0.47,0.53,0.58,0.59,0.67,0.67,0.67,0.18
kampala_katuna,417,208.75,open road,0.02,0.02,0.02,0.02,0.03,0.03,0.03,0.03,0.009999999999999998
kampala_katuna,418,209.25,open road,0.09,0.1,0.1,0.11,0.12,0.12,0.12,0.12,0.03
kampala_katuna,419,209.75,open road,0.16,0.17,0.18,0.19,0.21,0.21,0.21,0.21,0.04999999999999999
kampala_katuna,420,210.25,open road,0.0,0.0,0.0,0.0,0.01,0.01,0.01,0.01,0.01
kampala_katuna,421,210.75,open road,0.0,0.0,0.0,0.0,0.0,0.0,0.0,0.0,0.0
kampala_katuna,422,211.25,open road,0.0,0.0,0.0,0.0,0.0,0.0,0.0,0.0,0.0
kampala_katuna,423,211.75,roadside settlement,0.04,0.1,0.16,0.21,0.23,0.51,0.51,0.51,0.19
kampala_katuna,424,212.25,roadside settlement,0.7,1.08,2.09,3.39,3.48,4.01,4.03,4.01,2.7800000000000002
kampala_katuna,425,212.75,roadside settlement,0.72,0.98,1.44,1.96,1.96,2.31,2.31,2.31,1.24
kampala_katuna,426,213.25,open road,0.0,0.0,0.0,0.0,0.0,0.0,0.0,0.0,0.0
kampala_katuna,427,213.75,open road,0.0,0.0,0.0,0.0,0.0,0.0,0.0,0.0,0.0
kampala_katuna,428,214.25,open road,0.0,0.0,0.0,0.0,0.0,0.08,0.08,0.08,0.0
kampala_katuna,429,214.75,open road,0.0,0.0,0.0,0.0,0.0,0.0,0.0,0.0,0.0
kampala_katuna,430,215.25,open road,0.0,0.0,0.0,0.0,0.0,0.0,0.0,0.0,0.0
kampala_katuna,431,215.75,open road,0.0,0.0,0.0,0.0,0.0,0.0,0.0,0.0,0.0
kampala_katuna,432,216.25,open road,0.0,0.0,0.0,0.0,0.0,0.0,0.0,0.0,0.0
kampala_katuna,433,216.75,open road,0.02,0.02,0.02,0.02,0.02,0.02,0.02,0.02,0.0
kampala_katuna,434,217.25,open road,0.04,0.04,0.04,0.04,0.05,0.05,0.05,0.05,0.010000000000000002
kampala_katuna,435,217.75,open road,0.05,0.05,0.05,0.06,0.06,0.06,0.06,0.06,0.009999999999999995
kampala_katuna,436,218.25,open road,0.51,0.53,0.54,0.55,0.56,0.56,0.61,0.57,0.050000000000000044
kampala_katuna,437,218.75,open road,0.61,0.7,0.79,0.86,0.91,1.22,1.63,1.3,0.30000000000000004
kampala_katuna,438,219.25,roadside settlement,0.07,0.09,0.11,0.13,0.24,0.34,0.45,0.36,0.16999999999999998
kampala_katuna,439,219.75,roadside settlement,0.32,0.53,0.86,1.36,1.52,1.86,1.88,1.86,1.2
kampala_katuna,440,220.25,roadside settlement,0.11,0.21,0.5,1.31,1.74,2.01,2.01,2.01,1.63
kampala_katuna,441,220.75,roadside settlement,0.09,0.17,0.25,0.33,0.57,0.71,0.95,0.76,0.48
kampala_katuna,442,221.25,roadside settlement,0.25,0.38,0.58,0.72,0.72,1.49,1.49,1.49,0.47
kampala_katuna,443,221.75,open road,0.0,0.0,0.0,0.0,0.0,0.0,0.0,0.0,0.0
kampala_katuna,444,222.25,open road,0.01,0.01,0.01,0.01,0.01,0.01,0.01,0.01,0.0
kampala_katuna,445,222.75,open road,0.08,0.08,0.09,0.1,0.1,0.11,0.11,0.11,0.020000000000000004
kampala_katuna,446,223.25,open road,0.05,0.05,0.06,0.06,0.06,0.06,0.07,0.06,0.009999999999999995
kampala_katuna,447,223.75,open road,0.07,0.07,0.07,0.08,0.08,0.08,0.08,0.08,0.009999999999999995
kampala_katuna,448,224.25,open road,0.05,0.06,0.09,0.13,0.22,0.33,0.52,0.37,0.16999999999999998
kampala_katuna,449,224.75,roadside settlement,0.31,0.37,0.45,0.61,0.83,1.06,1.15,1.08,0.52
kampala_katuna,450,225.25,roadside settlement,0.37,0.39,0.41,0.43,0.43,0.9,0.9,0.9,0.06
kampala_katuna,451,225.75,open road,0.33,0.37,0.4,0.43,0.45,0.45,0.45,0.45,0.12
kampala_katuna,452,226.25,open road,0.03,0.03,0.03,0.04,0.04,0.04,0.04,0.04,0.010000000000000002
kampala_katuna,453,226.75,open road,0.01,0.01,0.01,0.01,0.01,0.01,0.01,0.01,0.0
kampala_katuna,454,227.25,open road,0.02,0.03,0.03,0.03,0.03,0.03,0.03,0.03,0.009999999999999998
kampala_katuna,455,227.75,roadside settlement,0.86,1.07,1.34,1.53,1.53,1.72,1.72,1.72,0.67
kampala_katuna,456,228.25,roadside settlement,4.37,4.56,4.77,4.93,5.0,5.0,5.0,5.0,0.6299999999999999
kampala_katuna,457,228.75,roadside settlement,1.05,1.4,1.76,2.07,2.26,2.29,2.29,2.29,1.2099999999999997
kampala_katuna,458,229.25,roadside settlement,0.35,0.36,0.4,0.71,1.11,1.54,1.58,1.55,0.7600000000000001
kampala_katuna,459,229.75,open road,0.01,0.02,0.02,0.02,0.15,0.48,0.51,0.49,0.13999999999999999
kampala_katuna,460,230.25,open road,0.0,0.0,0.0,0.0,0.0,0.15,0.15,0.15,0.0
kampala_katuna,461,230.75,open road,0.0,0.0,0.0,0.0,0.01,0.01,0.01,0.01,0.01
kampala_katuna,462,231.25,open road,0.0,0.0,0.01,0.02,0.06,0.06,0.26,0.1,0.06
kampala_katuna,463,231.75,roadside settlement,0.2,0.23,0.27,0.3,0.3,0.32,0.51,0.36,0.09999999999999998
kampala_katuna,464,232.25,roadside settlement,0.1,0.13,0.16,0.18,0.18,0.18,0.18,0.18,0.07999999999999999
kampala_katuna,465,232.75,open road,0.01,0.01,0.01,0.01,0.01,0.01,0.01,0.01,0.0
kampala_katuna,466,233.25,open road,0.07,0.07,0.08,0.08,0.08,0.08,0.08,0.08,0.009999999999999995
kampala_katuna,467,233.75,roadside settlement,0.26,0.26,0.26,0.26,0.26,0.29,0.29,0.29,0.0
kampala_katuna,468,234.25,roadside settlement,0.2,0.2,0.2,0.21,0.21,0.23,0.23,0.23,0.009999999999999981
kampala_katuna,469,234.75,open road,0.0,0.0,0.0,0.0,0.0,0.0,0.0,0.0,0.0
kampala_katuna,470,235.25,open road,0.07,0.08,0.08,0.08,0.09,0.09,0.09,0.09,0.01999999999999999
kampala_katuna,471,235.75,open road,0.03,0.03,0.04,0.04,0.05,0.05,0.05,0.05,0.020000000000000004
kampala_katuna,472,236.25,open road,0.16,0.2,0.23,0.26,0.26,0.26,0.26,0.26,0.1
kampala_katuna,473,236.75,open road,0.12,0.23,0.33,0.43,0.43,0.57,0.9,0.64,0.31
kampala_katuna,474,237.25,open road,0.0,0.0,0.0,0.0,0.0,0.0,0.0,0.0,0.0
kampala_katuna,475,237.75,open road,0.0,0.01,0.06,0.11,0.24,0.24,0.41,0.27,0.24
kampala_katuna,476,238.25,open road,0.0,0.0,0.0,0.0,0.0,0.0,0.0,0.0,0.0
kampala_katuna,477,238.75,open road,0.0,0.0,0.0,0.0,0.0,0.0,0.0,0.0,0.0
kampala_katuna,478,239.25,open road,0.18,0.18,0.19,0.2,0.2,0.2,0.2,0.2,0.020000000000000018
kampala_katuna,479,239.75,open road,0.1,0.23,0.38,0.59,0.87,1.0,1.06,1.01,0.77
kampala_katuna,480,240.25,open road,0.19,0.2,0.21,0.22,0.23,0.23,0.23,0.23,0.04000000000000001
kampala_katuna,481,240.75,open road,0.06,0.06,0.06,0.06,0.07,0.07,0.07,0.07,0.010000000000000009
kampala_katuna,482,241.25,open road,0.0,0.0,0.0,0.0,0.0,0.0,0.0,0.0,0.0
kampala_katuna,483,241.75,open road,0.0,0.0,0.0,0.0,0.0,0.0,0.0,0.0,0.0
kampala_katuna,484,242.25,open road,0.0,0.0,0.0,0.0,0.0,0.0,0.0,0.0,0.0
kampala_katuna,485,242.75,open road,0.0,0.0,0.0,0.0,0.0,0.0,0.0,0.0,0.0
kampala_katuna,486,243.25,open road,0.01,0.01,0.01,0.01,0.01,0.01,0.01,0.01,0.0
kampala_katuna,487,243.75,open road,0.0,0.0,0.0,0.0,0.0,0.0,0.0,0.0,0.0
kampala_katuna,488,244.25,open road,0.0,0.0,0.0,0.0,0.0,0.0,0.0,0.0,0.0
kampala_katuna,489,244.75,open road,0.06,0.06,0.07,0.07,0.07,0.07,0.07,0.07,0.010000000000000009
kampala_katuna,490,245.25,open road,0.0,0.0,0.0,0.0,0.0,0.0,0.0,0.0,0.0
kampala_katuna,491,245.75,open road,0.0,0.0,0.0,0.0,0.0,0.0,0.05,0.01,0.0
kampala_katuna,492,246.25,open road,0.01,0.01,0.01,0.01,0.01,0.01,0.01,0.01,0.0
kampala_katuna,493,246.75,open road,0.0,0.0,0.0,0.0,0.0,0.0,0.0,0.0,0.0
kampala_katuna,494,247.25,open road,0.0,0.02,0.08,0.12,0.26,0.36,0.49,0.39,0.26
kampala_katuna,495,247.75,roadside settlement,0.62,0.84,1.09,1.33,1.6,1.74,1.77,1.75,0.9800000000000001
kampala_katuna,496,248.25,roadside settlement,0.79,0.87,1.1,1.38,1.53,1.93,2.08,1.96,0.74
kampala_katuna,497,248.75,roadside settlement,0.4,0.46,0.52,0.57,0.79,1.29,1.37,1.31,0.39
kampala_katuna,498,249.25,roadside settlement,1.82,2.18,2.54,2.9,2.92,3.2,3.2,3.2,1.0999999999999999
kampala_katuna,499,249.75,roadside settlement,4.33,4.53,4.74,4.96,5.45,5.45,5.45,5.45,1.12
kampala_katuna,500,250.25,roadside settlement,5.07,5.25,5.42,5.61,5.98,5.98,5.98,5.98,0.9100000000000001
kampala_katuna,501,250.75,roadside settlement,1.25,1.37,1.49,1.77,2.33,2.33,2.37,2.34,1.08
kampala_katuna,502,251.25,roadside settlement,1.01,1.21,1.4,1.71,2.55,2.84,2.84,2.84,1.5399999999999998
kampala_katuna,503,251.75,roadside settlement,2.29,2.44,2.59,2.72,2.96,3.06,3.06,3.06,0.6699999999999999
kampala_katuna,504,252.25,roadside settlement,1.02,1.22,1.67,2.45,3.5,3.51,3.51,3.51,2.48
kampala_katuna,505,252.75,roadside settlement,0.99,1.12,1.26,1.39,1.43,1.69,1.74,1.7,0.43999999999999995
kampala_katuna,506,253.25,roadside settlement,1.12,1.25,1.39,1.57,1.67,1.77,1.78,1.77,0.5499999999999998
kampala_katuna,507,253.75,roadside settlement,1.22,1.36,1.53,1.82,2.28,2.51,2.56,2.52,1.0599999999999998
kampala_katuna,508,254.25,roadside settlement,1.54,1.63,1.73,1.82,1.89,2.03,2.18,2.06,0.34999999999999987
kampala_katuna,509,254.75,roadside settlement,0.47,0.73,1.05,1.49,2.14,2.86,2.86,2.86,1.6700000000000002
kampala_katuna,510,255.25,open road,0.0,0.0,0.02,0.03,0.28,0.29,0.29,0.29,0.28
kampala_katuna,511,255.75,open road,0.02,0.07,0.29,0.41,0.46,0.67,1.48,0.83,0.44
kampala_katuna,512,256.25,roadside settlement,2.0,2.93,4.3,5.38,6.02,6.02,6.02,6.02,4.02
kampala_katuna,513,256.75,roadside settlement,1.23,1.32,1.41,1.57,1.99,2.26,2.47,2.3,0.76
kampala_katuna,514,257.25,open road,0.07,0.07,0.09,0.16,0.66,1.51,1.61,1.53,0.5900000000000001
kampala_katuna,515,257.75,open road,0.21,0.31,0.49,0.92,1.72,2.07,2.19,2.09,1.51
kampala_katuna,516,258.25,roadside settlement,1.3,1.79,2.37,3.36,3.85,3.85,3.93,3.87,2.55
kampala_katuna,517,258.75,roadside settlement,1.68,1.78,2.08,2.25,2.43,2.48,2.48,2.48,0.7500000000000002
kampala_katuna,518,259.25,roadside settlement,1.49,1.59,1.7,1.85,1.96,2.24,2.27,2.25,0.47
kampala_katuna,519,259.75,roadside settlement,2.21,2.36,2.58,2.85,3.04,3.24,3.41,3.27,0.8300000000000001
kampala_katuna,520,260.25,roadside settlement,0.52,0.72,0.93,1.36,2.23,3.38,3.63,3.43,1.71
kampala_katuna,521,260.75,roadside settlement,3.7,3.74,3.77,3.79,3.79,3.85,3.85,3.85,0.08999999999999986
kampala_katuna,522,261.25,roadside settlement,4.96,5.1,5.24,5.4,5.46,5.46,6.12,5.59,0.5
kampala_katuna,523,261.75,town,9.58,9.68,9.78,9.85,9.85,9.85,9.85,9.85,0.2699999999999996
kampala_katuna,524,262.25,town,8.44,8.69,8.95,9.15,9.15,9.15,9.15,9.15,0.7100000000000009
kampala_katuna,525,262.75,town,9.9,10.08,10.27,10.42,10.42,10.42,10.42,10.42,0.5199999999999996
kampala_katuna,526,263.25,town,10.22,10.23,10.23,10.26,10.42,10.42,10.42,10.42,0.1999999999999993
kampala_katuna,527,263.75,town,7.68,7.73,7.79,7.89,8.18,8.18,8.18,8.18,0.5
kampala_katuna,528,264.25,town,7.76,7.86,7.96,8.03,8.03,8.03,8.03,8.03,0.2699999999999996
kampala_katuna,529,264.75,town,5.06,5.13,5.2,5.26,5.26,5.26,5.26,5.26,0.20000000000000018
kampala_katuna,530,265.25,town,5.62,5.68,5.75,5.8,5.85,5.85,5.85,5.85,0.22999999999999954
kampala_katuna,531,265.75,roadside settlement,3.22,3.33,3.44,3.52,3.53,3.64,3.65,3.64,0.3099999999999996
kampala_katuna,532,266.25,roadside settlement,2.57,2.66,2.76,2.88,3.13,3.4,3.55,3.43,0.56
kampala_katuna,533,266.75,roadside settlement,3.18,3.32,3.5,3.67,4.08,4.35,4.35,4.35,0.8999999999999999
kampala_katuna,534,267.25,roadside settlement,3.21,3.4,3.6,3.83,4.18,4.41,4.45,4.42,0.9699999999999998
kampala_katuna,535,267.75,roadside settlement,0.69,0.84,1.14,1.34,1.38,1.59,1.59,1.59,0.69
kampala_katuna,536,268.25,roadside settlement,2.1,2.27,2.45,2.68,2.94,2.94,3.03,2.96,0.8399999999999999
kampala_katuna,537,268.75,town,6.04,6.31,6.58,6.97,7.07,7.07,7.07,7.07,1.0300000000000002
kampala_katuna,538,269.25,roadside settlement,4.64,4.8,4.97,5.1,5.33,5.33,5.33,5.33,0.6900000000000004
kampala_katuna,539,269.75,roadside settlement,3.79,3.91,4.11,4.3,4.58,4.97,4.97,4.97,0.79
kampala_katuna,540,270.25,roadside settlement,3.21,3.5,3.99,4.3,4.31,4.44,4.44,4.44,1.0999999999999996
kampala_katuna,541,270.75,roadside settlement,0.23,0.41,0.64,0.9,1.7,1.96,2.02,1.97,1.47
kampala_katuna,542,271.25,roadside settlement,0.0,0.02,0.18,0.47,1.08,1.33,1.43,1.35,1.08
kampala_katuna,543,271.75,roadside settlement,0.65,0.7,0.79,0.85,0.88,1.14,1.14,1.14,0.22999999999999998
kampala_katuna,544,272.25,open road,0.66,0.7,0.81,0.88,1.0,1.32,1.38,1.33,0.33999999999999997
kampala_katuna,545,272.75,roadside settlement,1.67,1.69,1.72,1.74,1.77,1.88,1.88,1.88,0.10000000000000009
kampala_katuna,546,273.25,roadside settlement,1.12,1.21,1.31,1.68,2.07,2.07,2.07,2.07,0.9499999999999997
kampala_katuna,547,273.75,open road,0.02,0.03,0.04,0.05,0.07,0.15,0.22,0.16,0.05
kampala_katuna,548,274.25,open road,0.0,0.0,0.0,0.0,0.0,0.0,0.0,0.0,0.0
kampala_katuna,549,274.75,open road,0.09,0.15,0.21,0.32,0.54,0.54,0.58,0.55,0.45000000000000007
kampala_katuna,550,275.25,open road,0.12,0.18,0.24,0.31,0.51,0.53,0.53,0.53,0.39
kampala_katuna,551,275.75,open road,0.54,0.55,0.55,0.55,0.57,0.64,0.67,0.65,0.029999999999999916
kampala_katuna,552,276.25,roadside settlement,0.86,0.94,1.03,1.14,1.43,1.59,1.66,1.6,0.57
kampala_katuna,553,276.75,roadside settlement,0.32,0.33,0.43,0.53,0.92,1.2,1.32,1.22,0.6000000000000001
kampala_katuna,554,277.25,roadside settlement,0.35,0.37,0.47,0.66,0.93,1.06,1.44,1.14,0.5800000000000001
kampala_katuna,555,277.75,roadside settlement,0.87,0.88,0.89,0.98,1.04,1.43,1.43,1.43,0.17000000000000004
kampala_katuna,556,278.25,open road,0.0,0.02,0.06,0.16,0.47,0.64,0.64,0.64,0.47
kampala_katuna,557,278.75,roadside settlement,1.01,1.03,1.04,1.07,1.11,1.11,1.17,1.12,0.10000000000000009
kampala_katuna,558,279.25,roadside settlement,0.94,0.96,0.99,1.01,1.02,1.15,1.19,1.16,0.08000000000000007
kampala_katuna,559,279.75,open road,0.11,0.12,0.12,0.13,0.13,0.29,0.33,0.3,0.020000000000000004
kampala_katuna,560,280.25,open road,0.05,0.05,0.06,0.06,0.06,0.06,0.06,0.06,0.009999999999999995
kampala_katuna,561,280.75,roadside settlement,1.03,1.11,1.18,1.24,1.25,1.71,2.01,1.77,0.21999999999999997
kampala_katuna,562,281.25,roadside settlement,1.41,1.49,1.64,1.74,1.8,1.83,1.84,1.83,0.3900000000000001
kampala_katuna,563,281.75,roadside settlement,1.4,1.5,1.62,1.73,1.86,2.13,2.13,2.13,0.4600000000000002
kampala_katuna,564,282.25,roadside settlement,0.28,0.34,0.41,0.49,0.66,1.11,1.27,1.14,0.38
kampala_katuna,565,282.75,roadside settlement,0.56,0.6,0.64,0.75,1.09,1.53,1.63,1.55,0.53
kampala_katuna,566,283.25,roadside settlement,1.43,1.56,1.7,1.85,2.05,2.25,2.5,2.3,0.6199999999999999
kampala_katuna,567,283.75,roadside settlement,0.32,0.42,0.65,0.87,1.14,1.61,1.68,1.62,0.8199999999999998
kampala_katuna,568,284.25,open road,0.0,0.0,0.0,0.17,0.4,0.66,0.67,0.66,0.4
kampala_katuna,569,284.75,open road,0.0,0.0,0.0,0.0,0.0,0.01,0.01,0.01,0.0
kampala_katuna,570,285.25,roadside settlement,0.47,0.52,0.58,0.63,0.65,0.65,0.69,0.66,0.18000000000000005
kampala_katuna,571,285.75,roadside settlement,0.13,0.17,0.24,0.43,0.78,0.98,1.01,0.99,0.65
kampala_katuna,572,286.25,open road,0.01,0.04,0.06,0.14,0.31,0.6,0.69,0.62,0.3
kampala_katuna,573,286.75,open road,0.03,0.03,0.03,0.03,0.04,0.04,0.04,0.04,0.010000000000000002
kampala_katuna,574,287.25,roadside settlement,0.01,0.01,0.03,0.08,0.3,0.54,0.62,0.56,0.29
kampala_katuna,575,287.75,roadside settlement,1.4,1.47,1.56,1.76,2.15,2.32,2.52,2.36,0.75
kampala_katuna,576,288.25,roadside settlement,1.77,1.93,2.1,2.29,2.29,2.91,2.95,2.92,0.52
kampala_katuna,577,288.75,roadside settlement,1.72,1.85,2.04,2.25,2.26,2.43,2.43,2.43,0.5399999999999998
kampala_katuna,578,289.25,roadside settlement,0.72,0.86,1.0,1.16,1.27,1.37,1.51,1.4,0.55
kampala_katuna,579,289.75,roadside settlement,0.04,0.05,0.26,0.44,0.75,0.85,1.18,0.92,0.71
kampala_katuna,580,290.25,roadside settlement,0.95,1.17,1.4,1.62,1.75,1.92,2.03,1.94,0.8
kampala_katuna,581,290.75,roadside settlement,0.0,0.0,0.03,0.06,0.4,0.47,0.84,0.54,0.4
kampala_katuna,582,291.25,roadside settlement,0.11,0.24,0.42,0.75,1.17,1.53,1.56,1.54,1.0599999999999998
kampala_katuna,583,291.75,roadside settlement,0.0,0.06,0.26,0.38,0.87,0.98,1.18,1.02,0.87
kampala_katuna,584,292.25,roadside settlement,0.0,0.02,0.04,0.16,0.58,0.73,0.96,0.78,0.58
kampala_katuna,585,292.75,roadside settlement,0.81,0.92,1.08,1.34,1.51,1.53,1.54,1.53,0.7
kampala_katuna,586,293.25,roadside settlement,0.1,0.13,0.15,0.17,0.18,0.18,0.21,0.19,0.07999999999999999
kampala_katuna,587,293.75,roadside settlement,0.81,0.89,0.96,1.14,1.16,1.52,1.54,1.52,0.34999999999999987
kampala_katuna,588,294.25,roadside settlement,0.59,0.82,1.05,1.26,1.42,1.51,1.59,1.53,0.83
kampala_katuna,589,294.75,roadside settlement,0.43,0.64,0.87,1.11,1.55,1.76,1.78,1.76,1.12
kampala_katuna,590,295.25,roadside settlement,0.14,0.27,0.4,0.74,0.88,1.19,1.28,1.21,0.74
kampala_katuna,591,295.75,open road,0.12,0.24,0.42,0.57,0.65,0.97,1.07,0.99,0.53
kampala_katuna,592,296.25,open road,0.13,0.14,0.21,0.31,0.34,0.37,0.41,0.38,0.21000000000000002
kampala_katuna,593,296.75,roadside settlement,0.06,0.08,0.11,0.2,0.74,1.01,1.4,1.09,0.6799999999999999
kampala_katuna,594,297.25,roadside settlement,0.23,0.3,0.38,0.57,0.63,0.63,0.79,0.66,0.4
kampala_katuna,595,297.75,roadside settlement,1.09,1.32,1.72,2.06,2.49,2.93,2.94,2.93,1.4000000000000001
kampala_katuna,596,298.25,roadside settlement,3.9,4.17,4.49,4.95,5.02,5.02,5.06,5.03,1.1199999999999997
kampala_katuna,597,298.75,roadside settlement,2.63,2.73,2.88,3.04,3.45,3.51,3.54,3.52,0.8200000000000003
kampala_katuna,598,299.25,roadside settlement,0.04,0.06,0.09,0.14,0.29,0.47,0.65,0.51,0.24999999999999997
kampala_katuna,599,299.75,open road,0.0,0.0,0.01,0.03,0.13,0.32,0.86,0.43,0.13
kampala_katuna,600,300.25,roadside settlement,0.22,0.31,0.39,0.51,0.54,0.54,0.69,0.57,0.32000000000000006
kampala_katuna,601,300.75,roadside settlement,0.57,0.67,0.78,0.86,0.87,1.22,1.42,1.26,0.30000000000000004
kampala_katuna,602,301.25,roadside settlement,3.15,3.36,3.58,3.75,3.79,3.79,3.8,3.79,0.6400000000000001
kampala_katuna,603,301.75,roadside settlement,1.0,1.11,1.23,1.39,1.48,1.61,1.72,1.63,0.48
kampala_katuna,604,302.25,roadside settlement,0.02,0.13,0.38,0.7,1.31,1.59,2.03,1.68,1.29
kampala_katuna,605,302.75,open road,0.02,0.03,0.03,0.05,0.06,0.23,0.28,0.24,0.039999999999999994
kampala_katuna,606,303.25,roadside settlement,0.34,0.36,0.45,0.5,0.53,0.91,1.27,0.98,0.19
kampala_katuna,607,303.75,roadside settlement,1.11,1.25,1.4,1.55,1.69,1.95,2.08,1.98,0.5799999999999998
kampala_katuna,608,304.25,roadside settlement,0.12,0.15,0.31,0.43,0.55,0.94,1.3,1.01,0.43000000000000005
kampala_katuna,609,304.75,roadside settlement,0.01,0.08,0.2,0.33,0.49,0.79,1.29,0.89,0.48
kampala_katuna,610,305.25,roadside settlement,0.28,0.33,0.39,0.48,0.57,0.88,1.17,0.94,0.2899999999999999
kampala_katuna,611,305.75,roadside settlement,0.08,0.1,0.23,0.35,0.41,0.59,0.73,0.62,0.32999999999999996
kampala_katuna,612,306.25,open road,0.04,0.05,0.05,0.05,0.05,0.05,0.05,0.05,0.010000000000000002
kampala_katuna,613,306.75,roadside settlement,0.09,0.11,0.13,0.14,0.17,0.48,0.52,0.49,0.08000000000000002
kampala_katuna,614,307.25,roadside settlement,1.05,1.5,1.94,2.4,2.51,2.69,2.69,2.69,1.4599999999999997
kampala_katuna,615,307.75,roadside settlement,0.26,0.51,0.89,1.15,1.28,1.73,1.84,1.75,1.02
kampala_katuna,616,308.25,roadside settlement,0.28,0.4,0.54,0.74,1.03,1.03,1.08,1.04,0.75
kampala_katuna,617,308.75,open road,0.04,0.05,0.17,0.27,0.47,0.47,0.5,0.48,0.43
kampala_katuna,618,309.25,open road,0.13,0.18,0.42,0.6,0.88,0.9,1.01,0.92,0.75
kampala_katuna,619,309.75,open road,0.1,0.15,0.21,0.51,0.7,0.7,0.97,0.75,0.6
kampala_katuna,620,310.25,roadside settlement,0.15,0.19,0.34,0.53,0.88,1.23,1.33,1.25,0.73
kampala_katuna,621,310.75,open road,0.1,0.1,0.1,0.11,0.11,0.25,0.25,0.25,0.009999999999999995
kampala_katuna,622,311.25,open road,0.05,0.05,0.07,0.1,0.33,0.34,0.54,0.38,0.28
kampala_katuna,623,311.75,roadside settlement,0.01,0.08,0.22,0.53,1.27,1.3,1.47,1.33,1.26
kampala_katuna,624,312.25,roadside settlement,0.13,0.2,0.41,0.54,0.63,0.71,0.95,0.76,0.5
kampala_katuna,625,312.75,open road,0.01,0.01,0.02,0.02,0.03,0.27,0.45,0.31,0.019999999999999997
kampala_katuna,626,313.25,roadside settlement,0.1,0.27,0.48,0.9,1.43,1.89,2.05,1.92,1.3299999999999998
kampala_katuna,627,313.75,roadside settlement,0.13,0.28,0.45,0.67,1.05,1.21,1.33,1.23,0.92
kampala_katuna,628,314.25,roadside settlement,0.36,0.59,0.81,1.02,1.28,1.31,1.43,1.33,0.92
kampala_katuna,629,314.75,roadside settlement,0.61,0.7,0.88,1.04,1.33,1.52,1.66,1.55,0.7200000000000001
kampala_katuna,630,315.25,roadside settlement,1.37,1.49,1.66,1.91,2.07,2.45,2.53,2.47,0.6999999999999997
kampala_katuna,631,315.75,roadside settlement,2.41,2.76,3.17,3.5,3.59,3.69,3.72,3.7,1.1799999999999997
kampala_katuna,632,316.25,roadside settlement,0.05,0.08,0.12,0.2,0.57,0.62,0.87,0.67,0.5199999999999999
kampala_katuna,633,316.75,open road,0.1,0.1,0.11,0.15,0.19,0.38,0.46,0.4,0.09
kampala_katuna,634,317.25,open road,0.0,0.0,0.01,0.04,0.12,0.24,0.33,0.26,0.12
kampala_katuna,635,317.75,open road,0.1,0.12,0.15,0.2,0.41,0.5,0.5,0.5,0.30999999999999994
kampala_katuna,636,318.25,roadside settlement,0.47,0.62,0.82,1.09,1.28,1.71,1.76,1.72,0.81
kampala_katuna,637,318.75,roadside settlement,0.78,1.0,1.32,1.63,1.68,1.88,1.94,1.89,0.8999999999999999
kampala_katuna,638,319.25,roadside settlement,0.59,0.78,0.97,1.34,1.56,1.64,1.68,1.65,0.9700000000000001
kampala_katuna,639,319.75,open road,0.09,0.14,0.2,0.45,1.12,1.68,1.72,1.69,1.03
kampala_katuna,640,320.25,open road,0.0,0.0,0.11,0.33,0.67,1.06,1.15,1.08,0.67
kampala_katuna,641,320.75,roadside settlement,0.0,0.01,0.13,0.36,0.86,1.13,1.73,1.25,0.86
kampala_katuna,642,321.25,roadside settlement,0.72,0.83,1.12,1.35,1.49,2.21,2.24,2.22,0.77
kampala_katuna,643,321.75,roadside settlement,0.41,0.54,0.74,0.93,0.98,1.52,1.57,1.53,0.5700000000000001
kampala_katuna,644,322.25,roadside settlement,0.0,0.11,0.22,0.45,1.69,1.75,1.75,1.75,1.69
kampala_katuna,645,322.75,roadside settlement,0.0,0.0,0.05,0.17,1.09,1.45,1.58,1.48,1.09
kampala_katuna,646,323.25,open road,0.0,0.04,0.07,0.18,0.58,0.75,0.92,0.78,0.58
kampala_katuna,647,323.75,open road,0.0,0.01,0.11,0.17,0.3,0.37,0.46,0.39,0.3
kampala_katuna,648,324.25,roadside settlement,0.16,0.25,0.36,0.57,0.78,0.92,1.04,0.94,0.62
kampala_katuna,649,324.75,roadside settlement,1.16,1.33,1.53,1.7,1.74,1.74,1.8,1.75,0.5800000000000001
kampala_katuna,650,325.25,town,1.65,1.8,1.95,2.07,2.11,2.11,2.19,2.13,0.45999999999999996
kampala_katuna,651,325.75,town,1.95,2.23,2.59,2.84,2.85,2.85,2.88,2.86,0.9000000000000001
kampala_katuna,652,326.25,town,3.9,4.67,5.63,6.51,6.52,6.63,6.63,6.63,2.6199999999999997
kampala_katuna,653,326.75,town,5.3,5.69,6.1,6.42,6.42,6.42,6.42,6.42,1.12
kampala_katuna,654,327.25,town,1.8,2.16,2.51,2.81,2.86,2.91,3.08,2.94,1.0599999999999998
kampala_katuna,655,327.75,roadside settlement,0.31,0.63,0.98,1.24,1.25,2.23,2.25,2.23,0.94
kampala_katuna,656,328.25,roadside settlement,0.03,0.2,0.59,0.99,1.02,1.2,1.31,1.22,0.99
kampala_katuna,657,328.75,open road,0.0,0.06,0.14,0.24,0.56,0.78,0.92,0.81,0.56
kampala_katuna,658,329.25,roadside settlement,0.0,0.07,0.18,0.42,0.54,0.89,0.97,0.91,0.54
kampala_katuna,659,329.75,roadside settlement,0.52,0.72,0.91,1.08,1.28,1.57,1.61,1.58,0.76
kampala_katuna,660,330.25,roadside settlement,0.24,0.28,0.34,0.42,0.71,0.85,0.88,0.86,0.47
kampala_katuna,661,330.75,roadside settlement,0.13,0.29,0.56,0.82,1.0,1.3,1.33,1.31,0.87
kampala_katuna,662,331.25,roadside settlement,0.61,0.76,1.03,1.67,2.03,2.27,2.27,2.27,1.42
kampala_katuna,663,331.75,roadside settlement,0.0,0.05,0.2,0.3,0.41,0.65,0.91,0.7,0.41
kampala_katuna,664,332.25,open road,0.0,0.0,0.0,0.04,0.05,0.23,0.28,0.24,0.05
kampala_katuna,665,332.75,open road,0.06,0.1,0.13,0.39,0.42,0.54,0.73,0.58,0.36
kampala_katuna,666,333.25,open road,0.01,0.05,0.09,0.19,0.22,0.3,0.32,0.3,0.21
kampala_katuna,667,333.75,open road,0.02,0.02,0.02,0.03,0.03,0.03,0.03,0.03,0.009999999999999998
kampala_katuna,668,334.25,open road,0.03,0.04,0.04,0.04,0.04,0.04,0.04,0.04,0.010000000000000002
kampala_katuna,669,334.75,open road,0.31,0.34,0.36,0.39,0.41,0.41,0.52,0.43,0.09999999999999998
kampala_katuna,670,335.25,roadside settlement,0.05,0.06,0.07,0.08,0.08,0.13,0.25,0.15,0.03
kampala_katuna,671,335.75,roadside settlement,0.47,0.52,0.56,0.6,0.63,0.93,1.27,1.0,0.16000000000000003
kampala_katuna,672,336.25,roadside settlement,0.31,0.47,0.62,0.84,0.95,1.12,1.18,1.13,0.6399999999999999
kampala_katuna,673,336.75,roadside settlement,0.13,0.17,0.21,0.26,0.31,0.49,0.54,0.5,0.18
kampala_katuna,674,337.25,roadside settlement,0.0,0.05,0.11,0.17,0.3,0.5,0.55,0.51,0.3
kampala_katuna,675,337.75,open road,0.3,0.32,0.33,0.46,0.52,0.81,0.92,0.83,0.22000000000000003
kampala_katuna,676,338.25,open road,0.0,0.02,0.05,0.07,0.08,0.25,0.43,0.29,0.08
kampala_katuna,677,338.75,open road,0.01,0.01,0.02,0.02,0.02,0.02,0.02,0.02,0.01
kampala_katuna,678,339.25,open road,0.0,0.0,0.0,0.0,0.0,0.09,0.13,0.1,0.0
kampala_katuna,679,339.75,roadside settlement,1.62,1.86,2.1,2.32,2.35,2.65,2.79,2.68,0.73
kampala_katuna,680,340.25,roadside settlement,0.74,1.11,1.6,2.27,2.38,2.71,2.74,2.72,1.64
kampala_katuna,681,340.75,roadside settlement,0.0,0.0,0.15,0.27,0.68,0.8,1.05,0.85,0.68
kampala_katuna,682,341.25,open road,0.11,0.12,0.13,0.15,0.15,0.2,0.27,0.21,0.039999999999999994
kampala_katuna,683,341.75,open road,0.02,0.07,0.13,0.22,0.45,0.69,1.27,0.81,0.43
kampala_katuna,684,342.25,open road,0.05,0.06,0.07,0.08,0.08,0.48,1.09,0.6,0.03
kampala_katuna,685,342.75,roadside settlement,0.19,0.63,1.4,2.6,2.92,3.51,3.55,3.52,2.73
kampala_katuna,686,343.25,roadside settlement,0.92,1.74,2.77,3.68,3.81,3.83,3.83,3.83,2.89
kampala_katuna,687,343.75,roadside settlement,0.51,0.64,0.79,1.0,1.06,1.35,1.45,1.37,0.55
kampala_katuna,688,344.25,roadside settlement,0.63,0.74,1.07,1.26,1.39,1.57,1.57,1.57,0.7599999999999999
kampala_katuna,689,344.75,roadside settlement,1.1,1.21,1.33,1.43,1.46,1.54,1.55,1.54,0.3599999999999999
kampala_katuna,690,345.25,roadside settlement,0.97,1.08,1.19,1.29,1.42,2.2,2.23,2.21,0.44999999999999996
kampala_katuna,691,345.75,roadside settlement,2.13,2.72,3.37,3.9,4.08,4.08,4.08,4.08,1.9500000000000002
kampala_katuna,692,346.25,town,6.56,7.2,7.85,8.38,8.47,8.47,8.47,8.47,1.910000000000001
kampala_katuna,693,346.75,roadside settlement,1.18,1.43,1.67,1.89,2.26,2.3,2.32,2.3,1.0799999999999998
kampala_katuna,694,347.25,roadside settlement,0.13,0.15,0.18,0.21,0.38,0.74,0.77,0.75,0.25
kampala_katuna,695,347.75,roadside settlement,0.04,0.04,0.09,0.12,0.15,0.15,0.29,0.18,0.10999999999999999
kampala_katuna,696,348.25,roadside settlement,0.0,0.0,0.02,0.12,0.44,0.69,0.72,0.7,0.44
kampala_katuna,697,348.75,roadside settlement,0.0,0.0,0.0,0.3,0.51,0.69,0.77,0.71,0.51
kampala_katuna,698,349.25,open road,0.05,0.05,0.06,0.06,0.07,0.07,0.07,0.07,0.020000000000000004
kampala_katuna,699,349.75,open road,0.03,0.03,0.06,0.1,0.26,0.4,0.42,0.4,0.23
kampala_katuna,700,350.25,open road,0.0,0.0,0.0,0.0,0.0,0.0,0.0,0.0,0.0
kampala_katuna,701,350.75,open road,0.07,0.07,0.08,0.08,0.08,0.08,0.08,0.08,0.009999999999999995
kampala_katuna,702,351.25,open road,0.05,0.06,0.06,0.06,0.07,0.07,0.07,0.07,0.020000000000000004
kampala_katuna,703,351.75,open road,0.0,0.14,0.66,0.93,1.42,1.67,1.69,1.67,1.42
kampala_katuna,704,352.25,open road,0.05,0.06,0.07,0.08,0.08,0.08,0.21,0.11,0.03
kampala_katuna,705,352.75,open road,0.04,0.05,0.05,0.14,0.24,0.32,0.32,0.32,0.19999999999999998
kampala_katuna,706,353.25,open road,0.15,0.16,0.18,0.19,0.2,0.2,0.2,0.2,0.05000000000000002
kampala_katuna,707,353.75,open road,0.05,0.06,0.06,0.07,0.08,0.08,0.08,0.08,0.03
kampala_katuna,708,354.25,open road,0.02,0.02,0.02,0.03,0.03,0.03,0.03,0.03,0.009999999999999998
kampala_katuna,709,354.75,open road,0.05,0.05,0.05,0.06,0.06,0.06,0.11,0.07,0.009999999999999995
kampala_katuna,710,355.25,open road,0.05,0.05,0.05,0.08,0.25,0.44,0.45,0.44,0.2
kampala_katuna,711,355.75,open road,0.01,0.03,0.12,0.17,0.19,0.32,0.49,0.35,0.18
kampala_katuna,712,356.25,roadside settlement,0.0,0.06,0.13,0.26,0.7,0.76,0.82,0.77,0.7
kampala_katuna,713,356.75,roadside settlement,0.0,0.03,0.08,0.15,0.42,0.48,0.62,0.51,0.42
kampala_katuna,714,357.25,roadside settlement,1.64,1.92,2.28,2.9,3.36,3.41,3.41,3.41,1.72
kampala_katuna,715,357.75,roadside settlement,2.68,2.75,2.85,2.93,3.02,3.52,3.62,3.54,0.33999999999999986
kampala_katuna,716,358.25,roadside settlement,0.0,0.04,0.1,0.21,0.71,0.89,1.0,0.91,0.71
kampala_katuna,717,358.75,roadside settlement,0.76,0.83,0.93,1.04,1.24,1.62,1.63,1.62,0.48
kampala_katuna,718,359.25,roadside settlement,0.03,0.07,0.19,0.38,0.68,0.87,1.04,0.9,0.65
kampala_katuna,719,359.75,open road,0.15,0.16,0.16,0.18,0.28,0.33,0.42,0.35,0.13000000000000003
kampala_katuna,720,360.25,roadside settlement,1.16,1.2,1.31,1.4,1.76,2.0,2.21,2.04,0.6000000000000001
kampala_katuna,721,360.75,roadside settlement,0.21,0.26,0.46,0.65,0.96,1.23,1.26,1.24,0.75
kampala_katuna,722,361.25,roadside settlement,0.28,0.37,0.5,0.64,0.79,1.0,1.0,1.0,0.51
kampala_katuna,723,361.75,roadside settlement,0.79,0.92,1.06,1.28,1.34,1.73,1.83,1.75,0.55
kampala_katuna,724,362.25,roadside settlement,0.8,0.92,1.08,1.44,1.88,1.88,1.88,1.88,1.0799999999999998
kampala_katuna,725,362.75,roadside settlement,0.04,0.08,0.45,0.76,1.24,1.24,1.24,1.24,1.2
kampala_katuna,726,363.25,roadside settlement,0.0,0.05,0.11,0.26,0.31,0.58,0.74,0.61,0.31
kampala_katuna,727,363.75,roadside settlement,0.47,0.5,0.53,0.57,0.62,0.97,1.09,0.99,0.15000000000000002
kampala_katuna,728,364.25,roadside settlement,0.05,0.08,0.28,0.4,0.75,0.97,1.02,0.98,0.7
kampala_katuna,729,364.75,roadside settlement,3.25,3.5,3.86,4.46,4.57,4.57,4.57,4.57,1.3200000000000003
kampala_katuna,730,365.25,roadside settlement,1.36,1.47,1.77,2.17,2.6,2.96,3.01,2.97,1.24
kampala_katuna,731,365.75,roadside settlement,0.32,0.46,0.66,1.13,2.0,2.37,2.39,2.37,1.68
kampala_katuna,732,366.25,roadside settlement,0.0,0.03,0.1,0.18,0.27,0.73,1.06,0.8,0.27
kampala_katuna,733,366.75,roadside settlement,0.24,0.35,0.45,0.61,0.97,1.3,1.31,1.3,0.73
kampala_katuna,734,367.25,roadside settlement,0.0,0.01,0.04,0.16,0.77,0.97,0.97,0.97,0.77
kampala_katuna,735,367.75,roadside settlement,0.49,0.55,0.66,1.03,1.42,1.57,1.58,1.57,0.9299999999999999
kampala_katuna,736,368.25,roadside settlement,0.17,0.32,0.56,0.89,1.12,1.16,1.19,1.17,0.9500000000000001
kampala_katuna,737,368.75,roadside settlement,0.0,0.06,0.25,0.63,1.35,1.63,1.67,1.64,1.35
kampala_katuna,738,369.25,roadside settlement,2.01,2.18,2.59,3.05,3.31,3.39,3.39,3.39,1.3000000000000003
kampala_katuna,739,369.75,roadside settlement,3.58,4.11,4.74,5.27,5.95,5.95,5.95,5.95,2.37
kampala_katuna,740,370.25,roadside settlement,0.61,0.76,0.96,1.13,1.38,1.4,1.4,1.4,0.7699999999999999
kampala_katuna,741,370.75,roadside settlement,0.0,0.02,0.09,0.21,0.63,1.05,1.06,1.05,0.63
kampala_katuna,742,371.25,roadside settlement,0.0,0.04,0.12,0.2,0.61,0.84,0.91,0.85,0.61
kampala_katuna,743,371.75,roadside settlement,0.11,0.4,0.84,1.33,1.69,2.1,2.22,2.12,1.5799999999999998
kampala_katuna,744,372.25,roadside settlement,0.18,0.31,0.68,1.05,1.52,1.6,1.66,1.61,1.34
kampala_katuna,745,372.75,roadside settlement,0.54,0.7,0.94,1.28,1.73,1.84,1.84,1.84,1.19
kampala_katuna,746,373.25,roadside settlement,0.0,0.09,0.19,0.6,1.9,2.22,2.25,2.23,1.9
kampala_katuna,747,373.75,roadside settlement,0.05,0.26,0.51,0.88,1.69,1.89,1.99,1.91,1.64
kampala_katuna,748,374.25,roadside settlement,0.0,0.03,0.21,0.81,1.34,1.48,1.49,1.48,1.34
kampala_katuna,749,374.75,roadside settlement,2.17,2.28,2.4,2.59,2.95,3.16,3.16,3.16,0.7800000000000002
kampala_katuna,750,375.25,roadside settlement,1.32,1.38,1.45,1.5,1.72,1.89,1.92,1.9,0.3999999999999999
kampala_katuna,751,375.75,roadside settlement,1.46,1.53,1.71,1.93,2.27,2.59,2.59,2.59,0.81
kampala_katuna,752,376.25,roadside settlement,2.78,3.0,3.21,3.53,3.72,4.0,4.0,4.0,0.9400000000000004
kampala_katuna,753,376.75,roadside settlement,0.14,0.32,0.57,1.42,2.63,2.76,2.78,2.76,2.4899999999999998
kampala_katuna,754,377.25,roadside settlement,0.0,0.02,0.21,0.36,0.99,0.99,1.05,1.0,0.99
kampala_katuna,755,377.75,roadside settlement,0.0,0.11,0.42,0.77,1.2,1.41,1.44,1.42,1.2
kampala_katuna,756,378.25,roadside settlement,0.0,0.06,0.24,0.54,1.31,1.45,1.53,1.47,1.31
kampala_katuna,757,378.75,roadside settlement,0.0,0.02,0.05,0.2,0.46,0.95,0.99,0.96,0.46
kampala_katuna,758,379.25,roadside settlement,1.2,1.21,1.24,1.48,2.37,2.58,2.62,2.59,1.1700000000000002
kampala_katuna,759,379.75,roadside settlement,1.57,1.69,1.89,2.24,2.41,2.41,2.45,2.42,0.8400000000000001
kampala_katuna,760,380.25,roadside settlement,0.06,0.06,0.07,0.25,0.36,0.46,0.5,0.47,0.3
kampala_katuna,761,380.75,open road,0.01,0.02,0.03,0.06,0.17,0.23,0.33,0.25,0.16
kampala_katuna,762,381.25,roadside settlement,1.35,1.41,1.51,1.59,1.89,2.02,2.02,2.02,0.5399999999999998
kampala_katuna,763,381.75,roadside settlement,1.5,1.73,2.0,2.32,2.82,2.94,2.94,2.94,1.3199999999999998
kampala_katuna,764,382.25,roadside settlement,0.4,0.66,1.0,1.58,2.26,2.26,2.27,2.26,1.8599999999999999
kampala_katuna,765,382.75,roadside settlement,0.42,0.47,0.64,0.96,1.55,1.66,1.68,1.66,1.1300000000000001
kampala_katuna,766,383.25,roadside settlement,0.55,0.71,0.91,1.16,1.83,2.0,2.0,2.0,1.28
kampala_katuna,767,383.75,roadside settlement,0.75,1.06,1.42,2.11,2.35,2.35,2.35,2.35,1.6
kampala_katuna,768,384.25,roadside settlement,0.08,0.16,0.49,0.94,1.68,1.68,1.68,1.68,1.5999999999999999
kampala_katuna,769,384.75,roadside settlement,0.26,0.34,0.48,0.73,1.29,1.33,1.36,1.34,1.03
kampala_katuna,770,385.25,roadside settlement,0.45,0.56,0.71,0.92,1.63,1.73,1.78,1.74,1.18
kampala_katuna,771,385.75,roadside settlement,0.15,0.32,0.58,0.85,1.96,1.99,1.99,1.99,1.81
kampala_katuna,772,386.25,roadside settlement,0.94,1.09,1.23,1.81,2.21,2.36,2.36,2.36,1.27
kampala_katuna,773,386.75,roadside settlement,0.13,0.24,0.45,0.8,1.46,1.61,1.63,1.61,1.33
kampala_katuna,774,387.25,roadside settlement,0.6,0.71,0.84,1.02,1.32,1.5,1.55,1.51,0.7200000000000001
kampala_katuna,775,387.75,roadside settlement,0.07,0.09,0.16,0.35,0.69,0.88,0.95,0.89,0.6199999999999999
kampala_katuna,776,388.25,roadside settlement,0.03,0.09,0.19,0.3,0.64,0.88,0.88,0.88,0.61
kampala_katuna,777,388.75,roadside settlement,0.0,0.09,0.24,0.42,0.65,0.82,0.89,0.83,0.65
kampala_katuna,778,389.25,roadside settlement,0.0,0.07,0.2,0.38,0.87,0.92,0.93,0.92,0.87
kampala_katuna,779,389.75,roadside settlement,0.0,0.04,0.09,0.17,0.24,0.31,0.35,0.32,0.24
kampala_katuna,780,390.25,open road,0.0,0.0,0.0,0.0,0.0,0.0,0.01,0.0,0.0
kampala_katuna,781,390.75,open road,0.0,0.0,0.03,0.06,0.27,0.27,0.36,0.29,0.27
kampala_katuna,782,391.25,roadside settlement,0.0,0.07,0.15,0.31,0.41,0.5,0.57,0.51,0.41
kampala_katuna,783,391.75,roadside settlement,0.02,0.02,0.03,0.06,0.18,0.28,0.4,0.3,0.16
kampala_katuna,784,392.25,open road,0.0,0.0,0.0,0.08,0.09,0.09,0.16,0.1,0.09
kampala_katuna,785,392.75,roadside settlement,0.01,0.01,0.18,0.38,0.84,1.02,1.02,1.02,0.83
kampala_katuna,786,393.25,roadside settlement,0.0,0.03,0.13,0.23,0.52,0.74,0.85,0.76,0.52
kampala_katuna,787,393.75,roadside settlement,0.01,0.02,0.09,0.17,0.23,0.23,0.52,0.29,0.22
kampala_katuna,788,394.25,open road,0.0,0.0,0.0,0.08,0.21,0.28,0.33,0.29,0.21
kampala_katuna,789,394.75,roadside settlement,0.03,0.14,0.27,0.53,1.53,1.57,1.72,1.6,1.5
kampala_katuna,790,395.25,open road,0.48,0.49,0.51,0.79,0.96,0.96,0.96,0.96,0.48
kampala_katuna,791,395.75,roadside settlement,0.04,0.1,0.28,0.56,0.96,1.27,1.43,1.3,0.9199999999999999
kampala_katuna,792,396.25,roadside settlement,0.14,0.28,0.64,1.21,1.96,2.18,2.28,2.2,1.8199999999999998
kampala_katuna,793,396.75,roadside settlement,0.08,0.23,0.55,1.04,1.84,1.89,1.9,1.89,1.76
kampala_katuna,794,397.25,roadside settlement,1.28,1.35,1.43,1.63,1.86,2.06,2.2,2.09,0.5800000000000001
kampala_katuna,795,397.75,roadside settlement,1.57,1.68,1.8,2.03,2.09,2.16,2.21,2.17,0.5199999999999998
kampala_katuna,796,398.25,roadside settlement,0.0,0.27,0.65,1.07,2.1,2.68,2.75,2.69,2.1
kampala_katuna,797,398.75,roadside settlement,0.71,0.82,1.16,1.82,3.41,3.41,3.49,3.43,2.7
kampala_katuna,798,399.25,roadside settlement,1.3,1.5,1.72,2.3,2.49,2.89,2.9,2.89,1.1900000000000002
kampala_katuna,799,399.75,roadside settlement,3.7,3.96,4.43,4.76,4.96,5.03,5.03,5.03,1.2599999999999998
kampala_katuna,800,400.25,roadside settlement,1.57,1.83,2.09,2.31,2.35,2.59,2.81,2.63,0.78
kampala_katuna,801,400.75,town,2.91,3.22,3.59,3.89,4.15,4.59,4.6,4.59,1.2400000000000002
kampala_katuna,802,401.25,town,4.24,4.44,4.64,4.91,5.03,5.03,5.03,5.03,0.79
kampala_katuna,803,401.75,town,10.27,10.3,10.34,10.45,10.83,10.83,10.83,10.83,0.5600000000000005
kampala_katuna,804,402.25,town,7.01,7.04,7.08,7.1,7.11,7.11,7.11,7.11,0.10000000000000053
kampala_katuna,805,402.75,town,6.34,6.5,6.65,6.79,6.8,7.23,7.23,7.23,0.45999999999999996
kampala_katuna,806,403.25,town,6.33,6.42,6.5,6.58,6.63,6.63,6.87,6.68,0.2999999999999998
kampala_katuna,807,403.75,roadside settlement,2.97,3.18,3.46,3.67,3.93,4.04,4.04,4.04,0.96
kampala_katuna,808,404.25,roadside settlement,3.02,3.15,3.36,3.58,3.91,4.07,4.07,4.07,0.8900000000000001
kampala_katuna,809,404.75,roadside settlement,2.29,2.49,2.85,3.12,3.39,4.44,4.45,4.44,1.1
kampala_katuna,810,405.25,roadside settlement,3.27,3.5,3.73,3.96,4.22,4.7,4.72,4.7,0.9499999999999997
kampala_katuna,811,405.75,roadside settlement,3.87,3.92,3.98,4.05,4.18,4.29,4.31,4.29,0.3099999999999996
kampala_katuna,812,406.25,roadside settlement,1.75,1.88,2.12,2.43,2.7,3.18,3.18,3.18,0.9500000000000002
kampala_katuna,813,406.75,roadside settlement,1.0,1.49,1.97,2.56,3.0,3.42,4.02,3.54,2.0
kampala_katuna,814,407.25,roadside settlement,1.45,1.74,2.25,2.77,4.06,4.21,4.21,4.21,2.6099999999999994
kampala_katuna,815,407.75,roadside settlement,0.63,0.72,0.94,1.5,1.74,1.93,1.93,1.93,1.1099999999999999
kampala_katuna,816,408.25,roadside settlement,0.44,0.55,0.7,1.17,1.42,1.65,1.79,1.68,0.98
kampala_katuna,817,408.75,roadside settlement,0.29,0.47,0.65,0.87,1.14,1.14,1.29,1.17,0.8499999999999999
kampala_katuna,818,409.25,open road,0.0,0.02,0.06,0.11,0.3,0.36,0.52,0.39,0.3
kampala_katuna,819,409.75,roadside settlement,0.27,0.31,0.36,0.44,0.57,0.7,0.79,0.72,0.29999999999999993
kampala_katuna,820,410.25,roadside settlement,0.45,0.57,0.8,0.95,1.13,1.18,1.33,1.21,0.6799999999999999
kampala_katuna,821,410.75,roadside settlement,2.67,2.72,2.78,2.89,2.91,3.07,3.1,3.08,0.2400000000000002
kampala_katuna,822,411.25,roadside settlement,0.9,1.04,1.27,1.44,1.49,1.53,1.57,1.54,0.59
kampala_katuna,823,411.75,roadside settlement,0.17,0.21,0.36,0.58,1.58,1.7,1.73,1.71,1.4100000000000001
kampala_katuna,824,412.25,roadside settlement,0.19,0.28,0.38,0.46,0.5,0.63,0.74,0.65,0.31
kampala_katuna,825,412.75,roadside settlement,0.9,1.01,1.22,1.43,1.49,1.49,1.5,1.49,0.59
kampala_katuna,826,413.25,roadside settlement,0.93,1.0,1.07,1.13,1.17,1.33,1.41,1.35,0.23999999999999988
kampala_katuna,827,413.75,roadside settlement,0.64,0.73,0.94,1.13,1.84,2.14,2.17,2.15,1.2000000000000002
kampala_katuna,828,414.25,roadside settlement,0.26,0.33,0.5,0.74,0.94,0.94,1.01,0.95,0.6799999999999999
kampala_katuna,829,414.75,roadside settlement,0.24,0.31,0.37,0.43,0.58,0.78,0.81,0.79,0.33999999999999997
kampala_katuna,830,415.25,roadside settlement,0.67,0.92,1.22,1.6,1.76,1.76,1.79,1.77,1.0899999999999999
kampala_katuna,831,415.75,roadside settlement,0.18,0.35,0.6,0.8,1.31,1.66,1.69,1.67,1.1300000000000001
kampala_katuna,832,416.25,roadside settlement,0.09,0.14,0.19,0.49,0.64,0.69,0.75,0.7,0.55
kampala_katuna,833,416.75,roadside settlement,0.02,0.06,0.21,0.32,0.8,0.99,1.03,1.0,0.78
kampala_katuna,834,417.25,roadside settlement,0.08,0.15,0.21,0.27,0.33,0.33,0.4,0.34,0.25
kampala_katuna,835,417.75,open road,0.02,0.02,0.02,0.02,0.02,0.02,0.02,0.02,0.0
kampala_katuna,836,418.25,open road,0.01,0.02,0.03,0.04,0.04,0.04,0.22,0.08,0.03
kampala_katuna,837,418.75,open road,0.0,0.0,0.01,0.02,0.33,0.57,0.63,0.58,0.33
kampala_katuna,838,419.25,roadside settlement,1.18,1.29,1.45,1.61,1.88,2.07,2.12,2.08,0.7
kampala_katuna,839,419.75,roadside settlement,0.17,0.24,0.32,0.42,0.76,0.76,1.29,0.87,0.59
kampala_katuna,840,420.25,roadside settlement,0.12,0.13,0.13,0.13,0.14,0.15,0.15,0.15,0.020000000000000018
kampala_katuna,841,420.75,roadside settlement,0.09,0.18,0.38,0.92,1.39,1.64,1.83,1.68,1.2999999999999998
kampala_katuna,842,421.25,roadside settlement,0.31,0.39,0.49,0.71,1.24,1.78,1.84,1.79,0.9299999999999999
kampala_katuna,843,421.75,roadside settlement,0.39,0.51,0.62,0.81,1.09,1.41,1.41,1.41,0.7000000000000001
kampala_katuna,844,422.25,roadside settlement,0.21,0.32,0.5,0.76,1.07,1.24,1.27,1.25,0.8600000000000001
kampala_katuna,845,422.75,roadside settlement,0.12,0.21,0.36,0.77,1.63,1.76,1.76,1.76,1.5099999999999998
kampala_katuna,846,423.25,roadside settlement,0.26,0.3,0.34,0.68,1.63,2.36,2.36,2.36,1.3699999999999999
kampala_katuna,847,423.75,roadside settlement,1.2,1.27,1.34,1.43,1.53,2.46,2.52,2.47,0.33000000000000007
kampala_katuna,848,424.25,roadside settlement,0.2,0.31,0.42,0.72,1.1,1.82,2.22,1.9,0.9000000000000001
kampala_katuna,849,424.75,roadside settlement,0.06,0.1,0.14,0.19,0.27,0.6,0.73,0.63,0.21000000000000002
kampala_katuna,850,425.25,roadside settlement,0.67,0.73,0.84,0.98,1.32,1.88,2.02,1.91,0.65
kampala_katuna,851,425.6525266379382,roadside settlement,1.13,1.18,1.24,1.37,1.85,2.14,2.18,2.15,0.7200000000000002
kampala_hoima,0,0.25,town,18.73,18.83,18.92,19.0,19.0,19.0,19.0,19.0,0.2699999999999996
kampala_hoima,1,0.75,town,10.76,10.91,11.06,11.18,11.18,11.18,11.18,11.18,0.41999999999999993
kampala_hoima,2,1.25,town,8.1,8.28,8.46,8.61,8.94,8.94,9.08,8.97,0.8399999999999999
kampala_hoima,3,1.75,town,0.26,0.32,0.38,0.45,0.47,0.47,0.9,0.56,0.20999999999999996
kampala_hoima,4,2.25,town,8.09,8.38,8.66,8.9,8.9,8.9,8.9,8.9,0.8100000000000005
kampala_hoima,5,2.75,town,11.94,12.18,12.41,12.61,12.61,12.61,12.61,12.61,0.6699999999999999
kampala_hoima,6,3.25,town,9.76,10.01,10.26,10.46,10.46,10.46,10.46,10.46,0.7000000000000011
kampala_hoima,7,3.75,town,10.68,10.84,11.01,11.14,11.14,11.14,11.14,11.14,0.46000000000000085
kampala_hoima,8,4.25,town,11.07,11.2,11.33,11.43,11.43,11.43,11.43,11.43,0.35999999999999943
kampala_hoima,9,4.75,town,12.98,13.01,13.03,13.06,13.06,13.06,13.06,13.06,0.08000000000000007
kampala_hoima,10,5.25,town,11.93,12.18,12.44,12.64,12.64,12.64,12.64,12.64,0.7100000000000009
kampala_hoima,11,5.75,town,10.6,11.21,11.83,12.32,12.32,12.32,12.32,12.32,1.7200000000000006
kampala_hoima,12,6.25,town,11.84,11.96,12.08,12.18,12.18,12.18,12.18,12.18,0.33999999999999986
kampala_hoima,13,6.75,town,10.72,11.15,11.58,11.92,11.92,11.92,11.92,11.92,1.1999999999999993
kampala_hoima,14,7.25,town,4.32,5.21,6.25,7.56,7.85,8.1,8.1,8.1,3.5299999999999994
kampala_hoima,15,7.75,roadside settlement,3.99,4.56,5.14,5.78,5.78,6.13,6.13,6.13,1.79
kampala_hoima,16,8.25,town,5.08,6.24,7.39,8.32,8.32,8.36,8.62,8.41,3.24
kampala_hoima,17,8.75,roadside settlement,0.75,1.16,1.7,2.08,2.13,2.31,2.35,2.32,1.38
kampala_hoima,18,9.25,roadside settlement,5.14,5.63,6.12,6.52,6.58,6.58,6.58,6.58,1.4400000000000004
kampala_hoima,19,9.75,roadside settlement,6.15,6.93,7.72,8.34,8.34,8.34,8.34,8.34,2.1899999999999995
kampala_hoima,20,10.25,roadside settlement,2.2,2.96,4.01,5.08,5.27,5.27,5.27,5.27,3.0699999999999994
kampala_hoima,21,10.75,town,3.33,4.68,6.17,7.67,7.85,7.85,7.85,7.85,4.52
kampala_hoima,22,11.25,town,9.86,10.0,10.13,10.24,10.24,10.24,10.24,10.24,0.3800000000000008
kampala_hoima,23,11.75,town,5.4,5.66,5.92,6.17,6.17,6.17,6.17,6.17,0.7699999999999996
kampala_hoima,24,12.25,roadside settlement,5.65,6.05,6.44,6.75,6.75,6.75,6.75,6.75,1.0999999999999996
kampala_hoima,25,12.75,roadside settlement,1.98,2.22,2.74,3.04,3.12,3.79,3.84,3.8,1.1400000000000001
kampala_hoima,26,13.25,roadside settlement,2.15,2.46,2.94,3.41,3.45,3.63,3.63,3.63,1.3000000000000003
kampala_hoima,27,13.75,roadside settlement,3.39,3.65,4.08,4.42,4.53,4.53,4.54,4.53,1.1400000000000001
kampala_hoima,28,14.25,roadside settlement,3.16,3.53,3.9,4.2,4.3,4.3,4.3,4.3,1.1399999999999997
kampala_hoima,29,14.75,roadside settlement,1.03,1.14,1.41,1.61,1.83,2.01,2.05,2.02,0.8
kampala_hoima,30,15.25,roadside settlement,3.23,3.32,3.41,3.49,3.49,3.49,3.72,3.54,0.26000000000000023
kampala_hoima,31,15.75,roadside settlement,4.63,5.35,6.06,6.65,6.69,6.69,6.69,6.69,2.0600000000000005
kampala_hoima,32,16.25,roadside settlement,1.52,1.71,1.97,2.18,2.52,2.62,2.62,2.62,1.0
kampala_hoima,33,16.75,roadside settlement,0.61,0.68,0.78,1.13,1.37,1.47,1.5,1.48,0.7600000000000001
kampala_hoima,34,17.25,roadside settlement,0.35,0.44,0.53,0.74,0.88,0.95,0.97,0.95,0.53
kampala_hoima,35,17.75,roadside settlement,1.74,2.05,2.37,2.64,2.72,2.72,2.72,2.72,0.9800000000000002
kampala_hoima,36,18.25,roadside settlement,0.69,0.78,0.91,1.14,1.22,1.22,1.39,1.25,0.53
kampala_hoima,37,18.75,roadside settlement,0.26,0.69,1.25,1.65,1.68,2.35,2.46,2.37,1.42
kampala_hoima,38,19.25,roadside settlement,1.39,1.66,1.98,2.22,2.3,2.43,2.43,2.43,0.9099999999999999
kampala_hoima,39,19.75,roadside settlement,2.02,2.95,3.88,4.8,4.86,5.09,5.09,5.09,2.8400000000000003
kampala_hoima,40,20.25,roadside settlement,1.4,1.73,2.05,3.17,3.39,3.5,3.5,3.5,1.9900000000000002
kampala_hoima,41,20.75,roadside settlement,1.48,1.88,2.32,2.77,3.09,3.19,3.2,3.19,1.6099999999999999
kampala_hoima,42,21.25,roadside settlement,2.15,2.32,2.5,2.85,3.0,3.0,3.0,3.0,0.8500000000000001
kampala_hoima,43,21.75,town,7.18,7.78,8.38,8.86,8.86,8.86,8.86,8.86,1.6799999999999997
kampala_hoima,44,22.25,roadside settlement,4.47,4.78,5.09,5.59,5.68,6.23,6.26,6.24,1.21
kampala_hoima,45,22.75,roadside settlement,0.36,0.46,0.56,0.71,1.0,1.01,1.13,1.03,0.64
kampala_hoima,46,23.25,roadside settlement,0.89,0.98,1.08,1.23,1.36,1.55,1.55,1.55,0.4700000000000001
kampala_hoima,47,23.75,roadside settlement,1.25,1.56,1.88,2.13,2.17,2.17,2.19,2.17,0.9199999999999999
kampala_hoima,48,24.25,roadside settlement,1.37,1.43,1.7,1.86,1.98,2.26,2.32,2.27,0.6099999999999999
kampala_hoima,49,24.75,roadside settlement,0.46,0.77,1.29,1.8,2.11,2.14,2.17,2.15,1.65
kampala_hoima,50,25.25,roadside settlement,1.39,1.83,2.41,2.99,3.15,3.15,3.15,3.15,1.76
kampala_hoima,51,25.75,roadside settlement,0.15,0.25,0.45,0.73,1.62,1.65,1.65,1.65,1.4700000000000002
kampala_hoima,52,26.25,roadside settlement,0.38,0.53,0.83,1.08,1.49,1.92,1.97,1.93,1.1099999999999999
kampala_hoima,53,26.75,roadside settlement,1.87,2.52,3.77,4.53,4.53,4.53,4.53,4.53,2.66
kampala_hoima,54,27.25,roadside settlement,0.9,1.16,1.59,1.92,1.99,1.99,1.99,1.99,1.0899999999999999
kampala_hoima,55,27.75,roadside settlement,0.56,0.84,1.29,1.69,1.8,1.94,1.94,1.94,1.24
kampala_hoima,56,28.25,roadside settlement,0.45,0.49,0.54,0.59,0.67,1.01,1.26,1.06,0.22000000000000003
kampala_hoima,57,28.75,roadside settlement,0.07,0.2,0.34,0.64,0.93,1.1,1.27,1.13,0.8600000000000001
kampala_hoima,58,29.25,roadside settlement,0.49,0.59,0.68,0.82,0.96,0.97,1.09,0.99,0.47
kampala_hoima,59,29.75,roadside settlement,1.59,1.94,2.56,3.08,3.08,3.26,3.28,3.26,1.49
kampala_hoima,60,30.25,roadside settlement,1.11,1.36,1.75,2.01,2.14,2.29,2.29,2.29,1.03
kampala_hoima,61,30.75,roadside settlement,1.35,1.7,2.08,2.54,2.74,2.91,2.91,2.91,1.3900000000000001
kampala_hoima,62,31.25,roadside settlement,0.61,0.77,1.13,1.47,1.56,1.61,1.61,1.61,0.9500000000000001
kampala_hoima,63,31.75,roadside settlement,1.36,1.7,2.43,3.24,3.45,3.45,3.45,3.45,2.09
kampala_hoima,64,32.25,roadside settlement,1.92,2.59,3.39,3.99,4.09,4.09,4.09,4.09,2.17
kampala_hoima,65,32.75,roadside settlement,0.51,0.96,1.51,2.05,2.66,2.73,2.74,2.73,2.1500000000000004
kampala_hoima,66,33.25,roadside settlement,0.38,0.43,0.48,0.68,0.92,1.38,1.38,1.38,0.54
kampala_hoima,67,33.75,roadside settlement,0.33,0.4,0.57,0.77,1.05,1.38,1.48,1.4,0.72
kampala_hoima,68,34.25,roadside settlement,0.24,0.34,0.45,0.58,0.62,0.85,0.92,0.86,0.38
kampala_hoima,69,34.75,roadside settlement,0.0,0.02,0.06,0.13,0.66,1.33,1.43,1.35,0.66
kampala_hoima,70,35.25,open road,0.07,0.07,0.11,0.24,0.26,0.26,0.26,0.26,0.19
kampala_hoima,71,35.75,roadside settlement,0.1,0.16,0.81,1.23,1.33,1.4,1.63,1.45,1.23
kampala_hoima,72,36.25,open road,0.0,0.0,0.02,0.09,0.21,0.23,0.31,0.25,0.21
kampala_hoima,73,36.75,roadside settlement,0.14,0.18,0.26,0.41,0.79,0.94,1.09,0.97,0.65
kampala_hoima,74,37.25,roadside settlement,0.08,0.25,0.45,0.68,1.44,1.58,1.58,1.58,1.3599999999999999
kampala_hoima,75,37.75,roadside settlement,0.22,0.28,0.42,0.51,0.6,0.9,1.14,0.95,0.38
kampala_hoima,76,38.25,roadside settlement,0.42,0.56,0.71,0.9,1.22,1.33,1.44,1.35,0.8
kampala_hoima,77,38.75,roadside settlement,0.01,0.02,0.03,0.25,0.48,0.57,0.64,0.58,0.47
kampala_hoima,78,39.25,roadside settlement,0.48,0.54,0.68,0.85,1.12,1.7,1.74,1.71,0.6400000000000001
kampala_hoima,79,39.75,roadside settlement,1.09,1.38,1.87,2.34,2.52,2.99,3.05,3.0,1.43
kampala_hoima,80,40.25,roadside settlement,2.43,3.2,4.19,4.9,5.01,5.01,5.01,5.01,2.5799999999999996
kampala_hoima,81,40.75,roadside settlement,0.82,1.37,2.46,3.72,3.95,3.95,3.95,3.95,3.1300000000000003
kampala_hoima,82,41.25,roadside settlement,0.49,0.57,1.05,1.32,1.41,1.57,1.57,1.57,0.9199999999999999
kampala_hoima,83,41.75,roadside settlement,0.1,0.11,0.27,0.55,0.65,0.65,0.88,0.7,0.55
kampala_hoima,84,42.25,roadside settlement,0.92,1.07,1.44,1.71,1.85,1.85,1.96,1.87,0.93
kampala_hoima,85,42.75,roadside settlement,0.28,0.32,0.38,0.48,0.73,0.77,1.03,0.82,0.44999999999999996
kampala_hoima,86,43.25,roadside settlement,0.91,1.07,1.23,1.54,1.69,2.22,2.28,2.23,0.7799999999999999
kampala_hoima,87,43.75,roadside settlement,0.42,0.56,0.74,0.93,1.22,1.44,1.58,1.47,0.8
kampala_hoima,88,44.25,open road,0.25,0.25,0.28,0.29,0.35,0.54,0.62,0.56,0.09999999999999998
kampala_hoima,89,44.75,roadside settlement,0.11,0.23,0.38,0.6,0.74,0.99,1.05,1.0,0.63
kampala_hoima,90,45.25,roadside settlement,1.21,1.47,1.73,1.99,2.2,2.49,2.82,2.56,0.9900000000000002
kampala_hoima,91,45.75,roadside settlement,0.06,0.07,0.26,0.42,0.58,0.69,0.72,0.7,0.52
kampala_hoima,92,46.25,open road,0.0,0.01,0.02,0.04,0.04,0.04,0.08,0.05,0.04
kampala_hoima,93,46.75,roadside settlement,0.06,0.07,0.07,0.07,0.07,0.07,0.13,0.08,0.010000000000000009
kampala_hoima,94,47.25,roadside settlement,1.22,1.3,1.38,1.45,1.46,1.62,1.62,1.62,0.24
kampala_hoima,95,47.75,open road,0.0,0.0,0.0,0.0,0.0,0.0,0.0,0.0,0.0
kampala_hoima,96,48.25,roadside settlement,0.07,0.07,0.07,0.08,0.08,0.08,0.12,0.09,0.009999999999999995
kampala_hoima,97,48.75,roadside settlement,0.91,1.06,1.21,1.42,1.69,2.73,2.75,2.73,0.7799999999999999
kampala_hoima,98,49.25,roadside settlement,6.9,7.38,7.86,8.25,8.25,8.48,8.48,8.48,1.3499999999999996
kampala_hoima,99,49.75,roadside settlement,1.57,1.73,2.12,2.65,3.11,3.25,3.25,3.25,1.5399999999999998
kampala_hoima,100,50.25,roadside settlement,1.64,1.78,1.93,2.09,2.42,2.53,2.53,2.53,0.78
kampala_hoima,101,50.75,roadside settlement,0.66,0.72,0.77,0.84,0.87,1.31,1.49,1.35,0.20999999999999996
kampala_hoima,102,51.25,roadside settlement,0.66,0.97,1.3,1.63,1.73,1.77,1.77,1.77,1.0699999999999998
kampala_hoima,103,51.75,roadside settlement,0.98,1.07,1.27,1.48,2.39,2.55,2.56,2.55,1.4100000000000001
kampala_hoima,104,52.25,roadside settlement,0.99,1.25,1.75,2.27,2.57,2.57,2.62,2.58,1.5799999999999998
kampala_hoima,105,52.75,roadside settlement,0.12,0.17,0.22,0.34,0.49,0.8,0.87,0.81,0.37
kampala_hoima,106,53.25,roadside settlement,0.3,0.34,0.38,0.44,0.51,0.51,0.59,0.53,0.21000000000000002
kampala_hoima,107,53.75,open road,0.02,0.02,0.03,0.09,0.1,0.23,0.44,0.27,0.08
kampala_hoima,108,54.25,open road,0.0,0.0,0.0,0.0,0.0,0.0,0.0,0.0,0.0
kampala_hoima,109,54.75,open road,0.0,0.0,0.0,0.0,0.0,0.0,0.0,0.0,0.0
kampala_hoima,110,55.25,roadside settlement,0.6,0.74,0.9,1.04,1.1,1.1,1.2,1.12,0.5000000000000001
kampala_hoima,111,55.75,roadside settlement,0.07,0.1,0.14,0.27,0.6,0.82,0.86,0.83,0.53
kampala_hoima,112,56.25,roadside settlement,0.26,0.27,0.33,0.5,0.85,0.85,0.92,0.86,0.59
kampala_hoima,113,56.75,roadside settlement,0.36,0.47,0.59,0.73,0.99,1.22,1.4,1.26,0.63
kampala_hoima,114,57.25,roadside settlement,0.16,0.34,0.56,0.76,0.95,1.06,1.11,1.07,0.7899999999999999
kampala_hoima,115,57.75,roadside settlement,0.41,0.44,0.5,0.61,0.7,0.85,1.09,0.9,0.29
kampala_hoima,116,58.25,roadside settlement,0.38,0.42,0.56,0.7,0.79,1.08,1.37,1.14,0.41000000000000003
kampala_hoima,117,58.75,roadside settlement,0.11,0.11,0.12,0.12,0.12,0.12,0.12,0.12,0.009999999999999995
kampala_hoima,118,59.25,roadside settlement,1.27,1.36,1.44,1.64,1.8,1.8,1.83,1.81,0.53
kampala_hoima,119,59.75,roadside settlement,0.22,0.33,0.44,0.56,0.79,0.96,0.98,0.96,0.5700000000000001
kampala_hoima,120,60.25,open road,0.41,0.44,0.46,0.48,0.5,0.5,0.5,0.5,0.09000000000000002
kampala_hoima,121,60.75,open road,0.0,0.0,0.0,0.0,0.0,0.0,0.0,0.0,0.0
kampala_hoima,122,61.25,open road,0.02,0.02,0.03,0.03,0.1,0.23,0.23,0.23,0.08
kampala_hoima,123,61.75,open road,0.03,0.05,0.08,0.12,0.21,0.21,0.39,0.25,0.18
kampala_hoima,124,62.25,roadside settlement,0.1,0.12,0.41,0.82,1.37,1.78,1.78,1.78,1.27
kampala_hoima,125,62.75,roadside settlement,0.73,0.78,0.86,0.93,1.28,1.63,1.75,1.65,0.55
kampala_hoima,126,63.25,roadside settlement,1.67,1.9,2.15,2.6,2.75,2.75,2.75,2.75,1.08
kampala_hoima,127,63.75,roadside settlement,0.51,0.59,0.83,1.07,1.3,1.66,1.82,1.69,0.79
kampala_hoima,128,64.25,roadside settlement,0.12,0.24,0.38,0.6,0.74,0.82,0.9,0.84,0.62
kampala_hoima,129,64.75,roadside settlement,0.13,0.17,0.28,0.36,0.64,0.86,1.09,0.91,0.51
kampala_hoima,130,65.25,roadside settlement,0.0,0.1,0.26,0.47,0.73,0.88,0.95,0.89,0.73
kampala_hoima,131,65.75,roadside settlement,0.0,0.04,0.08,0.27,0.7,1.01,1.1,1.03,0.7
kampala_hoima,132,66.25,roadside settlement,0.37,0.44,0.6,1.04,1.32,1.67,1.8,1.7,0.9500000000000001
kampala_hoima,133,66.75,roadside settlement,0.15,0.27,0.51,0.87,1.36,2.07,2.15,2.09,1.2100000000000002
kampala_hoima,134,67.25,roadside settlement,1.07,1.19,1.39,1.59,1.79,1.9,1.9,1.9,0.72
kampala_hoima,135,67.75,roadside settlement,0.26,0.39,0.54,0.69,1.13,1.25,1.37,1.27,0.8699999999999999
kampala_hoima,136,68.25,roadside settlement,0.77,0.82,0.9,1.05,1.62,1.79,1.82,1.8,0.8500000000000001
kampala_hoima,137,68.75,roadside settlement,1.61,1.72,1.84,1.96,2.09,2.16,2.37,2.2,0.47999999999999976
kampala_hoima,138,69.25,roadside settlement,0.32,0.4,0.53,0.68,0.73,0.88,1.0,0.9,0.41
kampala_hoima,139,69.75,roadside settlement,1.27,1.29,1.31,1.33,1.36,1.37,1.54,1.4,0.09000000000000008
kampala_hoima,140,70.25,roadside settlement,0.09,0.1,0.12,0.21,0.61,0.8,0.87,0.81,0.52
kampala_hoima,141,70.75,roadside settlement,0.56,0.75,1.02,1.38,1.69,1.77,1.8,1.78,1.13
kampala_hoima,142,71.25,roadside settlement,0.03,0.03,0.14,0.22,0.34,0.62,0.81,0.66,0.31000000000000005
kampala_hoima,143,71.75,roadside settlement,0.11,0.17,0.26,0.32,0.46,0.46,0.5,0.47,0.35000000000000003
kampala_hoima,144,72.25,roadside settlement,0.17,0.2,0.27,0.32,0.59,1.03,1.04,1.03,0.41999999999999993
kampala_hoima,145,72.75,roadside settlement,0.46,0.46,0.51,0.59,0.64,1.15,1.27,1.17,0.18
kampala_hoima,146,73.25,roadside settlement,0.66,0.78,0.95,1.09,1.2,1.47,1.54,1.48,0.5399999999999999
kampala_hoima,147,73.75,roadside settlement,1.3,1.4,1.49,1.6,1.73,1.83,1.83,1.83,0.42999999999999994
kampala_hoima,148,74.25,roadside settlement,1.06,1.26,1.46,1.84,1.96,2.01,2.16,2.04,0.8999999999999999
kampala_hoima,149,74.75,roadside settlement,2.64,2.75,2.86,3.0,3.01,3.01,3.07,3.02,0.36999999999999966
kampala_hoima,150,75.25,roadside settlement,1.31,1.39,1.48,1.57,1.58,1.79,1.89,1.81,0.27
kampala_hoima,151,75.75,roadside settlement,4.22,4.37,4.52,4.64,4.68,4.8,4.96,4.83,0.45999999999999996
kampala_hoima,152,76.25,roadside settlement,0.79,0.89,1.04,1.34,1.42,2.28,2.28,2.28,0.6299999999999999
kampala_hoima,153,76.75,roadside settlement,0.07,0.15,0.23,0.31,0.36,0.65,0.84,0.69,0.29
kampala_hoima,154,77.25,roadside settlement,0.21,0.32,0.47,0.63,0.69,1.01,1.06,1.02,0.48
kampala_hoima,155,77.75,roadside settlement,0.57,0.61,0.67,0.78,1.3,1.58,1.61,1.59,0.7300000000000001
kampala_hoima,156,78.25,roadside settlement,1.04,1.09,1.18,1.26,1.52,1.82,1.84,1.82,0.48
kampala_hoima,157,78.75,roadside settlement,0.27,0.32,0.41,0.67,0.99,1.18,1.28,1.2,0.72
kampala_hoima,158,79.25,roadside settlement,0.33,0.45,0.63,0.79,0.92,1.2,1.24,1.21,0.5900000000000001
kampala_hoima,159,79.75,roadside settlement,0.29,0.37,0.47,0.62,0.78,1.08,1.16,1.1,0.49000000000000005
kampala_hoima,160,80.25,roadside settlement,0.03,0.14,0.34,0.51,0.71,1.0,1.04,1.01,0.6799999999999999
kampala_hoima,161,80.75,roadside settlement,0.0,0.02,0.07,0.19,0.75,1.02,1.11,1.04,0.75
kampala_hoima,162,81.25,open road,0.21,0.22,0.24,0.3,0.48,0.54,0.58,0.55,0.27
kampala_hoima,163,81.75,open road,0.03,0.05,0.09,0.13,0.27,0.36,0.42,0.37,0.24000000000000002
kampala_hoima,164,82.25,open road,0.15,0.17,0.18,0.21,0.42,0.49,0.52,0.5,0.27
kampala_hoima,165,82.75,roadside settlement,0.0,0.01,0.09,0.13,0.34,0.71,0.86,0.74,0.34
kampala_hoima,166,83.25,roadside settlement,0.43,0.49,0.58,0.96,1.19,1.44,1.67,1.49,0.76
kampala_hoima,167,83.75,roadside settlement,0.07,0.16,0.48,0.69,0.93,1.31,1.33,1.31,0.8600000000000001
kampala_hoima,168,84.25,roadside settlement,0.24,0.3,0.36,0.41,0.59,0.8,0.9,0.82,0.35
kampala_hoima,169,84.75,roadside settlement,0.48,0.49,0.5,0.56,0.62,0.67,0.67,0.67,0.14
kampala_hoima,170,85.25,roadside settlement,0.12,0.15,0.18,0.23,0.33,0.43,0.45,0.43,0.21000000000000002
kampala_hoima,171,85.75,roadside settlement,0.45,0.46,0.54,0.84,1.12,1.64,1.64,1.64,0.6700000000000002
kampala_hoima,172,86.25,roadside settlement,0.09,0.11,0.12,0.25,0.27,0.27,0.32,0.28,0.18000000000000002
kampala_hoima,173,86.75,roadside settlement,0.22,0.25,0.28,0.3,0.31,0.31,0.37,0.32,0.09
kampala_hoima,174,87.25,roadside settlement,0.59,0.64,0.72,0.8,0.93,0.95,1.03,0.97,0.3400000000000001
kampala_hoima,175,87.75,roadside settlement,0.04,0.08,0.27,0.42,0.49,0.61,0.65,0.62,0.45
kampala_hoima,176,88.25,roadside settlement,0.12,0.13,0.25,0.31,0.43,0.59,0.59,0.59,0.31
kampala_hoima,177,88.75,open road,0.13,0.15,0.2,0.23,0.24,0.24,0.24,0.24,0.10999999999999999
kampala_hoima,178,89.25,roadside settlement,0.13,0.23,0.33,0.47,0.78,1.24,1.26,1.24,0.65
kampala_hoima,179,89.75,roadside settlement,0.13,0.2,0.37,0.49,0.8,0.95,1.3,1.02,0.67
kampala_hoima,180,90.25,open road,0.24,0.24,0.26,0.33,0.57,1.03,1.05,1.03,0.32999999999999996
kampala_hoima,181,90.75,roadside settlement,0.0,0.02,0.06,0.17,0.34,0.57,0.95,0.65,0.34
kampala_hoima,182,91.25,roadside settlement,0.0,0.06,0.19,0.5,0.84,0.92,0.97,0.93,0.84
kampala_hoima,183,91.75,roadside settlement,0.47,0.51,0.55,0.59,0.61,0.61,0.61,0.61,0.14
kampala_hoima,184,92.25,roadside settlement,0.04,0.04,0.08,0.25,0.4,0.63,0.72,0.65,0.36000000000000004
kampala_hoima,185,92.75,roadside settlement,0.07,0.09,0.13,0.18,0.42,0.45,0.63,0.49,0.35
kampala_hoima,186,93.25,roadside settlement,0.39,0.43,0.49,0.66,0.82,1.17,1.54,1.24,0.42999999999999994
kampala_hoima,187,93.75,roadside settlement,0.17,0.21,0.34,0.56,1.15,1.56,1.83,1.61,0.9799999999999999
kampala_hoima,188,94.25,roadside settlement,0.79,0.83,0.93,1.05,1.39,1.89,2.21,1.95,0.5999999999999999
kampala_hoima,189,94.75,roadside settlement,0.21,0.35,0.54,0.74,1.06,1.3,1.35,1.31,0.8500000000000001
kampala_hoima,190,95.25,roadside settlement,0.07,0.08,0.12,0.31,0.76,0.84,0.91,0.85,0.69
kampala_hoima,191,95.75,roadside settlement,0.24,0.3,0.35,0.43,0.84,0.99,1.11,1.01,0.6
kampala_hoima,192,96.25,roadside settlement,0.31,0.35,0.4,0.43,0.45,0.76,0.81,0.77,0.14
kampala_hoima,193,96.75,roadside settlement,0.2,0.3,0.4,0.54,0.69,0.89,0.91,0.89,0.48999999999999994
kampala_hoima,194,97.25,roadside settlement,0.11,0.24,0.37,0.58,0.7,0.78,1.0,0.82,0.59
kampala_hoima,195,97.75,roadside settlement,1.04,1.09,1.15,1.21,1.24,1.29,1.33,1.3,0.19999999999999996
kampala_hoima,196,98.25,roadside settlement,0.49,0.54,0.64,0.98,1.16,1.67,1.69,1.67,0.6699999999999999
kampala_hoima,197,98.75,roadside settlement,1.44,1.62,1.84,2.09,2.32,2.45,2.49,2.46,0.8799999999999999
kampala_hoima,198,99.25,roadside settlement,7.67,7.76,7.86,7.93,8.03,8.03,8.03,8.03,0.35999999999999943
kampala_hoima,199,99.75,town,3.57,3.76,3.95,4.14,4.27,4.27,4.27,4.27,0.6999999999999997
kampala_hoima,200,100.25,roadside settlement,1.03,1.36,1.69,1.99,2.17,2.37,2.43,2.38,1.14
kampala_hoima,201,100.75,roadside settlement,0.08,0.12,0.23,0.44,0.7,1.24,1.25,1.24,0.62
kampala_hoima,202,101.25,roadside settlement,0.31,0.37,0.42,0.49,0.72,0.74,0.82,0.76,0.41
kampala_hoima,203,101.75,roadside settlement,0.24,0.24,0.28,0.42,0.52,0.75,0.76,0.75,0.28
kampala_hoima,204,102.25,roadside settlement,0.03,0.06,0.11,0.19,0.34,0.48,0.48,0.48,0.31000000000000005
kampala_hoima,205,102.75,roadside settlement,0.78,0.8,0.81,0.82,0.87,0.9,1.01,0.92,0.08999999999999997
kampala_hoima,206,103.25,roadside settlement,0.3,0.33,0.44,0.51,0.63,0.8,0.85,0.81,0.33
kampala_hoima,207,103.75,roadside settlement,0.13,0.16,0.23,0.34,0.5,0.68,0.76,0.7,0.37
kampala_hoima,208,104.25,roadside settlement,0.79,0.88,0.98,1.19,1.28,1.33,1.33,1.33,0.49
kampala_hoima,209,104.75,roadside settlement,0.44,0.57,0.71,0.82,0.87,0.88,0.94,0.89,0.43
kampala_hoima,210,105.25,roadside settlement,0.73,0.75,0.78,0.82,0.95,1.18,1.27,1.2,0.21999999999999997
kampala_hoima,211,105.75,roadside settlement,1.29,1.45,1.61,2.02,2.05,2.21,2.29,2.23,0.7599999999999998
kampala_hoima,212,106.25,roadside settlement,0.1,0.14,0.19,0.24,0.31,0.48,0.49,0.48,0.21
kampala_hoima,213,106.75,roadside settlement,0.28,0.29,0.31,0.32,0.35,0.5,0.57,0.51,0.06999999999999995
kampala_hoima,214,107.25,roadside settlement,0.46,0.46,0.49,0.51,0.54,0.67,0.78,0.69,0.08000000000000002
kampala_hoima,215,107.75,roadside settlement,0.65,0.68,0.85,0.94,0.97,1.75,1.8,1.76,0.31999999999999995
kampala_hoima,216,108.25,roadside settlement,0.73,0.83,0.96,1.07,1.2,1.35,1.39,1.36,0.47
kampala_hoima,217,108.75,open road,0.06,0.06,0.07,0.09,0.14,0.14,0.21,0.15,0.08000000000000002
kampala_hoima,218,109.25,roadside settlement,0.17,0.19,0.21,0.37,0.5,0.73,0.73,0.73,0.32999999999999996
kampala_hoima,219,109.75,roadside settlement,1.97,2.28,2.58,2.87,2.97,3.2,3.22,3.2,1.0000000000000002
kampala_hoima,220,110.25,roadside settlement,2.97,3.05,3.13,3.19,3.27,3.27,3.27,3.27,0.2999999999999998
kampala_hoima,221,110.75,roadside settlement,1.14,1.2,1.3,1.43,1.48,1.59,1.6,1.59,0.3400000000000001
kampala_hoima,222,111.25,roadside settlement,0.15,0.18,0.22,0.29,0.66,1.06,1.2,1.09,0.51
kampala_hoima,223,111.75,roadside settlement,0.93,0.94,0.95,0.96,0.96,1.38,1.4,1.38,0.029999999999999916
kampala_hoima,224,112.25,roadside settlement,2.35,2.48,2.64,2.77,2.84,2.89,2.98,2.91,0.48999999999999977
kampala_hoima,225,112.75,roadside settlement,0.2,0.22,0.24,0.48,0.62,0.82,0.87,0.83,0.42
kampala_hoima,226,113.25,roadside settlement,0.04,0.1,0.2,0.35,0.39,0.58,0.73,0.61,0.35000000000000003
kampala_hoima,227,113.75,roadside settlement,0.36,0.4,0.44,0.5,0.65,1.02,1.1,1.04,0.29000000000000004
kampala_hoima,228,114.25,roadside settlement,0.31,0.43,0.55,0.76,1.02,1.62,1.77,1.65,0.71
kampala_hoima,229,114.75,roadside settlement,2.51,2.79,3.07,3.35,3.35,3.35,3.35,3.35,0.8400000000000003
kampala_hoima,230,115.25,roadside settlement,5.16,5.43,5.7,5.92,5.92,5.99,5.99,5.99,0.7599999999999998
kampala_hoima,231,115.75,town,5.07,5.1,5.13,5.16,5.16,5.16,5.16,5.16,0.08999999999999986
kampala_hoima,232,116.25,roadside settlement,3.95,4.05,4.14,4.22,4.22,4.22,4.22,4.22,0.2699999999999996
kampala_hoima,233,116.75,roadside settlement,6.46,6.63,6.8,6.93,6.93,7.31,7.31,7.31,0.46999999999999975
kampala_hoima,234,117.25,roadside settlement,8.58,8.58,8.59,8.59,8.59,8.59,8.59,8.59,0.009999999999999787
kampala_hoima,235,117.75,roadside settlement,4.97,5.04,5.11,5.17,5.17,5.24,5.24,5.24,0.20000000000000018
kampala_hoima,236,118.25,roadside settlement,1.01,1.29,1.58,1.81,1.82,1.89,1.97,1.91,0.81
kampala_hoima,237,118.75,roadside settlement,1.43,1.47,1.51,1.55,1.61,2.03,2.14,2.05,0.18000000000000016
kampala_hoima,238,119.25,roadside settlement,1.7,1.81,1.92,2.01,2.05,2.53,2.58,2.54,0.34999999999999987
kampala_hoima,239,119.75,roadside settlement,0.58,0.64,0.81,1.03,1.21,1.45,1.45,1.45,0.63
kampala_hoima,240,120.25,roadside settlement,0.39,0.53,0.78,0.96,1.21,1.54,1.65,1.56,0.82
kampala_hoima,241,120.75,roadside settlement,2.19,2.47,2.76,3.05,3.12,3.52,3.52,3.52,0.9300000000000002
kampala_hoima,242,121.25,roadside settlement,0.6,0.76,0.92,1.07,1.18,1.44,1.44,1.44,0.58
kampala_hoima,243,121.75,roadside settlement,0.39,0.42,0.45,0.49,0.5,0.59,0.64,0.6,0.10999999999999999
kampala_hoima,244,122.25,roadside settlement,1.47,1.57,1.67,2.04,2.19,2.55,2.55,2.55,0.72
kampala_hoima,245,122.75,roadside settlement,1.0,1.03,1.11,1.15,1.16,1.47,1.51,1.48,0.15999999999999992
kampala_hoima,246,123.25,roadside settlement,0.27,0.27,0.27,0.28,0.34,0.5,0.74,0.55,0.07
kampala_hoima,247,123.75,roadside settlement,0.17,0.24,0.38,0.49,0.57,0.85,0.85,0.85,0.3999999999999999
kampala_hoima,248,124.25,roadside settlement,0.33,0.38,0.46,0.53,0.53,0.78,0.83,0.79,0.2
kampala_hoima,249,124.75,roadside settlement,1.04,1.14,1.23,1.32,1.54,1.79,1.84,1.8,0.5
kampala_hoima,250,125.25,roadside settlement,0.22,0.25,0.3,0.37,0.58,0.9,1.24,0.97,0.36
kampala_hoima,251,125.75,roadside settlement,0.32,0.39,0.45,0.58,0.78,0.87,0.94,0.88,0.46
kampala_hoima,252,126.25,open road,0.24,0.25,0.26,0.27,0.28,0.34,0.43,0.36,0.040000000000000036
kampala_hoima,253,126.75,roadside settlement,0.44,0.46,0.48,0.5,0.58,0.61,0.61,0.61,0.13999999999999996
kampala_hoima,254,127.25,roadside settlement,0.49,0.54,0.6,0.66,0.7,1.03,1.12,1.05,0.20999999999999996
kampala_hoima,255,127.75,roadside settlement,0.11,0.15,0.22,0.48,0.75,0.91,0.93,0.91,0.64
kampala_hoima,256,128.25,roadside settlement,0.05,0.06,0.13,0.21,0.34,0.55,0.7,0.58,0.29000000000000004
kampala_hoima,257,128.75,open road,0.0,0.0,0.0,0.1,0.22,0.22,0.3,0.24,0.22
kampala_hoima,258,129.25,open road,0.24,0.27,0.3,0.34,0.58,0.94,1.08,0.97,0.33999999999999997
kampala_hoima,259,129.75,roadside settlement,0.29,0.31,0.41,0.53,0.64,1.26,1.33,1.27,0.35000000000000003
kampala_hoima,260,130.25,roadside settlement,0.12,0.14,0.15,0.18,0.25,0.37,0.39,0.37,0.13
kampala_hoima,261,130.75,open road,0.08,0.13,0.18,0.24,0.35,0.75,0.76,0.75,0.26999999999999996
kampala_hoima,262,131.25,roadside settlement,0.36,0.43,0.5,0.61,0.86,0.96,1.02,0.97,0.5
kampala_hoima,263,131.75,roadside settlement,0.39,0.43,0.5,0.65,0.94,1.29,1.33,1.3,0.5499999999999999
kampala_hoima,264,132.25,open road,0.03,0.05,0.07,0.09,0.24,0.31,0.38,0.32,0.21
kampala_hoima,265,132.75,roadside settlement,0.01,0.02,0.15,0.32,0.58,0.77,0.81,0.78,0.57
kampala_hoima,266,133.25,roadside settlement,0.19,0.33,0.47,0.65,0.73,0.74,0.76,0.74,0.54
kampala_hoima,267,133.75,roadside settlement,1.62,1.77,1.93,2.08,2.24,2.51,2.52,2.51,0.6200000000000001
kampala_hoima,268,134.25,roadside settlement,1.14,1.18,1.27,1.39,1.72,1.87,1.91,1.88,0.5800000000000001
kampala_hoima,269,134.75,roadside settlement,0.0,0.01,0.08,0.24,0.94,1.05,1.08,1.06,0.94
kampala_hoima,270,135.25,open road,0.03,0.04,0.05,0.07,0.28,0.29,0.33,0.3,0.25
kampala_hoima,271,135.75,open road,0.0,0.0,0.01,0.04,0.19,0.21,0.28,0.22,0.19
kampala_hoima,272,136.25,open road,0.0,0.0,0.01,0.02,0.03,0.03,0.04,0.03,0.03
kampala_hoima,273,136.75,open road,0.0,0.0,0.04,0.09,0.19,0.21,0.28,0.22,0.19
kampala_hoima,274,137.25,open road,0.19,0.2,0.21,0.23,0.31,0.32,0.36,0.33,0.12
kampala_hoima,275,137.75,open road,0.12,0.12,0.13,0.13,0.14,0.14,0.26,0.16,0.020000000000000018
kampala_hoima,276,138.25,open road,0.0,0.0,0.0,0.02,0.03,0.03,0.03,0.03,0.03
kampala_hoima,277,138.75,roadside settlement,0.99,1.0,1.01,1.12,1.78,1.78,1.78,1.78,0.79
kampala_hoima,278,139.25,roadside settlement,2.0,2.04,2.12,2.3,2.57,2.67,2.67,2.67,0.5699999999999998
kampala_hoima,279,139.75,roadside settlement,0.29,0.3,0.31,0.4,0.78,0.99,0.99,0.99,0.49000000000000005
kampala_hoima,280,140.25,roadside settlement,0.22,0.32,0.49,0.66,0.99,1.27,1.27,1.27,0.77
kampala_hoima,281,140.75,open road,0.0,0.0,0.0,0.0,0.0,0.0,0.0,0.0,0.0
kampala_hoima,282,141.25,open road,0.0,0.0,0.0,0.01,0.01,0.01,0.01,0.01,0.01
kampala_hoima,283,141.75,roadside settlement,0.0,0.0,0.0,0.03,0.11,0.32,0.34,0.32,0.11
kampala_hoima,284,142.25,roadside settlement,0.02,0.06,0.28,0.49,1.1,1.26,1.26,1.26,1.08
kampala_hoima,285,142.75,roadside settlement,0.0,0.01,0.14,0.24,0.43,0.51,0.71,0.55,0.43
kampala_hoima,286,143.25,open road,0.02,0.02,0.02,0.02,0.02,0.02,0.02,0.02,0.0
kampala_hoima,287,143.75,open road,0.01,0.01,0.01,0.01,0.01,0.01,0.01,0.01,0.0
kampala_hoima,288,144.25,open road,0.01,0.01,0.01,0.01,0.01,0.01,0.01,0.01,0.0
kampala_hoima,289,144.75,open road,0.0,0.0,0.0,0.01,0.12,0.12,0.12,0.12,0.12
kampala_hoima,290,145.25,roadside settlement,0.0,0.05,0.1,0.34,0.69,0.88,0.91,0.89,0.69
kampala_hoima,291,145.75,roadside settlement,0.0,0.06,0.22,0.86,2.0,2.38,2.38,2.38,2.0
kampala_hoima,292,146.25,roadside settlement,0.07,0.2,0.38,0.73,1.07,1.12,1.15,1.13,1.0
kampala_hoima,293,146.75,roadside settlement,0.01,0.05,0.1,0.18,0.73,1.13,1.14,1.13,0.72
kampala_hoima,294,147.25,roadside settlement,0.02,0.19,0.41,0.71,0.95,1.18,1.36,1.22,0.9299999999999999
kampala_hoima,295,147.75,roadside settlement,0.36,0.6,0.83,1.31,2.12,2.34,2.53,2.38,1.7600000000000002
kampala_hoima,296,148.25,roadside settlement,1.4,1.63,2.01,2.5,2.85,3.1,3.19,3.12,1.4500000000000002
kampala_hoima,297,148.75,open road,0.0,0.01,0.03,0.04,0.16,0.61,0.67,0.62,0.16
kampala_hoima,298,149.25,open road,0.04,0.05,0.15,0.26,0.44,0.49,0.53,0.5,0.4
kampala_hoima,299,149.75,open road,0.0,0.04,0.08,0.17,0.33,0.39,0.39,0.39,0.33
kampala_hoima,300,150.25,open road,0.12,0.17,0.26,0.37,0.48,0.65,0.65,0.65,0.36
kampala_hoima,301,150.75,open road,0.07,0.08,0.08,0.09,0.09,0.09,0.09,0.09,0.01999999999999999
kampala_hoima,302,151.25,open road,0.07,0.09,0.12,0.2,0.39,0.39,0.47,0.41,0.32
kampala_hoima,303,151.75,roadside settlement,0.01,0.04,0.21,0.77,2.02,2.08,2.08,2.08,2.0100000000000002
kampala_hoima,304,152.25,roadside settlement,0.4,0.7,1.01,1.26,1.36,1.36,1.44,1.38,0.9600000000000001
kampala_hoima,305,152.75,open road,0.04,0.06,0.1,0.13,0.19,0.19,0.27,0.21,0.15
kampala_hoima,306,153.25,roadside settlement,1.64,1.93,2.22,2.47,2.65,2.8,2.83,2.81,1.01
kampala_hoima,307,153.75,roadside settlement,0.42,0.86,1.63,2.23,3.34,3.54,3.54,3.54,2.92
kampala_hoima,308,154.25,roadside settlement,0.03,0.15,0.27,0.46,1.22,1.51,1.6,1.53,1.19
kampala_hoima,309,154.75,roadside settlement,0.19,0.26,0.33,0.41,0.48,0.56,0.69,0.59,0.29
kampala_hoima,310,155.25,open road,0.0,0.0,0.0,0.0,0.0,0.0,0.0,0.0,0.0
kampala_hoima,311,155.75,open road,0.03,0.03,0.03,0.04,0.04,0.09,0.09,0.09,0.010000000000000002
kampala_hoima,312,156.25,roadside settlement,0.12,0.16,0.19,0.25,0.45,0.84,0.91,0.85,0.33
kampala_hoima,313,156.75,open road,0.12,0.13,0.14,0.15,0.15,0.15,0.2,0.16,0.03
kampala_hoima,314,157.25,open road,0.01,0.01,0.01,0.01,0.01,0.01,0.01,0.01,0.0
kampala_hoima,315,157.75,open road,0.0,0.0,0.0,0.0,0.01,0.01,0.01,0.01,0.01
kampala_hoima,316,158.25,roadside settlement,0.12,0.12,0.13,0.13,0.28,0.28,0.28,0.28,0.16000000000000003
kampala_hoima,317,158.75,open road,0.34,0.37,0.39,0.42,0.43,0.43,0.43,0.43,0.08999999999999997
kampala_hoima,318,159.25,open road,0.02,0.02,0.02,0.02,0.02,0.02,0.02,0.02,0.0
kampala_hoima,319,159.75,roadside settlement,0.05,0.05,0.05,0.07,0.12,0.6,0.6,0.6,0.06999999999999999
kampala_hoima,320,160.25,roadside settlement,0.97,1.16,1.37,1.84,2.33,2.72,2.72,2.72,1.36
kampala_hoima,321,160.75,roadside settlement,0.19,0.25,0.41,0.6,1.09,1.4,1.56,1.43,0.9000000000000001
kampala_hoima,322,161.25,open road,0.01,0.01,0.02,0.03,0.08,0.14,0.14,0.14,0.07
kampala_hoima,323,161.75,open road,0.04,0.04,0.05,0.08,0.22,0.24,0.27,0.25,0.18
kampala_hoima,324,162.25,roadside settlement,0.0,0.03,0.06,0.33,0.48,0.9,0.95,0.91,0.48
kampala_hoima,325,162.75,roadside settlement,0.02,0.18,0.4,0.81,1.21,1.52,1.6,1.54,1.19
kampala_hoima,326,163.25,roadside settlement,0.0,0.03,0.07,0.15,0.49,0.49,0.59,0.51,0.49
kampala_hoima,327,163.75,roadside settlement,0.06,0.06,0.08,0.14,0.26,0.32,0.33,0.32,0.2
kampala_hoima,328,164.25,roadside settlement,0.02,0.28,0.65,1.18,2.09,2.4,2.45,2.41,2.07
kampala_hoima,329,164.75,roadside settlement,0.0,0.06,0.13,0.22,0.32,0.64,0.65,0.64,0.32
kampala_hoima,330,165.25,roadside settlement,0.04,0.05,0.05,0.1,0.36,0.45,0.68,0.5,0.32
kampala_hoima,331,165.75,roadside settlement,0.19,0.2,0.2,0.21,0.34,0.42,0.7,0.48,0.15000000000000002
kampala_hoima,332,166.25,open road,0.03,0.03,0.03,0.03,0.03,0.03,0.03,0.03,0.0
kampala_hoima,333,166.75,open road,0.04,0.04,0.05,0.07,0.19,0.31,0.31,0.31,0.15
kampala_hoima,334,167.25,roadside settlement,0.0,0.05,0.09,0.14,0.58,0.8,0.88,0.82,0.58
kampala_hoima,335,167.75,roadside settlement,0.0,0.03,0.07,0.37,0.6,0.95,1.05,0.97,0.6
kampala_hoima,336,168.25,roadside settlement,0.51,0.53,0.66,0.8,1.03,1.5,1.5,1.5,0.52
kampala_hoima,337,168.75,roadside settlement,0.04,0.04,0.04,0.23,0.3,0.32,0.37,0.33,0.26
kampala_hoima,338,169.25,roadside settlement,0.0,0.01,0.01,0.16,0.45,0.72,0.77,0.73,0.45
kampala_hoima,339,169.75,roadside settlement,0.49,0.57,0.72,1.09,1.53,1.78,1.83,1.79,1.04
kampala_hoima,340,170.25,roadside settlement,1.32,1.84,2.37,3.06,4.04,4.04,4.06,4.04,2.7199999999999998
kampala_hoima,341,170.75,roadside settlement,0.17,0.19,0.26,0.39,0.63,0.63,0.76,0.66,0.45999999999999996
kampala_hoima,342,171.25,roadside settlement,0.0,0.11,0.41,0.86,1.13,1.62,1.62,1.62,1.13
kampala_hoima,343,171.75,roadside settlement,0.0,0.0,0.03,0.15,0.29,0.57,0.69,0.59,0.29
kampala_hoima,344,172.25,roadside settlement,0.01,0.01,0.25,0.51,0.76,0.9,0.93,0.91,0.75
kampala_hoima,345,172.75,open road,0.02,0.02,0.02,0.02,0.02,0.02,0.13,0.04,0.0
kampala_hoima,346,173.25,open road,0.0,0.02,0.04,0.08,0.16,0.16,0.39,0.21,0.16
kampala_hoima,347,173.75,open road,0.4,0.42,0.45,0.47,0.48,0.48,0.48,0.48,0.07999999999999996
kampala_hoima,348,174.25,open road,0.01,0.02,0.02,0.02,0.02,0.02,0.02,0.02,0.01
kampala_hoima,349,174.75,open road,0.0,0.0,0.0,0.0,0.0,0.0,0.0,0.0,0.0
kampala_hoima,350,175.25,roadside settlement,0.01,0.1,0.19,0.35,0.51,0.57,0.8,0.62,0.5
kampala_hoima,351,175.75,roadside settlement,0.44,0.51,0.6,0.73,0.91,0.97,0.99,0.97,0.47000000000000003
kampala_hoima,352,176.25,roadside settlement,0.75,0.87,0.98,1.22,1.52,1.61,1.66,1.62,0.77
kampala_hoima,353,176.75,roadside settlement,0.32,0.39,0.51,0.84,1.32,1.41,1.47,1.42,1.0
kampala_hoima,354,177.25,roadside settlement,0.03,0.08,0.23,0.67,1.07,1.26,1.28,1.26,1.04
kampala_hoima,355,177.75,open road,0.04,0.04,0.06,0.25,0.49,0.74,0.8,0.75,0.45
kampala_hoima,356,178.25,roadside settlement,0.0,0.1,0.29,0.71,1.15,1.55,1.59,1.56,1.15
kampala_hoima,357,178.75,roadside settlement,0.19,0.36,0.56,0.86,1.44,1.58,1.58,1.58,1.25
kampala_hoima,358,179.25,roadside settlement,0.0,0.15,0.39,0.69,1.04,1.53,1.58,1.54,1.04
kampala_hoima,359,179.75,roadside settlement,1.42,1.5,1.67,1.85,2.22,2.34,2.35,2.34,0.8000000000000003
kampala_hoima,360,180.25,roadside settlement,0.8,0.97,1.26,1.7,1.87,1.93,1.93,1.93,1.07
kampala_hoima,361,180.75,roadside settlement,0.02,0.05,0.09,0.22,0.89,0.95,1.3,1.02,0.87
kampala_hoima,362,181.25,open road,0.0,0.02,0.05,0.08,0.2,0.2,0.23,0.21,0.2
kampala_hoima,363,181.75,roadside settlement,0.16,0.22,0.37,0.55,0.76,0.79,0.95,0.82,0.6
kampala_hoima,364,182.25,open road,0.0,0.04,0.15,0.22,0.36,0.47,0.63,0.5,0.36
kampala_hoima,365,182.75,open road,0.0,0.08,0.2,0.5,0.61,0.84,0.87,0.85,0.61
kampala_hoima,366,183.25,roadside settlement,0.12,0.17,0.21,0.3,0.68,0.88,0.94,0.89,0.56
kampala_hoima,367,183.75,roadside settlement,0.52,0.53,0.54,0.56,0.63,0.93,0.96,0.94,0.10999999999999999
kampala_hoima,368,184.25,roadside settlement,0.25,0.47,0.76,1.0,1.18,1.37,1.61,1.42,0.9299999999999999
kampala_hoima,369,184.75,open road,0.0,0.01,0.12,0.25,0.53,0.64,0.78,0.67,0.53
kampala_hoima,370,185.25,roadside settlement,0.13,0.19,0.26,0.36,0.5,0.59,0.89,0.65,0.37
kampala_hoima,371,185.75,roadside settlement,0.37,0.54,0.8,0.99,1.48,1.95,1.97,1.95,1.1099999999999999
kampala_hoima,372,186.25,roadside settlement,0.05,0.15,0.3,0.69,1.09,1.21,1.24,1.22,1.04
kampala_hoima,373,186.75,roadside settlement,0.11,0.32,0.58,0.89,1.2,1.66,1.69,1.67,1.0899999999999999
kampala_hoima,374,187.25,roadside settlement,0.25,0.34,0.63,0.84,1.09,1.2,1.24,1.21,0.8400000000000001
kampala_hoima,375,187.75,roadside settlement,0.15,0.16,0.16,0.23,0.52,1.06,1.18,1.08,0.37
kampala_hoima,376,188.25,roadside settlement,0.11,0.22,0.39,0.66,1.09,1.32,1.41,1.34,0.9800000000000001
kampala_hoima,377,188.75,roadside settlement,0.19,0.41,0.73,1.23,1.74,1.86,1.86,1.86,1.55
kampala_hoima,378,189.25,roadside settlement,0.55,0.74,1.06,1.53,2.21,2.33,2.36,2.34,1.66
kampala_hoima,379,189.75,roadside settlement,0.42,0.65,1.04,1.63,1.78,1.79,1.84,1.8,1.36
kampala_hoima,380,190.25,town,0.73,1.67,2.67,3.69,3.8,4.2,4.2,4.2,3.07
kampala_hoima,381,190.75,town,1.25,1.97,2.82,3.48,3.63,3.63,3.63,3.63,2.38
kampala_hoima,382,191.25,town,3.58,4.06,4.76,5.23,5.26,5.26,5.26,5.26,1.6799999999999997
kampala_hoima,383,191.75,town,4.52,5.07,5.82,6.34,6.34,6.34,6.34,6.34,1.8200000000000003
kampala_hoima,384,192.25,town,1.81,2.15,2.88,3.35,3.61,3.65,3.66,3.65,1.7999999999999998
kampala_hoima,385,192.75,town,4.79,5.55,6.31,6.92,6.92,6.92,6.92,6.92,2.13
kampala_hoima,386,193.25,town,5.29,5.56,5.98,6.36,6.36,6.36,6.36,6.36,1.0700000000000003
kampala_hoima,387,193.75,town,6.42,6.61,6.8,6.95,6.95,6.95,6.95,6.95,0.5300000000000002
kampala_hoima,388,194.12838337547012,town,10.71,10.88,11.05,11.25,11.57,11.57,11.57,11.57,0.8599999999999994
