corridor,piece,km_start,km_mid,lon,lat,buildings_100m,buildings_300m,shops_200m,markets_200m,fuel_200m,schools_300m,stops_100m,junctions_major,junctions_minor,humps,signals,ped_crossings,level_crossings,police_posts,weighbridges,dual,curvature_deg_per_km,elev_m,climb_out_m,climb_in_m,grade_pct,water_crossings,wetland_share,wet_days_per_year,place
kampala_malaba,0,0.0,0.25,32.59210882114294,0.31585564183846876,158,537,55,0,1,0,5,17,4,0,4,6,0,0,0,True,34.0,1158.4,0.0,13.9,-2.93,0,0.0,44.0,Radio Uganda
kampala_malaba,1,0.5,0.75,32.59558854782491,0.31856282044361456,108,559,21,0,2,1,3,6,5,0,0,0,0,1,0,True,252.6,1154.3,10.8,-0.0,2.28,1,0.0,44.0,Community Flats
kampala_malaba,2,1.0,1.25,32.59919724997518,0.3212274680946835,187,1042,22,0,1,2,1,2,3,0,0,2,0,0,0,True,17.3,1164.9,8.1,-0.0,1.7,0,0.0,44.0,Ngabo
kampala_malaba,3,1.5,1.75,32.6027413496522,0.3240079771070186,251,954,12,0,0,1,0,2,6,0,0,0,0,0,0,True,48.8,1169.1,1.7,12.9,-2.34,0,0.0,44.0,Lugogo
kampala_malaba,4,2.0,2.25,32.60684629820862,0.3256716078119063,80,546,7,0,1,1,2,7,3,0,3,2,0,0,0,True,33.9,1154.5,0.4,4.1,-0.78,1,0.0,44.0,Vtrs/uwxy/f
kampala_malaba,5,2.5,2.75,32.61092258928564,0.3273886857165412,170,724,27,1,1,1,4,6,6,0,5,7,0,0,0,True,76.6,1163.8,17.9,-0.0,3.77,0,0.0,44.0,Mnopq/ijkl/ps
kampala_malaba,6,3.0,3.25,32.61422339583036,0.3304502791991608,422,1351,50,1,1,2,3,3,5,0,0,0,0,1,0,False,57.9,1181.9,14.1,-0.0,2.97,0,0.0,44.0,Nsimbwe-kasi
kampala_malaba,7,3.5,3.75,32.61760017975578,0.3334340358048335,110,1243,17,0,0,2,3,3,2,0,2,0,0,0,0,False,11.8,1177.2,0.0,19.7,-4.15,0,0.0,44.0,Nakawa Vocation Institute
kampala_malaba,8,4.0,4.25,32.62098685775695,0.3364059806517986,97,513,9,0,1,1,2,0,12,0,0,0,0,0,0,False,47.4,1164.0,0.0,7.8,-1.63,0,0.0,44.0,Central
kampala_malaba,9,4.5,4.75,32.62510035562119,0.3381880253225012,92,596,5,0,1,0,0,1,6,0,0,0,0,0,0,False,30.5,1157.9,0.0,2.6,-0.55,1,0.0,44.0,K 10
kampala_malaba,10,5.0,5.25,32.62930103362248,0.33979350070388037,145,933,5,0,1,0,0,0,6,0,0,0,0,0,0,False,13.4,1158.7,2.8,1.3,0.31,0,0.0,44.0,K 10
kampala_malaba,11,5.5,5.75,32.633501885706295,0.3413967152856876,352,2588,5,1,0,1,0,0,12,0,0,0,0,0,0,False,8.2,1166.2,10.2,1.5,1.85,0,0.0,44.0,K 7
kampala_malaba,12,6.0,6.25,32.637695283681786,0.34302073846487596,613,3399,1,2,0,1,1,1,11,0,0,0,0,0,0,False,15.2,1161.2,1.7,8.0,-1.33,0,0.0,44.0,B 4
kampala_malaba,13,6.5,6.75,32.64192105655927,0.3445528322450585,629,3146,0,1,1,0,0,0,6,0,0,0,0,0,0,False,14.7,1163.5,3.3,-0.0,0.7,0,0.0,44.0,Kireka
kampala_malaba,14,7.0,7.25,32.64624823149266,0.3457712314718635,801,3364,0,1,3,0,1,1,4,0,0,0,0,0,0,False,7.6,1171.3,11.9,0.2,2.48,0,0.0,44.0,Kireka
kampala_malaba,15,7.5,7.75,32.65055825929018,0.34704848756445467,623,2657,0,0,2,0,1,4,1,0,0,0,0,1,0,False,13.3,1172.1,0.0,11.3,-2.38,0,0.0,44.0,Kireka Central
kampala_malaba,16,8.0,8.25,32.654579567585,0.34899212251359263,320,1636,0,0,1,0,1,4,2,0,0,0,0,0,0,False,67.0,1164.6,8.5,1.3,1.52,0,0.0,44.0,Kireka Central
kampala_malaba,17,8.5,8.75,32.657803828176895,0.3520774155561417,512,2136,1,1,2,0,1,2,8,0,0,0,0,0,0,False,87.1,1181.0,16.2,-0.0,3.4,0,0.0,44.0,Bbuto
kampala_malaba,18,9.0,9.25,32.662221240425744,0.3526694868537294,623,2575,1,1,3,0,1,2,7,0,0,0,0,0,0,False,14.9,1189.2,1.4,5.9,-0.94,0,0.0,44.0,Kigandazi
kampala_malaba,19,9.5,9.75,32.666710226266915,0.3528688810625376,495,2399,4,0,2,0,0,0,8,0,0,0,0,0,0,False,18.1,1175.1,0.0,16.9,-3.56,0,0.0,44.0,Namulondo
kampala_malaba,20,10.0,10.25,32.671142078920404,0.3536046682653114,476,1859,3,0,1,0,0,0,9,0,0,0,0,0,0,False,17.1,1167.8,3.2,7.1,-0.83,0,0.0,44.0,Namulondo
kampala_malaba,21,10.5,10.75,32.675561982588654,0.35441617720820623,315,1466,0,0,1,0,0,0,5,0,0,0,0,0,0,False,17.9,1152.1,0.8,14.5,-2.89,0,0.0,44.0,Kireku Railway
kampala_malaba,22,11.0,11.25,32.67998187121767,0.3552198572420864,257,881,0,0,1,0,0,0,4,0,0,0,0,0,0,False,10.0,1145.7,0.2,7.3,-1.51,0,0.0,44.0,Namanve
kampala_malaba,23,11.5,11.75,32.68433196322027,0.3562999721108842,15,270,0,0,0,0,0,0,2,0,0,0,0,0,0,False,30.1,1140.8,1.7,0.6,0.22,0,0.0,44.0,Namanve
kampala_malaba,24,12.0,12.25,32.68836221174625,0.3583000329221677,72,344,2,0,2,0,0,1,3,0,0,0,0,0,0,False,63.3,1149.7,17.3,-0.0,3.64,0,0.0,44.0,Mawotto
kampala_malaba,25,12.5,12.75,32.69235111607389,0.36036651130275615,135,430,2,0,2,0,0,0,4,0,0,0,0,0,0,False,19.3,1161.0,2.0,5.6,-0.74,0,0.0,44.0,Mawotto
kampala_malaba,26,13.0,13.25,32.696375525600956,0.3623779484407743,79,595,0,0,0,2,0,0,2,0,0,0,0,0,0,False,1.1,1151.9,7.9,7.5,0.09,0,0.0,44.0,Kiwanga Lwanda
kampala_malaba,27,13.5,13.75,32.70038721172498,0.3644155231621011,200,1061,1,0,2,4,0,0,3,0,0,0,0,0,0,False,3.7,1167.8,11.5,1.2,2.17,0,0.0,44.0,Kiwanga Lwanda
kampala_malaba,28,14.0,14.25,32.70440970090055,0.36642905528085673,143,927,0,0,2,1,0,0,2,0,0,0,0,0,0,False,40.7,1158.6,3.6,13.8,-2.15,0,0.0,44.0,Baggala
kampala_malaba,29,14.5,14.75,32.70883575896361,0.36711759560329255,269,1264,23,0,1,3,0,0,5,0,0,0,0,0,0,False,39.7,1172.4,22.9,-0.0,4.81,0,0.0,44.0,Baggala
kampala_malaba,30,15.0,15.25,32.71300261479008,0.3687144977024775,627,2363,45,0,1,8,0,2,3,0,0,0,0,0,0,True,83.5,1189.8,7.6,1.9,1.19,0,0.0,44.0,Seeta
kampala_malaba,31,15.5,15.75,32.717150958882215,0.37044477054736635,421,1753,10,0,1,7,0,0,4,0,0,0,0,0,0,False,65.2,1181.9,0.0,15.6,-3.29,0,0.0,44.0,Ntinda
kampala_malaba,32,16.0,16.25,32.7215285287619,0.37000845711551006,107,999,1,0,0,3,0,0,3,0,0,0,0,0,0,False,62.3,1163.2,6.5,11.3,-1.01,0,0.0,44.0,Ntinda
kampala_malaba,33,16.5,16.75,32.725872422489964,0.3704148550704919,385,1262,2,0,1,3,0,0,4,0,0,0,0,0,0,False,59.4,1167.5,3.4,9.9,-1.36,0,0.0,44.0,Kigunga
kampala_malaba,34,17.0,17.25,32.729776935914934,0.37263025267690447,135,963,1,0,1,1,0,0,2,0,0,0,0,0,0,False,68.1,1156.9,12.1,4.6,1.56,0,0.0,44.0,Kigunga
kampala_malaba,35,17.5,17.75,32.73412687488596,0.3721529833185243,266,1023,1,0,0,2,0,2,2,0,0,0,0,0,0,False,88.6,1177.2,13.1,-0.0,2.75,0,0.0,44.0,Lower Kauga
kampala_malaba,36,18.0,18.25,32.737460285331274,0.36913219727676966,368,1257,0,0,4,1,0,0,6,0,0,0,0,0,0,False,23.5,1182.6,2.9,0.6,0.5,0,0.0,44.0,Lower Kauga
kampala_malaba,37,18.5,18.75,32.740694086536585,0.3659955149672755,279,1323,3,0,4,1,0,0,6,0,0,0,0,0,0,False,40.5,1194.1,16.7,-0.0,3.51,0,0.0,44.0,Butebe
kampala_malaba,38,19.0,19.25,32.74395887263206,0.3628931111587565,495,1537,8,0,2,4,0,0,4,0,0,0,0,1,0,False,26.2,1202.7,2.1,0.1,0.42,0,0.0,44.0,Butebe
kampala_malaba,39,19.5,19.75,32.74747269410707,0.36013185558462674,396,1659,33,0,2,3,2,1,5,0,0,0,0,0,0,False,49.4,1200.4,0.0,9.6,-2.01,0,0.0,44.0,Mukono
kampala_malaba,40,20.0,20.25,32.75153607081638,0.3582171050131012,455,2064,27,1,1,6,2,5,1,0,0,0,0,0,0,True,124.0,1189.0,4.4,5.9,-0.3,0,0.0,52.0,Total
kampala_malaba,41,20.5,20.75,32.755145331567675,0.35555601358690675,618,2706,4,1,1,10,0,1,8,0,0,0,0,0,0,False,6.9,1197.2,7.4,-0.0,1.56,0,0.0,52.0,Gunga
kampala_malaba,42,21.0,21.25,32.75861101357574,0.35267687162673406,656,3000,5,0,2,4,1,0,3,0,0,0,0,0,0,False,28.9,1193.9,0.0,15.9,-3.35,0,0.0,52.0,Agip
kampala_malaba,43,21.5,21.75,32.76266969028276,0.3510545558593381,423,2340,2,0,3,1,2,4,5,0,0,0,0,0,0,False,62.8,1176.5,0.0,10.0,-2.1,0,0.0,52.0,Ggulu A
kampala_malaba,44,22.0,22.25,32.76714107315039,0.35149287377767446,415,1742,0,0,0,3,0,0,4,0,0,0,0,0,0,False,48.8,1168.1,1.8,8.1,-1.32,0,0.0,52.0,Ngandu
kampala_malaba,45,22.5,22.75,32.77150904433644,0.35055480397503325,496,1779,0,0,0,4,0,1,4,0,0,0,0,0,0,False,59.2,1162.7,0.2,12.7,-2.65,0,0.0,52.0,Kigombya North
kampala_malaba,46,23.0,23.25,32.77593252839478,0.3511472506719706,376,1389,0,0,3,2,0,0,4,0,0,0,0,0,0,False,6.6,1143.1,0.0,22.0,-4.64,0,0.0,52.0,Kigombya North
kampala_malaba,47,23.5,23.75,32.78031492863787,0.35214596931436976,79,668,0,0,3,1,0,0,1,0,0,0,0,0,0,False,2.9,1127.0,0.4,4.1,-0.77,0,0.0,52.0,Kigombya South
kampala_malaba,48,24.0,24.25,32.78470114145507,0.35312635900818806,56,309,0,0,3,1,0,0,6,0,0,0,0,1,0,False,15.2,1124.2,0.0,4.6,-0.96,0,0.0,52.0,"Lwanyonyi, Kamwaka Close"
kampala_malaba,49,24.5,24.75,32.78906810147904,0.35418103932770334,30,163,0,0,0,0,0,0,3,0,0,0,0,0,0,False,27.0,1123.2,2.6,0.0,0.54,0,0.0,52.0,"Lwanyonyi, Kamwaka Close"
kampala_malaba,50,25.0,25.25,32.79320030855529,0.3559556272293988,34,87,0,0,0,0,0,0,3,0,0,0,0,0,0,False,3.5,1119.4,0.0,6.8,-1.43,0,0.0,52.0,"Lwanyonyi, Kamwaka Close"
kampala_malaba,51,25.5,25.75,32.7971846604333,0.35799918259558694,1,70,0,0,0,0,0,0,2,0,0,0,0,0,0,False,61.3,1117.1,1.0,2.7,-0.35,0,0.0,52.0,Kiwugo
kampala_malaba,52,26.0,26.25,32.800752549880585,0.3607039495170495,6,58,0,0,0,1,0,0,3,0,0,0,0,0,0,False,57.5,1113.6,0.1,3.5,-0.72,0,0.0,52.0,Kasenge B
kampala_malaba,53,26.5,26.75,32.805120546088766,0.3617294428202922,24,223,0,0,0,1,0,0,5,0,0,0,0,0,0,False,22.6,1111.0,0.1,1.5,-0.31,0,0.0,52.0,Kasenge B
kampala_malaba,54,27.0,27.25,32.80952431624025,0.36261020737955507,122,415,0,0,1,0,0,0,2,0,0,0,0,0,0,False,39.5,1109.4,0.0,1.4,-0.3,0,0.0,52.0,Kasenge B
kampala_malaba,55,27.5,27.75,32.8135992537068,0.36446670794676156,313,896,7,0,0,0,2,1,2,0,0,0,0,0,0,False,10.1,1107.0,0.2,1.8,-0.32,0,0.0,52.0,Mbalala
kampala_malaba,56,28.0,28.25,32.81743048229244,0.36682913057128586,384,1471,9,0,0,1,2,0,6,0,0,0,0,0,0,False,5.3,1107.9,7.3,0.3,1.47,0,0.0,52.0,Mbalala
kampala_malaba,57,28.5,28.75,32.82123645207519,0.3692325112115357,331,1051,2,0,0,1,0,0,8,0,0,0,0,1,0,False,11.0,1112.3,1.2,10.8,-2.02,0,0.0,52.0,Mbalala
kampala_malaba,58,29.0,29.25,32.82484228233334,0.3718921025687662,97,417,0,0,0,0,0,0,6,0,0,0,0,0,0,False,63.2,1101.4,0.0,3.2,-0.67,0,0.0,52.0,Kasenge A
kampala_malaba,59,29.5,29.75,32.8273937494407,0.37559490555368236,41,253,0,0,0,0,0,0,4,0,0,0,0,0,0,False,50.8,1101.3,5.8,0.3,1.15,1,0.0,52.0,Namawojjolo West
kampala_malaba,60,30.0,30.25,32.83084772059378,0.37847361715986455,106,705,0,0,0,3,0,0,3,0,0,0,0,0,0,False,1.8,1108.4,3.7,3.0,0.14,0,0.0,52.0,Namawojjolo West
kampala_malaba,61,30.5,30.75,32.83441314887118,0.3812266847699707,407,1392,0,0,0,4,0,0,4,0,0,0,0,0,0,False,1.0,1114.0,8.0,-0.0,1.69,0,0.0,52.0,Namawojjolo West
kampala_malaba,62,31.0,31.25,32.83795998323913,0.38400391506854714,621,1808,0,0,1,4,0,0,5,0,0,0,0,0,0,False,3.1,1118.6,1.7,4.2,-0.52,0,0.0,52.0,Namawojjolo East
kampala_malaba,63,31.5,31.75,32.84152433745336,0.3867584444038841,446,2038,0,0,1,2,0,0,3,0,0,0,0,0,0,False,4.8,1109.5,0.1,12.9,-2.69,0,0.0,52.0,Namawojjolo East
kampala_malaba,64,32.0,32.25,32.84543676708643,0.3888090734081167,348,1581,0,0,1,1,0,1,4,0,0,0,0,0,0,False,69.8,1102.3,2.5,10.4,-1.66,0,0.0,52.0,Walusubi
kampala_malaba,65,32.5,32.75,32.84991797406866,0.38885097244835265,185,693,0,0,1,0,0,2,2,0,0,0,0,0,0,False,64.3,1094.8,3.3,0.7,0.55,1,0.0,52.0,Walusubi
kampala_malaba,66,33.0,33.25,32.85440572121801,0.3887504605035841,72,565,0,0,1,0,0,0,1,0,0,0,0,0,0,False,47.3,1099.0,8.5,0.1,1.77,0,0.0,52.0,Kyawanvubu
kampala_malaba,67,33.5,33.75,32.85872775803236,0.38758329181314644,182,667,0,0,2,2,0,0,3,0,0,0,0,0,0,False,120.9,1115.7,16.9,-0.0,3.55,0,0.0,52.0,Kayanja
kampala_malaba,68,34.0,34.25,32.862754009286725,0.3856258233976847,484,1411,0,0,2,5,0,0,3,0,0,0,0,0,0,False,52.4,1135.9,17.0,0.6,3.45,0,0.0,52.0,Namataba Central
kampala_malaba,69,34.5,34.75,32.86579395457398,0.3824060533211215,399,1350,0,0,0,4,0,0,4,0,0,0,0,0,0,False,42.9,1136.1,0.0,7.1,-1.49,0,0.0,52.0,Galabi
kampala_malaba,70,35.0,35.25,32.86786507827661,0.37839248185936736,214,940,0,0,0,2,0,0,2,0,0,0,0,0,0,False,24.5,1129.0,0.3,7.6,-1.54,0,0.0,52.0,Galabi
kampala_malaba,71,35.5,35.75,32.87047348598603,0.374733740174053,357,1495,0,0,0,3,0,0,3,0,0,0,0,0,0,False,74.8,1126.5,0.8,0.4,0.1,0,0.0,52.0,Kayanja
kampala_malaba,72,36.0,36.25,32.87420243110481,0.3722927980397978,522,1394,0,0,0,2,0,2,3,0,0,0,0,0,0,False,53.4,1123.6,0.0,10.0,-2.11,0,0.0,52.0,Kayanja
kampala_malaba,73,36.5,36.75,32.87852594451796,0.37107861261455044,159,860,1,0,0,2,0,0,1,0,0,0,0,0,0,False,3.0,1118.0,11.7,2.2,2.0,0,0.0,52.0,Namagunga A
kampala_malaba,74,37.0,37.25,32.88292665083517,0.3703992914212918,202,623,1,0,0,1,0,0,1,0,0,0,0,0,0,False,56.2,1127.4,3.6,-0.0,0.76,0,0.0,52.0,Namagunga A
kampala_malaba,75,37.5,37.75,32.88730132699828,0.3714204375871838,324,727,0,0,0,0,0,0,2,0,0,0,0,0,0,False,42.6,1133.1,4.4,0.9,0.73,0,0.0,52.0,Namagunga B
kampala_malaba,76,38.0,38.25,32.89177477093727,0.3711336598872506,106,532,0,0,0,0,0,0,0,0,0,0,0,0,0,False,53.1,1138.8,16.8,0.7,3.38,0,0.0,52.0,Kasaku
kampala_malaba,77,38.5,38.75,32.896096862145185,0.3723250610254721,15,43,0,0,0,0,0,0,3,0,0,0,0,0,0,False,50.0,1156.1,17.8,-0.0,3.75,0,0.0,52.0,Kasaku
kampala_malaba,78,39.0,39.25,32.900541883186904,0.3718969746137972,7,36,0,0,0,0,0,0,2,0,0,0,0,0,0,False,27.3,1176.5,11.3,0.3,2.31,0,0.0,52.0,Kasaku
kampala_malaba,79,39.5,39.75,32.90490917712879,0.37225350669659135,18,69,0,0,0,0,0,0,0,0,0,0,0,0,0,False,76.9,1171.7,0.0,17.8,-3.75,0,0.0,52.0,Najumba
kampala_malaba,80,40.0,40.25,32.90847139058285,0.374974813886153,30,114,0,0,0,0,0,0,1,0,0,0,0,0,0,False,76.4,1153.7,0.0,15.4,-3.24,0,0.0,52.0,Lugazi
kampala_malaba,81,40.5,40.75,32.91283101477677,0.37517199302642523,8,151,0,0,0,0,0,0,1,0,0,0,0,0,0,False,40.2,1144.0,0.4,2.0,-0.34,0,0.0,52.0,Lugazi
kampala_malaba,82,41.0,41.25,32.91703585117536,0.37359034175766387,217,922,0,0,0,2,0,0,1,0,0,0,0,0,0,False,27.9,1149.0,10.6,-0.0,2.22,0,0.0,52.0,Lugazi
kampala_malaba,83,41.5,41.75,32.92084080540023,0.37118419582392637,641,1665,0,0,2,4,0,0,4,0,0,0,0,0,0,False,25.0,1156.3,2.5,0.2,0.5,0,0.0,52.0,Kitega
kampala_malaba,84,42.0,42.25,32.92439851024513,0.3684491027124043,267,1243,0,0,2,2,0,0,3,0,0,0,0,0,0,False,50.1,1153.4,0.9,5.4,-0.95,0,0.0,52.0,Kitega
kampala_malaba,85,42.5,42.75,32.928600783862905,0.3668533168034004,386,1308,0,0,0,5,0,0,7,0,0,0,0,0,0,False,41.6,1166.5,23.8,-0.0,5.01,0,0.0,52.0,Nakazzadde
kampala_malaba,86,43.0,43.25,32.932972528616,0.3665070932782415,383,2258,0,0,0,10,1,1,5,0,0,0,0,0,0,False,88.1,1184.4,21.2,0.4,4.38,0,0.0,52.0,Nakazzadde
kampala_malaba,87,43.5,43.75,32.936771090899114,0.36888803094458605,336,1779,1,0,3,9,2,1,12,0,0,0,0,0,0,False,68.5,1206.4,9.6,0.0,2.02,0,0.0,52.0,Lugazi
kampala_malaba,88,44.0,44.25,32.941060261164125,0.3695028734291827,189,1064,0,0,3,3,1,6,5,0,0,0,0,0,0,True,327.3,1210.7,3.0,0.6,0.51,0,0.0,52.0,Cable
kampala_malaba,89,44.5,44.75,32.94499583076371,0.3674291466542931,147,821,0,0,0,1,0,0,1,0,0,0,0,0,0,False,84.0,1204.5,0.0,11.8,-2.49,0,0.0,52.0,Jagary
kampala_malaba,90,45.0,45.25,32.949361424937216,0.3680643560600102,5,391,0,0,0,0,0,0,0,0,0,0,0,0,0,False,17.3,1194.0,0.0,10.8,-2.28,0,0.0,52.0,Jagary
kampala_malaba,91,45.5,45.75,32.953543071190495,0.3697125912067263,0,266,0,0,0,0,0,0,1,0,0,0,0,0,0,False,39.1,1177.9,0.0,15.3,-3.22,0,0.0,52.0,Kinawataka
kampala_malaba,92,46.0,46.25,32.95706003947405,0.3724763104145641,6,32,0,0,0,0,0,0,2,0,0,0,0,0,0,False,32.7,1170.4,0.0,1.8,-0.39,0,0.0,52.0,Hospital
kampala_malaba,93,46.5,46.75,32.95992998426669,0.37595683528199547,30,83,0,0,0,0,0,0,3,0,0,0,0,0,0,False,8.3,1173.6,8.1,-0.0,1.71,0,0.0,52.0,Bulyantete
kampala_malaba,94,47.0,47.25,32.96275115572528,0.3794776004490457,139,534,0,0,0,2,0,0,2,0,0,0,0,0,0,False,0.2,1185.3,17.2,-0.0,3.61,0,0.0,52.0,Bulyantete
kampala_malaba,95,47.5,47.75,32.965597597079544,0.3829778500863696,352,1015,0,0,0,2,0,0,1,0,0,0,0,0,0,False,1.1,1205.5,17.8,-0.0,3.74,0,0.0,52.0,Tebalowoza
kampala_malaba,96,48.0,48.25,32.968468601573406,0.38645774712451725,343,1202,0,0,0,0,0,0,0,0,0,0,0,0,0,False,13.3,1219.5,11.3,-0.0,2.38,0,0.0,52.0,Tebalowoza
kampala_malaba,97,48.5,48.75,32.97196310007427,0.3891475962672058,341,937,0,0,0,0,0,0,1,0,0,0,0,0,0,False,83.3,1229.6,4.7,7.0,-0.5,0,0.0,52.0,Sagazi East
kampala_malaba,98,49.0,49.25,32.97635586873299,0.3887527042669221,199,641,0,0,0,0,0,0,1,0,0,0,0,0,0,False,56.0,1213.0,0.0,21.4,-4.51,0,0.0,52.0,Kasininya
kampala_malaba,99,49.5,49.75,32.98068553600615,0.38942203832426786,114,391,0,0,2,0,0,0,0,0,0,0,0,0,0,False,64.1,1208.5,15.5,0.5,3.17,0,0.0,52.0,Kasininya
kampala_malaba,100,50.0,50.25,32.985019991222245,0.3905137909574368,35,127,0,0,2,0,0,0,0,0,0,0,0,0,0,False,0.4,1222.7,10.2,3.1,1.51,0,0.0,52.0,Kasininya
kampala_malaba,101,50.5,50.75,32.98944699318851,0.39128896045206324,0,12,0,0,0,0,0,0,0,0,0,0,0,0,0,False,0.6,1204.3,1.0,37.3,-7.63,0,0.0,52.0,Dangala A
kampala_malaba,102,51.0,51.25,32.9938716892594,0.39207742472521545,1,26,0,0,0,0,0,0,0,0,0,0,0,0,0,False,1.6,1192.3,8.1,1.4,1.39,0,0.0,52.0,Dangala A
kampala_malaba,103,51.5,51.75,32.99829478535287,0.39287299087736155,10,59,0,0,0,0,0,0,0,0,0,0,0,0,0,False,3.1,1201.2,13.4,7.7,1.21,0,0.0,52.0,Dangala A
kampala_malaba,104,52.0,52.25,33.002716849899585,0.3936684810841763,84,408,0,0,0,1,0,0,1,0,0,0,0,0,0,False,21.5,1206.0,18.8,-0.0,3.96,0,0.0,51.4,Nsakya A
kampala_malaba,105,52.5,52.75,33.00698869691227,0.3950646149144849,384,906,0,1,1,2,1,1,2,0,0,0,0,0,0,False,3.5,1230.0,17.3,-0.0,3.64,0,0.0,51.4,Najjembe
kampala_malaba,106,53.0,53.25,33.01121458445156,0.3965999110261379,164,562,0,1,1,2,1,0,0,0,0,0,0,0,0,False,40.4,1236.3,1.0,3.0,-0.42,0,0.0,51.4,Najjembe
kampala_malaba,107,53.5,53.75,33.01552281986976,0.3978426789466255,2,8,0,0,0,0,0,0,0,0,0,0,0,0,0,False,48.4,1223.6,0.5,13.6,-2.75,0,0.0,51.4,Nsakya B
kampala_malaba,108,54.0,54.25,33.01966551164179,0.39956626850035454,0,0,0,0,0,0,0,0,0,0,0,0,0,0,0,False,19.2,1202.4,0.0,26.7,-5.62,0,0.0,51.4,Mubango
kampala_malaba,109,54.5,54.75,33.0238889876804,0.40110649845057506,0,11,0,0,0,0,0,0,1,0,0,0,0,0,0,False,21.2,1185.6,1.8,9.0,-1.51,0,0.0,51.4,Mubango
kampala_malaba,110,55.0,55.25,33.02805296903994,0.4028018360408624,1,11,0,0,0,0,0,0,0,0,0,0,0,0,0,False,18.9,1180.3,0.1,6.1,-1.26,0,0.0,51.4,Mubango
kampala_malaba,111,55.5,55.75,33.032215127180365,0.4045057607693147,1,2,0,0,0,0,0,0,0,0,0,0,0,0,0,False,8.5,1182.3,7.0,0.1,1.46,0,0.0,51.4,Mubango
kampala_malaba,112,56.0,56.25,33.036383251833904,0.4061948818676051,0,20,0,0,0,0,0,0,0,0,0,0,0,0,0,False,17.0,1197.7,16.2,0.5,3.31,0,0.0,51.4,Najembe
kampala_malaba,113,56.5,56.75,33.040561412856526,0.4078560888776974,27,41,0,0,0,0,0,0,0,0,0,0,0,0,0,False,15.0,1195.4,0.0,11.6,-2.45,0,0.0,51.4,Najembe
kampala_malaba,114,57.0,57.25,33.0447257713133,0.4095547980554458,1,37,0,0,0,0,0,0,0,0,0,0,0,0,0,False,25.5,1185.7,0.0,17.7,-3.72,0,0.0,51.4,Najembe
kampala_malaba,115,57.5,57.75,33.04904242750333,0.41066189517159546,1,1,0,0,0,0,0,0,1,0,0,0,0,0,0,False,29.9,1179.6,31.1,1.4,6.26,0,0.0,51.4,Najembe
kampala_malaba,116,58.0,58.25,33.0535349670217,0.4106606543861362,0,0,0,0,0,0,0,0,0,0,0,0,0,0,0,False,3.9,1208.0,13.7,-0.0,2.89,0,0.0,51.4,Najembe
kampala_malaba,117,58.5,58.75,33.058028125713456,0.41060879495752334,1,1,0,0,0,0,0,0,0,0,0,0,0,0,0,False,0.6,1223.8,11.5,3.1,1.76,0,0.0,51.4,Najembe
kampala_malaba,118,59.0,59.25,33.06252120197817,0.4105622552340421,1,2,0,0,0,0,0,0,1,0,0,0,0,0,0,False,2.7,1212.4,0.0,20.6,-4.34,0,0.0,51.4,
kampala_malaba,119,59.5,59.75,33.06701461350948,0.4105381616064662,0,1,0,0,0,0,0,0,0,0,0,0,0,0,0,False,3.7,1192.8,4.1,15.4,-2.38,0,0.0,51.4,
kampala_malaba,120,60.0,60.25,33.07150708892324,0.41060216588876414,0,0,0,0,0,0,0,0,0,0,0,0,0,0,0,False,42.5,1192.3,3.3,5.6,-0.49,0,0.0,51.4,Lugalambo
kampala_malaba,121,60.5,60.75,33.075722432502715,0.4091754190826683,3,6,0,0,0,0,0,0,0,0,0,0,0,0,0,False,10.9,1189.9,10.0,2.1,1.68,0,0.0,51.4,Lugalambo
kampala_malaba,122,61.0,61.25,33.079794824698396,0.4072791838247394,6,6,0,0,0,0,0,0,1,0,0,0,0,0,0,False,49.5,1203.4,12.3,-0.0,2.6,0,0.0,51.4,Lugalambo
kampala_malaba,123,61.5,61.75,33.084230034035926,0.40724454988280573,0,11,0,0,0,0,0,0,2,0,0,0,0,0,0,False,39.2,1207.4,2.0,4.3,-0.48,0,0.0,51.4,Lugalambo
kampala_malaba,124,62.0,62.25,33.088611780798864,0.4081613158874425,8,77,0,0,0,0,0,0,2,0,0,0,0,0,0,False,56.0,1209.4,2.3,2.7,-0.09,0,0.0,51.4,Lugalambo
kampala_malaba,125,62.5,62.75,33.093040117612766,0.407406250870058,0,53,0,0,0,0,0,0,0,0,0,0,0,0,0,False,0.4,1208.2,3.1,0.8,0.49,0,0.0,51.4,Lugalambo
kampala_malaba,126,63.0,63.25,33.09746439472776,0.40662182363347893,2,2,0,0,0,0,0,0,0,0,0,0,0,0,0,False,57.6,1204.4,0.0,13.4,-2.82,0,0.0,51.4,Namatogonya
kampala_malaba,127,63.5,63.75,33.10175755367093,0.40772856078049663,0,7,0,0,0,0,0,1,0,0,0,0,0,0,0,False,9.9,1184.9,0.0,19.7,-4.14,0,0.0,51.4,Namatogonya
kampala_malaba,128,64.0,64.25,33.10588751870811,0.40951084862134995,39,160,0,0,1,0,0,0,1,0,0,0,0,0,0,False,5.1,1189.3,27.2,-0.0,5.73,0,0.0,51.4,Namatogonya
kampala_malaba,129,64.5,64.75,33.11011453013003,0.41098722364807755,121,320,0,0,1,1,0,0,1,0,0,0,0,0,0,False,40.8,1210.6,10.4,-0.0,2.19,0,0.0,51.4,Kiryante
kampala_malaba,130,65.0,65.25,33.11458567365678,0.4110673224277995,112,334,0,0,0,1,0,0,0,0,0,0,0,0,0,False,18.1,1217.4,5.1,-0.0,1.08,0,0.0,51.4,Kiryante
kampala_malaba,131,65.5,65.75,33.119028681551335,0.41040766116283817,178,848,0,0,0,0,0,0,0,0,0,0,0,0,0,False,57.6,1228.9,11.4,0.1,2.38,0,0.0,51.4,Kiryante
kampala_malaba,132,66.0,66.25,33.12269817987893,0.407866428653646,492,1475,0,0,0,4,0,1,3,0,0,0,0,0,0,False,51.1,1240.1,10.1,4.7,1.13,0,0.0,51.4,Namanyonyi
kampala_malaba,133,66.5,66.75,33.12677996869362,0.40629371674391823,393,1439,0,0,0,3,0,0,1,0,0,0,0,0,0,False,78.0,1232.4,0.0,14.0,-2.95,0,0.0,51.4,Namanyonyi
kampala_malaba,134,67.0,67.25,33.13072013364034,0.40820671396287894,335,1054,0,0,0,1,0,0,2,0,0,0,0,0,0,False,33.8,1217.2,0.0,12.2,-2.57,0,0.0,51.4,Namanyonyi
kampala_malaba,135,67.5,67.75,33.13394278178794,0.411358266703299,137,694,0,0,0,1,0,0,2,0,0,0,0,0,0,False,38.0,1203.1,6.7,10.4,-0.77,0,0.0,51.4,Lugazi
kampala_malaba,136,68.0,68.25,33.1372516828366,0.4144139833036317,327,1118,0,0,0,2,0,0,1,0,0,0,0,0,0,False,28.8,1220.2,24.4,-0.0,5.13,0,0.0,51.4,Lugazi
kampala_malaba,137,68.5,68.75,33.140109686370565,0.4178856463737582,539,1864,0,0,1,3,0,0,8,0,0,0,0,0,0,False,26.8,1234.2,2.6,-0.0,0.55,0,0.0,51.4,Lugazi
kampala_malaba,138,69.0,69.25,33.14270081597364,0.4215795133220969,511,2316,0,0,1,3,0,0,3,0,0,0,0,0,0,False,13.2,1235.3,2.3,0.5,0.37,0,0.0,51.4,Wampala
kampala_malaba,139,69.5,69.75,33.14531317819383,0.4252588749372366,651,2568,0,0,1,4,0,0,7,0,0,0,0,0,0,False,16.2,1242.1,9.5,-0.0,2.01,0,0.0,51.4,Wampala
kampala_malaba,140,70.0,70.25,33.147619220994976,0.4291411301683888,673,2688,0,0,0,4,1,0,4,0,0,0,0,0,0,False,16.7,1248.3,1.3,0.1,0.25,0,0.0,51.4,Njeru
kampala_malaba,141,70.5,70.75,33.1504922615826,0.4325301621901852,796,2731,0,0,0,6,1,0,5,0,0,0,0,0,0,False,85.1,1243.7,0.0,14.0,-2.95,0,0.0,51.4,Njeru
kampala_malaba,142,71.0,71.25,33.154866350470726,0.43330705936531283,624,2692,0,0,1,8,0,0,3,0,0,0,0,0,0,False,13.8,1219.1,0.0,23.4,-4.93,0,0.0,51.4,Namuwaya
kampala_malaba,143,71.5,71.75,33.15935515777931,0.4334841225886913,678,2389,0,0,2,9,0,0,2,0,0,0,0,0,0,False,35.7,1199.8,0.0,17.7,-3.72,0,0.0,51.4,Naava
kampala_malaba,144,72.0,72.25,33.16365405020557,0.4347747133675718,261,1217,0,0,4,4,0,0,4,0,0,0,0,0,0,False,17.3,1180.8,0.0,18.1,-3.81,0,0.0,51.4,Naava Road
kampala_malaba,145,72.5,72.75,33.16790326535584,0.4362446542186328,40,457,0,0,2,1,0,0,1,0,0,0,0,0,0,False,0.8,1165.7,0.0,10.5,-2.2,0,0.0,51.4,Naava Road
kampala_malaba,146,73.0,73.25,33.17216549488686,0.43767702942602166,111,575,0,0,2,2,0,0,1,0,0,0,0,0,0,False,1.1,1157.2,0.0,6.5,-1.37,0,0.0,51.4,Triangle
kampala_malaba,147,73.5,73.75,33.17639709278956,0.43919002511110533,222,1047,0,0,3,2,0,2,2,0,0,0,0,0,0,True,79.2,1155.1,2.2,3.4,-0.25,0,0.0,51.4,Upper Naava
kampala_malaba,148,74.0,74.25,33.180518410623996,0.4396412948314958,204,919,0,0,2,0,0,5,1,0,0,0,0,0,0,True,143.0,1149.5,0.0,3.6,-0.76,0,0.0,51.4,Naminya
kampala_malaba,149,74.5,74.75,33.184569825721574,0.4381859169026437,56,265,0,0,0,0,0,0,4,1,0,0,0,0,0,True,494.0,1147.3,0.0,6.3,-1.33,0,0.0,51.4,Naminya
kampala_malaba,150,75.0,75.25,33.18896313050394,0.43888516481187545,33,171,0,0,0,0,0,0,2,0,0,0,0,0,0,True,9.4,1135.3,10.4,6.5,0.82,1,0.0,51.4,Nalufenya B
kampala_malaba,151,75.5,75.75,33.19294079398989,0.4407235797065274,55,271,0,0,1,1,0,0,4,0,0,0,0,0,0,True,122.0,1146.8,2.9,-0.0,0.62,0,0.0,51.4,Nalufenya B
kampala_malaba,152,76.0,76.25,33.195634817938334,0.44424714904338714,89,476,10,0,5,0,0,3,1,0,0,0,0,0,0,True,100.1,1153.0,9.0,-0.0,1.89,0,0.0,51.4,Ambercourt
kampala_malaba,153,76.5,76.75,33.199675537355276,0.4460412659898466,105,409,10,0,4,0,0,2,2,0,0,0,0,0,0,True,214.1,1156.8,0.8,1.4,-0.12,0,0.0,51.4,Mvule
kampala_malaba,154,77.0,77.25,33.20401690155548,0.4455771303033722,33,339,0,0,0,1,0,0,1,0,0,0,0,0,0,True,49.6,1163.3,10.9,-0.0,2.29,0,0.0,51.4,Mvule
kampala_malaba,155,77.5,77.75,33.207847076541206,0.44321260501666054,47,699,0,0,1,1,0,0,0,0,0,0,0,0,0,True,7.1,1173.2,8.1,-0.0,1.71,0,0.0,51.4,Mvule
kampala_malaba,156,78.0,78.25,33.211907822222386,0.44141145474552007,117,771,2,0,2,1,1,0,2,0,0,0,0,0,0,True,346.1,1181.7,8.0,0.1,1.66,0,0.0,51.4,Mvule
kampala_malaba,157,78.5,78.75,33.21595463204987,0.442736595272723,180,654,2,0,2,3,1,0,1,0,0,0,0,0,0,True,77.3,1183.0,0.0,2.9,-0.6,0,0.0,51.4,Railways
kampala_malaba,158,79.0,79.25,33.21836372158801,0.44651097400017775,99,378,0,0,2,7,0,0,3,0,0,0,0,0,0,True,48.2,1183.7,3.5,-0.0,0.74,0,0.0,51.4,Railways
kampala_malaba,159,79.5,79.75,33.21904457523855,0.4509589275440631,157,730,4,0,6,6,0,0,2,0,0,0,0,0,0,True,2.1,1184.3,2.0,2.1,-0.01,0,0.0,51.4,Rubaga
kampala_malaba,160,80.0,80.25,33.219289063261165,0.45546343519978466,311,1176,4,0,6,5,0,2,5,0,0,0,0,0,0,True,405.1,1184.5,0.8,9.1,-1.75,0,0.0,51.4,Masese III
kampala_malaba,161,80.5,80.75,33.22293343553907,0.45710295847383614,156,926,0,0,1,1,0,0,2,0,0,0,2,0,0,True,78.3,1165.3,0.0,18.8,-3.96,0,0.0,51.4,Masese III
kampala_malaba,162,81.0,81.25,33.225795424933516,0.46058527472825567,34,394,0,0,0,0,0,1,2,0,0,0,0,0,0,True,15.6,1149.2,0.0,12.1,-2.55,0,0.0,51.4,Kamuli Road
kampala_malaba,163,81.5,81.75,33.22941359058663,0.46317249799983196,152,1046,4,0,1,5,0,2,2,0,0,0,0,0,0,True,38.2,1144.8,2.7,0.1,0.55,0,0.0,51.4,Eastern Cell
kampala_malaba,164,82.0,82.25,33.23364269416106,0.4647009398473056,443,1676,8,1,0,8,0,1,2,0,0,0,0,0,0,True,1.7,1156.3,18.5,-0.0,3.9,0,0.0,51.4,Stadium
kampala_malaba,165,82.5,82.75,33.2378764689977,0.46621621852154926,641,2473,32,2,2,6,0,0,4,0,0,0,0,0,0,True,3.4,1171.4,7.5,0.2,1.55,0,0.0,51.4,Kalina Cell
kampala_malaba,166,83.0,83.25,33.24208839399142,0.46779144699119146,663,2939,19,1,2,9,0,0,5,0,0,0,0,0,0,True,7.1,1166.5,0.0,11.0,-2.32,0,0.0,51.4,Church
kampala_malaba,167,83.5,83.75,33.246306982637,0.46934936601423893,449,2348,4,0,0,9,0,0,3,0,0,0,0,0,0,True,0.8,1166.6,9.5,-0.0,2.0,0,0.0,51.4,Wanyange Central LC I
kampala_malaba,168,84.0,84.25,33.2505317894581,0.4708900902310033,461,1668,0,0,0,6,0,0,6,0,0,0,0,0,0,True,0.8,1174.7,3.7,0.5,0.68,0,0.0,52.5,Wanyange Central LC I
kampala_malaba,169,84.5,84.75,33.25476132015796,0.4724173528608439,331,1455,0,0,1,6,0,1,4,0,0,0,0,0,0,True,6.2,1174.6,1.0,0.9,0.02,0,0.0,52.5,Wanyange Lake LC I
kampala_malaba,170,85.0,85.25,33.25898254970545,0.47396733482274905,241,1185,0,0,1,6,0,0,2,0,0,0,0,0,0,True,1.8,1166.9,0.0,19.5,-4.11,0,0.0,52.5,Wanyange Central LC I
kampala_malaba,171,85.5,85.75,33.26319686183639,0.47553688953003853,379,1389,7,0,1,6,2,0,2,0,0,0,0,0,0,True,1.8,1154.3,4.1,2.6,0.32,1,0.0,52.5,Walumbe LC I
kampala_malaba,172,86.0,86.25,33.26739127872775,0.47715911320741544,186,1016,5,0,1,3,2,0,3,0,0,0,0,0,0,True,14.3,1158.2,13.5,1.6,2.5,0,0.0,52.5,Wairaka A LC I
kampala_malaba,173,86.5,86.75,33.271454107436796,0.4790779009004806,53,268,0,0,0,2,0,0,1,0,0,0,0,0,0,True,0.0,1175.8,9.1,3.2,1.23,0,0.0,52.5,Mwiri Primary LC I
kampala_malaba,174,87.0,87.25,33.27544201094747,0.4811620306583607,65,217,0,0,0,3,1,0,6,0,0,0,0,0,0,True,9.2,1164.5,0.0,19.3,-4.05,0,0.0,52.5,Mwiri Primary LC I
kampala_malaba,175,87.5,87.75,33.279425784927824,0.4832545221202517,1,80,0,0,0,3,1,0,0,0,0,0,0,0,0,True,0.2,1148.3,0.1,7.1,-1.47,0,0.0,52.5,Namaziba
kampala_malaba,176,88.0,88.25,33.2834113810533,0.4853415282649262,0,1,0,0,0,0,2,4,2,0,0,0,0,0,0,True,19.2,1147.0,0.1,0.4,-0.08,0,0.0,52.5,Go Moja
kampala_malaba,177,88.5,88.75,33.28741757470416,0.4873893593767075,1,1,0,0,0,0,0,0,0,0,0,0,0,0,0,False,1.1,1153.1,17.2,-0.0,3.62,0,0.0,52.5,Go Moja
kampala_malaba,178,89.0,89.25,33.2914041862353,0.4894764013838826,25,83,0,0,0,0,0,0,2,0,0,0,0,0,0,False,9.3,1172.3,12.5,-0.0,2.62,0,0.0,52.5,Go Moja
kampala_malaba,179,89.5,89.75,33.29538978211142,0.4915651827643153,15,81,0,0,0,0,0,0,1,0,0,0,0,0,0,False,2.0,1172.9,0.0,10.0,-2.1,0,0.0,52.5,Single Quaters
kampala_malaba,180,90.0,90.25,33.29937913583796,0.4936469686939923,0,0,0,0,0,0,0,0,0,0,0,0,0,0,0,False,0.0,1157.6,0.1,14.2,-2.96,1,0.0,52.5,Single Quaters
kampala_malaba,181,90.5,90.75,33.303366230295566,0.49573315396173695,1,16,0,0,0,0,2,0,1,0,0,0,0,0,0,False,0.1,1161.3,17.3,-0.0,3.65,0,0.0,52.5,Majimazuri
kampala_malaba,182,91.0,91.25,33.307346040359846,0.4978333258171943,1,16,0,0,0,0,2,0,3,0,0,0,0,0,0,False,0.8,1171.3,1.6,2.2,-0.12,0,0.0,52.5,Majimazuri
kampala_malaba,183,91.5,91.75,33.311322898907456,0.4999391555043849,0,0,0,0,0,0,0,0,0,0,0,0,0,0,0,False,0.9,1161.2,0.5,14.0,-2.86,0,0.0,52.5,Majimazuri
kampala_malaba,184,92.0,92.25,33.31532002170031,0.5020056290319025,7,40,0,0,0,0,0,0,0,0,0,0,0,0,0,False,1.4,1168.3,23.1,-0.0,4.87,0,0.0,51.5,Hio LC I
kampala_malaba,185,92.5,92.75,33.31932366722627,0.5040592906506796,18,40,0,0,0,0,0,0,2,0,0,0,0,0,0,False,2.8,1186.1,10.2,-0.0,2.15,0,0.0,51.5,Hio LC I
kampala_malaba,186,93.0,93.25,33.32330885531988,0.5061485817111131,0,21,0,0,0,0,0,0,4,0,0,0,0,0,0,False,6.1,1195.2,8.1,-0.0,1.7,0,0.0,51.5,Hio LC I
kampala_malaba,187,93.5,93.75,33.3273001748454,0.5082261801258898,236,736,0,0,0,0,0,0,2,0,0,0,0,0,0,False,1.4,1199.2,0.7,3.9,-0.68,0,0.0,51.5,Wandago
kampala_malaba,188,94.0,94.25,33.331296219776036,0.5102948279751015,162,821,0,0,0,0,2,0,3,0,0,0,0,0,0,False,23.2,1187.3,0.0,17.4,-3.67,0,0.0,51.5,Wandago
kampala_malaba,189,94.5,94.75,33.335263874374455,0.5124144827359282,124,297,0,0,0,0,0,0,0,0,0,0,0,0,0,False,0.0,1174.2,9.6,6.6,0.63,1,0.0,51.5,Wandago
kampala_malaba,190,95.0,95.25,33.33924838447439,0.514505653517543,153,527,0,0,0,1,0,1,2,0,0,0,0,0,0,False,1.7,1187.9,12.8,-0.0,2.7,0,0.0,51.5,Magamaga
kampala_malaba,191,95.5,95.75,33.34315932912867,0.5167186679105767,538,1769,6,0,0,4,0,0,2,0,0,0,0,0,0,False,33.0,1197.3,3.7,0.7,0.64,0,0.0,51.5,Magamaga
kampala_malaba,192,96.0,96.25,33.346756050815166,0.5194300878734331,735,2365,13,0,1,6,0,1,1,0,0,0,0,0,0,False,40.2,1195.8,0.0,4.1,-0.87,0,0.0,51.5,Magamaga
kampala_malaba,193,96.5,96.75,33.35096887608599,0.5206665434739559,200,1103,4,0,2,2,0,0,2,0,0,0,0,0,0,False,23.6,1189.4,0.0,6.2,-1.3,0,0.0,51.5,Wabulungu trading centre
kampala_malaba,194,97.0,97.25,33.355457675072294,0.5208718886976625,90,283,0,0,0,0,0,0,0,0,0,0,0,0,0,False,15.7,1179.5,0.0,11.5,-2.42,0,0.0,51.5,Buwanga B
kampala_malaba,195,97.5,97.75,33.3598947240623,0.5215712427808256,150,293,0,0,0,0,0,0,2,0,0,0,0,0,0,False,18.6,1168.3,0.0,11.9,-2.51,0,0.0,51.5,Buwanga B
kampala_malaba,196,98.0,98.25,33.36432322637516,0.5223358122876767,72,178,0,0,0,0,0,0,0,0,0,0,0,1,0,False,6.1,1154.6,0.0,13.9,-2.92,0,0.0,51.5,Buwanga B
kampala_malaba,197,98.5,98.75,33.36874755020375,0.5231237654932281,33,94,0,0,1,0,0,0,2,0,0,0,0,1,0,False,14.7,1142.2,3.2,5.9,-0.56,2,0.0,51.5,Buwanga B
kampala_malaba,198,99.0,99.25,33.373141441500245,0.5240386858505872,94,222,0,0,1,1,0,0,4,0,0,0,0,0,1,False,19.3,1150.5,7.6,1.1,1.37,0,0.0,51.5,Magamaga
kampala_malaba,199,99.5,99.75,33.37738332865521,0.5255310124105076,93,301,0,0,0,2,0,0,3,0,0,0,0,0,0,False,3.8,1146.1,3.6,7.5,-0.82,0,0.0,51.5,Musita A
kampala_malaba,200,100.0,100.25,33.381623658838464,0.5270273752888249,220,997,0,0,4,1,0,0,1,0,0,0,0,0,0,False,7.0,1154.4,9.1,-0.0,1.91,0,0.0,51.5,Musita A
kampala_malaba,201,100.5,100.75,33.385865530641034,0.5285180747674311,479,1341,0,0,5,0,1,3,5,0,0,0,0,0,0,False,22.3,1157.6,0.6,0.2,0.08,0,0.0,51.5,Musita A
kampala_malaba,202,101.0,101.25,33.39010598578323,0.5300129853225122,168,639,0,0,1,0,0,0,4,0,0,0,0,0,0,False,3.1,1150.6,0.0,13.5,-2.83,0,0.0,51.5,Musita A
kampala_malaba,203,101.5,101.75,33.39423872014688,0.5317053624351001,135,426,0,0,0,0,0,0,2,0,0,0,0,0,0,False,90.4,1150.5,11.7,0.2,2.43,0,0.0,51.5,Waitambugwe
kampala_malaba,204,102.0,102.25,33.39655691470554,0.5355445123744469,85,399,0,0,0,0,0,0,1,0,0,0,0,0,0,False,13.5,1148.6,0.0,15.5,-3.27,0,0.0,51.5,Waitambugwe
kampala_malaba,205,102.5,102.75,33.398744581311966,0.5394943785793067,67,260,0,0,0,1,0,0,4,0,0,0,0,0,0,False,22.3,1145.9,15.0,0.1,3.14,0,0.0,51.5,Nawangiri
kampala_malaba,206,103.0,103.25,33.40088216383171,0.5434717293799712,162,390,0,0,1,2,0,0,22,0,0,0,0,0,0,False,22.9,1155.9,1.5,0.8,0.15,0,0.0,51.5,Batambogwe
kampala_malaba,207,103.5,103.75,33.40303703484458,0.5474402374007505,148,336,0,0,1,2,0,0,14,0,0,0,0,0,0,False,35.6,1154.2,0.0,2.0,-0.42,0,0.0,51.5,Batambogwe
kampala_malaba,208,104.0,104.25,33.40516516458642,0.5514226547224346,103,319,0,0,1,0,0,0,1,0,0,0,0,0,0,False,0.9,1154.2,1.4,-0.0,0.29,0,0.0,51.5,Batambogwe
kampala_malaba,209,104.5,104.75,33.407321822154245,0.5553911161102867,152,401,0,0,1,0,2,1,6,0,0,0,0,0,0,False,8.0,1153.7,0.2,3.8,-0.77,0,0.0,51.5,Wainya
kampala_malaba,210,105.0,105.25,33.40946797557969,0.5593651448529547,202,846,0,0,0,1,0,0,2,0,0,0,0,0,0,False,0.5,1148.3,0.0,5.2,-1.1,0,0.0,51.5,Bulanga
kampala_malaba,211,105.5,105.75,33.41162453766572,0.5633336430532583,490,1624,4,0,0,4,0,1,2,0,0,0,0,0,0,False,48.1,1147.4,2.5,0.8,0.36,0,0.0,51.5,Bulanga
kampala_malaba,212,106.0,106.25,33.41485524223358,0.5662977283635863,236,1336,4,0,0,2,0,0,4,0,0,0,0,0,0,False,23.2,1141.9,0.0,13.6,-2.87,0,0.0,51.5,Namasoga
kampala_malaba,213,106.5,106.75,33.41879947224442,0.5684648638614159,62,341,0,0,0,0,0,0,2,0,0,0,0,0,0,False,0.6,1121.6,0.0,20.4,-4.29,0,0.0,51.5,Namasoga
kampala_malaba,214,107.0,107.25,33.422741908405136,0.5706352083346986,18,151,0,0,0,0,0,0,1,0,0,0,0,0,0,False,42.2,1110.9,4.4,1.8,0.56,0,0.0,51.5,Namasoga
kampala_malaba,215,107.5,107.75,33.42561713993337,0.573973878234337,117,178,0,0,0,0,0,0,1,0,0,0,0,0,0,False,22.0,1120.8,7.7,0.5,1.5,0,0.0,51.5,Namasoga
kampala_malaba,216,108.0,108.25,33.42804154262501,0.5777785407441776,60,111,0,0,0,0,0,0,0,0,0,0,0,0,0,False,19.2,1118.3,3.8,6.6,-0.58,0,0.0,51.5,Namasoga
kampala_malaba,217,108.5,108.75,33.43061056215788,0.5814761867731175,29,43,0,0,0,0,0,0,1,0,0,0,0,0,0,False,50.4,1116.6,0.1,8.4,-1.73,0,0.0,51.5,Walukuba
kampala_malaba,218,109.0,109.25,33.43403647098625,0.5844006252460286,15,35,0,0,0,0,0,0,2,0,0,0,0,0,0,False,17.5,1113.6,3.9,0.7,0.67,0,0.0,51.5,Namakunyu
kampala_malaba,219,109.5,109.75,33.43782445331914,0.5868279390787939,60,110,0,0,0,0,0,0,3,0,0,0,0,0,0,False,1.5,1116.7,4.9,0.0,1.04,0,0.0,51.5,Namakunyu
kampala_malaba,220,110.0,110.25,33.44167479419262,0.5891597037662326,78,195,0,0,0,2,0,0,1,0,0,0,0,0,0,False,17.8,1122.7,6.7,-0.0,1.4,0,0.0,51.5,Namakunyu
kampala_malaba,221,110.5,110.75,33.44576740774704,0.5910135451430766,138,285,0,0,0,2,0,0,3,0,0,0,0,0,0,False,25.1,1130.7,6.2,0.4,1.23,0,0.0,51.5,Iwawu
kampala_malaba,222,111.0,111.25,33.44947635196558,0.5935412476399341,62,306,0,0,1,0,0,0,2,0,0,0,0,0,0,False,7.7,1127.6,0.0,8.5,-1.78,0,0.0,51.5,Iwawu
kampala_malaba,223,111.5,111.75,33.4529294611328,0.5964352751777755,133,597,0,0,1,1,0,0,3,0,0,0,0,0,0,False,3.8,1130.9,15.1,-0.0,3.18,0,0.0,51.5,Bukoyo
kampala_malaba,224,112.0,112.25,33.45638895133831,0.5993152361671279,268,1020,0,0,0,6,0,0,5,0,0,0,0,0,0,False,26.1,1142.7,3.2,1.2,0.42,0,0.0,51.5,Bukoyo
kampala_malaba,225,112.5,112.75,33.46019437429395,0.6017205676353211,183,842,0,0,1,6,0,0,4,0,0,0,0,0,0,False,15.3,1140.5,0.0,3.3,-0.7,0,0.0,51.5,Bukoyo
kampala_malaba,226,113.0,113.25,33.463715332479254,0.6045172980105087,133,442,0,0,1,2,0,0,3,0,0,0,0,0,0,False,24.3,1132.2,0.0,15.6,-3.28,0,0.0,51.5,Bukoyo
kampala_malaba,227,113.5,113.75,33.46672417893978,0.6078727693711767,92,613,7,0,2,2,0,1,2,0,0,0,0,0,0,False,25.4,1119.1,7.2,4.3,0.61,0,0.0,51.5,Walugogo Estate
kampala_malaba,228,114.0,114.25,33.469857280897905,0.6111043721796283,335,1298,25,0,4,3,0,0,6,1,0,0,0,0,0,False,21.5,1135.7,16.1,-0.0,3.39,0,0.0,51.5,Nkaatu Proper
kampala_malaba,229,114.5,114.75,33.47350059662192,0.6136590847379114,428,1620,87,0,6,4,0,2,3,0,0,2,0,0,0,False,103.0,1144.9,6.7,-0.0,1.42,0,0.0,51.5,Nkatu Main
kampala_malaba,230,115.0,115.25,33.477770173516134,0.6148635414601995,405,1864,119,0,5,5,0,5,7,0,0,0,0,0,0,False,123.4,1151.7,3.1,0.2,0.61,0,0.0,51.5,Iganga
kampala_malaba,231,115.5,115.75,33.4820701918991,0.6161449127873646,339,1723,42,0,4,5,0,6,1,0,0,0,0,0,0,True,251.0,1152.1,0.5,1.4,-0.18,0,0.0,51.5,Mutukula A
kampala_malaba,232,116.0,116.25,33.48609777614028,0.617883309588088,215,1194,7,0,3,6,0,0,8,0,0,0,0,0,0,False,22.5,1142.2,0.0,18.5,-3.9,0,0.0,51.5,Mutukula
kampala_malaba,233,116.5,116.75,33.48985290009367,0.6203669850211755,394,1575,1,0,1,7,0,0,3,0,0,0,0,0,0,False,3.9,1138.9,16.9,0.2,3.52,0,0.0,51.5,Busei Central
kampala_malaba,234,117.0,117.25,33.49362275813397,0.6228278877222966,396,1702,1,0,3,5,0,0,7,0,0,0,0,0,0,False,28.4,1150.7,1.8,1.0,0.16,0,0.0,51.5,Busei A
kampala_malaba,235,117.5,117.75,33.49716708405475,0.6256060591936679,232,853,1,0,2,7,0,0,5,0,0,0,0,0,0,False,51.1,1147.5,0.0,8.1,-1.7,0,0.0,51.5,Busei A
kampala_malaba,236,118.0,118.25,33.50131940499954,0.6270572612399079,154,609,0,0,0,5,0,0,1,0,0,0,0,0,0,False,9.9,1135.0,0.0,13.2,-2.77,0,0.0,54.6,Busei B
kampala_malaba,237,118.5,118.75,33.50576656379343,0.6276794979246636,42,350,0,0,0,1,0,0,1,0,0,0,0,0,0,False,18.5,1117.2,0.3,15.2,-3.12,0,0.0,54.6,Nakalama North
kampala_malaba,238,119.0,119.25,33.510257446906174,0.6276611630887534,6,134,0,0,0,1,0,0,1,0,0,0,0,0,0,False,5.4,1112.5,2.7,0.6,0.44,0,0.0,54.6,Nakalama North
kampala_malaba,239,119.5,119.75,33.5147457272198,0.6274455177800957,201,822,1,0,2,5,0,0,5,0,0,0,0,0,0,False,62.0,1122.1,9.7,0.1,2.03,0,0.0,54.6,Nakalama North
kampala_malaba,240,120.0,120.25,33.51889262157752,0.6288548607915176,406,1499,1,0,2,5,0,2,6,0,0,0,0,0,0,True,107.2,1119.5,0.0,16.1,-3.39,0,0.0,54.6,Nakalama
kampala_malaba,241,120.5,120.75,33.52337181604676,0.6287387663684362,118,920,0,0,0,0,0,0,5,0,0,0,0,0,0,False,1.9,1105.9,5.9,3.4,0.51,0,0.0,54.6,Nakalama South
kampala_malaba,242,121.0,121.25,33.52785838512777,0.6284884998025136,23,179,0,0,0,0,0,0,2,0,0,0,0,0,0,False,28.7,1112.8,2.7,1.2,0.3,0,0.0,54.6,Nakalama South
kampala_malaba,243,121.5,121.75,33.532294270328386,0.6291056051706714,0,11,0,0,0,0,0,0,0,0,0,0,0,0,0,False,14.3,1108.9,0.0,8.1,-1.71,0,0.0,54.6,Nakalama South
kampala_malaba,244,122.0,122.25,33.536754148632454,0.6296073119211094,4,30,0,0,0,0,0,0,1,0,0,0,0,0,0,False,15.3,1094.2,0.4,13.5,-2.77,0,0.0,54.6,Bukooboli
kampala_malaba,245,122.5,122.75,33.5411592465068,0.6304998645937387,32,128,0,0,0,0,0,0,2,0,0,0,0,0,0,False,1.4,1093.7,4.0,1.9,0.44,0,0.0,54.6,Bukooboli
kampala_malaba,246,123.0,123.25,33.54556400568033,0.6313911616058581,68,140,0,0,0,0,0,0,1,0,0,0,0,0,0,False,29.5,1086.4,0.0,11.5,-2.42,0,0.0,54.6,Bukooboli
kampala_malaba,247,123.5,123.75,33.550051144724684,0.6312605491343839,33,182,0,0,0,0,0,0,3,0,0,0,0,0,0,False,3.1,1081.6,4.2,0.3,0.83,0,0.0,54.6,Bukooboli
kampala_malaba,248,124.0,124.25,33.554537534935406,0.6310101114809287,20,162,0,0,0,0,0,0,0,0,0,0,0,0,0,False,8.9,1085.0,1.8,6.9,-1.07,0,0.0,54.6,Butende
kampala_malaba,249,124.5,124.75,33.559029605305085,0.6309581185293045,1,29,0,0,0,0,0,0,1,0,0,0,0,0,0,False,0.8,1078.6,0.3,1.1,-0.16,0,0.0,54.6,Butende
kampala_malaba,250,125.0,125.25,33.56352227025309,0.6309831013334442,5,125,0,0,0,0,0,0,1,0,0,0,0,0,0,False,20.5,1082.0,6.2,-0.0,1.32,0,0.0,54.6,Butende
kampala_malaba,251,125.5,125.75,33.56801109283257,0.631098074315362,73,460,0,0,0,1,0,0,0,0,0,0,0,0,0,False,4.3,1090.9,12.7,-0.0,2.68,0,0.0,54.6,Butende
kampala_malaba,252,126.0,126.25,33.57249678633442,0.6313601773334011,320,642,0,0,0,2,0,0,2,0,0,0,0,0,0,False,21.2,1110.2,17.0,-0.0,3.57,0,0.0,54.6,Butende
kampala_malaba,253,126.5,126.75,33.57696847487361,0.6311082161409937,99,403,0,0,0,1,0,0,2,0,0,0,0,0,0,False,2.8,1113.7,0.0,8.6,-1.8,0,0.0,54.6,Butende
kampala_malaba,254,127.0,127.25,33.58135371879963,0.6301930096467011,39,85,0,0,0,0,0,0,0,0,0,0,0,0,0,False,24.4,1097.8,0.0,17.9,-3.77,0,0.0,54.6,Butende
kampala_malaba,255,127.5,127.75,33.5855643864884,0.6286137906424916,4,58,0,1,0,0,0,0,0,0,0,0,0,0,0,False,0.3,1088.8,5.6,1.8,0.79,0,0.0,54.6,Butende
kampala_malaba,256,128.0,128.25,33.589779019847995,0.6270453625855527,64,161,0,1,0,0,0,0,0,0,0,0,0,0,0,False,29.1,1098.7,9.3,-0.0,1.96,0,0.0,54.6,Busesa
kampala_malaba,257,128.5,128.75,33.59421584805096,0.626432663942614,32,356,0,1,0,0,0,0,1,0,0,0,0,0,0,False,8.9,1109.3,13.3,-0.0,2.81,0,0.0,54.6,Busesa
kampala_malaba,258,129.0,129.25,33.59870827996862,0.6263996124673076,275,698,0,0,0,3,0,1,0,0,0,0,0,0,0,False,8.0,1124.6,14.0,-0.0,2.94,0,0.0,54.6,Busesa
kampala_malaba,259,129.5,129.75,33.603192580684826,0.6261482701793611,113,837,0,0,0,5,0,0,0,0,0,0,0,0,0,False,6.9,1137.0,7.8,-0.0,1.64,0,0.0,54.6,Ibaako
kampala_malaba,260,130.0,130.25,33.60763183877479,0.6255054584014128,183,522,0,0,0,5,0,0,0,0,0,0,0,0,0,False,14.1,1140.8,2.6,-0.0,0.54,0,0.0,54.6,Ibaako
kampala_malaba,261,130.5,130.75,33.61200921871191,0.6244847770860334,164,485,0,0,0,2,0,0,2,0,0,0,0,0,0,False,14.8,1140.8,0.4,6.6,-1.31,0,0.0,54.6,Idudi C
kampala_malaba,262,131.0,131.25,33.61644144895876,0.6237766094228249,262,1320,0,0,0,0,0,0,3,0,0,0,0,0,0,False,8.2,1131.6,6.0,6.9,-0.18,0,0.0,54.6,Idudi C
kampala_malaba,263,131.5,131.75,33.62090206971439,0.623240546447659,637,2279,1,0,0,0,0,1,3,0,0,0,0,0,0,False,13.1,1139.6,5.8,-0.0,1.22,0,0.0,54.6,Idudi D
kampala_malaba,264,132.0,132.25,33.6253386044717,0.6225240473183727,486,1885,1,0,1,1,0,1,3,0,0,0,0,0,0,False,22.0,1140.2,0.0,3.9,-0.82,0,0.0,54.6,Idudi A
kampala_malaba,265,132.5,132.75,33.62962322120961,0.6211976542730181,269,926,0,0,1,2,0,0,0,0,0,0,0,0,0,False,44.6,1132.1,0.0,10.2,-2.14,0,0.0,54.6,Idudi B
kampala_malaba,266,133.0,133.25,33.634105208076754,0.6211384071873143,89,421,0,0,0,1,0,0,1,0,0,0,0,0,0,False,28.5,1120.0,0.3,9.1,-1.86,0,0.0,54.6,Bukasozi
kampala_malaba,267,133.5,133.75,33.63850929422712,0.6204274700441925,123,226,0,0,0,0,0,0,1,0,0,0,0,0,0,False,7.8,1116.9,1.3,1.1,0.04,0,0.0,54.6,Bukasozi
kampala_malaba,268,134.0,134.25,33.64284881438624,0.6192540355990069,131,302,0,0,0,0,0,0,0,0,0,0,0,0,0,False,0.0,1116.5,0.1,2.9,-0.59,0,0.0,54.6,Bwigula
kampala_malaba,269,134.5,134.75,33.64718878618439,0.6180822951974458,197,432,0,0,0,0,0,0,1,0,0,0,0,0,0,False,9.7,1110.8,0.0,7.0,-1.47,0,0.0,54.6,Bwigula
kampala_malaba,270,135.0,135.25,33.65145918057274,0.6166852529675437,233,390,0,0,0,1,0,0,2,0,0,0,0,0,0,False,1.1,1102.1,0.0,8.0,-1.69,0,0.0,54.6,Butaba
kampala_malaba,271,135.5,135.75,33.65567227045249,0.6151128279967177,96,229,0,0,0,1,0,0,0,0,0,0,0,0,0,False,9.8,1097.8,0.0,2.0,-0.42,0,0.0,54.6,Butaba
kampala_malaba,272,136.0,136.25,33.65998889664369,0.6138625521717019,116,311,0,0,0,0,0,0,1,0,0,0,0,0,0,False,0.0,1093.9,0.0,6.8,-1.42,0,0.0,54.6,Butaba
kampala_malaba,273,136.5,136.75,33.66428479076449,0.612541969254773,70,261,0,0,0,0,0,0,1,0,0,0,0,0,0,False,3.5,1083.6,0.0,12.2,-2.58,0,0.0,54.6,Butaba
kampala_malaba,274,137.0,137.25,33.66856164404818,0.611156777970492,0,43,0,0,0,0,0,0,0,0,0,0,0,0,0,False,3.7,1076.3,0.1,0.9,-0.16,0,0.0,54.6,Butaba
kampala_malaba,275,137.5,137.75,33.67286473073324,0.6098545566913193,0,8,0,0,0,0,0,0,0,0,0,0,0,0,0,False,0.0,1076.7,2.7,0.0,0.57,0,0.0,54.6,Nakawa
kampala_malaba,276,138.0,138.25,33.67715986676702,0.6085263246920799,39,106,0,0,0,1,0,0,1,0,0,0,0,0,0,False,2.0,1082.7,6.2,-0.0,1.32,0,0.0,54.6,Nakawa
kampala_malaba,277,138.5,138.75,33.68143866841668,0.6071454212716386,104,274,0,0,0,2,0,0,0,0,0,0,0,0,0,False,5.4,1089.6,6.8,-0.0,1.43,0,0.0,54.6,Nakawa
kampala_malaba,278,139.0,139.25,33.685753728002304,0.6058884663928371,239,787,0,0,0,3,0,0,0,0,0,0,0,0,0,False,5.8,1096.0,5.1,-0.0,1.07,0,0.0,54.6,Busowa North
kampala_malaba,279,139.5,139.75,33.690027244645485,0.6044911085613588,481,1652,0,0,0,3,0,0,1,0,0,0,0,0,0,False,1.5,1098.9,1.0,0.1,0.2,0,0.0,54.6,Busowa North
kampala_malaba,280,140.0,140.25,33.69428949542531,0.6030595914708783,547,1665,0,0,1,1,0,0,0,0,0,0,0,0,0,False,0.0,1099.1,0.7,0.5,0.05,0,0.0,54.6,Busowa South
kampala_malaba,281,140.5,140.75,33.69854303604959,0.6016019959500917,144,697,0,0,0,2,0,0,1,0,0,0,0,0,0,False,3.5,1100.5,2.5,-0.0,0.53,0,0.0,54.6,Busowa Central
kampala_malaba,282,141.0,141.25,33.702760896754505,0.6000443578382393,31,142,0,0,0,2,0,0,0,0,0,0,0,0,0,False,6.0,1102.8,0.9,-0.0,0.18,0,0.0,54.6,Bugongo
kampala_malaba,283,141.5,141.75,33.70690581070311,0.5982982671198458,54,162,0,0,0,2,0,0,0,0,0,0,0,0,0,False,5.7,1102.7,0.0,1.4,-0.29,0,0.0,54.6,Namalenha
kampala_malaba,284,142.0,142.25,33.71099701915713,0.5964304067382313,90,185,0,0,0,1,0,0,1,0,0,0,0,0,0,False,7.2,1099.1,0.0,6.0,-1.26,0,0.0,54.6,Namalenha
kampala_malaba,285,142.5,142.75,33.71504351008895,0.5944642868670271,12,96,0,0,0,0,0,0,0,0,0,0,0,0,0,False,6.9,1092.8,0.0,3.2,-0.68,0,0.0,54.6,Namalenha
kampala_malaba,286,143.0,143.25,33.719030880771356,0.5923807102667131,16,57,0,0,0,0,0,0,0,0,0,0,0,0,0,False,3.1,1092.5,4.3,0.4,0.81,0,0.0,54.6,Lwaba
kampala_malaba,287,143.5,143.75,33.722971381212666,0.5902072719365647,116,302,0,0,0,0,0,0,0,0,0,0,0,0,0,False,10.5,1099.2,6.2,-0.0,1.31,0,0.0,54.6,Lwaba
kampala_malaba,288,144.0,144.25,33.72690740999261,0.5880258900179415,176,375,0,0,0,0,0,0,1,0,0,0,0,0,0,False,2.4,1106.2,7.3,-0.0,1.53,0,0.0,54.6,Lwaba
kampala_malaba,289,144.5,144.75,33.73084234333064,0.5858421812129306,112,249,0,0,0,1,0,0,0,0,0,0,0,0,0,False,4.0,1114.3,8.8,-0.0,1.86,0,0.0,54.6,Ndifakulya
kampala_malaba,290,145.0,145.25,33.73477074955547,0.5836467917277961,127,456,0,0,0,3,0,0,2,0,0,0,0,0,0,False,29.1,1124.1,8.4,-0.0,1.77,0,0.0,54.6,Ndifakulya
kampala_malaba,291,145.5,145.75,33.73813761683004,0.5806829481915713,187,850,0,0,0,5,0,0,1,0,0,0,0,0,0,False,32.7,1128.7,1.0,0.1,0.19,0,0.0,54.6,Ndifakulya
kampala_malaba,292,146.0,146.25,33.740815813639465,0.5770523413582809,211,1147,0,0,0,4,0,1,1,0,0,0,0,0,0,False,30.8,1128.9,0.2,0.5,-0.08,0,0.0,54.6,Ndeeba
kampala_malaba,293,146.5,146.75,33.74415977606797,0.574051919894992,316,1372,0,0,0,5,0,2,4,0,0,0,0,0,0,False,3.5,1127.5,0.0,1.8,-0.38,0,0.0,54.6,Ndifakulya
kampala_malaba,294,147.0,147.25,33.747612784845515,0.5711579436802855,363,1695,2,0,0,6,0,0,1,0,0,0,0,0,0,False,5.9,1124.5,1.0,2.4,-0.3,0,0.0,54.6,Bwole
kampala_malaba,295,147.5,147.75,33.75095180513966,0.5681318581227396,425,1903,26,0,1,3,0,1,2,0,0,0,0,0,0,False,1.5,1127.5,3.9,-0.0,0.82,0,0.0,61.1,Bwole
kampala_malaba,296,148.0,148.25,33.75429394048162,0.5651086548561847,401,1469,21,0,1,5,0,0,3,0,0,0,0,0,0,False,2.4,1129.0,0.4,0.8,-0.1,0,0.0,61.1,Bugiri
kampala_malaba,297,148.5,148.75,33.75764411250476,0.5620946209110934,145,986,2,0,0,5,0,0,4,0,0,0,0,0,0,False,3.8,1130.3,6.5,0.0,1.36,0,0.0,61.1,Nkusi A
kampala_malaba,298,149.0,149.25,33.76099223334779,0.5590783617873049,206,791,0,0,0,3,0,1,3,0,0,0,0,0,0,False,4.8,1145.0,17.6,-0.0,3.71,0,0.0,61.1,Bugiri
kampala_malaba,299,149.5,149.75,33.76428392706108,0.556002162341285,425,1056,0,0,0,1,0,1,2,0,0,0,0,0,0,False,10.7,1160.7,8.3,0.6,1.63,0,0.0,61.1,Butambula
kampala_malaba,300,150.0,150.25,33.76732682130963,0.5526749069975818,348,1146,0,0,0,2,0,2,1,0,0,0,0,0,0,False,2.1,1155.5,0.0,13.2,-2.77,0,0.0,61.1,Kiyinikibi East
kampala_malaba,301,150.5,150.75,33.77028766805553,0.5492733182512123,49,441,0,0,0,1,0,0,1,0,0,0,0,0,0,False,7.0,1137.2,0.0,17.2,-3.62,0,0.8,61.1,Kiyinikibi East
kampala_malaba,302,151.0,151.25,33.77320383406753,0.5458328116213659,7,45,0,0,0,0,0,0,1,0,0,0,0,0,0,False,6.4,1132.6,4.2,0.1,0.86,0,0.8,61.1,Bukonde B
kampala_malaba,303,151.5,151.75,33.77615713752974,0.5424241143185521,50,165,0,0,0,0,0,0,0,0,0,0,0,0,0,False,0.6,1136.1,1.9,-0.0,0.39,0,0.0,61.1,Bukonde B
kampala_malaba,304,152.0,152.25,33.77911761478322,0.5390215473123665,113,218,0,0,0,0,0,0,0,0,0,0,0,0,0,False,0.0,1136.7,0.3,1.9,-0.35,0,0.0,61.1,Bukonde B
kampala_malaba,305,152.5,152.75,33.78207938848487,0.5356201265570869,78,190,0,0,0,0,0,0,0,0,0,0,0,0,0,False,0.0,1130.4,0.0,9.3,-1.96,0,0.0,61.1,Bukonde A
kampala_malaba,306,153.0,153.25,33.785041159554574,0.5322187091554711,34,107,0,0,0,0,0,0,0,0,0,0,0,0,0,False,0.3,1121.3,0.0,7.5,-1.57,0,0.47,61.1,Bukonde A
kampala_malaba,307,153.5,153.75,33.78800971973495,0.5288233048412405,1,51,0,0,0,0,0,0,0,0,0,0,0,0,0,False,0.0,1118.5,3.1,0.1,0.64,1,1.0,61.1,Namayemba Central B
kampala_malaba,308,154.0,154.25,33.7909806172027,0.5254299744084674,57,206,0,0,0,0,0,0,0,0,0,0,0,0,0,False,0.0,1126.2,9.5,-0.0,2.0,0,0.47,61.1,Namayemba Central B
kampala_malaba,309,154.5,154.75,33.79395151207934,0.5220366474073563,114,397,0,0,0,1,0,0,2,0,0,0,0,0,0,False,3.6,1134.0,5.3,-0.0,1.12,0,0.0,61.1,Namayemba East B
kampala_malaba,310,155.0,155.25,33.79692870837506,0.5186494086798404,201,799,0,0,0,1,0,0,0,0,0,0,0,0,0,False,6.2,1135.4,0.1,2.9,-0.59,0,0.0,61.1,Namayemba
kampala_malaba,311,155.5,155.75,33.799926191095516,0.5152837238976021,411,1339,2,0,0,1,0,1,1,0,0,0,0,0,0,False,38.8,1129.5,0.0,7.5,-1.58,0,0.0,61.1,Namayemba
kampala_malaba,312,156.0,156.25,33.803806188074105,0.513069945132808,278,938,2,0,0,1,0,1,1,0,0,0,0,0,0,False,48.7,1121.8,0.0,7.6,-1.59,0,0.0,61.1,Namayemba
kampala_malaba,313,156.5,156.75,33.808249568986746,0.5126835884035942,134,354,0,0,0,1,0,0,0,0,0,0,0,0,0,False,50.1,1113.6,0.0,6.3,-1.32,0,0.0,61.1,Namayemba Central A
kampala_malaba,314,157.0,157.25,33.812536627966566,0.5139933889026365,122,277,0,0,0,1,0,0,1,0,0,0,0,0,0,False,1.0,1107.8,0.0,5.8,-1.21,0,0.0,61.1,Namayemba East A
kampala_malaba,315,157.5,157.75,33.81675145506924,0.5155604629978084,52,180,0,0,0,0,0,0,0,0,0,0,0,0,0,False,0.0,1100.7,0.0,8.5,-1.79,0,0.25,61.1,Namayemba East A
kampala_malaba,316,158.0,158.25,33.820966318531084,0.5171274270050578,8,57,0,0,0,0,0,0,0,0,0,0,0,0,0,False,0.0,1092.8,0.0,4.9,-1.04,0,1.0,61.1,Nakonkolo
kampala_malaba,317,158.5,158.75,33.825179587992125,0.5186986921069172,3,23,0,0,0,0,0,0,1,0,0,0,0,0,0,False,1.4,1089.6,0.0,1.6,-0.33,1,1.0,61.1,Nakonkolo
kampala_malaba,318,159.0,159.25,33.829395620682746,0.5202624319066117,14,129,0,0,0,0,0,0,0,0,0,0,0,0,0,False,0.0,1089.4,0.9,-0.0,0.19,0,0.85,61.1,Nakonkolo
kampala_malaba,319,159.5,159.75,33.83361206893185,0.5218250356146829,202,372,0,0,0,1,1,0,1,0,0,0,0,0,0,False,1.2,1090.0,0.5,0.7,-0.06,0,0.0,61.1,Nakonkolo
kampala_malaba,320,160.0,160.25,33.83782239877922,0.5234039397686052,163,337,0,0,0,2,2,0,1,0,0,0,0,0,0,False,7.2,1088.0,1.3,2.4,-0.25,0,0.28,61.1,Nankongolo
kampala_malaba,321,160.5,160.75,33.84204016847916,0.5249626984393828,116,214,0,0,0,0,0,0,0,0,0,0,0,0,0,False,3.8,1090.5,2.8,0.4,0.51,0,0.0,61.1,Bugosere
kampala_malaba,322,161.0,161.25,33.846276395258435,0.5264657594463229,134,240,0,0,0,0,0,0,0,0,0,0,0,0,0,False,21.0,1089.0,0.0,3.8,-0.8,0,0.0,61.1,Bugosere
kampala_malaba,323,161.5,161.75,33.85067718911498,0.5273750736786552,84,215,0,0,0,0,0,0,1,0,0,0,0,0,0,False,4.1,1087.0,6.6,1.5,1.08,0,0.0,61.1,Buwuni
kampala_malaba,324,162.0,162.25,33.855087301755184,0.5282399000948398,64,351,0,0,0,0,0,0,1,0,0,0,0,0,0,False,4.2,1091.0,0.9,4.1,-0.68,0,0.0,61.1,Buwuni
kampala_malaba,325,162.5,162.75,33.859495220003396,0.5291162588575792,329,1054,0,0,0,1,0,0,2,0,0,0,0,0,0,False,0.5,1090.3,1.6,1.5,0.01,0,0.0,61.1,Butebe B
kampala_malaba,326,163.0,163.25,33.86390081991221,0.5300043115212132,431,1260,1,0,0,2,2,1,0,0,0,0,0,0,0,False,2.6,1086.9,0.0,2.9,-0.6,0,0.0,61.1,Buwuni
kampala_malaba,327,163.5,163.75,33.86830985574735,0.5308746162304014,288,864,0,0,0,2,0,0,1,0,0,0,0,0,0,False,1.6,1084.9,0.0,3.1,-0.66,0,0.0,61.1,Makhoma A
kampala_malaba,328,164.0,164.25,33.872711243583694,0.5317831708628636,162,493,0,0,0,1,0,0,0,0,0,0,0,0,0,False,1.6,1080.4,0.0,4.6,-0.98,0,0.0,61.1,Kibimba
kampala_malaba,329,164.5,164.75,33.877118912034994,0.5326605794839782,31,160,0,0,0,1,0,0,1,0,0,0,0,0,0,False,3.4,1075.3,0.0,4.9,-1.04,0,0.72,61.1,Kibimba
kampala_malaba,330,165.0,165.25,33.88152764621994,0.5335324095755758,0,20,0,0,0,0,0,0,0,0,0,0,0,0,0,False,0.1,1072.5,0.0,0.3,-0.06,0,1.0,61.1,Kibimba
kampala_malaba,331,165.5,165.75,33.88593474060213,0.5344128115387681,0,0,0,0,0,0,0,0,0,0,0,0,0,0,0,False,0.0,1072.5,0.2,0.0,0.04,0,1.0,61.1,Kibimba
kampala_malaba,332,166.0,166.25,33.89034201043151,0.5352922992934193,4,4,0,0,0,0,0,0,1,0,0,0,0,0,0,False,21.6,1073.4,2.0,-0.0,0.42,1,1.0,61.1,Kibimba
kampala_malaba,333,166.5,166.75,33.89473970695818,0.536212827078846,6,38,0,0,0,0,0,0,0,0,0,0,0,0,0,False,0.0,1078.0,6.7,-0.0,1.42,1,1.0,61.1,Butema
kampala_malaba,334,167.0,167.25,33.89914516503195,0.5371014173139359,30,88,0,0,0,1,0,0,0,0,0,0,0,0,0,False,0.0,1084.1,4.6,-0.0,0.97,0,0.51,61.1,Butema
kampala_malaba,335,167.5,167.75,33.903560453742166,0.5379255307216788,33,151,0,0,0,3,2,0,1,0,0,0,0,0,0,False,41.7,1088.1,3.7,-0.0,0.78,0,0.0,61.1,Butema
kampala_malaba,336,168.0,168.25,33.90798451209501,0.5372743450677716,69,225,0,0,0,2,1,0,1,0,0,0,0,0,0,False,2.6,1093.3,5.3,-0.0,1.12,0,0.0,61.1,Butema
kampala_malaba,337,168.5,168.75,33.91236223553786,0.5362563820316597,136,341,0,0,0,0,0,0,1,0,0,0,0,0,0,False,0.8,1100.1,7.7,-0.0,1.61,1,0.0,61.1,Bulema
kampala_malaba,338,169.0,169.25,33.916734847543445,0.535216438935532,78,297,0,0,0,0,0,0,1,0,0,0,0,0,0,False,0.8,1105.2,2.1,-0.0,0.43,0,0.0,61.1,Bulema
kampala_malaba,339,169.5,169.75,33.92111231483588,0.5341973906176221,103,261,0,0,0,2,0,0,2,0,0,0,0,0,0,False,0.0,1106.7,1.4,-0.0,0.29,0,0.0,61.1,Buwayo
kampala_malaba,340,170.0,170.25,33.925490555801176,0.5331817373904625,171,819,0,0,0,2,0,0,0,0,0,0,0,0,0,False,0.2,1109.6,4.7,-0.0,1.0,0,0.0,61.1,Muwayo
kampala_malaba,341,170.5,170.75,33.92986679482632,0.5321574568571115,415,1271,0,0,0,2,1,3,0,0,0,0,0,0,0,False,1.6,1116.3,6.8,-0.0,1.44,0,0.0,61.1,Muwayo
kampala_malaba,342,171.0,171.25,33.9342391473729,0.5311165396994709,115,767,0,0,0,0,0,2,6,0,0,0,0,0,0,False,3.4,1123.7,6.4,-0.0,1.34,0,0.0,61.1,Muwayo
kampala_malaba,343,171.5,171.75,33.93861398218288,0.5300865403354356,12,124,0,0,0,0,0,0,3,0,0,0,0,0,0,False,6.7,1127.3,3.4,0.2,0.67,2,0.0,61.1,Bubango
kampala_malaba,344,172.0,172.25,33.94299512705456,0.5290854409380192,70,195,0,0,1,0,0,0,7,0,0,0,0,0,0,False,15.5,1139.2,18.1,-0.0,3.82,0,0.0,61.1,Bubango
kampala_malaba,345,172.5,172.75,33.94714146699343,0.5274565575696062,125,211,0,0,1,0,0,1,3,0,0,0,0,0,0,False,59.3,1155.9,12.8,-0.0,2.69,1,0.0,61.1,Bubango
kampala_malaba,346,173.0,173.25,33.951420266585174,0.5260958946290759,2,67,0,0,0,0,0,0,0,0,0,0,0,0,0,False,0.2,1167.4,7.7,-0.0,1.63,1,0.0,61.1,Bubango
kampala_malaba,347,173.5,173.75,33.955744672137754,0.5248687279983508,2,4,0,0,0,0,0,1,0,0,0,0,0,0,0,False,0.6,1169.3,0.3,8.4,-1.7,0,0.0,61.1,Bubango
kampala_malaba,348,174.0,174.25,33.960065712472414,0.5236299431802478,1,1,0,0,0,0,0,0,0,0,0,0,0,0,0,False,37.6,1161.4,1.5,1.8,-0.07,0,0.0,61.1,Namutere
kampala_malaba,349,174.5,174.75,33.96444034006705,0.5239068015108135,23,26,1,0,0,0,1,0,1,1,0,0,0,0,1,False,37.2,1153.9,0.0,15.1,-3.19,0,0.0,61.1,Namutere
kampala_malaba,350,175.0,175.25,33.96868069771181,0.525400023792091,25,29,1,0,0,0,3,7,1,2,0,0,0,0,0,False,26.6,1141.7,0.0,8.8,-1.86,1,0.0,61.1,Namutere
kampala_malaba,351,175.5,175.75,33.97291829797531,0.5269025716426196,0,8,0,0,0,0,0,0,6,0,0,0,0,0,0,False,2.8,1134.7,0.0,4.0,-0.84,0,0.0,61.1,Namutere
kampala_malaba,352,176.0,176.25,33.97716242828525,0.5283865083799046,0,1,0,0,0,0,0,0,0,0,0,0,0,0,0,False,9.0,1130.9,2.8,3.9,-0.24,0,0.0,61.1,Bubango
kampala_malaba,353,176.5,176.75,33.98141334672772,0.5298503630436886,0,0,0,0,0,0,0,0,2,0,0,0,0,0,0,False,10.0,1133.0,2.0,1.1,0.17,0,0.0,61.1,Bubango
kampala_malaba,354,177.0,177.25,33.985651908377285,0.5313484159686254,0,0,0,0,0,0,0,0,0,0,0,0,0,0,0,False,22.0,1139.6,6.7,0.2,1.37,0,0.0,61.1,Bubango
kampala_malaba,355,177.5,177.75,33.98990496566858,0.5327974765849719,0,0,0,0,0,0,0,0,0,0,0,0,0,0,0,False,16.0,1144.4,4.4,0.5,0.83,0,0.0,61.1,West Bugwe Fr.
kampala_malaba,356,178.0,178.25,33.99414311962483,0.5342982053190861,0,0,0,0,0,0,0,0,0,0,0,0,0,0,0,False,8.5,1134.9,0.0,16.0,-3.38,0,0.0,61.1,West Bugwe Fr.
kampala_malaba,357,178.5,178.75,33.998387821286606,0.5357805839772624,0,0,0,0,0,0,0,0,0,0,0,0,0,0,0,False,5.5,1124.8,0.0,7.2,-1.51,0,0.0,61.1,West Bugwe Fr.
kampala_malaba,358,179.0,179.25,34.00263315923376,0.5372607253566665,0,0,0,0,0,0,0,0,0,0,0,0,0,0,0,False,6.8,1115.3,0.0,12.5,-2.63,0,0.0,66.3,West Bugwe Fr.
kampala_malaba,359,179.5,179.75,34.00687579716367,0.5387486881806988,0,0,0,0,0,0,0,0,0,0,0,0,0,0,0,False,35.2,1101.1,1.3,11.5,-2.16,0,0.0,66.3,West Bugwe Fr.
kampala_malaba,360,180.0,180.25,34.01064527132453,0.5411617722205923,0,0,0,0,0,0,0,0,0,0,0,0,0,0,0,False,9.5,1100.1,10.3,1.5,1.84,1,0.0,66.3,Bukade
kampala_malaba,361,180.5,180.75,34.01426866213665,0.5438352774645161,4,7,0,0,0,0,0,0,1,0,0,0,0,0,0,False,30.0,1115.8,10.8,-0.0,2.27,0,0.0,66.3,Bukade
kampala_malaba,362,181.0,181.25,34.01746513980666,0.5469625580026852,5,23,0,0,0,0,0,0,2,0,0,0,0,0,0,False,34.8,1119.4,0.3,1.1,-0.17,0,0.0,66.3,Busitema University
kampala_malaba,363,181.5,181.75,34.02017759777841,0.5505677307213992,6,27,0,0,0,0,0,0,1,0,0,0,0,0,0,False,7.1,1117.2,0.0,4.5,-0.94,0,0.0,66.3,Busitema University
kampala_malaba,364,182.0,182.25,34.02290285270225,0.5541634807238548,1,9,0,0,0,0,0,0,0,0,0,0,0,0,0,False,6.1,1105.5,0.0,15.0,-3.16,0,0.0,66.3,Busitema University
kampala_malaba,365,182.5,182.75,34.02562230900085,0.557763656423793,72,204,1,0,0,0,0,1,4,0,0,0,0,0,0,False,7.0,1094.5,3.1,5.3,-0.46,1,0.59,66.3,Busitema Trc
kampala_malaba,366,183.0,183.25,34.02835766156324,0.5613509554710182,194,310,1,0,0,0,0,1,16,1,0,0,0,0,0,False,14.6,1096.9,1.3,1.2,0.0,0,0.0,66.3,Busitema Trc
kampala_malaba,367,183.5,183.75,34.03109078519064,0.5649400453452904,35,193,0,0,0,0,0,0,3,1,0,0,0,0,0,False,13.2,1092.9,2.5,4.8,-0.48,1,0.62,66.3,Busitima
kampala_malaba,368,184.0,184.25,34.03398232986516,0.568390843482282,51,147,0,0,0,0,0,0,1,0,0,0,0,0,0,False,14.8,1099.1,10.2,-0.0,2.14,0,0.0,66.3,Buwuchi
kampala_malaba,369,184.5,184.75,34.03727937286114,0.5714629859040784,58,224,0,0,0,0,0,0,0,0,0,0,0,0,0,False,8.8,1106.9,4.6,-0.0,0.98,0,0.0,66.3,Buwuchi
kampala_malaba,370,185.0,185.25,34.040586042626096,0.574524958999458,158,429,0,0,0,1,0,1,1,0,0,0,0,0,0,False,3.8,1111.2,2.8,0.8,0.41,0,0.0,66.3,Ndaiga
kampala_malaba,371,185.5,185.75,34.0438897888005,0.5775899501659473,157,405,0,0,0,1,0,0,1,0,0,0,0,0,0,False,1.0,1108.2,0.0,6.1,-1.28,0,0.03,66.3,Ndaiga
kampala_malaba,372,186.0,186.25,34.047189524208726,0.5806595107393722,53,151,0,0,0,0,0,0,0,0,0,0,0,0,0,False,0.1,1098.2,0.0,11.9,-2.5,0,1.0,66.3,Ndaiga
kampala_malaba,373,186.5,186.75,34.050490927242755,0.5837272481283327,18,52,0,0,0,0,0,0,0,0,0,0,0,0,0,False,0.0,1089.2,0.1,4.2,-0.86,0,1.0,66.3,Busabi
kampala_malaba,374,187.0,187.25,34.05379994839672,0.5867865800571613,3,5,0,0,0,0,0,1,0,0,0,0,0,0,0,False,4.3,1087.6,0.1,0.6,-0.1,1,1.0,66.3,Busabi
kampala_malaba,375,187.5,187.75,34.05710373294032,0.5898516644179526,0,0,0,0,0,0,0,0,0,0,0,0,0,0,0,False,6.5,1087.5,0.6,0.4,0.04,0,1.0,66.3,Malawa 'a'
kampala_malaba,376,188.0,188.25,34.060076218627984,0.5932002867738605,0,21,0,0,0,0,0,0,0,0,0,0,0,0,0,False,35.8,1090.1,4.9,-0.0,1.04,0,1.0,66.3,Malawa 'a'
kampala_malaba,377,188.5,188.75,34.06228032580224,0.5971414384383398,60,181,0,0,0,0,0,0,0,0,0,0,0,0,0,False,1.0,1096.3,5.4,-0.0,1.13,0,0.14,66.3,Malawa 'a'
kampala_malaba,378,189.0,189.25,34.06465768833308,0.6009558519362845,124,211,0,0,0,0,0,1,0,0,0,0,0,0,0,False,53.6,1098.5,1.6,0.2,0.3,0,0.0,66.3,Malawa 'a'
kampala_malaba,379,189.5,189.75,34.06830218787721,0.6035994346610656,31,125,0,0,0,0,0,0,0,0,0,0,0,0,0,False,0.9,1102.0,5.1,-0.0,1.07,0,0.32,66.3,Papoli
kampala_malaba,380,190.0,190.25,34.071968020311616,0.6062143354055937,29,94,0,0,0,0,0,0,0,0,0,0,0,0,0,False,0.0,1108.7,6.5,-0.0,1.36,0,0.32,66.3,Papoli
kampala_malaba,381,190.5,190.75,34.07563306377515,0.6088303317587345,44,97,0,0,0,0,0,0,2,0,0,0,0,0,0,False,3.1,1113.3,1.7,0.2,0.32,0,0.0,66.3,Papoli
kampala_malaba,382,191.0,191.25,34.079285861167676,0.6114635233067968,17,86,0,0,0,0,0,0,1,0,0,0,0,0,0,False,0.5,1112.6,0.0,2.7,-0.56,0,0.84,66.3,Papoli
kampala_malaba,383,191.5,191.75,34.082953055799635,0.6140764668168182,0,18,0,0,0,0,0,0,0,0,0,0,0,0,0,False,0.0,1111.2,3.0,0.4,0.55,0,1.0,66.3,Pakamalung 'a'
kampala_malaba,384,192.0,192.25,34.08662025176502,0.6166894014036617,0,30,0,0,0,2,0,0,1,0,0,0,0,0,0,False,0.2,1116.7,5.8,-0.0,1.21,0,1.0,66.3,Pakamalung 'a'
kampala_malaba,385,192.5,192.75,34.09028398979261,0.6193072379332413,1,81,0,0,0,2,0,0,0,0,0,0,0,0,0,False,0.0,1122.0,4.6,-0.0,0.98,0,1.0,66.3,Podut A 'b'
kampala_malaba,386,193.0,193.25,34.09394658485106,0.6219266900155824,22,342,1,0,0,0,0,0,0,0,0,0,0,0,0,False,0.0,1129.2,9.8,-0.0,2.07,0,0.32,66.3,Podut A 'b'
kampala_malaba,387,193.5,193.75,34.09760918129292,0.6245461330758005,263,528,2,0,0,1,0,0,3,0,0,0,0,0,0,False,1.7,1139.8,7.7,-0.0,1.63,0,0.0,66.3,Podoti
kampala_malaba,388,194.0,194.25,34.10127407770363,0.6271622360509757,106,525,1,0,0,1,0,0,1,0,0,0,0,0,0,False,1.3,1142.8,0.5,1.5,-0.2,0,0.0,66.3,Podoti
kampala_malaba,389,194.5,194.75,34.10494115537032,0.6297753001654935,66,249,0,0,0,0,0,0,0,0,0,0,0,0,0,False,0.0,1139.4,0.0,3.8,-0.79,0,0.0,66.3,Asinget 'b'
kampala_malaba,390,195.0,195.25,34.10860997479563,0.6323858816045218,24,150,0,0,0,1,0,0,0,0,0,0,0,0,0,False,0.0,1138.9,3.1,-0.0,0.65,0,0.0,66.3,Asinge
kampala_malaba,391,195.5,195.75,34.11227830407833,0.6349971512282768,30,184,0,0,0,1,0,1,1,0,0,0,0,0,0,False,0.4,1146.0,10.5,-0.0,2.21,0,0.0,66.3,Asinge
kampala_malaba,392,196.0,196.25,34.115938095658,0.637620527952445,73,213,0,0,0,0,0,0,4,0,0,0,0,0,0,False,0.8,1157.4,8.9,-0.0,1.88,0,0.0,66.3,Katerema C 'a'
kampala_malaba,393,196.5,196.75,34.119611676899716,0.6402242655953757,42,186,0,0,0,0,0,0,3,0,0,0,0,0,0,False,0.6,1164.5,5.9,-0.0,1.25,0,0.0,66.3,Katerema C 'a'
kampala_malaba,394,197.0,197.25,34.123277334326716,0.642839311297642,31,145,0,0,0,0,0,0,2,0,0,0,0,0,0,False,0.4,1170.9,6.1,-0.0,1.28,0,0.0,66.3,Aburi 'a'
kampala_malaba,395,197.5,197.75,34.12693886053283,0.6454602128274858,101,300,0,0,0,0,0,0,0,0,0,0,0,0,0,False,0.0,1176.6,4.4,-0.0,0.92,0,0.0,66.3,Aburi 'a'
kampala_malaba,396,198.0,198.25,34.13045394470413,0.6482589326789003,150,344,0,0,0,0,0,0,2,0,0,0,0,0,0,False,38.0,1180.5,2.1,0.6,0.32,0,0.0,66.3,Magoro 'b'
kampala_malaba,397,198.5,198.75,34.133120510925735,0.6518954681862817,54,177,0,0,0,0,0,0,1,0,0,0,0,0,0,False,4.8,1177.6,0.0,5.4,-1.14,0,0.0,66.3,Magoro 'b'
kampala_malaba,398,199.0,199.25,34.135907991173475,0.6554362177612145,35,110,0,0,0,1,0,0,0,0,0,0,0,0,0,False,37.2,1173.0,5.4,2.8,0.54,0,0.0,66.3,Opedede 'a'
kampala_malaba,399,199.5,199.75,34.13970016177068,0.657737072840964,18,116,0,0,0,1,0,0,0,0,0,0,0,0,0,False,48.1,1185.5,13.0,-0.0,2.73,0,0.0,66.3,Opedede 'a'
kampala_malaba,400,200.0,200.25,34.14412508411185,0.65851099847394,63,267,0,0,0,2,0,0,2,0,0,0,0,0,0,False,0.0,1197.3,9.8,-0.0,2.06,0,0.0,66.3,Sukulu
kampala_malaba,401,200.5,200.75,34.14857350459482,0.659121073689314,204,766,0,0,0,3,0,0,1,0,0,0,0,0,0,False,37.5,1199.6,0.0,4.7,-0.99,0,0.0,66.3,Sukulu
kampala_malaba,402,201.0,201.25,34.15304916000265,0.6588068603995582,375,891,0,0,0,2,0,0,2,0,0,0,0,0,0,False,35.0,1195.1,0.0,2.6,-0.54,0,0.0,66.3,Sukulu
kampala_malaba,403,201.5,201.75,34.157428501725185,0.6579896002998882,211,834,2,0,0,1,0,0,0,0,0,0,0,0,0,False,67.1,1191.4,0.0,6.0,-1.27,0,0.0,66.3,Amagoro 'b'
kampala_malaba,404,202.0,202.25,34.16172570791905,0.659308379494586,287,610,2,0,0,1,0,0,1,0,0,0,0,0,0,False,22.2,1183.5,0.0,7.3,-1.53,0,0.0,66.3,Ticaf 'a'
kampala_malaba,405,202.5,202.75,34.16616054093986,0.6599618174447247,108,454,0,0,0,0,0,0,1,0,0,0,1,0,0,False,14.7,1176.7,0.0,5.9,-1.25,0,0.0,66.3,Ticaf 'a'
kampala_malaba,406,203.0,203.25,34.17065294544276,0.6599686267350267,286,800,1,0,1,1,0,2,2,0,0,0,0,0,0,False,26.4,1171.2,0.0,6.3,-1.32,0,0.0,66.3,Osukuru Corner 'b'
kampala_malaba,407,203.5,203.75,34.175026790320885,0.6605434169667527,204,880,1,0,1,1,0,2,1,0,0,0,0,0,0,False,96.5,1163.6,0.9,4.8,-0.82,0,0.0,66.3,Osukuru Corner 'b'
kampala_malaba,408,204.0,204.25,34.17875516283342,0.6630533003872531,139,590,0,0,0,0,0,0,2,0,0,0,0,0,0,False,28.2,1167.6,10.6,-0.0,2.22,0,0.0,66.3,Amagoro B Central 'b'
kampala_malaba,409,204.5,204.75,34.18264064106071,0.665322845073054,63,420,0,0,0,0,0,0,2,0,0,0,0,0,0,False,19.0,1180.9,13.8,-0.0,2.9,0,0.0,66.3,Amagoro B South
kampala_malaba,410,205.0,205.25,34.18652700493263,0.6675905851312233,27,234,0,0,0,0,0,0,2,0,0,0,0,0,0,False,57.5,1197.2,16.2,-0.0,3.42,0,0.0,66.3,Asinge 'b' A
kampala_malaba,411,205.5,205.75,34.1907266162488,0.667565458365084,161,420,0,0,0,1,0,1,4,0,0,0,0,0,0,False,82.9,1201.9,0.5,11.8,-2.38,0,0.0,66.3,Asinge 'b' A
kampala_malaba,412,206.0,206.25,34.194314735332746,0.6648448699741417,120,403,0,0,0,2,0,0,4,0,0,0,0,0,0,False,11.4,1186.5,0.0,11.6,-2.43,0,0.0,66.3,Amagoro A South
kampala_malaba,413,206.5,206.75,34.19791053940097,0.662133861349591,43,183,0,0,0,3,0,0,0,0,0,0,0,0,0,False,9.1,1174.0,0.0,13.1,-2.76,0,0.0,66.3,Amagoro A South
kampala_malaba,414,207.0,207.25,34.20149515362656,0.65940848315893,38,119,0,0,0,1,0,0,2,0,0,0,0,0,0,False,15.8,1161.9,0.0,12.1,-2.54,0,0.0,66.3,Asinge 'a'
kampala_malaba,415,207.5,207.75,34.20512828163184,0.6567640328773319,1,40,0,0,0,1,0,0,0,0,0,0,0,0,0,False,38.6,1147.6,0.0,14.8,-3.11,0,0.0,66.3,Asinge 'a'
kampala_malaba,416,208.0,208.25,34.20937222515695,0.6552826119691011,1,15,0,0,0,0,0,2,0,0,0,0,0,0,0,False,7.3,1136.4,0.0,4.1,-0.87,1,0.0,66.3,Oriyoyi
kampala_malaba,417,208.5,208.75,34.21362532206555,0.6538297622524935,50,239,0,0,0,0,0,1,0,0,0,0,0,0,0,False,5.9,1139.7,10.2,-0.0,2.16,1,0.0,66.3,Oriyoyi
kampala_malaba,418,209.0,209.25,34.21787724884091,0.6523693803064686,108,392,0,0,0,2,0,0,1,0,0,0,0,0,0,False,3.9,1151.6,7.3,0.4,1.46,0,0.0,66.3,Oriyoyi
kampala_malaba,419,209.5,209.75,34.222132621345075,0.6509195221674858,38,185,0,0,0,2,0,0,1,0,0,0,0,0,0,False,5.0,1148.1,0.0,10.1,-2.13,0,0.0,66.3,Oriyoi Central
kampala_malaba,420,210.0,210.25,34.226388342160384,0.6494703312042025,11,58,0,0,0,0,0,0,0,0,0,0,0,0,0,False,3.1,1140.7,0.3,2.1,-0.37,0,0.0,66.3,Oriyoi 'a'
kampala_malaba,421,210.5,210.75,34.23064450830123,0.6480226315712336,15,66,0,0,0,0,0,0,1,0,0,0,0,0,0,False,4.1,1138.0,0.0,4.3,-0.92,0,0.0,66.3,Oriyoi 'a'
kampala_malaba,422,211.0,211.25,34.23490619810485,0.6465936450018809,44,191,0,0,0,0,0,0,1,0,0,0,0,0,0,False,15.7,1136.3,4.0,0.6,0.71,1,0.0,66.3,Asinge 'a'
kampala_malaba,423,211.5,211.75,34.23916653206499,0.6451589383984192,163,449,0,0,0,0,0,0,4,0,0,0,0,0,0,False,11.5,1144.4,9.2,-0.0,1.93,0,0.0,66.3,Asinge 'a'
kampala_malaba,424,212.0,212.25,34.24341590272939,0.6436921508913256,77,425,0,0,0,0,0,1,1,0,0,0,0,0,0,False,18.7,1150.2,1.1,0.3,0.18,0,0.0,66.3,Asinge 'a'
kampala_malaba,425,212.5,212.75,34.24766666462252,0.6422308266501918,112,277,1,0,0,0,0,0,3,0,0,0,0,0,0,False,10.4,1149.9,0.6,0.5,0.03,0,0.0,66.3,Amagoro Central
kampala_malaba,426,213.0,213.25,34.251913565966376,0.6407565893403946,133,418,5,0,0,2,0,0,2,0,0,0,0,0,0,False,6.4,1150.5,0.9,0.1,0.16,0,0.0,72.5,Asinge 'b'
kampala_malaba,427,213.5,213.75,34.25616809940069,0.6393045465206519,140,623,0,0,0,3,0,0,2,0,0,0,0,0,0,False,70.5,1150.6,0.3,0.6,-0.06,0,0.0,72.5,Asinge 'b'
kampala_malaba,428,214.0,214.25,34.260429835214865,0.6399056358801609,120,703,4,0,0,1,0,2,4,0,0,0,1,0,0,False,252.1,1150.3,0.0,1.4,-0.29,0,0.0,72.5,Obore Central 'a'
kampala_malaba,429,214.5,214.75,34.264377615994746,0.6382165763153579,81,573,11,0,0,1,0,4,4,0,0,0,0,2,0,True,399.9,1149.0,0.6,1.7,-0.24,0,0.0,72.5,Malaba 'b' East
kampala_malaba,430,215.0,215.25,34.2683893426497,0.6378949446097321,153,679,11,1,0,1,0,5,4,0,0,0,0,0,0,False,196.0,1144.8,4.8,5.1,-0.07,1,0.0,72.5,Malaba 'a' South
kampala_malaba,431,215.5,215.54290306534605,34.27040694346421,0.6362958967450526,89,292,0,1,0,0,0,1,0,0,0,0,0,0,0,True,19.5,1147.5,0.2,-0.0,0.27,0,0.0,72.5,Malaba 'a' South
kampala_elegu,0,0.0,0.25,32.56767799478405,0.35324625153916633,406,2431,6,0,1,9,0,5,9,0,0,0,0,0,0,False,186.8,1170.7,0.1,0.8,-0.15,1,0.06,44.0,Bishop-mukwaya
kampala_elegu,1,0.5,0.75,32.56320095085222,0.3528704757629718,562,2349,5,2,5,12,1,5,17,0,1,0,0,0,0,False,227.0,1170.8,1.3,0.0,0.27,0,0.0,44.0,Katale
kampala_elegu,2,1.0,1.25,32.56261965710279,0.3568755767545725,476,2865,14,4,4,20,0,0,12,0,0,0,0,0,0,False,39.2,1179.4,15.4,-0.0,3.25,1,0.0,44.0,Kiyindi
kampala_elegu,3,1.5,1.75,32.561562339468686,0.36125359624483916,584,2630,18,3,2,22,0,1,9,0,0,1,0,0,0,False,56.0,1193.1,6.7,-0.0,1.42,2,0.0,44.0,Kazo
kampala_elegu,4,2.0,2.25,32.56026010162476,0.3655736123466965,402,2403,8,2,3,11,0,0,17,0,0,0,0,0,0,False,44.7,1195.0,2.6,0.8,0.39,2,0.0,44.0,Ketifalawo
kampala_elegu,5,2.5,2.75,32.55857235249298,0.3697648330830485,331,2451,4,0,2,6,0,0,6,0,0,0,0,0,0,False,8.7,1197.7,1.6,0.6,0.23,0,0.0,44.0,Kalule
kampala_elegu,6,3.0,3.25,32.55694481813168,0.37398072014056716,454,2524,7,0,0,8,0,0,9,0,0,0,0,0,0,False,107.2,1199.2,6.1,0.3,1.22,1,0.0,44.0,Corner
kampala_elegu,7,3.5,3.75,32.557525003350264,0.3782840568545764,408,2852,45,7,2,12,2,2,12,0,0,0,0,0,0,False,111.0,1209.1,7.6,0.5,1.5,1,0.0,44.0,Kisowera
kampala_elegu,8,4.0,4.25,32.55596305393611,0.3824794685919157,778,3413,41,7,2,8,2,1,10,0,0,0,0,0,0,False,25.5,1206.2,0.0,10.2,-2.14,1,0.0,44.0,Ssebaggala
kampala_elegu,9,4.5,4.75,32.55367656460642,0.38635834247180223,704,3225,5,0,2,4,0,1,5,0,0,0,0,0,0,False,50.6,1194.5,0.0,10.8,-2.27,0,0.0,44.0,Kawempe B
kampala_elegu,10,5.0,5.25,32.55104406557329,0.3900202190643515,617,2703,7,0,5,2,0,1,9,0,0,0,0,0,0,False,50.6,1197.7,10.6,3.7,1.46,0,0.0,44.0,Kawempe B
kampala_elegu,11,5.5,5.75,32.54858457969728,0.3938019901297688,716,2729,5,0,2,1,0,0,6,0,0,0,0,0,0,False,71.3,1195.5,0.6,5.2,-0.95,0,0.0,44.0,Maganjo B
kampala_elegu,12,6.0,6.25,32.54682660948927,0.3979453640929098,718,3017,6,0,4,0,2,0,5,0,0,0,0,0,0,False,7.0,1183.0,3.2,10.5,-1.52,0,0.0,44.0,Maganjo A
kampala_elegu,13,6.5,6.75,32.545261417194205,0.40217746380211267,644,2884,6,0,4,0,2,1,7,0,0,0,0,0,0,False,99.8,1188.8,6.4,0.6,1.24,0,0.0,44.0,Kagoma
kampala_elegu,14,7.0,7.25,32.54234657028149,0.40560004285553425,394,1709,2,0,2,0,0,0,5,0,0,0,0,0,0,False,9.7,1173.7,0.0,33.4,-7.03,0,0.0,44.0,Kagoma
kampala_elegu,15,7.5,7.75,32.53929836222447,0.4089226084962659,82,625,3,0,0,0,0,0,5,0,0,0,0,0,0,False,21.6,1157.2,9.6,1.0,1.81,1,0.0,44.0,Kagoma
kampala_elegu,16,8.0,8.25,32.536766409968344,0.412527588051218,176,668,7,0,2,0,1,0,8,0,0,0,0,0,0,False,100.9,1169.9,8.4,-0.0,1.76,0,0.0,44.0,Kawanda
kampala_elegu,17,8.5,8.75,32.53704791906188,0.4170374347538007,369,1265,8,0,5,0,1,2,8,0,0,0,0,0,0,False,28.7,1171.3,1.0,9.3,-1.75,0,0.0,44.0,Kawanda
kampala_elegu,18,9.0,9.25,32.536545357955454,0.4215297868070477,181,1277,2,0,2,1,0,0,10,0,0,0,0,0,0,False,53.7,1159.0,0.0,7.5,-1.59,0,0.0,44.0,Kawanda
kampala_elegu,19,9.5,9.75,32.53510901335744,0.42578345790286604,107,694,1,0,0,1,0,0,2,0,0,0,0,0,0,False,71.0,1154.6,0.0,2.9,-0.62,0,0.0,44.0,Kaayi
kampala_elegu,20,10.0,10.25,32.534568011831716,0.43023032856212695,60,597,3,0,0,0,0,0,5,0,0,0,0,0,0,False,22.4,1150.8,0.1,6.2,-1.27,0,0.0,44.0,Kaayi
kampala_elegu,21,10.5,10.75,32.533835179631815,0.4346099337190902,119,794,2,0,0,0,1,1,1,0,0,0,0,0,0,False,102.4,1147.1,0.8,0.7,0.04,0,0.0,44.0,Wattuba
kampala_elegu,22,11.0,11.25,32.530482877918104,0.43760209132506633,149,692,1,0,0,0,0,0,3,0,0,0,0,0,0,False,69.0,1148.8,1.4,0.7,0.16,0,0.0,44.0,Wattuba
kampala_elegu,23,11.5,11.75,32.52854390331701,0.44165489456658813,117,580,1,0,0,0,0,0,3,0,0,0,0,0,0,False,85.6,1146.3,1.0,2.7,-0.37,0,0.0,44.0,Katalemwa
kampala_elegu,24,12.0,12.25,32.529411569239436,0.4459697352950241,131,916,0,0,1,0,0,0,5,0,0,0,0,0,0,False,57.8,1149.0,7.2,-0.0,1.52,0,0.0,44.0,Katalemwa
kampala_elegu,25,12.5,12.75,32.5323796158677,0.44933443944264645,358,1241,1,0,2,0,0,0,16,0,0,0,0,0,0,False,136.9,1167.9,17.1,-0.0,3.59,0,0.0,44.0,Kabonza
kampala_elegu,26,13.0,13.25,32.532990657650664,0.45347255387201557,480,1438,13,0,0,0,0,0,10,0,0,0,0,0,0,False,77.6,1175.8,6.7,-0.0,1.41,0,0.0,44.0,Kabonza
kampala_elegu,27,13.5,13.75,32.530861062440664,0.4573306277728,568,1951,34,2,2,0,0,0,7,0,0,0,0,0,0,False,78.8,1182.7,6.0,-0.0,1.27,0,0.0,44.0,Lwadda B
kampala_elegu,28,14.0,14.25,32.528078354418525,0.46083605885774886,599,2300,27,2,1,0,0,2,5,0,0,0,0,0,0,False,67.7,1186.7,1.7,4.5,-0.59,0,0.0,44.0,Matugga
kampala_elegu,29,14.5,14.75,32.524583803341,0.4636554194912874,405,2052,8,1,2,0,1,0,8,0,0,0,0,0,0,False,53.5,1178.3,0.0,8.6,-1.81,0,0.0,44.0,Matugga
kampala_elegu,30,15.0,15.25,32.52078525263225,0.46606781595262703,632,2084,5,1,3,0,1,2,6,0,0,0,0,0,0,False,70.6,1172.7,0.5,1.9,-0.29,0,0.0,44.0,Mabanda
kampala_elegu,31,15.5,15.75,32.51876257486157,0.4697747440306905,317,1499,2,0,1,0,0,0,3,0,0,0,0,0,0,False,60.3,1164.4,0.0,22.8,-4.8,0,0.0,44.0,Mabanda
kampala_elegu,32,16.0,16.25,32.518361649707565,0.4742789127233162,62,411,1,0,0,0,0,0,6,0,0,0,0,0,0,False,61.3,1152.4,12.4,0.9,2.43,0,0.0,44.0,Mabanda
kampala_elegu,33,16.5,16.75,32.517158528883314,0.47857806343569853,30,236,0,0,0,0,0,0,1,0,0,0,0,0,0,False,107.9,1170.9,13.4,6.4,1.49,0,0.0,44.0,Buwuzuume
kampala_elegu,34,17.0,17.25,32.51923578926838,0.4825623415552802,85,274,0,0,0,0,0,0,0,0,0,0,0,0,0,False,5.5,1170.5,4.3,4.5,-0.03,0,0.0,44.0,Kiryamuli
kampala_elegu,35,17.5,17.75,32.521510332140785,0.4864630884276563,55,260,0,0,0,0,0,0,0,0,0,0,0,0,0,False,34.0,1164.8,5.6,5.0,0.14,0,0.0,44.0,Kiryamuli
kampala_elegu,36,18.0,18.25,32.52271978420063,0.49075805237986136,54,158,0,0,0,0,0,1,2,0,0,0,0,0,0,False,30.3,1165.2,11.0,6.0,1.05,0,0.0,44.0,Kungu
kampala_elegu,37,18.5,18.75,32.52271288348352,0.4952652633015793,106,401,0,0,3,0,0,0,4,0,0,0,0,0,0,False,14.6,1175.1,6.6,0.0,1.39,0,0.0,44.0,Kungu
kampala_elegu,38,19.0,19.25,32.52253713773058,0.49977125104496745,152,646,0,0,3,0,0,0,2,0,0,0,0,0,0,False,49.6,1183.0,13.0,0.0,2.73,0,0.0,44.0,Kigoogwa
kampala_elegu,39,19.5,19.75,32.523464537212355,0.504195302465941,82,720,0,0,0,0,0,0,2,0,0,0,0,0,0,False,31.9,1195.9,6.7,1.3,1.14,0,0.0,41.9,Kigoogwa
kampala_elegu,40,20.0,20.25,32.524839785061914,0.5084869324838869,330,988,1,0,0,0,0,1,1,0,0,0,0,0,0,False,17.4,1189.4,0.0,15.8,-3.33,0,0.0,41.9,Kigoogwa
kampala_elegu,41,20.5,20.75,32.526128336890665,0.5128016680005328,162,797,0,0,1,0,0,0,0,0,0,0,0,0,0,False,50.6,1174.8,3.0,10.3,-1.54,0,0.0,41.9,Kigoogwa
kampala_elegu,42,21.0,21.25,32.52688435092526,0.5172606281442751,140,354,0,0,1,0,0,0,0,0,0,0,0,0,0,False,2.9,1189.1,23.5,-0.0,4.95,0,0.0,41.9,Namakonkome
kampala_elegu,43,21.5,21.75,32.527416192878384,0.5217328690319868,82,289,0,0,0,0,0,0,2,0,0,0,0,0,0,False,57.5,1197.8,4.7,8.1,-0.72,0,0.0,41.9,Namakonkome
kampala_elegu,44,22.0,22.25,32.52643969978572,0.5261290049155876,20,114,0,0,0,0,0,0,3,0,0,0,0,0,0,False,111.5,1194.9,1.4,7.5,-1.29,0,0.0,41.9,Migadde
kampala_elegu,45,22.5,22.75,32.52788895897126,0.5303936562374177,9,67,0,0,0,0,0,0,1,0,0,0,0,0,0,False,24.1,1182.1,0.0,13.0,-2.73,0,0.0,41.9,Kakerenge
kampala_elegu,46,23.0,23.25,32.5295224387465,0.5345960707081476,94,288,0,0,0,0,0,0,3,0,0,0,0,0,0,False,78.7,1177.8,2.0,3.2,-0.24,0,0.0,41.9,Kakerenge
kampala_elegu,47,23.5,23.75,32.53233591601507,0.5379883836794428,126,410,0,0,0,0,0,0,5,0,0,0,0,0,0,False,98.6,1171.8,0.4,4.2,-0.82,0,0.0,41.9,Kakerenge
kampala_elegu,48,24.0,24.25,32.53320054637328,0.5424256001909065,59,239,0,0,0,0,0,0,3,0,0,0,0,0,0,False,14.2,1177.3,8.3,2.7,1.2,0,0.0,41.9,Kakerenge
kampala_elegu,49,24.5,24.75,32.533685060023714,0.5469036233134854,28,100,0,0,0,0,0,0,2,0,0,0,0,0,0,False,37.3,1166.7,0.0,13.9,-2.92,0,0.0,41.9,Kakerenge
kampala_elegu,50,25.0,25.25,32.533222328090524,0.5514025356647209,37,125,0,0,0,0,0,0,2,0,0,0,0,0,0,False,33.2,1167.4,12.1,-0.0,2.54,0,0.0,41.9,Kakerenge
kampala_elegu,51,25.5,25.75,32.53194253620224,0.5556826610975641,96,262,1,2,0,0,0,0,1,0,0,0,0,0,0,False,50.9,1168.7,0.0,14.7,-3.1,0,0.0,41.9,
kampala_elegu,52,26.0,26.25,32.52993560711742,0.5597170988596011,75,258,0,2,0,2,0,0,3,0,0,0,0,0,0,False,65.6,1161.7,2.7,0.8,0.4,0,0.0,41.9,
kampala_elegu,53,26.5,26.75,32.528653548024806,0.5638722605631539,46,234,0,0,0,1,0,0,2,0,0,0,0,0,0,False,93.9,1162.1,8.7,2.3,1.35,0,0.0,41.9,Bombo
kampala_elegu,54,27.0,27.25,32.529933040182314,0.5682071421749838,95,492,0,0,0,1,0,0,1,0,0,0,0,0,0,False,21.0,1173.6,6.0,12.0,-1.25,0,0.0,41.9,Bombo
kampala_elegu,55,27.5,27.75,32.53123141791201,0.5725371299171473,147,528,0,0,1,1,0,0,3,0,0,0,0,0,0,False,15.6,1163.5,9.6,2.1,1.57,0,0.0,41.9,Bombo
kampala_elegu,56,28.0,28.25,32.532418068475636,0.5768928148384461,108,446,0,0,0,3,0,0,6,0,0,0,0,0,0,False,40.6,1177.2,8.3,9.1,-0.16,0,0.0,41.9,Bombo
kampala_elegu,57,28.5,28.75,32.53246433152893,0.5814117262598553,130,680,2,0,0,4,0,0,4,0,0,1,0,0,0,False,16.2,1170.8,16.4,3.8,2.65,0,0.0,41.9,Bombo
kampala_elegu,58,29.0,29.25,32.53233862126677,0.5859327861720025,410,1037,2,1,1,2,0,1,3,0,0,0,0,0,0,False,16.4,1186.9,5.9,0.4,1.16,0,0.0,41.9,Bombo
kampala_elegu,59,29.5,29.75,32.53229892960387,0.5904559175310615,311,1004,0,0,3,0,0,0,3,0,0,0,0,0,0,False,14.1,1188.5,11.2,1.7,1.98,0,0.0,41.9,Bombo
kampala_elegu,60,30.0,30.25,32.53224922928062,0.5949786471564708,203,667,1,0,1,0,0,0,5,0,0,0,0,0,0,False,24.9,1206.9,11.8,0.2,2.44,0,0.0,41.9,
kampala_elegu,61,30.5,30.75,32.532166714949405,0.5995004079948841,139,419,1,0,0,0,0,0,0,0,0,0,0,0,0,False,7.0,1197.1,0.0,32.4,-6.81,0,0.0,41.9,Nyimbwa
kampala_elegu,62,31.0,31.25,32.53214626161609,0.6040235903561212,53,297,0,0,0,0,0,0,0,0,0,0,0,0,0,False,6.0,1179.9,16.0,2.2,2.91,0,0.0,41.9,Nyimbwa
kampala_elegu,63,31.5,31.75,32.532288764767316,0.6085347149599416,95,301,0,0,0,0,0,0,0,0,0,0,0,0,0,False,16.5,1181.6,0.0,20.1,-4.23,0,0.0,41.9,Nyimbwa
kampala_elegu,64,32.0,32.25,32.53281753191594,0.613026774465969,49,174,0,0,0,1,0,0,2,0,0,0,0,0,0,False,7.1,1154.4,0.0,23.9,-5.03,0,0.0,41.9,Nyimbwa
kampala_elegu,65,32.5,32.75,32.533437273252176,0.6175055817657371,34,163,0,0,0,5,0,0,2,0,0,1,0,0,0,False,5.5,1145.8,10.7,1.1,2.02,0,0.3,41.9,Nyimbwa
kampala_elegu,66,33.0,33.25,32.5339887916293,0.6219948343217117,101,228,0,0,0,4,0,0,1,0,0,2,0,0,0,False,28.5,1164.5,12.9,0.1,2.71,0,0.0,41.9,Nyimbwa
kampala_elegu,67,33.5,33.75,32.533792761919536,0.6264966458721561,89,205,0,0,0,2,0,0,0,0,0,0,0,0,0,False,5.5,1161.4,0.0,20.9,-4.4,0,0.0,41.9,Nyimbwa
kampala_elegu,68,34.0,34.25,32.53325967099493,0.630988176128653,20,265,0,0,1,0,0,0,0,0,0,0,0,0,0,False,7.6,1145.1,16.4,4.4,2.52,0,0.0,41.9,Kalule
kampala_elegu,69,34.5,34.75,32.532759229591704,0.6354826725331281,256,805,0,0,2,1,0,0,2,0,0,0,0,0,0,False,16.5,1174.1,22.6,-0.0,4.76,0,0.0,41.9,Kalule
kampala_elegu,70,35.0,35.25,32.532230728422846,0.6399740301085046,214,788,0,0,1,1,0,2,1,0,0,0,0,0,0,False,17.5,1174.0,0.0,20.3,-4.26,0,0.0,41.9,Kalule
kampala_elegu,71,35.5,35.75,32.53171450504205,0.6444672113193423,16,168,0,0,0,0,0,0,2,0,0,0,0,0,0,False,17.3,1172.9,22.0,-0.0,4.63,0,0.0,41.9,Kalule
kampala_elegu,72,36.0,36.25,32.531186688077895,0.6489585896314978,18,66,0,0,0,0,0,0,2,0,0,0,0,0,0,False,7.9,1173.3,0.0,26.9,-5.66,0,0.0,41.9,Kalule
kampala_elegu,73,36.5,36.75,32.53067094202882,0.6534520338396399,9,65,1,0,0,0,0,0,0,0,0,0,0,0,0,False,6.3,1141.9,0.0,23.2,-4.88,0,0.0,41.9,Kalule
kampala_elegu,74,37.0,37.25,32.53015780118054,0.657945815948491,74,203,2,0,0,3,0,0,2,0,0,0,0,0,0,False,4.8,1138.8,17.3,0.0,3.63,0,0.0,41.9,
kampala_elegu,75,37.5,37.75,32.52965223669664,0.6624405034165253,57,184,0,0,0,2,0,0,2,0,0,0,0,0,0,False,4.8,1147.0,1.5,9.3,-1.65,0,0.0,41.9,
kampala_elegu,76,38.0,38.25,32.529128808269405,0.6669329964209733,21,72,1,0,0,0,0,0,1,0,0,0,0,0,0,False,4.6,1153.1,23.6,-0.0,4.97,0,0.0,41.9,Busuula
kampala_elegu,77,38.5,38.75,32.52861007148209,0.6714262340384308,46,224,1,0,0,0,0,0,2,0,0,0,0,0,0,False,29.2,1173.2,8.7,6.5,0.46,0,0.0,41.9,Busuula
kampala_elegu,78,39.0,39.25,32.527261354736964,0.6757027872776161,78,463,0,0,0,0,0,0,2,0,0,0,0,0,0,False,12.8,1165.7,12.1,6.4,1.21,0,0.0,41.9,Busuula
kampala_elegu,79,39.5,39.75,32.52540249636816,0.6798208562895544,370,1117,1,0,0,1,1,0,6,0,0,0,0,0,0,False,14.8,1172.0,0.2,4.8,-0.97,0,0.0,41.9,Busuula
kampala_elegu,80,40.0,40.25,32.52355167603478,0.6839426473432757,409,1080,1,0,1,1,0,0,5,0,0,0,0,0,0,False,39.8,1166.7,0.1,2.5,-0.5,0,0.0,41.9,Busuula
kampala_elegu,81,40.5,40.75,32.52292375223136,0.6883740200653775,182,424,0,0,1,0,0,0,5,0,0,0,0,0,0,False,8.1,1164.5,0.0,2.9,-0.61,0,0.0,41.9,Busuula
kampala_elegu,82,41.0,41.25,32.522799063259384,0.6928951589801046,129,369,0,1,0,0,0,0,3,0,0,0,0,0,0,False,5.4,1161.8,0.0,4.6,-0.97,0,0.0,41.9,Kikoma
kampala_elegu,83,41.5,41.75,32.52267978391715,0.6974169632138033,181,386,1,0,0,0,0,0,3,0,0,0,0,0,0,False,44.8,1149.8,0.4,13.1,-2.69,0,0.0,41.9,Kikoma
kampala_elegu,84,42.0,42.25,32.52397070585525,0.7016381689618779,88,485,1,0,0,1,0,0,3,0,0,0,0,0,0,False,32.4,1151.0,8.8,-0.0,1.84,0,0.0,41.9,Kikoma
kampala_elegu,85,42.5,42.75,32.526171202615146,0.7055814695621,157,507,1,0,0,2,0,0,3,0,0,0,0,0,0,False,5.7,1150.6,0.0,9.3,-1.95,0,0.0,41.9,Kikoma
kampala_elegu,86,43.0,43.25,32.528168036550156,0.7096191981247173,136,387,1,2,0,3,0,0,5,0,0,0,0,0,0,False,67.7,1133.6,0.0,23.7,-5.0,0,0.0,41.9,Kikoma
kampala_elegu,87,43.5,43.75,32.52830661647158,0.7141283909634639,141,989,6,4,2,4,0,0,2,0,0,0,0,0,0,False,18.3,1123.4,14.7,1.0,2.88,0,0.0,41.9,Wobulenzi
kampala_elegu,88,44.0,44.25,32.52825336541909,0.7186512549074755,423,1881,19,3,3,4,0,2,4,0,0,0,0,0,0,False,4.7,1138.6,5.9,5.7,0.04,0,0.0,41.9,Wobulenzi
kampala_elegu,89,44.5,44.75,32.52818928648453,0.7231737645023567,151,1091,3,0,1,2,0,0,2,0,0,0,0,0,0,False,26.1,1124.7,5.6,12.8,-1.51,0,0.0,41.9,Wobulenzi
kampala_elegu,90,45.0,45.25,32.528103316917544,0.7276958318323451,115,314,0,0,0,0,0,0,4,0,0,0,0,0,0,False,17.5,1133.4,12.8,-0.0,2.7,0,0.0,41.9,Katikamu
kampala_elegu,91,45.5,45.75,32.52699976840147,0.7319318098128217,224,615,0,0,0,0,0,0,4,0,0,0,0,0,0,False,85.5,1149.4,11.6,0.5,2.33,0,0.0,41.9,Katikamu
kampala_elegu,92,46.0,46.25,32.523543179491504,0.7348198835547647,272,598,0,0,0,0,0,0,0,0,0,0,0,0,0,False,11.8,1145.1,0.0,18.1,-3.81,0,0.0,41.9,Katikamu
kampala_elegu,93,46.5,46.75,32.520061515319924,0.7376792442743656,46,293,0,0,0,0,0,1,2,0,0,0,0,0,0,False,6.7,1130.9,6.6,3.9,0.56,0,0.0,41.9,Katikamu
kampala_elegu,94,47.0,47.25,32.51708170759816,0.7409745267196024,94,209,0,0,0,0,0,0,2,0,0,0,0,0,0,False,69.1,1138.1,2.6,6.4,-0.81,0,0.0,41.9,Butanza
kampala_elegu,95,47.5,47.75,32.51635842351439,0.7454349302876865,143,330,0,0,0,0,0,0,3,0,0,0,0,0,0,False,17.9,1134.1,11.3,2.2,1.91,0,0.0,41.9,Butanza
kampala_elegu,96,48.0,48.25,32.51573218511679,0.7499136497601089,246,585,0,0,0,2,0,0,8,0,0,1,0,0,0,False,7.1,1148.8,9.7,0.0,2.04,0,0.0,41.9,Butanza
kampala_elegu,97,48.5,48.75,32.51498915364415,0.7543716861680528,146,485,0,0,0,2,0,1,3,0,0,0,0,0,0,False,19.4,1148.9,0.0,5.0,-1.06,0,0.0,43.2,Butanza
kampala_elegu,98,49.0,49.25,32.513672850615045,0.7586940407496066,54,223,0,0,0,1,0,0,2,0,0,0,0,0,0,False,33.8,1139.6,0.6,9.9,-1.95,0,0.0,43.2,Lukomera
kampala_elegu,99,49.5,49.75,32.51319499596561,0.7631797694688082,197,634,0,0,0,4,0,0,5,0,0,0,0,0,0,False,10.8,1142.4,7.8,-0.0,1.64,0,0.0,43.2,Lukomera
kampala_elegu,100,50.0,50.25,32.51276245548625,0.7676785907309506,217,732,0,0,0,5,0,0,7,0,0,1,0,0,0,False,24.4,1141.6,0.6,11.5,-2.3,0,0.0,43.2,Lukomera
kampala_elegu,101,50.5,50.75,32.51202285937058,0.7721401162188536,97,325,0,0,0,2,0,0,4,0,0,0,0,0,0,False,1.9,1131.5,0.0,9.1,-1.91,0,0.0,43.2,Lukomera
kampala_elegu,102,51.0,51.25,32.51123373236737,0.7765932765953736,79,167,0,0,0,0,0,0,3,0,0,0,0,0,0,False,2.8,1115.0,0.6,14.4,-2.9,0,0.0,43.2,Navulule
kampala_elegu,103,51.5,51.75,32.51048058509528,0.7810526783119305,80,188,1,0,0,2,0,0,3,0,0,1,0,0,0,False,6.0,1116.8,8.8,0.3,1.79,0,0.0,43.2,Navulule
kampala_elegu,104,52.0,52.25,32.509709099050845,0.7855088782595574,77,150,2,0,0,2,0,0,3,0,0,0,0,0,0,False,2.8,1113.5,0.0,13.7,-2.88,0,0.0,43.2,Navulule
kampala_elegu,105,52.5,52.75,32.50893065370048,0.7899638637369334,5,29,1,0,0,0,0,0,0,0,0,0,0,0,0,False,0.4,1097.6,0.0,8.3,-1.74,0,0.0,43.2,Navulule
kampala_elegu,106,53.0,53.25,32.508158222662296,0.7944200106751527,19,47,1,0,0,0,0,0,1,0,0,0,0,0,0,False,1.2,1099.2,10.1,-0.0,2.13,0,0.0,43.2,Navulule
kampala_elegu,107,53.5,53.75,32.507406697628895,0.7988797244394451,41,88,0,0,0,0,0,0,1,0,0,0,0,0,0,False,5.3,1112.8,10.9,-0.0,2.3,0,0.0,43.2,Navulule
kampala_elegu,108,54.0,54.25,32.50657332788993,0.8033244708574763,32,104,0,0,0,0,0,0,0,0,0,0,0,0,0,False,4.4,1110.9,0.0,14.0,-2.94,0,0.0,43.2,
kampala_elegu,109,54.5,54.75,32.50571365137112,0.8077643798536873,87,347,0,0,0,0,0,0,2,0,0,0,0,0,0,False,2.5,1108.3,10.4,-0.0,2.18,0,0.0,43.2,
kampala_elegu,110,55.0,55.25,32.50486929014554,0.8122071803562358,163,601,0,0,0,1,0,0,1,0,0,1,0,0,0,False,15.4,1119.0,6.6,0.7,1.24,0,0.0,43.2,Bukuma
kampala_elegu,111,55.5,55.75,32.50400775201454,0.8166460237473276,225,665,0,0,1,1,0,0,1,0,0,1,0,0,0,False,9.6,1117.2,0.0,7.0,-1.47,0,0.0,43.2,Bukuma
kampala_elegu,112,56.0,56.25,32.503147226819756,0.8210855840039383,234,828,0,0,0,1,0,0,3,0,0,0,0,0,0,False,15.7,1111.6,0.0,3.1,-0.65,0,0.0,43.2,Kasana
kampala_elegu,113,56.5,56.75,32.50230599505644,0.825527498015369,262,1162,4,0,1,3,1,0,8,0,0,2,0,0,0,False,13.3,1110.7,4.4,0.3,0.85,0,0.0,43.2,Kasana
kampala_elegu,114,57.0,57.25,32.50128164254929,0.8299228131754908,377,1749,11,2,2,4,2,1,9,0,0,1,0,0,0,False,57.5,1116.3,2.6,1.7,0.19,0,0.0,43.2,Kasana
kampala_elegu,115,57.5,57.75,32.49898203737423,0.8337874896260807,341,1573,17,2,2,9,2,2,8,0,0,0,0,0,0,False,18.8,1115.3,1.1,1.0,0.02,0,0.0,41.4,Kasana
kampala_elegu,116,58.0,58.25,32.496421627253106,0.8375039615716856,119,725,9,0,1,9,1,0,10,0,0,1,0,0,0,False,11.5,1115.4,2.2,0.9,0.27,0,0.0,41.4,Luweero
kampala_elegu,117,58.5,58.75,32.49385248497204,0.8412084566618802,183,899,8,0,2,9,0,1,6,0,0,0,0,0,0,False,57.7,1115.5,0.9,1.7,-0.17,0,0.0,41.4,Luweero
kampala_elegu,118,59.0,59.25,32.49129026753094,0.8449241402892614,396,1604,13,1,4,4,0,0,5,0,0,0,0,0,0,False,11.8,1113.4,0.0,3.6,-0.75,0,0.0,41.4,Luweero
kampala_elegu,119,59.5,59.75,32.48871259503897,0.8486289357479102,420,1701,7,2,2,1,1,0,5,0,0,0,0,0,0,False,35.3,1106.9,0.0,10.0,-2.11,0,0.0,41.4,Kizito
kampala_elegu,120,60.0,60.25,32.48682226801196,0.8526759054351153,192,1140,2,1,0,3,0,0,2,0,0,0,0,0,0,False,64.4,1093.9,0.0,13.1,-2.76,0,0.0,41.4,Kizito
kampala_elegu,121,60.5,60.75,32.48636549097018,0.8571745084855825,33,524,0,0,0,2,0,0,1,0,0,1,0,0,0,False,6.0,1086.2,0.4,2.3,-0.39,0,0.0,41.4,Kizito
kampala_elegu,122,61.0,61.25,32.48592546550947,0.8616761230663411,81,284,0,0,0,2,0,0,3,0,0,0,0,0,1,False,4.1,1085.6,0.2,1.7,-0.32,0,0.0,41.4,Kyevunze
kampala_elegu,123,61.5,61.75,32.48549103363053,0.8661781762674758,32,127,0,0,0,1,0,0,1,0,0,0,0,0,0,False,8.5,1082.1,0.0,2.3,-0.49,0,0.0,41.4,Kyevunze
kampala_elegu,124,62.0,62.25,32.48504877138976,0.8706796288741335,85,214,0,0,1,1,0,0,1,0,0,0,0,0,0,False,1.2,1086.9,10.5,-0.0,2.21,0,0.0,41.4,Kyevunze
kampala_elegu,125,62.5,62.75,32.484619057952585,0.8751822866624165,120,328,0,0,1,2,0,0,0,0,0,0,0,0,0,False,2.5,1089.8,0.1,6.5,-1.34,0,0.0,41.4,Kyevunze
kampala_elegu,126,63.0,63.25,32.484176282963915,0.8796831502643768,206,471,2,0,0,0,1,0,2,0,0,0,0,0,0,False,30.9,1090.4,7.2,0.6,1.39,0,0.0,41.4,Kasaala
kampala_elegu,127,63.5,63.75,32.48298534303952,0.8840330268922144,98,446,2,0,0,0,1,0,1,0,0,0,0,0,0,False,13.5,1088.4,6.2,5.4,0.18,0,0.0,41.4,Kasaala
kampala_elegu,128,64.0,64.25,32.481461555279594,0.8882882296060999,150,297,1,0,2,0,0,0,3,0,0,0,0,0,0,False,12.3,1096.2,3.4,0.7,0.56,0,0.0,41.4,Kasaala
kampala_elegu,129,64.5,64.75,32.47990032485814,0.8925295010845227,77,269,1,0,1,0,0,0,3,0,0,0,0,0,0,False,13.5,1092.6,0.0,7.2,-1.52,0,0.0,41.4,Kasaala
kampala_elegu,130,65.0,65.25,32.47836320514047,0.8967798797512295,96,336,0,0,0,1,0,0,3,0,0,0,0,0,0,False,16.0,1093.4,11.4,-0.0,2.4,0,0.0,41.4,Kasaala
kampala_elegu,131,65.5,65.75,32.476815901008365,0.9010264495881152,292,857,0,0,0,1,0,0,8,0,0,0,0,0,0,False,16.1,1101.1,1.5,2.3,-0.17,0,0.0,41.4,
kampala_elegu,132,66.0,66.25,32.4752789823048,0.9052764712043067,159,666,0,0,0,0,0,0,7,0,0,0,0,0,0,False,7.1,1095.9,0.0,8.6,-1.82,0,0.0,41.4,
kampala_elegu,133,66.5,66.75,32.473743579440175,0.9095274028776797,64,178,0,0,0,0,0,0,2,0,0,0,0,0,0,False,11.5,1091.0,6.0,0.8,1.09,0,0.0,41.4,
kampala_elegu,134,67.0,67.25,32.472205458437706,0.913776881797246,43,311,0,0,0,0,0,0,2,0,0,0,0,0,0,False,23.7,1103.6,15.8,-0.0,3.33,0,0.0,41.4,Kakinzi
kampala_elegu,135,67.5,67.75,32.470974687952896,0.9181063625192172,132,416,0,0,0,2,0,0,3,0,0,0,0,0,0,False,53.9,1113.1,1.9,2.3,-0.1,0,0.0,41.4,Kakinzi
kampala_elegu,136,68.0,68.25,32.470877017139905,0.9226253024405333,48,242,0,0,0,2,0,0,1,0,0,0,0,0,0,False,20.9,1110.5,6.1,2.2,0.8,0,0.0,41.4,Kakinzi
kampala_elegu,137,68.5,68.75,32.47086929088729,0.9271478817210479,32,126,0,0,0,0,0,0,3,0,0,0,0,0,0,False,17.0,1118.6,3.6,2.1,0.32,0,0.0,41.4,Kakinzi
kampala_elegu,138,69.0,69.25,32.47076356388487,0.9316696878069862,105,234,0,0,0,1,0,0,1,0,0,1,0,0,0,False,8.6,1113.2,0.0,10.5,-2.21,0,0.0,41.4,Kakinzi
kampala_elegu,139,69.5,69.75,32.47072939029716,0.9361929064063295,121,237,0,0,0,1,0,0,0,0,0,0,0,0,0,False,0.0,1098.1,0.0,16.2,-3.4,0,0.0,41.4,Kakinzi
kampala_elegu,140,70.0,70.25,32.470689814038366,0.940716181030146,36,112,0,0,0,1,0,0,1,0,0,0,0,0,0,False,0.2,1084.3,4.9,7.2,-0.48,0,0.0,41.4,Kakinzi
kampala_elegu,141,70.5,70.75,32.47064920867004,0.9452394464277802,48,140,0,0,0,2,0,0,1,0,0,1,0,0,0,False,5.9,1088.8,2.5,-0.0,0.53,0,0.0,41.4,Nalongo
kampala_elegu,142,71.0,71.25,32.4709686207144,0.9497469284858769,94,308,0,0,0,1,0,0,1,0,0,1,0,0,0,False,23.0,1088.7,0.1,3.1,-0.62,0,0.0,41.4,Nalongo
kampala_elegu,143,71.5,71.75,32.471599757357744,0.9542239070195734,328,565,0,0,0,3,0,0,2,0,0,0,0,0,0,False,29.6,1082.7,0.0,9.0,-1.89,0,0.0,41.4,Nalongo
kampala_elegu,144,72.0,72.25,32.472219535566296,0.958703810714347,97,408,0,0,0,3,0,0,0,0,0,1,0,0,0,False,6.0,1072.0,0.0,6.3,-1.33,0,0.0,41.4,Nalongo
kampala_elegu,145,72.5,72.75,32.47285048573433,0.9631824255922454,0,38,0,0,0,0,0,0,0,0,0,0,0,0,0,False,0.0,1070.3,2.0,0.8,0.27,0,0.0,41.4,Nalongo
kampala_elegu,146,73.0,73.25,32.47346900357021,0.9676628258643564,73,162,0,0,0,0,0,0,1,0,0,0,0,0,0,False,2.3,1080.4,14.8,-0.0,3.11,0,0.0,41.4,Nalongo
kampala_elegu,147,73.5,73.75,32.47408363451512,0.9721434478834912,87,200,0,0,1,0,0,0,0,0,0,0,0,0,0,False,11.2,1087.1,0.9,3.8,-0.61,0,0.0,41.4,Nalongo
kampala_elegu,148,74.0,74.25,32.47469401416787,0.9766246791886275,56,182,0,0,1,0,0,0,1,0,0,0,0,0,0,False,2.1,1082.4,0.0,4.5,-0.95,0,0.0,41.4,
kampala_elegu,149,74.5,74.75,32.47529476102307,0.981107492926069,137,275,0,0,0,1,0,0,1,0,0,0,0,0,0,False,2.9,1080.7,1.7,0.1,0.34,0,0.0,41.4,
kampala_elegu,150,75.0,75.25,32.47591414423337,0.9855876759562454,126,320,0,0,0,2,0,0,1,0,0,0,0,0,0,False,36.1,1079.9,0.0,2.8,-0.6,0,0.0,41.4,
kampala_elegu,151,75.5,75.75,32.47527183908597,0.9900034998159544,56,204,0,0,0,1,0,0,1,0,0,0,0,0,0,False,34.0,1073.9,0.0,9.1,-1.92,0,0.0,41.4,
kampala_elegu,152,76.0,76.25,32.473394478626666,0.994113036691143,11,70,0,0,0,0,0,0,0,0,0,0,0,0,0,False,4.9,1063.2,0.0,8.4,-1.76,0,0.0,41.4,
kampala_elegu,153,76.5,76.75,32.47152275372389,0.9982254243991682,29,52,0,0,0,0,0,0,0,0,0,0,0,0,0,False,11.7,1064.1,11.3,0.0,2.37,0,0.0,41.4,
kampala_elegu,154,77.0,77.25,32.47015610902275,1.0025135583877354,58,88,0,0,0,0,0,0,1,0,0,0,0,0,0,False,31.2,1071.8,1.5,0.7,0.16,0,0.0,39.9,
kampala_elegu,155,77.5,77.75,32.4698251676847,1.007022987025353,24,81,0,0,0,0,0,0,0,0,0,0,0,0,0,False,11.5,1067.2,0.0,12.2,-2.58,0,0.0,39.9,Namunkanga
kampala_elegu,156,78.0,78.25,32.46947848367265,1.011525754960732,14,26,0,0,0,0,0,0,0,0,0,0,0,0,0,False,52.6,1058.2,0.0,1.9,-0.39,0,0.0,39.9,Namunkanga
kampala_elegu,157,78.5,78.75,32.4691868110857,1.0160396601728878,0,0,0,0,0,0,0,0,0,0,0,0,0,0,0,False,0.3,1057.5,0.7,0.3,0.08,0,0.0,39.9,Namunkanga
kampala_elegu,158,79.0,79.25,32.468902378364774,1.0205540375455961,0,3,0,0,0,0,0,0,0,0,0,0,0,0,0,False,0.0,1057.5,0.0,0.9,-0.2,1,0.0,39.9,Namunkanga
kampala_elegu,159,79.5,79.75,32.468617948149124,1.0250684147669324,0,4,0,0,0,0,0,0,0,0,0,0,0,0,0,False,0.4,1057.1,0.4,0.0,0.07,0,0.0,39.9,Namunkanga
kampala_elegu,160,80.0,80.25,32.46834375584591,1.0295834257439382,1,13,0,0,0,0,0,0,1,0,0,0,0,0,0,False,0.7,1059.1,4.9,-0.0,1.04,0,0.0,39.9,Namunkanga
kampala_elegu,161,80.5,80.75,32.46805751358965,1.0340976676472111,9,25,0,0,0,0,0,0,0,0,0,0,0,0,0,False,0.0,1067.0,6.1,0.1,1.25,0,0.0,39.9,Namunsaala
kampala_elegu,162,81.0,81.25,32.4677624345558,1.0386113513735058,16,105,0,0,0,1,0,0,0,0,0,0,0,0,0,False,0.4,1065.8,0.1,5.6,-1.17,0,0.0,39.9,Namunsaala
kampala_elegu,163,81.5,81.75,32.46748162930732,1.0431259551910774,141,415,0,0,0,3,0,0,2,0,0,0,0,0,0,False,0.9,1069.8,9.9,-0.0,2.09,0,0.0,39.9,Kakooge
kampala_elegu,164,82.0,82.25,32.46720673508437,1.0476408248736984,182,770,1,0,1,4,0,0,1,0,0,0,0,0,0,False,10.1,1071.6,0.0,4.4,-0.93,0,0.0,39.9,Kakooge
kampala_elegu,165,82.5,82.75,32.46707113247066,1.0521611637813486,330,1041,1,0,2,1,0,0,3,0,0,0,0,0,0,False,11.6,1074.0,8.1,0.0,1.7,0,0.0,39.9,Kakooge
kampala_elegu,166,83.0,83.25,32.4669753222899,1.0566834220950825,171,695,0,0,1,2,0,1,1,0,0,0,0,0,0,False,10.1,1073.6,0.0,7.0,-1.47,0,0.0,39.9,Haji Yasi
kampala_elegu,167,83.5,83.75,32.46688890130521,1.0612056231308955,28,116,0,0,0,3,0,0,1,0,0,1,0,0,0,False,10.0,1073.1,3.9,0.0,0.81,0,0.0,39.9,Haji Yasi
kampala_elegu,168,84.0,84.25,32.466777715139116,1.0657273123677728,27,78,0,0,0,1,0,0,1,0,0,1,0,0,0,False,6.6,1070.4,0.0,8.3,-1.74,0,0.0,39.9,Nakaseeta-kalungi
kampala_elegu,169,84.5,84.75,32.46666137293013,1.0702491717054388,1,69,0,0,0,0,0,0,1,0,0,0,0,0,0,False,2.8,1062.5,0.0,5.5,-1.15,0,0.0,39.9,Nakaseeta-kalungi
kampala_elegu,170,85.0,85.25,32.46657415713042,1.0747716297827419,2,15,0,0,0,0,0,0,0,0,0,0,0,0,0,False,6.1,1058.0,0.2,2.1,-0.4,0,0.0,39.9,Kyabutaika
kampala_elegu,171,85.5,85.75,32.466462821500066,1.0792935672499588,3,25,0,0,0,0,0,0,1,0,0,0,0,0,0,False,4.0,1058.1,2.9,0.4,0.53,0,0.0,39.9,Kyabutaika
kampala_elegu,172,86.0,86.25,32.466350526037544,1.0838155376303347,72,122,0,0,0,0,0,0,2,0,0,0,0,0,0,False,12.9,1065.4,8.3,-0.0,1.75,0,0.0,39.9,Kyabutaika
kampala_elegu,173,86.5,86.75,32.46623505039535,1.0883371123631802,43,131,0,0,0,1,0,0,0,0,0,0,0,0,0,False,1.3,1069.9,1.5,0.0,0.31,0,0.0,39.9,Kyabutayika
kampala_elegu,174,87.0,87.25,32.46613480203777,1.092859420916864,24,36,0,0,0,1,0,0,1,0,0,0,0,0,0,False,0.1,1070.7,0.4,1.8,-0.3,0,0.0,39.9,Kyabutayika
kampala_elegu,175,87.5,87.75,32.46603218365235,1.0973816828332472,10,27,0,0,0,0,0,0,0,0,0,0,0,0,0,False,0.5,1066.2,4.1,4.0,0.03,0,0.0,39.9,Kyabutayika
kampala_elegu,176,88.0,88.25,32.46591603102801,1.101903610334222,19,36,0,0,0,0,0,0,1,0,0,0,0,0,0,False,0.2,1077.0,12.1,-0.0,2.55,0,0.0,39.9,Kyampisi
kampala_elegu,177,88.5,88.75,32.46579837267319,1.1064254918487335,12,27,0,0,0,0,0,0,0,0,0,0,0,0,0,False,0.4,1082.2,0.9,2.2,-0.26,0,0.0,39.9,Kyampisi
kampala_elegu,178,89.0,89.25,32.46569035064061,1.1109476268367975,0,2,0,0,0,0,0,0,0,0,0,0,0,0,0,False,0.0,1071.6,0.0,16.2,-3.42,0,0.0,39.9,Kyampisi
kampala_elegu,179,89.5,89.75,32.465582324975244,1.1154697615225144,0,15,0,0,0,0,0,0,1,0,0,0,0,0,0,False,4.5,1064.8,6.2,0.4,1.24,0,0.0,39.9,Bamusuuta
kampala_elegu,180,90.0,90.25,32.465469968710956,1.1199914905400945,38,52,0,0,0,1,0,0,1,0,0,0,0,0,0,False,2.3,1076.0,10.2,-0.0,2.15,0,0.0,39.9,Bamusuuta
kampala_elegu,181,90.5,90.75,32.465372824193835,1.1245138434396371,18,46,0,0,0,0,0,0,3,0,0,0,0,0,0,False,3.2,1077.5,0.0,8.1,-1.71,0,0.0,39.9,Bamusuuta
kampala_elegu,182,91.0,91.25,32.46524118517279,1.1290353013342163,0,0,0,0,0,0,0,0,0,0,0,0,0,0,0,False,1.0,1067.7,3.6,5.4,-0.38,0,0.0,39.9,Bamusuuta
kampala_elegu,183,91.5,91.75,32.46513341817379,1.1335574413909197,0,0,0,0,0,0,0,0,1,0,0,0,0,0,0,False,1.2,1076.4,11.4,-0.0,2.39,0,0.0,39.9,Kakira Fr
kampala_elegu,184,92.0,92.25,32.4650273918697,1.138079610840959,0,4,0,0,0,0,0,0,0,0,0,0,0,0,0,False,0.0,1084.6,4.9,-0.0,1.02,0,0.0,39.9,Kakira Fr
kampala_elegu,185,92.5,92.75,32.464918554497615,1.1426017217649214,0,6,0,0,0,0,0,0,0,0,0,0,0,0,0,False,0.3,1087.8,1.3,2.2,-0.19,0,0.0,39.9,Kakira Fr
kampala_elegu,186,93.0,93.25,32.46482029950815,1.1471240801123388,0,2,0,0,0,0,0,0,1,0,0,0,0,0,0,False,0.2,1079.6,0.0,13.9,-2.93,0,0.0,39.9,Katuugo
kampala_elegu,187,93.5,93.75,32.46471468222318,1.1516462566368049,38,156,0,0,0,2,0,0,0,0,0,0,0,0,0,False,2.9,1074.6,10.2,0.5,2.05,0,0.0,39.9,Katuugo
kampala_elegu,188,94.0,94.25,32.46457444481871,1.1561670255198737,223,538,0,0,0,3,0,0,5,0,0,1,0,0,0,False,10.5,1086.9,6.3,-0.0,1.33,0,0.0,39.9,Katuugo
kampala_elegu,189,94.5,94.75,32.46424003032898,1.1606747179182058,177,450,0,0,1,3,0,1,0,0,0,0,0,0,0,False,11.5,1089.4,1.0,0.8,0.06,0,0.0,39.9,Katuugo
kampala_elegu,190,95.0,95.25,32.46363626262138,1.1651568201745561,7,70,0,0,0,1,0,0,1,0,0,0,0,0,0,False,7.9,1085.8,0.0,7.1,-1.49,0,0.0,39.9,Kaleire
kampala_elegu,191,95.5,95.75,32.463015200816415,1.1696368480234114,6,10,0,0,0,0,0,0,0,0,0,0,0,0,0,False,1.2,1076.7,0.0,7.2,-1.52,0,0.0,39.9,Kasanga
kampala_elegu,192,96.0,96.25,32.46241590381579,1.174119833938604,4,30,0,0,0,0,0,0,0,0,0,0,0,0,0,False,1.2,1078.2,7.7,-0.0,1.61,0,0.0,39.9,Kasanga
kampala_elegu,193,96.5,96.75,32.46180992353632,1.1786019397222618,12,31,0,0,0,0,0,0,0,0,0,0,0,0,0,False,1.7,1079.7,0.0,6.2,-1.3,0,0.0,39.9,Kasanga
kampala_elegu,194,97.0,97.25,32.46119506645726,1.1830828411959815,29,63,0,0,0,0,0,0,0,0,0,0,0,0,0,False,9.2,1077.3,10.1,0.9,1.94,0,0.0,39.9,Kasanga
kampala_elegu,195,97.5,97.75,32.46095721727912,1.187589994846036,33,68,0,0,0,0,0,0,2,0,0,0,0,0,0,False,20.4,1088.8,6.5,-0.0,1.36,0,0.0,39.9,Kasanga
kampala_elegu,196,98.0,98.25,32.46153719397135,1.192074803338908,23,45,0,0,0,0,0,0,0,0,0,0,0,0,0,False,0.1,1090.6,0.4,3.1,-0.56,0,0.0,39.9,Kasanga
kampala_elegu,197,98.5,98.75,32.46215983578152,1.1965545794191823,68,130,0,0,0,0,0,0,0,0,0,0,0,0,0,False,3.0,1085.0,0.0,7.2,-1.51,0,0.0,39.9,
kampala_elegu,198,99.0,99.25,32.46278017753909,1.2010347056518118,75,103,0,0,0,0,0,0,0,0,0,0,0,0,0,False,3.5,1075.4,0.0,11.9,-2.51,0,0.0,39.9,Kyaluweza
kampala_elegu,199,99.5,99.75,32.46340101226445,1.2055146429366428,0,12,0,0,0,0,0,0,0,0,0,0,0,0,0,False,6.3,1066.4,1.7,2.5,-0.18,0,0.0,39.9,Kyaluweza
kampala_elegu,200,100.0,100.25,32.4640244298094,1.2099940956754924,6,12,0,0,0,0,0,0,0,0,0,0,0,0,0,False,2.6,1072.7,8.8,-0.0,1.84,0,0.0,39.9,Kyaluweza
kampala_elegu,201,100.5,100.75,32.46465381966066,1.2144729396129978,5,22,0,0,0,0,0,0,1,0,0,0,0,0,0,False,0.5,1079.6,5.5,-0.0,1.15,0,0.0,39.9,Kyaluweza
kampala_elegu,202,101.0,101.25,32.465265172750485,1.2189541995739757,5,19,0,0,0,1,0,0,0,0,0,0,0,0,0,False,16.0,1084.9,3.0,-0.0,0.64,0,0.0,39.9,Kyaluweza
kampala_elegu,203,101.5,101.75,32.465157826730966,1.2234582822309217,4,17,0,0,0,1,0,0,0,0,0,0,0,0,0,False,15.6,1085.6,0.5,0.5,-0.0,0,0.0,39.9,Kyaluweza
kampala_elegu,204,102.0,102.25,32.46449065314366,1.2279315558705381,7,31,0,0,0,0,0,0,0,0,0,0,0,0,0,False,2.0,1083.6,0.3,4.2,-0.83,0,0.0,39.9,Kyaluweza
kampala_elegu,205,102.5,102.75,32.463815860361386,1.2324036197360742,4,30,0,0,0,0,0,0,0,0,0,0,0,0,0,False,11.4,1087.3,7.8,-0.0,1.63,0,0.0,39.9,Kyaluweza
kampala_elegu,206,103.0,103.25,32.46315558715651,1.236877613060687,7,27,0,0,0,0,0,0,1,0,0,0,0,0,0,False,1.0,1086.0,0.0,9.7,-2.04,0,0.0,39.9,Wabigalo
kampala_elegu,207,103.5,103.75,32.46249990812111,1.241352648954346,6,28,0,0,0,0,0,0,1,0,0,0,0,0,0,False,4.5,1086.0,15.5,0.1,3.25,0,0.0,39.9,Wabigalo
kampala_elegu,208,104.0,104.25,32.461575936139184,1.2457732847098018,10,34,0,0,0,0,0,0,2,0,0,0,0,0,0,False,35.6,1102.5,9.0,0.0,1.9,0,0.0,39.9,Wabigalo
kampala_elegu,209,104.5,104.75,32.45955461021636,1.249795645447495,92,190,0,0,1,0,1,1,2,0,0,0,0,1,0,False,25.7,1100.9,0.0,9.9,-2.09,0,0.0,39.9,Wabigalo
kampala_elegu,210,105.0,105.25,32.45681277822833,1.2533764304836954,56,171,0,0,0,0,1,1,2,0,0,0,0,1,0,False,14.8,1088.2,0.0,14.9,-3.14,0,0.0,36.0,Wabigalo
kampala_elegu,211,105.5,105.75,32.45403848251988,1.2569350914967206,0,8,0,0,0,0,0,0,0,0,0,0,0,0,0,False,0.3,1080.7,7.8,1.4,1.33,0,0.0,36.0,Wabigalo
kampala_elegu,212,106.0,106.25,32.45126761986276,1.2604965039719738,11,17,0,0,0,0,0,0,0,0,0,0,0,0,0,False,0.1,1091.5,7.4,0.1,1.53,0,0.0,36.0,Namayonjo
kampala_elegu,213,106.5,106.75,32.448491472792455,1.2640537460389054,7,15,0,0,0,0,0,0,0,0,0,0,0,0,0,False,0.4,1090.3,0.0,9.6,-2.03,0,0.0,36.0,Namayonjo
kampala_elegu,214,107.0,107.25,32.4457216871222,1.2676160073155078,0,9,0,0,0,0,0,0,0,0,0,0,0,0,0,False,0.0,1083.0,2.5,1.1,0.29,0,0.0,36.0,Namayonjo
kampala_elegu,215,107.5,107.75,32.442953116914076,1.2711792292416912,11,26,0,0,0,0,0,0,1,0,0,0,0,0,0,False,0.1,1089.2,7.3,-0.0,1.54,0,0.0,36.0,Namayonjo
kampala_elegu,216,108.0,108.25,32.44018229619419,1.2747406788810336,12,28,0,0,0,0,0,0,0,0,0,0,0,0,0,False,0.0,1098.7,14.5,-0.0,3.05,0,0.0,36.0,Namayonjo
kampala_elegu,217,108.5,108.75,32.4374075736563,1.2782990185745253,9,38,0,0,0,0,0,0,1,0,0,0,0,0,0,False,2.6,1115.6,11.9,-0.0,2.5,0,0.0,36.0,Kirembo
kampala_elegu,218,109.0,109.25,32.43463073039642,1.2818556803485615,3,60,0,0,0,1,0,0,0,0,0,0,0,0,0,False,0.2,1121.5,1.6,2.3,-0.16,0,0.0,36.0,Kirembo
kampala_elegu,219,109.5,109.75,32.431860991754014,1.2854179830394514,27,49,0,0,0,1,0,0,0,0,0,0,0,0,0,False,0.0,1115.1,0.0,6.7,-1.4,0,0.0,36.0,Kiwongoire
kampala_elegu,220,110.0,110.25,32.429090875837566,1.2889799886966764,9,25,0,0,0,0,1,0,0,0,0,0,0,0,0,False,0.0,1112.6,0.3,0.7,-0.08,0,0.0,36.0,Wabulime
kampala_elegu,221,110.5,110.75,32.42632071024053,1.2925419553669848,2,5,0,0,0,0,1,0,0,0,0,0,0,0,0,False,0.8,1110.1,0.0,4.8,-1.02,0,0.0,36.0,Wabulime
kampala_elegu,222,111.0,111.25,32.423571404621434,1.2961186395859603,2,4,0,0,0,0,0,0,0,0,0,0,0,0,0,False,39.2,1103.5,0.0,6.9,-1.45,0,0.0,36.0,Wabulime
kampala_elegu,223,111.5,111.75,32.4220022718271,1.3003193839415736,6,12,0,0,0,0,0,0,0,0,0,0,0,0,0,False,40.9,1096.5,0.0,5.0,-1.05,0,0.0,36.0,Kakondi
kampala_elegu,224,112.0,112.25,32.42191487380056,1.3048360648858552,21,39,0,0,0,0,0,0,2,0,0,0,0,0,0,False,13.8,1097.2,7.4,0.0,1.55,0,0.0,36.0,Kakondi
kampala_elegu,225,112.5,112.75,32.42196875827996,1.309358679135805,25,37,0,0,0,0,0,0,0,0,0,0,0,0,0,False,4.2,1104.9,3.3,2.0,0.27,0,0.0,36.0,Kakondi
kampala_elegu,226,113.0,113.25,32.422022023167685,1.3138813944301941,7,16,0,0,0,0,0,0,1,0,0,0,0,0,0,False,7.2,1097.4,1.1,9.2,-1.71,0,0.0,36.0,Kakondi
kampala_elegu,227,113.5,113.75,32.422078463447846,1.3184042595340828,13,31,0,0,0,0,0,0,0,0,0,0,0,0,0,False,0.6,1105.6,18.6,-0.0,3.93,0,0.0,36.0,Sasira
kampala_elegu,228,114.0,114.25,32.42211371841819,1.3229271558041358,83,207,1,0,1,4,0,0,2,0,0,0,0,0,0,False,10.4,1121.6,11.2,-0.0,2.35,0,0.0,36.0,Sasira
kampala_elegu,229,114.5,114.75,32.42213887896673,1.3274499915112672,117,234,0,0,1,5,0,1,2,0,0,0,0,0,0,False,41.5,1129.9,4.6,0.1,0.94,0,0.0,36.0,Sasira
kampala_elegu,230,115.0,115.25,32.42037135724082,1.3314825542585713,16,67,0,0,0,1,0,0,1,0,0,0,0,0,0,False,86.2,1126.7,0.0,9.0,-1.9,0,0.0,36.0,Sasira
kampala_elegu,231,115.5,115.75,32.416399941473095,1.3335115244269855,12,34,0,0,0,0,0,0,3,0,0,1,0,0,0,False,13.9,1117.1,0.0,10.6,-2.23,0,0.0,36.0,Sasira
kampala_elegu,232,116.0,116.25,32.41219957640441,1.3351203524922568,6,15,0,0,0,0,0,0,0,0,0,0,0,0,0,False,0.9,1104.6,0.0,11.5,-2.41,0,0.0,36.0,Sasira
kampala_elegu,233,116.5,116.75,32.40800212087273,1.3367371242774897,1,10,0,0,0,0,0,0,0,0,0,0,0,0,0,False,0.5,1099.1,0.5,3.2,-0.58,0,0.0,36.0,Sasira
kampala_elegu,234,117.0,117.25,32.40380070364444,1.338343441872484,3,11,0,0,0,0,0,0,0,0,0,0,0,0,0,False,0.0,1099.7,10.7,0.2,2.2,0,0.0,36.0,
kampala_elegu,235,117.5,117.75,32.399599788279595,1.3399510853989498,6,28,0,0,0,0,0,0,0,0,0,0,0,0,0,False,2.5,1115.9,14.6,-0.0,3.08,0,0.0,36.0,
kampala_elegu,236,118.0,118.25,32.39554977650882,1.341880182983522,19,23,0,0,0,0,0,0,1,0,0,0,0,0,0,False,21.2,1121.8,0.5,5.6,-1.07,0,0.0,36.0,
kampala_elegu,237,118.5,118.75,32.391820648566075,1.3444048705280216,5,13,0,0,0,0,0,0,0,0,0,0,0,0,0,False,1.0,1108.9,0.0,17.0,-3.57,0,0.0,36.0,
kampala_elegu,238,119.0,119.25,32.38810104781406,1.346943803031119,2,17,0,0,0,0,0,0,0,0,0,0,0,0,0,False,0.0,1092.4,0.0,9.9,-2.09,0,0.0,36.0,
kampala_elegu,239,119.5,119.75,32.384379083583326,1.3494792292612634,3,14,0,0,0,0,0,0,0,0,0,0,0,0,0,False,0.0,1086.9,0.0,7.1,-1.49,0,0.0,36.0,Namansa
kampala_elegu,240,120.0,120.25,32.38065709038292,1.3520146124161725,4,5,0,0,0,0,0,0,0,0,0,0,0,0,0,False,0.0,1081.7,2.3,1.3,0.2,0,0.0,36.0,Namansa
kampala_elegu,241,120.5,120.75,32.37693454621887,1.3545491760708352,6,13,0,0,0,0,0,0,0,0,0,0,0,0,0,False,0.7,1083.3,6.3,0.8,1.15,0,0.0,36.0,Namansa
kampala_elegu,242,121.0,121.25,32.373216801411544,1.3570906055241825,93,141,0,0,0,2,0,0,1,0,0,0,0,1,0,False,9.3,1094.3,8.3,0.1,1.73,0,0.0,36.0,Namansa
kampala_elegu,243,121.5,121.75,32.36949350710225,1.359623842206885,107,169,0,0,1,2,0,0,2,0,0,0,0,0,0,False,10.5,1096.7,0.5,0.2,0.06,0,0.0,36.0,Namansa
kampala_elegu,244,122.0,122.25,32.3657704768019,1.3621569883843738,23,53,0,0,1,0,0,0,2,0,0,0,0,0,0,False,10.8,1097.2,0.7,2.7,-0.42,0,0.0,36.0,Namansa
kampala_elegu,245,122.5,122.75,32.362050397633645,1.3646951580948348,0,13,0,0,0,0,0,0,0,0,0,0,0,0,0,False,0.9,1090.8,0.0,6.9,-1.46,0,0.0,36.0,Namansa
kampala_elegu,246,123.0,123.25,32.35832978060723,1.3672325673753665,7,13,0,0,0,0,0,0,0,0,0,0,0,0,0,False,0.5,1088.2,0.6,0.8,-0.05,0,0.0,36.0,Namansa
kampala_elegu,247,123.5,123.75,32.35461230832129,1.3697746576189207,7,9,0,0,0,0,0,0,0,0,0,0,0,0,0,False,0.0,1083.8,0.0,8.7,-1.84,0,0.0,36.0,
kampala_elegu,248,124.0,124.25,32.35089565799044,1.3723179668869394,0,3,0,0,0,0,0,0,1,0,0,0,0,0,0,False,0.0,1080.1,7.5,0.7,1.43,0,0.0,36.0,
kampala_elegu,249,124.5,124.75,32.347177252450706,1.3748586504595588,0,6,0,0,0,0,0,0,0,0,0,0,0,0,0,False,2.6,1089.0,5.3,-0.0,1.12,0,0.0,36.0,
kampala_elegu,250,125.0,125.25,32.34344815682639,1.3773832960070567,0,0,0,0,0,0,0,0,0,0,0,0,0,0,0,False,2.0,1088.9,0.0,6.2,-1.3,0,0.0,36.0,
kampala_elegu,251,125.5,125.75,32.33973148539501,1.3799264284792363,0,0,0,0,0,0,0,0,0,0,0,0,0,0,0,False,3.6,1083.1,1.7,1.6,0.03,0,0.0,36.0,
kampala_elegu,252,126.0,126.25,32.33600250622509,1.3824512289175774,0,1,0,0,0,0,0,0,0,0,0,0,0,0,0,False,2.9,1087.1,4.1,-0.0,0.85,0,0.0,36.0,
kampala_elegu,253,126.5,126.75,32.33228273031872,1.384989861265702,1,5,0,0,0,0,0,0,0,0,0,0,0,0,0,False,0.4,1089.1,0.8,2.3,-0.3,0,0.0,36.0,
kampala_elegu,254,127.0,127.25,32.32856133482561,1.3875260502969327,1,3,0,0,0,0,0,0,0,0,0,0,0,0,0,False,2.6,1082.6,0.0,7.9,-1.67,0,0.0,36.0,
kampala_elegu,255,127.5,127.75,32.32484528514052,1.3900700994103337,0,1,0,0,0,0,0,0,0,0,0,0,0,0,0,False,4.2,1079.1,0.6,0.3,0.08,0,0.0,36.0,
kampala_elegu,256,128.0,128.25,32.32112775417538,1.3926118639824212,0,1,0,0,0,0,0,0,0,0,0,0,0,0,0,False,7.0,1080.4,4.4,0.1,0.89,0,0.0,36.0,
kampala_elegu,257,128.5,128.75,32.31740778384312,1.3951499961083325,1,1,0,0,0,0,0,0,0,0,0,0,0,0,0,False,9.5,1088.5,9.0,-0.0,1.9,0,0.0,36.0,
kampala_elegu,258,129.0,129.25,32.31368450912071,1.3976832908296306,1,1,0,0,0,0,0,0,2,0,0,0,0,0,0,False,24.1,1095.6,3.7,-0.0,0.78,0,0.0,36.0,
kampala_elegu,259,129.5,129.75,32.3099494809477,1.4001967228013499,9,102,0,0,0,0,0,0,0,0,0,0,0,0,0,False,52.9,1094.8,0.0,5.8,-1.22,0,0.0,36.0,
kampala_elegu,260,130.0,130.25,32.30567042336319,1.401458659583655,93,153,0,0,0,0,0,0,4,0,0,0,0,0,0,False,21.9,1085.2,0.0,10.6,-2.22,0,0.0,36.0,
kampala_elegu,261,130.5,130.75,32.30123462929066,1.4021835427187237,13,94,0,0,0,0,0,0,1,0,0,0,0,0,0,False,14.8,1076.5,0.1,4.2,-0.87,0,0.0,36.0,
kampala_elegu,262,131.0,131.25,32.29679740685046,1.402901659581918,8,14,0,0,0,0,0,0,0,0,0,0,0,0,0,False,0.0,1081.0,13.1,-0.0,2.76,0,0.0,36.0,
kampala_elegu,263,131.5,131.75,32.29236126188611,1.4036273947586133,0,9,0,0,0,0,0,0,0,0,0,0,0,0,0,False,0.0,1094.1,6.4,0.1,1.33,0,0.0,36.0,
kampala_elegu,264,132.0,132.25,32.287925118341654,1.4043531200653776,5,42,0,0,0,0,0,0,1,0,0,0,0,0,0,False,0.6,1091.4,0.0,9.1,-1.91,0,0.0,36.0,
kampala_elegu,265,132.5,132.75,32.283486682406554,1.405064413313768,16,52,0,0,0,0,0,0,1,0,0,0,0,0,0,False,0.1,1084.7,5.1,2.5,0.54,0,0.0,36.0,
kampala_elegu,266,133.0,133.25,32.27904753208984,1.4057712311607924,15,57,1,0,0,0,0,0,1,0,0,0,0,0,0,False,0.0,1092.3,4.6,0.3,0.91,0,0.0,36.0,Kyakala
kampala_elegu,267,133.5,133.75,32.27460836691924,1.4064779337650328,39,134,1,0,0,0,0,0,1,0,0,0,0,0,0,False,0.7,1089.0,0.0,8.0,-1.68,0,0.0,36.0,Kyakala
kampala_elegu,268,134.0,134.25,32.270170539277274,1.4071910335632374,108,407,0,0,0,0,0,0,4,0,0,0,0,0,0,False,10.8,1089.3,10.8,0.1,2.25,0,0.0,36.0,Migyera
kampala_elegu,269,134.5,134.75,32.2657309095843,1.4078938845773281,311,1032,0,0,1,0,0,0,3,0,0,0,0,1,0,False,2.9,1096.5,0.5,1.0,-0.1,0,0.0,36.0,Migyera
kampala_elegu,270,135.0,135.25,32.26129756637359,1.408634558383865,392,1147,0,0,3,2,0,1,3,0,0,0,0,0,0,False,11.6,1095.7,0.9,0.2,0.15,0,0.0,36.0,Migyera
kampala_elegu,271,135.5,135.75,32.25685758718111,1.4093342760713943,184,586,0,0,2,3,0,0,3,0,0,0,0,0,0,False,22.9,1096.3,0.6,3.6,-0.64,0,0.0,36.0,Migyera
kampala_elegu,272,136.0,136.25,32.25242151828855,1.4100466108661114,49,199,0,0,0,2,0,0,2,0,0,0,0,0,0,False,10.6,1086.3,0.0,15.0,-3.15,0,0.0,36.0,Migyera
kampala_elegu,273,136.5,136.75,32.24798350606114,1.4107602143223332,9,27,0,0,0,0,0,0,0,0,0,0,0,0,0,False,0.0,1077.2,0.3,2.0,-0.36,0,0.0,40.6,Migyera
kampala_elegu,274,137.0,137.25,32.243543744196124,1.411462966343449,6,12,0,0,0,0,0,0,0,0,0,0,0,0,0,False,0.0,1072.6,1.0,4.1,-0.65,0,0.0,40.6,Migyera
kampala_elegu,275,137.5,137.75,32.23910492923857,1.4121716993895899,3,8,0,0,0,0,0,0,1,0,0,0,0,0,0,False,0.3,1076.8,6.6,-0.0,1.39,0,0.0,40.6,
kampala_elegu,276,138.0,138.25,32.23466728874228,1.4128878525444886,0,3,0,0,0,0,0,0,0,0,0,0,0,0,0,False,0.0,1078.2,0.1,4.4,-0.92,0,0.0,40.6,
kampala_elegu,277,138.5,138.75,32.23022980517495,1.41360496678957,0,0,0,0,0,0,0,0,0,0,0,0,0,0,0,False,0.2,1074.6,4.7,1.6,0.65,0,0.0,40.6,
kampala_elegu,278,139.0,139.25,32.22579359718557,1.4143300117918165,0,0,0,0,0,0,0,0,0,0,0,0,0,0,0,False,0.0,1075.6,0.3,4.8,-0.94,0,0.0,40.6,
kampala_elegu,279,139.5,139.75,32.22135770497131,1.4150569847918895,0,1,0,0,0,0,0,0,0,0,0,0,0,0,0,False,0.1,1080.4,13.3,-0.0,2.8,0,0.0,40.6,
kampala_elegu,280,140.0,140.25,32.21692108343614,1.415779287858163,1,1,0,0,0,0,0,0,1,0,0,0,0,0,0,False,0.8,1087.6,1.2,3.0,-0.37,0,0.0,40.6,
kampala_elegu,281,140.5,140.75,32.21248097097865,1.4164796398270423,0,0,0,0,0,0,0,0,0,0,0,0,0,0,0,False,1.3,1083.3,0.0,4.0,-0.84,0,0.0,40.6,Kyamukonda
kampala_elegu,282,141.0,141.25,32.20804184495682,1.4171862114755103,0,1,0,0,0,0,0,0,0,0,0,0,0,0,0,False,0.0,1078.1,0.0,5.2,-1.09,0,0.0,40.6,Kyamukonda
kampala_elegu,283,141.5,141.75,32.20360208169573,1.4178887567411178,0,18,0,0,0,0,0,0,1,0,0,0,0,0,0,False,0.0,1077.1,2.6,-0.0,0.54,0,0.0,40.6,Kyamukonda
kampala_elegu,284,142.0,142.25,32.19916596038671,1.418613842786562,98,209,2,0,0,0,0,0,3,0,0,0,0,0,0,False,3.9,1078.7,0.6,0.0,0.13,0,0.0,40.6,Kyamukonda
kampala_elegu,285,142.5,142.75,32.19472325189578,1.419295853121109,121,235,2,0,0,1,0,0,2,0,0,0,0,0,0,False,4.8,1079.7,1.2,-0.0,0.25,0,0.0,40.6,Kyamukonda
kampala_elegu,286,143.0,143.25,32.190289237606514,1.4200326995773689,12,67,0,0,3,1,0,0,1,0,0,0,0,0,0,False,2.0,1080.2,0.1,0.8,-0.17,0,0.0,40.6,Kyamukonda
kampala_elegu,287,143.5,143.75,32.18585235933866,1.4207528299093197,9,25,1,0,1,0,0,0,1,0,0,0,0,0,0,False,2.4,1078.0,0.0,2.4,-0.49,0,0.0,40.6,Kyamukonda
kampala_elegu,288,144.0,144.25,32.18144039716018,1.4215920312772532,1,9,0,0,0,0,0,0,0,0,0,0,0,0,0,False,26.1,1077.6,1.2,0.1,0.25,0,0.0,40.6,Kyamukonda
kampala_elegu,289,144.5,144.75,32.17734629373856,1.4234249599395683,0,8,0,0,0,0,0,0,0,0,0,0,0,0,0,False,28.1,1078.3,0.2,0.4,-0.03,0,0.0,40.6,
kampala_elegu,290,145.0,145.25,32.17394623436258,1.4263643379857676,0,0,0,0,0,0,0,0,0,0,0,0,0,0,0,False,35.0,1077.1,0.5,1.5,-0.2,0,0.0,40.6,
kampala_elegu,291,145.5,145.75,32.171412617186945,1.430093245908629,0,0,0,0,0,0,0,0,0,0,0,0,0,0,0,False,10.2,1076.8,0.3,2.5,-0.46,0,0.0,40.6,
kampala_elegu,292,146.0,146.25,32.16902305463059,1.433923761606244,1,1,0,0,0,0,0,0,1,0,0,0,0,0,0,False,5.5,1072.5,0.3,2.5,-0.47,0,0.0,40.6,
kampala_elegu,293,146.5,146.75,32.166651043320435,1.437765199255893,0,1,0,0,0,0,0,0,0,0,0,0,0,0,0,False,24.2,1070.2,0.0,3.9,-0.81,0,0.0,40.6,
kampala_elegu,294,147.0,147.25,32.16426249010259,1.4415948176879796,2,23,0,0,0,1,0,0,0,0,0,0,0,0,0,False,55.8,1070.7,6.4,-0.0,1.35,0,0.0,40.6,Lwambogo
kampala_elegu,295,147.5,147.75,32.16188167666989,1.4454303175900074,16,23,0,0,0,1,0,0,2,0,0,0,0,0,0,False,23.5,1081.5,10.8,-0.0,2.28,0,0.0,40.6,Lwambogo
kampala_elegu,296,148.0,148.25,32.15950560699361,1.4492689783314727,2,14,0,0,0,0,0,0,0,0,0,0,0,0,0,False,27.7,1086.6,0.6,2.7,-0.45,0,0.0,40.6,Lwambogo
kampala_elegu,297,148.5,148.75,32.15711654930949,1.453099701041389,5,5,0,0,0,0,0,0,0,0,0,0,0,0,0,False,0.0,1080.0,0.0,7.9,-1.66,0,0.0,40.6,Lwambogo
kampala_elegu,298,149.0,149.25,32.15472838554829,1.4569314089717593,0,2,0,0,0,0,0,0,0,0,0,0,0,0,0,False,0.4,1074.4,0.2,1.9,-0.35,0,0.0,40.6,Lwambogo
kampala_elegu,299,149.5,149.75,32.15234959500678,1.4607690260160384,10,14,0,0,0,0,0,0,0,0,0,0,0,0,0,False,0.0,1074.2,0.2,0.5,-0.08,0,0.0,40.6,Lwambogo
kampala_elegu,300,150.0,150.25,32.14997079408436,1.464606635652472,10,13,0,0,0,0,0,0,0,0,0,0,0,0,0,False,0.0,1072.8,0.0,2.0,-0.43,0,0.0,40.6,Lwambogo
kampala_elegu,301,150.5,150.75,32.14759198275332,1.4684442378607412,0,0,0,0,0,0,0,0,0,0,0,0,0,0,0,False,0.0,1071.0,0.1,1.1,-0.2,0,0.0,40.6,
kampala_elegu,302,151.0,151.25,32.14521316098596,1.472281832620527,0,0,0,0,0,0,0,0,0,0,0,0,0,0,0,False,0.0,1072.2,3.1,-0.0,0.65,0,0.0,40.6,
kampala_elegu,303,151.5,151.75,32.14283432875456,1.4761194199115084,0,0,0,0,0,0,0,0,0,0,0,0,0,0,0,False,0.0,1075.5,2.0,0.0,0.41,0,0.0,40.6,
kampala_elegu,304,152.0,152.25,32.14045548603144,1.4799569997133677,0,0,0,0,0,0,0,0,0,0,0,0,0,0,0,False,0.3,1075.0,0.0,2.6,-0.55,0,0.0,40.6,
kampala_elegu,305,152.5,152.75,32.13807374661572,1.4837927528761232,2,2,0,0,0,0,0,0,0,0,0,0,0,0,0,False,0.4,1071.0,0.6,3.3,-0.58,0,0.0,40.6,
kampala_elegu,306,153.0,153.25,32.13569503150273,1.4876304014367818,2,2,0,0,0,0,0,0,0,0,0,0,0,0,0,False,3.9,1073.7,5.8,-0.0,1.23,0,0.0,40.6,
kampala_elegu,307,153.5,153.75,32.133360120268144,1.4914946219531935,0,0,0,0,0,0,0,0,1,0,0,0,0,0,0,False,4.4,1075.7,0.6,2.0,-0.28,0,0.0,40.6,
kampala_elegu,308,154.0,154.25,32.130952742112406,1.4953128153378177,8,43,0,0,0,0,0,0,1,0,0,0,0,0,0,False,50.3,1078.8,4.8,0.1,1.0,0,0.0,40.6,
kampala_elegu,309,154.5,154.75,32.12797554768866,1.4986572970189016,60,74,0,0,0,0,0,0,1,0,0,0,0,0,0,False,48.7,1077.2,0.0,7.7,-1.63,0,0.0,40.6,
kampala_elegu,310,155.0,155.25,32.12388840468514,1.5004665691568366,14,71,0,0,0,0,0,0,0,0,0,0,0,0,0,False,13.8,1071.2,2.4,1.4,0.2,0,0.0,31.6,
kampala_elegu,311,155.5,155.75,32.11955101147705,1.501651552032989,11,24,0,0,0,0,0,0,0,0,0,0,0,0,0,False,0.0,1074.5,2.5,-0.0,0.52,0,0.0,31.6,
kampala_elegu,312,156.0,156.25,32.11521119682277,1.5028274935485508,9,25,0,0,0,0,0,0,0,0,0,0,0,0,0,False,0.4,1074.2,0.0,4.7,-0.99,0,0.0,31.6,
kampala_elegu,313,156.5,156.75,32.11086921006004,1.503995295505788,15,23,0,0,0,0,0,0,0,0,0,0,0,0,0,False,0.0,1063.7,0.0,11.0,-2.32,0,0.0,31.6,Nakitoma
kampala_elegu,314,157.0,157.25,32.10652908457117,1.5051699344882983,1,25,0,0,0,0,0,0,2,0,0,0,0,0,0,False,4.1,1067.1,15.1,-0.0,3.17,0,0.0,31.6,Nakitoma
kampala_elegu,315,157.5,157.75,32.102186238342036,1.506333375245752,37,155,0,0,0,0,0,0,5,0,0,0,0,0,0,False,5.6,1079.6,8.2,-0.0,1.73,0,0.0,31.6,Nakitoma
kampala_elegu,316,158.0,158.25,32.09784600284445,1.5075070754805242,177,339,0,0,1,0,0,0,5,0,0,0,0,0,0,False,6.9,1081.3,0.2,6.8,-1.38,0,0.0,31.6,Nakitoma
kampala_elegu,317,158.5,158.75,32.09350306634029,1.5086708337749335,58,261,0,0,1,0,0,0,2,0,0,0,0,0,0,False,0.0,1068.6,0.0,12.7,-2.68,0,0.0,31.6,Nakitoma
kampala_elegu,318,159.0,159.25,32.089163845985496,1.5098489433506472,22,62,0,0,0,0,0,0,1,0,0,0,0,0,0,False,1.3,1065.1,5.8,0.1,1.2,0,0.0,31.6,Nakitoma
kampala_elegu,319,159.5,159.75,32.08481879846864,1.5110048051231486,9,50,0,0,0,0,0,0,1,0,0,0,0,0,0,False,1.4,1073.0,5.0,0.7,0.91,0,0.0,31.6,Nakitoma
kampala_elegu,320,160.0,160.25,32.08048073266105,1.5121871871818142,10,25,1,0,0,0,0,0,1,0,0,0,0,0,0,False,0.0,1071.8,0.0,4.8,-1.01,0,0.0,31.6,Bujabe
kampala_elegu,321,160.5,160.75,32.07614069760075,1.513362113357457,9,21,0,0,0,0,0,0,2,0,0,0,0,0,0,False,1.3,1062.4,0.0,12.9,-2.73,0,0.0,31.6,Bujabe
kampala_elegu,322,161.0,161.25,32.07179481198008,1.5145148703637619,3,8,0,0,0,0,0,0,0,0,0,0,0,0,0,False,1.1,1052.6,0.0,4.0,-0.85,0,0.0,31.6,Bujabe
kampala_elegu,323,161.5,161.75,32.067455164655144,1.5156913229373947,0,12,0,0,0,0,0,0,0,0,0,0,0,0,0,False,0.0,1049.2,0.2,2.2,-0.42,0,0.0,31.6,Bujabe
kampala_elegu,324,162.0,162.25,32.06311551763698,1.516867763828127,87,132,0,0,0,0,0,0,2,0,0,0,0,0,0,False,0.0,1050.5,2.8,-0.0,0.59,0,0.0,31.6,Bujabe
kampala_elegu,325,162.5,162.75,32.05877524921867,1.5180418619749863,71,147,0,0,0,1,0,0,1,0,0,0,0,0,0,False,0.2,1050.6,0.0,2.8,-0.59,0,0.0,31.6,Bujabe
kampala_elegu,326,163.0,163.25,32.05443280196807,1.5192077645582636,11,35,0,0,0,1,0,0,0,0,0,0,0,0,0,False,0.0,1046.7,0.0,3.5,-0.73,0,0.0,31.6,Bujaabe
kampala_elegu,327,163.5,163.75,32.05009655345991,1.5203961599812448,0,12,0,0,0,0,0,0,0,0,0,0,0,0,0,False,18.6,1044.7,0.1,0.4,-0.08,0,0.0,31.6,Bujaabe
kampala_elegu,328,164.0,164.25,32.046036117929326,1.5222265547989542,6,6,0,0,0,0,0,0,0,0,0,0,0,0,0,False,60.9,1044.8,0.4,-0.0,0.09,0,0.0,31.6,Bujaabe
kampala_elegu,329,164.5,164.75,32.043554473401905,1.5259261697464062,4,20,0,0,0,0,0,1,0,0,0,0,0,0,0,False,54.5,1045.0,0.1,0.4,-0.06,0,0.0,31.6,Bujaabe
kampala_elegu,330,165.0,165.25,32.042934775980896,1.5303971994913497,30,213,0,0,1,0,0,0,0,0,0,0,0,0,0,False,2.6,1043.7,0.0,1.8,-0.37,0,0.0,31.6,Kafu
kampala_elegu,331,165.5,165.75,32.04248831837026,1.5348977395773993,296,593,3,0,1,1,0,0,1,0,0,0,0,1,0,False,3.9,1042.7,0.6,0.4,0.05,0,0.0,31.6,Kafu
kampala_elegu,332,166.0,166.25,32.04206714199556,1.539400701855967,164,440,2,0,0,2,0,1,2,0,0,0,0,1,0,False,4.7,1041.6,0.0,2.4,-0.52,0,0.0,31.6,Kyani-Kafu
kampala_elegu,333,166.5,166.75,32.041658052449776,1.5439040845375034,22,74,0,0,0,1,0,1,0,0,0,0,0,0,0,False,36.3,1040.4,1.2,0.6,0.13,1,0.0,31.6,Kyani-Kafu
kampala_elegu,334,167.0,167.25,32.04030943150845,1.5481574423277915,55,215,0,0,0,0,0,0,0,0,0,0,0,0,0,False,33.3,1041.4,0.8,0.0,0.15,0,0.0,31.6,Kyani-Kafu
kampala_elegu,335,167.5,167.75,32.037754721669955,1.5518785072743015,217,344,0,0,0,1,0,0,1,0,0,0,0,0,0,False,29.8,1042.9,1.2,0.5,0.13,0,0.0,31.6,Kyani-Kafu
kampala_elegu,336,168.0,168.25,32.03591304983086,1.5559900942292042,52,222,0,0,0,1,0,0,0,0,0,0,0,0,0,False,19.9,1041.9,1.0,1.3,-0.06,0,0.0,31.6,
kampala_elegu,337,168.5,168.75,32.034677129741574,1.5603174510730056,0,0,0,0,0,0,0,0,0,0,0,0,0,0,0,False,38.0,1043.6,1.5,0.3,0.25,0,0.0,31.6,Kyamujumi
kampala_elegu,338,169.0,169.25,32.034494170856156,1.564835874037315,0,0,0,0,0,0,0,0,0,0,0,0,0,0,0,False,33.1,1043.7,0.5,0.6,-0.01,0,0.0,31.6,Kyamujumi
kampala_elegu,339,169.5,169.75,32.034322196215506,1.5693546477010614,0,0,0,0,0,0,0,0,0,0,0,0,0,0,0,False,26.1,1043.4,0.3,0.3,0.01,0,0.0,31.6,Kyamujumi
kampala_elegu,340,170.0,170.25,32.034157741810915,1.5738743156682526,1,1,0,0,0,0,0,0,2,0,0,0,0,0,0,False,5.1,1044.7,1.5,0.6,0.19,0,0.0,31.6,Kyamujumi
kampala_elegu,341,170.5,170.75,32.03399067498403,1.5783939756505065,0,1,0,0,0,0,0,0,1,0,0,0,0,0,0,False,5.5,1044.4,0.2,0.3,-0.01,0,0.0,31.6,Kyamujumi
kampala_elegu,342,171.0,171.25,32.03385688506786,1.5829141227457275,0,0,0,0,0,0,0,0,0,0,0,0,0,0,0,False,10.5,1044.7,0.2,0.2,-0.0,0,0.0,31.6,Kyamujumi
kampala_elegu,343,171.5,171.75,32.03368394354407,1.58743374728915,0,0,0,0,0,0,0,0,0,0,0,0,0,0,0,False,0.1,1044.5,0.2,0.3,-0.02,0,0.0,31.6,Kyamujumi
kampala_elegu,344,172.0,172.25,32.03351390139835,1.59195348364563,0,0,0,0,0,0,0,0,0,0,0,0,0,0,0,False,0.0,1044.9,1.9,0.6,0.26,0,0.0,31.6,Kyamujumi
kampala_elegu,345,172.5,172.75,32.03334385254585,1.5964732193367228,0,0,0,0,0,0,0,0,0,0,0,0,0,0,0,False,0.3,1045.5,1.0,1.2,-0.04,0,0.0,31.6,
kampala_elegu,346,173.0,173.25,32.03316097953187,1.6009924475053845,0,2,0,0,0,0,0,0,0,0,0,0,0,0,0,False,0.0,1044.0,0.0,4.0,-0.84,0,0.0,31.6,
kampala_elegu,347,173.5,173.75,32.032978086655284,1.6055116744529292,0,0,0,0,0,0,0,0,0,0,0,0,0,0,0,False,0.0,1041.6,0.2,0.1,0.01,0,0.0,31.6,
kampala_elegu,348,174.0,174.25,32.0327951870086,1.6100309006964975,1,1,0,0,0,0,0,0,1,0,0,0,0,0,0,False,0.0,1041.6,0.2,1.0,-0.16,0,0.0,31.6,
kampala_elegu,349,174.5,174.75,32.0326122805015,1.6145501262318165,0,2,0,0,0,0,0,0,0,0,0,0,0,0,0,False,0.0,1040.4,1.0,1.5,-0.12,0,0.0,31.6,
kampala_elegu,350,175.0,175.25,32.03242936721152,1.619069351061494,0,1,0,0,0,0,0,0,0,0,0,0,0,0,0,False,0.0,1039.3,0.2,1.2,-0.22,0,0.0,31.6,
kampala_elegu,351,175.5,175.75,32.03221795279337,1.6235871846981793,0,0,0,0,0,0,0,0,0,0,0,0,0,0,0,False,1.8,1039.4,0.5,0.1,0.09,0,0.0,31.6,
kampala_elegu,352,176.0,176.25,32.03198406945585,1.6281038723982195,0,0,0,0,0,0,0,0,0,0,0,0,0,0,0,False,2.4,1039.3,0.2,0.4,-0.05,1,0.0,31.6,
kampala_elegu,353,176.5,176.75,32.03182464111204,1.6326239965713067,0,0,0,0,0,0,0,0,0,0,0,0,0,0,0,False,0.0,1039.9,0.9,0.0,0.18,0,0.0,31.6,
kampala_elegu,354,177.0,177.25,32.03166520607736,1.6371441201030221,0,0,0,0,0,0,0,0,1,0,0,0,0,0,0,False,0.0,1040.2,0.9,0.7,0.06,0,0.0,31.6,
kampala_elegu,355,177.5,177.75,32.031493792400184,1.6416637825399805,2,23,0,0,0,1,0,0,2,0,0,0,0,0,0,False,1.4,1042.6,3.6,-0.0,0.77,0,0.0,31.6,
kampala_elegu,356,178.0,178.25,32.031271090385054,1.6461810759518427,49,110,0,0,0,1,0,0,3,0,0,0,0,0,0,False,6.4,1044.3,0.3,0.4,-0.03,0,0.0,31.6,
kampala_elegu,357,178.5,178.75,32.03111312633831,1.6507010084999887,75,104,0,0,0,1,0,0,1,0,0,0,0,0,0,False,5.2,1045.2,2.0,-0.0,0.42,0,0.0,31.6,
kampala_elegu,358,179.0,179.25,32.03092526960953,1.6552197212741382,9,35,0,0,0,0,0,0,0,0,0,0,0,0,0,False,2.5,1049.0,3.9,-0.0,0.82,0,0.0,31.6,
kampala_elegu,359,179.5,179.75,32.030781601407845,1.659740235201126,8,16,0,0,0,0,0,0,0,0,0,0,0,0,0,False,1.3,1050.7,0.4,1.0,-0.12,0,0.0,31.6,
kampala_elegu,360,180.0,180.25,32.03060781288449,1.6642598203812904,6,13,0,0,0,0,0,0,0,0,0,0,0,0,0,False,0.0,1049.2,0.0,1.7,-0.36,0,0.0,31.6,
kampala_elegu,361,180.5,180.75,32.03043766977865,1.6687795429794692,1,8,0,0,0,0,0,0,0,0,0,0,0,0,0,False,2.7,1046.9,0.0,2.6,-0.56,0,0.0,31.6,
kampala_elegu,362,181.0,181.25,32.0302848334271,1.673299824460309,0,2,0,0,0,0,0,0,0,0,0,0,0,0,0,False,0.3,1044.8,0.3,0.6,-0.07,0,0.0,31.6,
kampala_elegu,363,181.5,181.75,32.0301235424563,1.6778198756810827,5,5,0,0,0,0,0,0,0,0,0,0,0,0,0,False,0.5,1046.1,4.6,0.1,0.96,0,0.0,31.6,
kampala_elegu,364,182.0,182.25,32.02994937893855,1.682339434529953,1,5,0,0,0,0,0,0,0,0,0,0,0,0,0,False,0.9,1053.3,8.2,-0.0,1.73,0,0.0,31.6,
kampala_elegu,365,182.5,182.75,32.029801513672744,1.6868599417968149,0,5,0,0,0,0,0,0,0,0,0,0,0,0,0,False,0.5,1061.3,5.0,-0.0,1.05,0,0.0,31.6,
kampala_elegu,366,183.0,183.25,32.029644632226024,1.6913801436510851,0,38,0,0,0,0,0,0,0,0,0,0,0,0,0,False,0.4,1062.3,0.0,2.3,-0.47,0,0.0,31.6,Rwekunye
kampala_elegu,367,183.5,183.75,32.02949720173459,1.6959006743790352,5,65,0,0,0,0,0,0,0,0,0,0,0,0,0,False,0.0,1059.1,0.0,4.8,-1.01,0,0.0,31.6,Rwekunye
kampala_elegu,368,184.0,184.25,32.029349764563754,1.7004212044904512,19,39,0,0,0,0,0,0,0,0,0,0,0,0,0,False,0.2,1052.2,0.0,6.7,-1.41,0,0.0,31.6,Rwekunye
kampala_elegu,369,184.5,184.75,32.02919851839019,1.704941605690045,0,53,0,0,0,1,0,0,0,0,0,0,0,0,0,False,10.0,1048.6,0.3,0.6,-0.07,0,0.0,31.6,Rwekunye
kampala_elegu,370,185.0,185.25,32.02864060425925,1.7094247813608157,120,203,0,0,1,1,0,2,0,0,0,0,0,0,0,False,5.8,1049.6,3.2,0.1,0.66,0,0.0,31.6,Rwekunye
kampala_elegu,371,185.5,185.75,32.02794149304822,1.7138925525183992,71,223,0,0,1,0,0,0,0,0,0,0,0,0,0,False,4.0,1054.3,4.3,-0.0,0.9,0,0.0,31.6,Rwekunye
kampala_elegu,372,186.0,186.25,32.02725307154398,1.7183621166064953,30,91,0,0,0,0,0,0,1,0,0,0,0,0,0,False,4.3,1058.4,3.2,-0.0,0.67,0,0.0,31.6,Rwekunye
kampala_elegu,373,186.5,186.75,32.026564708092685,1.7228310371087192,26,89,0,0,0,0,0,0,0,0,0,0,0,0,0,False,15.9,1062.5,4.4,-0.0,0.93,0,0.0,31.6,Wabitoki
kampala_elegu,374,187.0,187.25,32.0258620510948,1.7272983166668658,34,58,0,0,0,0,0,0,0,0,0,0,0,0,0,False,1.6,1065.0,1.1,0.9,0.05,0,0.0,31.6,Wabitoki
kampala_elegu,375,187.5,187.75,32.02512607704054,1.7317595678623343,9,42,0,0,0,0,0,0,0,0,0,0,0,0,0,False,9.8,1064.2,1.5,0.9,0.12,0,0.0,31.6,Wabitoki
kampala_elegu,376,188.0,188.25,32.02443229774518,1.736228228511095,4,39,0,0,0,0,0,0,1,0,0,0,0,0,0,False,4.6,1069.8,8.7,-0.0,1.83,0,0.0,31.6,Wabitoki
kampala_elegu,377,188.5,188.75,32.023740832111194,1.7406972480024914,6,40,0,0,0,0,0,0,0,0,0,0,0,0,0,False,0.4,1075.1,1.0,0.2,0.17,0,0.0,31.6,Wabitoki
kampala_elegu,378,189.0,189.25,32.02304316189561,1.7451653740759931,1,27,0,0,0,0,0,0,1,0,0,0,0,0,0,False,1.1,1072.9,0.0,4.2,-0.87,0,0.0,31.6,Wabitoki
kampala_elegu,379,189.5,189.75,32.02234918563975,1.749634090640432,0,2,0,0,0,0,0,0,0,0,0,0,0,0,0,False,0.4,1068.0,0.0,5.2,-1.1,0,0.0,31.6,
kampala_elegu,380,190.0,190.25,32.02165044154351,1.754102055620777,0,1,0,0,0,0,0,0,0,0,0,0,0,0,0,False,0.2,1061.3,0.0,9.8,-2.07,0,0.0,38.4,
kampala_elegu,381,190.5,190.75,32.020971186200555,1.758572912552119,0,4,0,0,0,0,0,0,1,0,0,0,0,0,0,False,10.0,1052.5,2.4,2.8,-0.1,0,0.0,38.4,
kampala_elegu,382,191.0,191.25,32.02028175907377,1.763042161902005,72,135,0,0,0,1,0,0,2,0,0,0,0,0,0,False,3.1,1059.7,8.5,-0.0,1.8,0,0.0,38.4,
kampala_elegu,383,191.5,191.75,32.019576615405455,1.7675088315063174,93,203,0,0,0,2,0,0,2,0,0,0,0,0,0,False,6.4,1063.3,1.0,0.3,0.15,0,0.0,38.4,
kampala_elegu,384,192.0,192.25,32.01887695293638,1.7719765443147117,45,129,0,0,0,1,0,0,2,0,0,0,0,0,0,False,2.1,1063.8,0.1,1.1,-0.21,0,0.0,38.4,
kampala_elegu,385,192.5,192.75,32.0182138259062,1.776449979974207,32,84,0,0,0,1,0,1,1,0,0,0,0,0,0,False,2.2,1059.4,0.0,9.5,-2.0,0,0.0,38.4,
kampala_elegu,386,193.0,193.25,32.01748986351707,1.7809137588300898,5,42,0,0,0,1,0,0,0,0,0,0,0,0,0,False,7.4,1050.0,0.2,2.7,-0.52,0,0.0,38.4,
kampala_elegu,387,193.5,193.75,32.016370840029936,1.785279073161206,41,109,0,0,0,2,0,0,3,0,0,0,0,0,0,False,19.0,1049.7,1.5,0.5,0.2,0,0.0,38.4,
kampala_elegu,388,194.0,194.25,32.01467767589094,1.7894685764992029,104,195,1,0,0,2,0,0,3,0,0,0,0,0,0,False,2.2,1053.8,5.1,-0.0,1.08,0,0.0,38.4,
kampala_elegu,389,194.5,194.75,32.012928010847325,1.7936347252730263,81,264,1,0,1,0,0,0,1,0,0,0,0,0,0,False,2.2,1056.6,1.7,0.1,0.34,0,0.0,38.4,Kigumba
kampala_elegu,390,195.0,195.25,32.01121186330403,1.7978149787808437,65,348,0,0,3,1,0,0,1,0,0,0,0,0,0,False,1.3,1062.7,8.2,-0.0,1.72,0,0.0,38.4,Kigumba
kampala_elegu,391,195.5,195.75,32.00969609615805,1.8020606818534866,92,432,0,0,2,3,0,0,4,0,0,0,0,0,0,False,54.6,1071.0,5.5,0.2,1.13,0,0.0,38.4,Kigumba
kampala_elegu,392,196.0,196.25,32.01002776838538,1.8065237484458359,231,834,9,0,4,4,1,0,1,0,0,0,0,0,0,False,61.9,1070.9,0.0,4.9,-1.03,0,0.0,38.4,Kigumba
kampala_elegu,393,196.5,196.75,32.0120867914839,1.8105304049865958,242,926,11,0,3,5,1,2,2,0,0,0,0,0,0,False,19.2,1059.9,0.1,11.3,-2.36,0,0.0,38.4,Kigumba
kampala_elegu,394,197.0,197.25,32.01425202853641,1.814493453947874,158,720,1,0,1,3,0,0,2,0,0,0,0,0,0,False,8.6,1060.8,9.3,-0.0,1.95,0,0.0,38.4,Kigumba
kampala_elegu,395,197.5,197.75,32.01644080306282,1.8184436180576957,82,408,1,0,0,3,0,0,2,0,0,0,0,0,0,False,12.4,1065.2,0.9,1.6,-0.16,0,0.0,38.4,Kigumba
kampala_elegu,396,198.0,198.25,32.01863281507472,1.8223915563599842,80,254,1,0,0,2,0,0,3,0,0,0,0,0,0,False,8.9,1060.9,0.0,8.3,-1.74,0,0.0,38.4,Kigumba
kampala_elegu,397,198.5,198.75,32.02086392568791,1.8263159230518708,14,145,0,0,0,0,0,1,2,0,0,0,0,0,0,False,49.9,1049.7,0.0,7.3,-1.54,0,0.0,38.4,
kampala_elegu,398,199.0,199.25,32.02302031802411,1.8302801372684738,1,4,0,0,0,0,0,0,0,0,0,0,0,0,0,False,2.3,1047.6,0.4,0.1,0.06,0,0.0,38.4,
kampala_elegu,399,199.5,199.75,32.025217025783405,1.834226023869739,1,3,0,0,0,0,0,0,1,0,0,0,0,0,0,False,14.4,1047.9,0.2,0.3,-0.02,0,0.0,38.4,
kampala_elegu,400,200.0,200.25,32.02739762861693,1.838178467069464,1,27,0,0,0,0,0,0,0,0,0,0,0,0,0,False,5.7,1047.6,2.2,0.6,0.33,0,0.0,38.4,
kampala_elegu,401,200.5,200.75,32.02958943048483,1.8421272752445867,12,69,0,0,0,0,0,0,0,0,0,0,0,0,0,False,0.4,1056.0,12.1,-0.0,2.54,0,0.0,38.4,
kampala_elegu,402,201.0,201.25,32.03179122544437,1.8460704471938383,59,189,0,0,0,0,0,0,1,0,0,0,0,0,0,False,7.8,1067.2,9.4,-0.0,1.99,0,0.0,38.4,
kampala_elegu,403,201.5,201.75,32.03399190780156,1.8500136830526954,146,297,0,0,0,0,0,0,2,0,0,0,0,0,0,False,54.2,1072.3,0.9,1.7,-0.17,0,0.0,38.4,
kampala_elegu,404,202.0,202.25,32.0368000100462,1.8535221612007249,68,186,0,0,0,0,0,0,0,0,0,0,0,0,0,False,22.4,1065.1,0.0,13.4,-2.81,0,0.0,38.4,
kampala_elegu,405,202.5,202.75,32.04009649759294,1.8565965213181745,1,26,0,0,0,0,0,0,0,0,0,0,0,0,0,False,2.2,1055.7,3.4,2.3,0.25,0,0.0,38.4,Kikubi
kampala_elegu,406,203.0,203.25,32.043410612975435,1.8596466190385519,1,46,0,0,0,0,0,0,1,0,0,0,0,0,0,False,29.7,1066.6,16.3,-0.0,3.44,0,0.0,38.4,Kikubi
kampala_elegu,407,203.5,203.75,32.046670234096645,1.862760956884194,50,114,0,0,0,0,0,1,1,0,0,0,0,0,0,False,5.8,1077.8,4.0,0.3,0.78,0,0.0,38.4,Kikubi
kampala_elegu,408,204.0,204.25,32.0499655909342,1.8658371051783411,74,176,0,0,1,1,0,0,0,0,0,0,0,0,0,False,2.9,1076.0,0.0,6.5,-1.37,0,0.0,38.4,Kikubi
kampala_elegu,409,204.5,204.75,32.05324016052959,1.8689352084687814,39,128,0,0,1,1,0,0,1,0,0,0,0,0,0,False,4.9,1062.8,0.0,15.7,-3.3,0,0.0,38.4,Kikubi
kampala_elegu,410,205.0,205.25,32.05653196262179,1.8720151992099159,72,283,3,0,1,0,0,0,2,0,0,0,0,0,0,False,8.5,1057.0,5.9,0.0,1.23,0,0.0,38.4,Kiryandongo
kampala_elegu,411,205.5,205.75,32.05967103707662,1.8752502484018192,261,601,3,0,1,1,0,1,3,0,0,0,0,0,0,False,3.7,1067.4,11.1,-0.0,2.33,0,0.0,38.4,Kiryandongo
kampala_elegu,412,206.0,206.25,32.062734174132736,1.8785604334120798,84,501,0,0,0,3,0,1,1,0,0,0,0,1,0,False,2.9,1078.3,7.6,0.0,1.6,0,0.0,38.4,Kiryandongo
kampala_elegu,413,206.5,206.75,32.06578202896302,1.8818849703730873,39,204,0,0,0,3,0,0,1,0,0,0,0,0,0,False,1.0,1075.7,0.0,13.5,-2.84,0,0.0,38.4,Kiryandongo
kampala_elegu,414,207.0,207.25,32.068847721605444,1.885192903642614,23,121,0,0,0,0,0,0,1,0,0,0,0,0,0,False,0.0,1066.1,9.3,3.5,1.2,0,0.0,38.4,Kiryandongo
kampala_elegu,415,207.5,207.75,32.07192636726196,1.8884735472715095,43,106,0,0,0,0,0,0,1,0,0,0,0,0,0,False,66.6,1077.4,5.7,0.8,1.02,0,0.0,38.4,Kyaisimba
kampala_elegu,416,208.0,208.25,32.07495513286355,1.8918124722185803,7,51,0,0,0,0,0,0,2,0,0,0,0,0,0,False,14.6,1072.1,0.2,9.7,-2.0,0,0.0,38.4,Kyaisimba
kampala_elegu,417,208.5,208.75,32.078035482467776,1.8951066239139878,27,60,0,0,0,0,0,0,2,0,0,0,0,0,0,False,0.8,1076.3,14.3,-0.0,3.01,0,0.0,38.4,Kyaisimba
kampala_elegu,418,209.0,209.25,32.08110669468523,1.898409391272288,68,144,0,0,0,0,0,0,2,0,0,0,0,0,0,False,0.8,1083.3,1.0,3.6,-0.55,0,0.0,38.4,Kyaisimba
kampala_elegu,419,209.5,209.75,32.08416574369678,1.901723565804287,24,141,0,0,0,0,0,0,1,0,0,0,0,0,0,False,1.3,1072.5,2.3,11.3,-1.88,0,0.0,38.4,Kyaisimba
kampala_elegu,420,210.0,210.25,32.08721148654443,1.9050500039576208,67,177,0,0,0,0,0,0,2,0,0,0,0,0,0,False,4.5,1077.2,7.1,-0.0,1.5,0,0.0,38.4,Kyaisimba
kampala_elegu,421,210.5,210.75,32.09027537742481,1.9083596746563964,30,148,0,0,0,0,0,0,0,0,0,0,0,0,0,False,0.0,1080.9,3.1,0.4,0.57,0,0.0,38.4,Kirwara
kampala_elegu,422,211.0,211.25,32.09334238759459,1.9116664419548934,3,15,0,0,0,0,0,0,1,0,0,0,0,0,0,False,2.9,1074.2,0.0,15.1,-3.18,0,0.0,38.4,Kirwara
kampala_elegu,423,211.5,211.75,32.09640452284494,1.9149776736638164,33,245,0,0,0,0,0,0,0,0,0,0,0,0,0,False,0.8,1069.9,8.0,0.1,1.66,0,0.0,38.4,Kirwara
kampala_elegu,424,212.0,212.25,32.099465421857005,1.9182895114007499,78,296,0,0,0,0,0,0,1,0,0,0,0,0,0,False,4.3,1071.0,0.0,7.6,-1.6,0,0.0,38.4,Kirwara
kampala_elegu,425,212.5,212.75,32.102616644544945,1.9215111735054453,2,72,0,0,0,0,0,0,1,0,0,0,0,0,0,False,31.0,1073.0,11.8,-0.0,2.49,0,0.0,38.4,Kirwara
kampala_elegu,426,213.0,213.25,32.10644925622695,1.9238478889643162,1,30,0,0,0,0,0,0,1,0,0,0,0,0,0,False,15.2,1075.5,0.1,10.1,-2.1,0,0.0,38.4,Buyale
kampala_elegu,427,213.5,213.75,32.11052384552528,1.9257570369201902,4,52,0,0,0,0,0,0,2,0,0,0,0,0,0,False,8.1,1064.3,2.4,4.5,-0.45,0,0.0,38.4,Buyale
kampala_elegu,428,214.0,214.25,32.11456124732588,1.9277457296902387,30,86,0,0,0,0,0,0,2,0,0,0,0,0,0,False,3.8,1069.4,6.6,-0.0,1.39,0,0.0,38.4,Buyale
kampala_elegu,429,214.5,214.75,32.11865664791283,1.9296029932313625,45,172,0,0,0,0,0,0,2,0,0,0,0,0,0,False,32.1,1077.4,9.4,-0.0,1.97,0,0.0,38.4,Buyale
kampala_elegu,430,215.0,215.25,32.12246761234774,1.931959133179101,63,252,0,0,0,1,0,0,1,0,0,0,0,0,0,False,31.6,1088.3,8.6,-0.0,1.82,0,0.0,38.4,Buyale
kampala_elegu,431,215.5,215.75,32.12555233222882,1.9352394639724475,78,265,0,0,3,1,0,0,3,0,0,0,0,0,0,False,0.7,1093.0,1.7,0.4,0.28,0,0.0,38.4,Buyale
kampala_elegu,432,216.0,216.25,32.12849950587583,1.938654883959965,83,601,0,0,3,0,0,1,3,0,0,0,0,0,0,False,22.9,1087.6,0.0,12.8,-2.71,0,0.0,38.4,Nyarukonge
kampala_elegu,433,216.5,216.75,32.13144171062219,1.9420716447659188,278,907,0,0,0,1,0,1,1,0,0,0,0,0,0,False,15.4,1076.9,0.0,5.2,-1.08,0,0.0,38.4,Nyarukonge
kampala_elegu,434,217.0,217.25,32.13440087993655,1.94547507654153,281,1114,0,0,0,2,0,0,1,0,0,0,0,0,0,False,13.8,1079.1,10.9,-0.0,2.29,0,0.0,38.4,Nyarukonge
kampala_elegu,435,217.5,217.75,32.137285060471214,1.9489437669686123,488,1863,0,0,2,5,0,1,2,0,0,0,0,0,0,False,20.4,1092.0,11.4,-0.0,2.4,0,0.0,38.4,Bweyale
kampala_elegu,436,218.0,218.25,32.14023914460592,1.9523511050638096,636,2593,2,0,3,4,0,0,2,0,0,0,0,0,0,False,14.7,1100.7,4.2,0.6,0.76,0,0.0,38.4,Bweyale
kampala_elegu,437,218.5,218.75,32.14320845753738,1.955745896005288,347,2063,0,0,2,2,0,0,0,0,0,0,0,0,0,False,16.7,1100.1,0.0,2.9,-0.61,0,0.0,38.4,Bweyale
kampala_elegu,438,219.0,219.25,32.146108672252076,1.9592001097042275,212,1023,0,0,2,2,0,0,2,0,0,0,0,0,0,False,9.4,1095.5,1.8,3.8,-0.41,0,0.0,38.4,Kichwabugingo
kampala_elegu,439,219.5,219.75,32.149109884736475,1.9625673501993683,110,544,0,0,1,1,0,0,0,0,0,0,0,0,0,False,5.2,1100.9,8.4,-0.0,1.76,0,0.0,38.4,Kichwabugingo
kampala_elegu,440,220.0,220.25,32.152060412761465,1.9659788879329618,85,280,0,0,0,1,0,1,3,0,0,0,0,0,0,False,17.2,1106.9,4.4,-0.0,0.92,0,0.0,38.4,Kichwabugingo
kampala_elegu,441,220.5,220.75,32.15501193019102,1.9693905227440356,40,152,0,0,1,0,0,0,3,0,0,0,0,0,0,False,4.0,1111.5,4.2,-0.0,0.87,0,0.0,38.4,Kichwabugingo
kampala_elegu,442,221.0,221.25,32.15796124205539,1.972804079689265,18,91,0,0,1,1,0,0,1,0,0,0,0,0,0,False,4.6,1114.8,1.6,0.2,0.29,0,0.0,38.4,Kichwabugingo
kampala_elegu,443,221.5,221.75,32.16100916195164,1.976127112671989,4,47,0,0,0,1,0,0,1,0,0,0,0,0,0,False,11.2,1110.7,0.0,10.1,-2.14,0,0.0,38.4,Kichwabugingo
kampala_elegu,444,222.0,222.25,32.16413113565323,1.9793798317942617,19,66,0,0,0,1,0,0,1,0,0,0,0,0,0,False,6.3,1102.4,7.0,3.8,0.67,0,0.0,38.4,Kichwabugingo
kampala_elegu,445,222.5,222.75,32.16727803634372,1.9826099797359418,31,221,0,0,0,2,0,0,0,0,0,0,0,0,0,False,4.4,1112.8,7.6,-0.0,1.6,0,0.0,38.4,
kampala_elegu,446,223.0,223.25,32.17035956586819,1.9858972318714696,173,440,0,0,0,1,1,0,3,0,0,0,0,0,0,False,39.1,1116.2,0.9,1.5,-0.12,0,0.0,38.4,
kampala_elegu,447,223.5,223.75,32.17216706742812,1.9899944358564128,87,379,0,0,0,0,1,1,1,0,0,0,0,0,0,False,33.9,1112.1,0.0,7.7,-1.61,0,0.0,38.4,
kampala_elegu,448,224.0,224.25,32.173207314832204,1.9943947844007242,2,70,0,0,0,0,0,0,1,0,0,0,0,0,0,False,0.8,1099.0,0.0,13.7,-2.88,1,0.0,38.4,
kampala_elegu,449,224.5,224.75,32.17423312049646,1.9987985722689274,20,41,0,0,0,0,0,0,1,0,0,0,0,0,0,False,0.7,1095.6,3.3,0.1,0.67,0,0.0,38.4,
kampala_elegu,450,225.0,225.25,32.17527287015493,2.0031990338940684,13,111,0,0,0,0,0,0,1,0,0,0,0,0,0,False,2.7,1098.5,6.5,0.1,1.35,0,0.0,46.0,
kampala_elegu,451,225.5,225.75,32.17630674524524,2.0076008271922885,63,152,0,0,0,0,0,0,3,0,0,0,0,0,0,False,3.6,1104.4,1.8,-0.0,0.38,0,0.0,46.0,
kampala_elegu,452,226.0,226.25,32.17732899619268,2.012005323350003,21,190,0,0,0,0,0,0,0,0,0,0,0,0,0,False,1.8,1103.8,0.0,2.4,-0.5,0,0.0,46.0,
kampala_elegu,453,226.5,226.75,32.17837420089503,2.0164045148532552,182,395,0,0,0,1,0,0,1,0,0,0,0,0,0,False,3.1,1102.8,1.6,0.3,0.27,0,0.0,46.0,
kampala_elegu,454,227.0,227.25,32.17937433371968,2.020813999726443,179,358,0,0,0,1,0,0,1,0,0,0,0,0,0,False,3.4,1102.7,0.2,4.8,-0.96,0,0.0,46.0,
kampala_elegu,455,227.5,227.75,32.18043108844688,2.025210400321158,8,122,0,0,0,0,0,0,0,0,0,0,0,0,0,False,1.0,1097.1,1.1,2.6,-0.33,1,0.0,46.0,
kampala_elegu,456,228.0,228.25,32.181458226503594,2.0296136929430024,29,125,1,0,0,0,0,0,1,0,0,0,0,0,0,False,4.9,1105.2,16.1,-0.0,3.39,0,0.0,46.0,
kampala_elegu,457,228.5,228.75,32.18248796767448,2.0340163745152995,130,526,1,0,0,0,1,0,1,0,0,0,0,0,0,False,9.0,1119.1,5.5,0.1,1.14,0,0.0,46.0,
kampala_elegu,458,229.0,229.25,32.183534297061804,2.0384153002437766,324,805,0,0,0,0,1,0,1,0,0,0,0,0,0,False,3.4,1118.3,0.0,6.7,-1.4,0,0.0,46.0,
kampala_elegu,459,229.5,229.75,32.18456360971572,2.0428181809243227,113,569,0,0,0,0,0,0,1,0,0,0,0,0,0,False,1.2,1103.8,0.0,20.0,-4.21,0,0.0,46.0,
kampala_elegu,460,230.0,230.25,32.18564095315977,2.0472095233360723,8,202,0,0,0,0,0,0,0,0,0,0,0,0,0,False,0.0,1087.8,7.2,6.2,0.21,0,0.0,46.0,
kampala_elegu,461,230.5,230.75,32.18672301033671,2.0515996999031807,21,168,0,0,0,1,0,0,1,0,0,0,0,0,0,False,1.5,1099.5,9.5,0.2,1.97,0,0.0,46.0,
kampala_elegu,462,231.0,231.25,32.187754426996605,2.056002155134188,104,182,0,0,0,1,0,0,1,0,0,0,0,0,0,False,0.4,1099.1,0.0,7.6,-1.59,0,0.0,46.0,
kampala_elegu,463,231.5,231.75,32.18878890994716,2.060403921965543,1,127,0,0,0,0,0,0,0,0,0,0,0,0,0,False,1.0,1094.6,3.2,0.8,0.51,0,0.0,46.0,
kampala_elegu,464,232.0,232.25,32.18983349110029,2.0648032577321747,13,75,0,0,0,0,0,0,0,0,0,0,0,0,0,False,0.1,1096.3,0.4,4.3,-0.82,0,0.0,46.0,
kampala_elegu,465,232.5,232.75,32.19089473870177,2.069198579706196,5,102,0,0,0,0,0,0,0,0,0,0,0,0,0,False,0.0,1087.7,0.0,11.6,-2.44,0,0.0,46.0,
kampala_elegu,466,233.0,233.25,32.19195598769705,2.0735939030360657,12,121,0,0,0,0,0,0,0,0,0,0,0,0,0,False,0.0,1075.0,0.0,9.3,-1.96,0,0.0,46.0,
kampala_elegu,467,233.5,233.75,32.193017238104396,2.0779892277167114,43,119,0,0,0,0,0,0,1,0,0,0,0,0,0,False,0.5,1070.5,0.0,1.9,-0.39,0,0.0,46.0,Nanda
kampala_elegu,468,234.0,234.25,32.194059966992945,2.082389033764478,16,77,0,0,0,0,0,0,0,0,0,0,0,0,0,False,0.2,1065.2,0.1,5.2,-1.07,0,0.0,46.0,Nanda
kampala_elegu,469,234.5,234.75,32.195095106085894,2.0867906593356347,3,71,0,0,0,0,0,0,0,0,0,0,0,0,0,False,0.0,1067.2,6.9,-0.0,1.45,0,0.0,46.0,Nanda
kampala_elegu,470,235.0,235.25,32.19614227934626,2.0911893781230018,48,403,0,0,0,0,0,0,2,0,0,0,0,0,0,False,1.6,1073.1,2.9,0.3,0.56,0,0.0,46.0,Nanda
kampala_elegu,471,235.5,235.75,32.197209158231104,2.095583309391754,217,614,0,0,0,0,1,0,1,0,0,0,0,0,0,False,1.2,1072.3,0.0,2.6,-0.56,0,0.0,46.0,Nanda
kampala_elegu,472,236.0,236.25,32.19824421967627,2.0999849462755917,32,314,0,0,0,0,0,0,0,0,0,0,0,0,0,False,0.1,1067.9,0.0,6.6,-1.39,0,0.0,46.0,Nanda
kampala_elegu,473,236.5,236.75,32.19927900971645,2.1043866617804796,6,21,0,0,0,0,0,0,0,0,0,0,0,0,0,False,0.1,1059.2,0.0,7.3,-1.53,0,0.0,46.0,Nanda
kampala_elegu,474,237.0,237.25,32.200310052912066,2.1087892691314596,7,79,0,0,0,0,0,0,0,0,0,0,0,0,0,False,0.0,1057.8,5.1,-0.0,1.08,0,0.0,46.0,Nanda
kampala_elegu,475,237.5,237.75,32.201345031235796,2.1131908139658684,60,193,0,0,0,1,0,1,1,0,0,0,0,0,0,False,5.5,1069.5,10.8,-0.0,2.27,0,0.0,46.0,
kampala_elegu,476,238.0,238.25,32.20235610035666,2.1175980873608067,56,174,0,0,0,1,0,0,0,0,0,0,0,0,0,False,11.2,1071.8,0.5,6.5,-1.26,0,0.0,46.0,
kampala_elegu,477,238.5,238.75,32.20302571749477,2.122064169608968,76,443,0,0,0,1,0,0,0,0,0,0,0,0,0,False,4.8,1065.4,7.0,4.4,0.55,0,0.0,46.0,
kampala_elegu,478,239.0,239.25,32.20345600614106,2.126566368024391,144,501,0,0,0,0,0,0,1,0,0,0,0,0,0,False,2.2,1073.0,4.6,0.1,0.94,0,0.0,46.0,
kampala_elegu,479,239.5,239.75,32.20396989202348,2.131059800159207,20,116,0,0,0,0,0,0,0,0,0,0,0,0,0,False,1.4,1068.4,0.0,14.6,-3.08,0,0.0,46.0,
kampala_elegu,480,240.0,240.25,32.204746400665954,2.135505108394644,9,49,0,0,0,0,0,0,0,0,0,0,0,0,0,False,33.8,1050.6,0.0,13.3,-2.8,0,0.0,46.0,
kampala_elegu,481,240.5,240.75,32.20664833891876,2.139583331506002,22,55,0,0,0,0,0,0,0,0,0,0,0,0,0,False,11.3,1041.0,0.0,7.4,-1.56,0,0.0,46.0,
kampala_elegu,482,241.0,241.25,32.2090220652968,2.1434247166519995,11,84,0,0,0,0,0,0,0,0,0,0,0,0,0,False,0.3,1029.9,0.7,10.2,-2.01,0,0.0,46.0,
kampala_elegu,483,241.5,241.75,32.21140351589651,2.147261269971197,103,223,0,0,0,0,0,0,0,0,0,0,0,0,0,False,0.0,1035.0,13.7,-0.0,2.88,0,0.0,46.0,
kampala_elegu,484,242.0,242.25,32.21378129161325,2.1511001330368003,90,214,0,0,0,0,0,0,2,0,0,0,0,0,0,False,5.4,1043.4,2.3,2.0,0.06,0,0.0,46.0,Kiryandongo
kampala_elegu,485,242.5,242.75,32.2160356110545,2.1550121175189454,7,91,0,0,0,1,0,0,0,0,0,0,0,0,0,False,17.0,1036.8,0.0,9.4,-1.98,0,0.0,46.0,Kiryandongo
kampala_elegu,486,243.0,243.25,32.21765421371331,2.1592313410782915,14,159,0,0,0,1,0,0,0,0,0,0,0,0,0,False,4.0,1030.4,0.0,3.9,-0.83,0,0.0,46.0,Kiryandongo
kampala_elegu,487,243.5,243.75,32.21922547804719,2.163467919388626,24,131,0,0,0,0,0,0,0,0,0,0,0,0,0,False,16.1,1025.5,0.0,6.5,-1.37,0,0.0,46.0,Kiryandongo
kampala_elegu,488,244.0,244.25,32.22086087683937,2.1676809429429666,110,439,0,0,0,0,0,0,0,0,0,0,0,1,0,False,2.4,1018.7,3.6,3.5,0.01,0,0.0,46.0,Kiryandongo
kampala_elegu,489,244.5,244.75,32.22246805981453,2.1719051084885446,145,556,0,0,0,0,0,1,1,0,0,0,0,1,0,False,4.5,1021.2,3.1,0.9,0.47,0,0.0,46.0,Kiryandongo
kampala_elegu,490,245.0,245.25,32.224066106444766,2.1761321274522096,66,185,0,0,0,0,0,0,1,0,0,0,0,0,0,False,4.7,1026.6,5.4,0.1,1.13,0,0.0,46.0,Kiryandongo
kampala_elegu,491,245.5,245.75,32.22564758662464,2.1803662171398024,18,100,0,0,0,0,0,0,0,0,0,0,0,0,0,False,0.3,1039.1,14.2,-0.0,2.99,0,0.0,46.0,Kiryandongo
kampala_elegu,492,246.0,246.25,32.22725384422523,2.1845909052545682,6,87,0,0,0,0,0,0,0,0,0,0,0,0,0,False,0.1,1044.8,0.7,1.5,-0.15,0,0.0,46.0,
kampala_elegu,493,246.5,246.75,32.22886475963285,2.18881380409517,2,20,0,0,0,0,0,0,0,0,0,0,0,0,0,False,0.0,1034.6,0.0,19.0,-4.0,0,0.0,46.0,
kampala_elegu,494,247.0,247.25,32.23047568050897,2.1930367041718237,31,177,0,0,0,0,0,0,0,0,0,0,0,0,0,False,0.0,1026.6,8.4,0.5,1.65,0,0.0,46.0,
kampala_elegu,495,247.5,247.75,32.232096192745686,2.197255624480996,116,237,0,0,0,0,0,0,1,0,0,0,0,0,0,False,5.2,1029.9,0.5,7.3,-1.44,0,0.0,46.0,
kampala_elegu,496,248.0,248.25,32.233654290353044,2.2014984413391905,30,126,0,0,0,0,0,0,0,0,0,0,0,0,0,False,4.3,1031.2,13.7,-0.0,2.89,0,0.0,46.0,
kampala_elegu,497,248.5,248.75,32.23526602494037,2.205720836914449,16,119,0,0,0,1,0,0,1,0,0,0,0,0,0,False,2.8,1045.7,10.7,0.5,2.14,0,0.0,46.0,
kampala_elegu,498,249.0,249.25,32.23688193378838,2.2099417713736207,57,201,0,0,0,1,0,0,0,0,0,0,0,0,0,False,0.6,1042.9,0.0,9.9,-2.08,0,0.0,46.0,
kampala_elegu,499,249.5,249.75,32.23848142556183,2.2141690572479495,41,178,0,0,0,0,0,0,0,0,0,0,0,0,0,False,5.0,1039.3,8.6,2.8,1.23,0,0.0,46.0,
kampala_elegu,500,250.0,250.25,32.24008828872648,2.21839344184161,64,188,0,0,0,0,0,0,0,0,0,0,0,0,0,False,0.6,1046.7,2.4,4.4,-0.41,0,0.0,46.0,Karuma
kampala_elegu,501,250.5,250.75,32.24167573903258,2.2226251792332032,83,262,0,0,0,0,0,0,1,0,0,0,0,0,0,False,3.1,1044.6,8.5,1.6,1.44,0,0.0,46.0,Karuma
kampala_elegu,502,251.0,251.25,32.24324938462089,2.2268621586289834,86,239,0,0,0,0,0,0,0,0,0,0,0,0,0,False,1.2,1046.2,0.0,8.8,-1.85,0,0.0,46.0,Karuma
kampala_elegu,503,251.5,251.75,32.24486712996986,2.231082446810857,134,876,3,0,1,0,0,0,0,0,0,0,0,0,0,False,0.5,1034.3,5.3,8.8,-0.74,0,0.0,46.0,Karuma
kampala_elegu,504,252.0,252.25,32.24635733826451,2.235341557914731,360,985,3,0,1,0,0,1,3,0,0,0,0,0,0,False,85.5,1040.6,4.1,1.4,0.58,0,0.0,46.0,Karuma
kampala_elegu,505,252.5,252.75,32.24469602872472,2.239336548060828,31,304,0,0,0,0,0,0,0,0,0,0,0,0,0,False,96.1,1034.5,0.0,13.3,-2.8,0,0.0,46.0,Karuma
kampala_elegu,506,253.0,253.25,32.2409607474662,2.2417946305476826,2,22,0,0,0,0,0,0,0,0,0,0,0,0,0,False,226.6,1016.6,0.0,19.8,-4.18,1,0.0,46.0,Karuma
kampala_elegu,507,253.5,253.75,32.23796408326479,2.2445779852185006,0,3,0,0,0,0,0,0,0,0,0,0,0,0,0,False,138.7,1018.7,19.8,-0.0,4.16,0,0.0,46.0,Karuma
kampala_elegu,508,254.0,254.25,32.235853228734804,2.2484344177868154,3,3,0,0,0,0,0,0,0,0,0,0,0,0,0,False,103.3,1033.1,16.2,-0.0,3.41,0,0.0,46.0,
kampala_elegu,509,254.5,254.75,32.23733829663603,2.2525111754847478,0,2,0,0,0,0,0,0,0,0,0,0,0,0,0,False,97.6,1050.4,15.3,-0.0,3.23,0,0.0,46.8,
kampala_elegu,510,255.0,255.25,32.24136948210093,2.2544294615205978,33,35,0,0,0,0,0,2,1,0,0,0,0,0,0,False,1.2,1062.5,4.8,3.1,0.34,0,0.0,46.8,
kampala_elegu,511,255.5,255.75,32.24561412270326,2.255921744712365,5,35,0,0,0,0,0,0,0,0,0,0,0,0,0,False,10.3,1059.0,0.9,2.8,-0.4,0,0.0,46.8,
kampala_elegu,512,256.0,256.25,32.249966581397494,2.257017255335668,0,0,0,0,0,0,0,0,0,0,0,0,0,0,0,False,16.5,1058.9,0.8,2.8,-0.42,0,0.0,46.8,
kampala_elegu,513,256.5,256.75,32.254416214732025,2.257574005644906,1,1,0,0,0,0,0,0,0,0,0,0,0,0,0,False,70.8,1051.5,0.0,14.2,-2.99,0,0.0,45.9,Akuridia
kampala_elegu,514,257.0,257.25,32.25818522845866,2.259983035958212,0,44,0,0,0,0,0,0,0,0,0,0,0,0,0,False,101.7,1047.5,13.1,1.0,2.54,1,0.0,45.9,Akuridia
kampala_elegu,515,257.5,257.75,32.262600455651956,2.2593561602028505,216,413,0,0,0,0,0,0,1,0,0,0,0,0,0,False,16.0,1055.2,1.8,1.4,0.09,0,0.0,45.9,Akuridia
kampala_elegu,516,258.0,258.25,32.26695934156186,2.2582542154269407,199,497,0,0,0,0,0,0,2,0,0,0,0,0,0,False,19.5,1050.8,0.0,9.1,-1.91,0,0.0,45.9,Akuridia
kampala_elegu,517,258.5,258.75,32.27122533706397,2.2568408432201883,104,259,0,0,0,0,0,0,1,0,0,0,0,0,0,False,46.8,1049.6,10.3,-0.0,2.18,0,0.0,45.9,Nora
kampala_elegu,518,259.0,259.25,32.275504650113085,2.2554526364843612,62,262,0,0,0,0,0,0,1,0,0,0,0,0,0,False,5.1,1057.7,2.7,0.3,0.52,0,0.0,45.9,Nora
kampala_elegu,519,259.5,259.75,32.27978562740571,2.2540696898287234,56,318,0,0,0,0,0,0,0,0,0,0,0,0,0,False,22.9,1054.8,2.5,4.8,-0.49,0,0.0,45.9,Nora
kampala_elegu,520,260.0,260.25,32.28406925874841,2.2526972501462743,85,401,0,0,0,1,0,0,0,0,0,0,0,0,0,False,12.4,1057.8,2.3,1.3,0.22,0,0.0,45.9,Nora
kampala_elegu,521,260.5,260.75,32.288359300764405,2.2513434536244086,84,324,0,0,0,2,0,0,0,0,0,0,0,0,0,False,5.8,1058.4,4.2,0.1,0.86,0,0.0,45.9,Bedmot
kampala_elegu,522,261.0,261.25,32.29263715866411,2.249950809441653,167,464,0,0,0,1,0,0,0,0,0,0,0,0,0,False,10.0,1062.4,1.5,1.5,0.0,0,0.0,40.6,Bedmot
kampala_elegu,523,261.5,261.75,32.29691895539756,2.24857021784346,163,466,0,0,0,0,0,0,1,0,0,0,0,0,0,False,11.4,1058.7,0.0,6.1,-1.29,0,0.0,40.6,Bedmot
kampala_elegu,524,262.0,262.25,32.30124571829035,2.247353697850393,61,197,0,0,0,0,0,0,0,0,0,0,0,0,0,False,21.2,1050.3,0.0,8.8,-1.85,0,0.0,40.6,Bedmot
kampala_elegu,525,262.5,262.75,32.30570872670643,2.2468399397442385,30,150,0,0,0,0,0,0,1,0,0,0,0,0,0,False,1.6,1052.4,11.7,-0.0,2.47,0,0.0,40.6,Obete
kampala_elegu,526,263.0,263.25,32.31019111607902,2.2464821788058553,78,251,0,0,0,0,0,1,3,0,0,0,0,0,0,False,1.1,1059.5,2.6,0.0,0.54,0,0.0,40.6,Obete
kampala_elegu,527,263.5,263.75,32.31467520544145,2.2461585665060144,111,331,0,0,0,0,0,0,1,0,0,0,0,0,0,False,12.1,1059.6,0.0,2.4,-0.5,0,0.0,40.6,Obete
kampala_elegu,528,264.0,264.25,32.31916998116395,2.246270910786575,207,483,0,0,0,0,0,0,1,0,0,0,0,0,0,False,2.2,1054.4,0.0,7.7,-1.61,0,0.0,40.6,Agengi
kampala_elegu,529,264.5,264.75,32.32366461303447,2.2464001219617096,109,439,0,0,0,0,0,0,0,0,0,0,0,0,0,False,0.0,1044.8,0.0,7.1,-1.49,0,0.0,40.6,Agengi
kampala_elegu,530,265.0,265.25,32.32815942788269,2.246523711097453,273,717,0,0,0,1,0,0,2,0,0,0,0,0,0,False,0.3,1045.7,8.7,-0.0,1.83,0,0.0,40.6,Township
kampala_elegu,531,265.5,265.75,32.33264853693454,2.246744387881274,397,1092,0,0,0,1,0,2,0,0,0,0,0,0,0,False,33.2,1053.7,4.1,-0.0,0.86,0,0.0,40.6,Township
kampala_elegu,532,266.0,266.25,32.33688880709043,2.248167261169848,223,772,0,0,0,0,0,0,1,0,0,0,0,0,0,False,41.0,1056.2,1.2,0.2,0.22,0,0.0,40.6,Kamudini
kampala_elegu,533,266.5,266.75,32.34033816229586,2.2510232824440735,162,559,0,0,0,0,0,1,2,0,0,0,0,0,0,False,40.6,1052.7,0.0,7.0,-1.48,0,0.0,45.9,Kamudini
kampala_elegu,534,267.0,267.25,32.3428272683407,2.2547861091163157,157,444,0,0,0,0,0,0,3,0,0,0,0,0,0,False,3.8,1049.4,3.4,0.9,0.51,0,0.0,45.9,Kamudini
kampala_elegu,535,267.5,267.75,32.345243570104486,2.2586007237646055,106,337,0,0,0,0,0,1,1,0,0,0,0,0,0,False,7.3,1051.2,0.5,3.1,-0.54,0,0.0,45.9,Pida
kampala_elegu,536,268.0,268.25,32.347620454744906,2.2624398025568824,27,172,0,0,0,0,0,0,1,0,0,0,0,0,0,False,3.4,1043.3,0.2,8.4,-1.73,0,0.0,45.9,Kamdini
kampala_elegu,537,268.5,268.75,32.350033546907284,2.266256573779066,99,267,0,0,0,1,0,0,0,0,0,0,0,0,0,False,1.2,1044.7,9.8,-0.0,2.07,0,0.0,45.9,Kamdini
kampala_elegu,538,269.0,269.25,32.35249156419757,2.270044179765598,109,356,0,0,0,2,0,0,1,0,0,0,0,0,0,False,1.3,1054.0,4.5,0.2,0.91,0,0.0,45.9,Kamdini
kampala_elegu,539,269.5,269.75,32.354941229361245,2.273837315164485,161,376,0,0,0,1,0,0,0,0,0,0,0,0,0,False,1.9,1053.2,0.0,5.2,-1.09,0,0.0,45.9,Boroboro B
kampala_elegu,540,270.0,270.25,32.357352342407566,2.2776552006642996,97,294,0,0,0,0,0,0,1,0,0,0,0,0,0,False,0.9,1044.0,0.0,9.0,-1.9,0,0.0,45.9,Boroboro B
kampala_elegu,541,270.5,270.75,32.35974897647277,2.2814824441973753,32,232,0,0,0,0,0,0,1,0,0,0,0,0,0,False,1.0,1043.9,6.6,-0.0,1.4,0,0.0,45.9,Boroboro B
kampala_elegu,542,271.0,271.25,32.36218553181625,2.2852839740256745,102,308,0,0,0,0,0,0,3,0,0,0,0,0,0,False,5.1,1047.3,0.2,0.7,-0.09,0,0.0,45.9,Arukolong
kampala_elegu,543,271.5,271.75,32.364606805995834,2.289095452648868,52,162,0,0,0,0,0,0,1,0,0,0,0,0,0,False,4.8,1043.2,0.0,6.6,-1.39,0,0.0,45.9,Arukolong
kampala_elegu,544,272.0,272.25,32.367078685115885,2.292873779334061,107,181,0,0,0,0,0,1,0,0,0,0,0,0,0,False,10.6,1040.3,0.8,0.3,0.12,0,0.0,45.9,Arukolong
kampala_elegu,545,272.5,272.75,32.36946235364992,2.296707787382837,48,168,0,0,0,0,0,0,0,0,0,0,0,0,0,False,0.1,1040.2,0.1,0.3,-0.05,0,0.78,45.9,Arukolong
kampala_elegu,546,273.0,273.25,32.371775188228376,2.3005867061983647,32,96,0,0,0,1,0,0,1,0,0,0,0,0,0,False,6.6,1040.7,2.2,-0.0,0.46,0,0.25,45.9,Abang Trc
kampala_elegu,547,273.5,273.75,32.37405731351097,2.304483914191477,93,137,0,0,0,1,0,0,1,0,0,0,0,0,0,False,10.8,1049.0,10.5,-0.0,2.2,0,0.0,45.9,Abang Trc
kampala_elegu,548,274.0,274.25,32.376380850662805,2.308354723649647,45,152,0,0,0,1,0,0,2,0,0,0,0,0,0,False,19.9,1054.3,1.1,0.0,0.22,0,0.0,45.9,Abang East
kampala_elegu,549,274.5,274.75,32.378670113740746,2.312247675548173,100,212,0,0,0,0,0,0,2,0,0,0,0,0,0,False,3.0,1055.5,1.8,-0.0,0.38,0,0.0,45.9,Abako Adero
kampala_elegu,550,275.0,275.25,32.38098098642197,2.3161280032268645,101,268,0,0,0,0,0,0,1,0,0,0,0,0,0,False,0.0,1056.5,0.1,1.1,-0.2,0,0.0,45.9,Abako Adero
kampala_elegu,551,275.5,275.75,32.38328080467,2.3200149430597916,143,326,0,0,0,2,0,0,5,0,0,0,0,0,0,False,11.0,1055.5,0.2,0.7,-0.1,0,0.0,45.9,Amwa Trc
kampala_elegu,552,276.0,276.25,32.38532252658996,2.3240345422859363,110,297,0,0,0,2,0,0,3,0,0,0,0,0,0,False,29.0,1052.4,0.0,7.7,-1.62,0,0.0,45.9,Amwa
kampala_elegu,553,276.5,276.75,32.386257016893644,2.328447758218631,18,135,0,0,0,0,0,0,1,0,0,0,0,0,0,False,18.1,1045.0,3.0,2.4,0.14,0,0.0,45.9,Amwa
kampala_elegu,554,277.0,277.25,32.38684446621381,2.332931926646191,34,93,0,0,0,0,0,0,0,0,0,0,0,0,0,False,3.2,1052.2,6.9,-0.0,1.45,0,0.0,45.9,Amwa Headquaters
kampala_elegu,555,277.5,277.75,32.387420908696456,2.337417816250854,40,111,0,0,0,0,0,0,0,0,0,0,0,0,0,False,3.7,1051.8,0.0,6.6,-1.38,0,0.0,45.9,Amwa Headquaters
kampala_elegu,556,278.0,278.25,32.38800518793001,2.341902700201355,21,136,0,0,0,0,0,0,0,0,0,0,0,0,0,False,4.0,1051.6,8.8,0.2,1.82,0,0.0,45.9,Waring
kampala_elegu,557,278.5,278.75,32.38848792740003,2.3463974987927463,67,176,0,0,0,0,0,0,0,0,0,0,0,0,0,False,24.1,1057.0,1.4,0.2,0.25,0,0.0,45.9,Waring
kampala_elegu,558,279.0,279.25,32.38816874104885,2.3509065250424603,54,159,0,0,0,0,0,0,0,0,0,0,0,0,0,False,5.9,1055.9,0.0,4.2,-0.88,0,0.0,45.9,Cul-banya
kampala_elegu,559,279.5,279.75,32.387758188699536,2.3554108262328017,12,106,0,0,0,0,0,0,0,0,0,0,0,0,0,False,8.4,1050.7,0.0,3.0,-0.64,0,0.0,45.9,Cul-banya
kampala_elegu,560,280.0,280.25,32.387344721014394,2.359914819620126,2,79,0,0,0,0,0,0,1,0,0,0,0,0,0,False,2.1,1050.9,3.9,-0.0,0.83,0,0.0,45.9,Lango
kampala_elegu,561,280.5,280.75,32.386933257069295,2.364419162858298,50,156,0,0,0,0,0,0,0,0,0,0,0,0,0,False,0.0,1060.9,11.4,-0.0,2.4,0,0.0,45.9,Lango
kampala_elegu,562,281.0,281.25,32.386519656171444,2.3689233092453974,114,241,0,0,0,0,0,0,1,0,0,0,0,0,0,False,0.0,1068.1,2.6,1.0,0.35,0,0.0,45.9,Lango
kampala_elegu,563,281.5,281.75,32.3861181953419,2.37342854355858,105,265,0,0,0,0,0,0,1,0,0,0,0,0,0,False,1.1,1064.0,0.0,9.5,-2.0,0,0.0,45.9,Bobi
kampala_elegu,564,282.0,282.25,32.38571446053285,2.3779335800973915,71,140,0,0,0,0,0,0,1,0,0,0,0,0,0,False,0.9,1052.2,0.0,9.5,-2.0,0,0.0,45.9,Bobi
kampala_elegu,565,282.5,282.75,32.385280531083644,2.382435557653553,0,36,0,0,0,0,0,0,0,0,0,0,0,0,0,False,16.4,1047.0,0.3,0.9,-0.14,0,0.69,45.9,Omolo
kampala_elegu,566,283.0,283.25,32.38487912825596,2.3869405943614357,47,148,0,0,0,1,0,0,1,0,0,0,0,0,0,False,4.1,1054.4,14.6,-0.0,3.07,0,0.0,45.9,Alati A
kampala_elegu,567,283.5,283.75,32.384465232330314,2.3914444442820897,93,189,0,0,0,1,0,0,2,0,0,0,0,0,0,False,13.2,1066.1,6.8,-0.0,1.44,0,0.0,45.9,Alati A
kampala_elegu,568,284.0,284.25,32.384057904902726,2.395949126273031,72,184,0,0,0,1,0,0,0,0,0,0,0,0,0,False,5.1,1070.4,1.7,0.2,0.31,0,0.0,45.9,Arak East
kampala_elegu,569,284.5,284.75,32.383659529678,2.4004543031945325,57,147,0,0,0,1,0,0,1,0,0,0,0,0,0,False,16.0,1065.3,0.0,12.0,-2.52,0,0.0,45.9,Arak East
kampala_elegu,570,285.0,285.25,32.38323374634377,2.4049572064458333,9,35,0,0,0,0,0,0,0,0,0,0,0,0,0,False,9.5,1052.7,0.3,8.1,-1.64,0,0.0,45.9,Arak East
kampala_elegu,571,285.5,285.75,32.38282746060574,2.409461716750055,23,70,0,0,0,0,0,0,1,0,0,0,0,0,0,False,0.2,1056.3,10.6,-0.0,2.23,0,0.0,45.9,Awei Betty Trc
kampala_elegu,572,286.0,286.25,32.382417049210744,2.41396615310281,75,204,0,0,0,0,0,0,0,0,0,0,0,0,0,False,0.0,1064.1,4.4,-0.0,0.93,0,0.0,45.9,Awei Betty Trc
kampala_elegu,573,286.5,286.75,32.38201682268442,2.4184711436950312,108,220,0,0,0,0,0,0,2,0,0,0,0,0,0,False,22.8,1065.1,0.1,2.6,-0.53,0,0.0,45.9,Awei Betty Trc
kampala_elegu,574,287.0,287.25,32.381597850515746,2.4229745701817627,17,111,0,0,0,0,0,0,1,0,0,0,0,0,0,False,7.7,1059.8,4.2,5.3,-0.23,0,0.0,45.9,Ngut Cati
kampala_elegu,575,287.5,287.75,32.38118812036425,2.427478656358366,49,128,0,0,0,0,0,0,0,0,0,0,0,0,0,False,7.7,1069.0,9.2,-0.0,1.94,0,0.0,45.9,Ngut Cati
kampala_elegu,576,288.0,288.25,32.38079716607561,2.4319848036619796,86,230,0,0,0,0,0,0,1,0,0,0,0,0,0,False,7.7,1071.0,0.0,4.7,-0.98,0,0.0,45.9,Ngut Cati
kampala_elegu,577,288.5,288.75,32.380389466734975,2.4364893309990454,41,133,0,0,0,0,0,0,1,0,0,0,0,0,0,False,11.6,1062.0,0.0,9.2,-1.93,0,0.0,45.9,Minakulu
kampala_elegu,578,289.0,289.25,32.379985249204026,2.4409940297201027,5,109,0,0,0,2,0,0,0,0,0,0,0,0,0,False,0.8,1063.3,10.2,-0.0,2.15,0,0.0,45.9,Minakulu
kampala_elegu,579,289.5,289.75,32.379576871051974,2.445498605561538,161,487,1,0,0,3,0,2,1,0,0,0,0,0,0,False,4.5,1068.8,1.1,3.2,-0.42,0,0.0,45.9,Minakulu Trc B
kampala_elegu,580,290.0,290.25,32.37915846035804,2.4500021997905788,129,384,0,0,0,1,0,0,0,0,0,0,0,0,0,False,5.2,1059.0,0.0,12.1,-2.55,0,0.0,45.9,Minakulu Trc B
kampala_elegu,581,290.5,290.75,32.378764365620476,2.454507952243329,93,325,0,0,0,0,0,0,0,0,0,0,0,0,0,False,3.8,1057.1,8.0,-0.0,1.69,0,0.0,45.9,Minakulu Trc A
kampala_elegu,582,291.0,291.25,32.37834488330715,2.4590113921210612,295,761,0,0,0,1,0,1,0,0,0,0,0,0,0,False,5.7,1067.4,8.2,-0.0,1.72,0,0.0,45.9,Minakulu Trc A
kampala_elegu,583,291.5,291.75,32.377947432599534,2.463516900033727,244,695,0,0,0,2,0,0,2,0,0,0,0,0,0,False,4.7,1071.4,1.0,1.3,-0.06,0,0.0,45.9,Minakulu Trc A
kampala_elegu,584,292.0,292.25,32.37730009167954,2.4679819442293973,119,294,0,0,0,1,0,0,0,0,0,0,0,0,0,False,29.1,1067.3,0.0,6.5,-1.38,0,0.0,45.9,Mti
kampala_elegu,585,292.5,292.75,32.37560316875187,2.4721692365936905,56,125,0,0,0,0,0,0,0,0,0,0,0,0,0,False,3.5,1057.9,0.0,12.3,-2.6,0,0.0,45.9,Mti
kampala_elegu,586,293.0,293.25,32.373833397863656,2.4763274787878524,3,69,0,0,0,0,0,0,0,0,0,0,0,0,0,False,3.9,1049.3,0.7,1.8,-0.23,0,0.0,45.9,Mti
kampala_elegu,587,293.5,293.75,32.372065950572036,2.480486793517572,29,115,0,0,0,0,0,0,0,0,0,0,0,0,0,False,0.4,1055.1,9.8,-0.0,2.06,0,0.0,45.9,Obalowat
kampala_elegu,588,294.0,294.25,32.37031408048175,2.4846527926818904,73,225,0,0,0,0,0,0,2,0,0,0,0,0,0,False,3.4,1063.5,5.4,-0.0,1.15,0,0.0,45.9,Obalowat
kampala_elegu,589,294.5,294.75,32.36877782465633,2.4888961104856393,187,321,0,0,0,0,0,1,0,0,0,0,0,0,0,False,26.9,1064.7,0.1,3.5,-0.71,0,0.0,45.9,Obalowat
kampala_elegu,590,295.0,295.25,32.368055674472465,2.493359137394295,75,322,0,0,0,2,0,0,1,0,0,0,0,0,0,False,2.5,1062.9,4.8,0.9,0.84,0,0.0,45.9,Obalowat
kampala_elegu,591,295.5,295.75,32.367416923890325,2.4978361553310613,80,228,0,0,0,2,0,0,5,0,0,0,0,0,0,False,12.7,1067.1,1.0,2.6,-0.32,0,0.0,45.9,Minakulu
kampala_elegu,592,296.0,296.25,32.366757220579636,2.502307929452496,34,158,0,0,0,0,0,0,0,0,0,0,0,0,0,False,19.6,1060.5,1.7,5.7,-0.85,0,0.0,54.2,Minakulu
kampala_elegu,593,296.5,296.75,32.36607398728808,2.5067783118113214,77,179,0,0,0,0,0,0,1,0,0,0,0,0,0,False,17.9,1061.0,1.1,0.4,0.15,0,0.0,54.2,Awimon
kampala_elegu,594,297.0,297.25,32.36471972992536,2.5110845493427396,82,173,0,0,0,0,0,0,7,0,0,0,0,0,0,False,10.1,1061.2,0.2,2.1,-0.41,0,0.0,54.2,Awimon
kampala_elegu,595,297.5,297.75,32.36314184310126,2.5153202209410455,35,144,0,0,0,0,0,0,1,0,0,0,0,0,0,False,1.4,1063.3,8.5,-0.0,1.78,0,0.0,54.2,Awimon
kampala_elegu,596,298.0,298.25,32.36161253674471,2.519573647578822,85,184,0,0,0,0,0,0,1,0,0,0,0,0,0,False,6.3,1070.1,2.6,0.2,0.51,0,0.0,54.2,Awimon
kampala_elegu,597,298.5,298.75,32.36004014485883,2.5238114745139093,65,216,0,0,0,0,0,0,1,0,0,0,0,0,0,False,2.3,1069.2,0.2,2.2,-0.42,0,0.0,54.2,
kampala_elegu,598,299.0,299.25,32.358591750563896,2.5280891536276724,76,278,0,0,0,0,0,0,2,0,0,0,0,0,0,False,34.5,1074.9,11.8,-0.0,2.48,0,0.0,54.2,
kampala_elegu,599,299.5,299.75,32.35821300435276,2.5325873331581046,96,297,0,0,0,1,0,0,1,0,0,0,0,0,0,False,0.6,1083.8,3.5,-0.0,0.73,0,0.0,54.2,
kampala_elegu,600,300.0,300.25,32.35807203450196,2.5371083792036817,101,288,0,0,0,1,0,0,4,0,0,0,0,0,0,False,1.4,1082.8,0.0,5.3,-1.11,0,0.0,54.2,Pato
kampala_elegu,601,300.5,300.75,32.35793096052967,2.541629398008237,58,250,0,0,0,0,0,0,0,0,0,0,0,0,0,False,0.6,1073.8,1.5,7.0,-1.16,0,0.0,54.2,Pato
kampala_elegu,602,301.0,301.25,32.35778777330307,2.5461503724126406,91,238,0,0,0,0,0,0,2,0,0,0,0,0,0,False,9.4,1079.3,7.6,-0.0,1.61,0,0.0,54.2,Pato
kampala_elegu,603,301.5,301.75,32.35764174570541,2.5506710553362346,114,362,0,0,0,1,0,0,1,0,0,0,0,0,0,False,2.0,1081.7,0.7,1.9,-0.25,0,0.0,54.2,Pato
kampala_elegu,604,302.0,302.25,32.35748250568002,2.5551913271831803,199,467,0,0,0,1,0,1,0,0,0,0,0,0,0,False,2.1,1077.7,0.0,6.9,-1.46,0,0.0,54.2,Bobi
kampala_elegu,605,302.5,302.75,32.35735715321431,2.559712761154794,149,337,0,0,0,0,0,0,0,0,0,0,0,0,0,False,1.4,1067.3,0.0,11.1,-2.34,0,0.0,54.2,Bobi
kampala_elegu,606,303.0,303.25,32.35720040142771,2.564233272792458,10,129,0,0,0,1,0,0,0,0,0,0,0,0,0,False,1.6,1059.6,0.0,1.9,-0.4,0,0.0,54.2,Bobi
kampala_elegu,607,303.5,303.75,32.356881982057885,2.568734857662647,50,149,0,0,0,1,0,1,1,0,0,0,0,0,0,False,38.7,1056.6,0.0,4.9,-1.03,0,0.0,54.2,Omoro
kampala_elegu,608,304.0,304.25,32.35532300456668,2.572977706475449,65,268,0,0,0,1,0,0,0,0,0,0,0,0,0,False,0.0,1055.1,5.9,0.6,1.12,0,0.0,54.2,Omoro
kampala_elegu,609,304.5,304.75,32.353792276313634,2.5772305940024265,181,363,0,0,0,2,0,1,0,0,0,0,0,0,0,False,5.6,1060.7,1.7,-0.0,0.36,0,0.0,54.2,Omoro
kampala_elegu,610,305.0,305.25,32.352217277991095,2.5814670271745412,52,292,0,0,0,1,0,0,0,0,0,0,0,0,0,False,23.2,1063.9,4.1,-0.0,0.87,0,0.0,54.2,Kalamomia
kampala_elegu,611,305.5,305.75,32.350474183080614,2.585629062407309,24,169,0,0,0,0,0,0,1,0,0,0,0,0,0,False,9.6,1067.1,1.3,0.1,0.25,0,0.0,54.2,Paranga
kampala_elegu,612,306.0,306.25,32.34829519001799,2.5895860432739637,29,125,0,0,0,0,0,0,0,0,0,0,0,0,0,False,0.0,1068.1,1.0,0.2,0.17,0,0.0,54.2,Te-owak
kampala_elegu,613,306.5,306.75,32.34611446900131,2.5935420511353,11,124,0,0,0,0,0,0,1,0,0,0,0,0,0,False,1.2,1064.2,0.0,7.8,-1.64,0,0.0,54.2,Te-owak
kampala_elegu,614,307.0,307.25,32.34392603420102,2.5974931921430224,5,93,0,0,0,0,0,0,1,0,0,0,0,0,0,False,9.6,1058.2,0.5,2.3,-0.38,0,0.0,54.2,Te-owak
kampala_elegu,615,307.5,307.75,32.34173918912627,2.60144577429077,20,120,0,0,0,0,0,0,0,0,0,0,0,0,0,False,2.2,1062.9,7.9,-0.0,1.66,0,0.0,54.2,Odyak
kampala_elegu,616,308.0,308.25,32.339798308471316,2.60552086353566,61,233,0,0,0,0,0,0,0,0,0,0,0,0,0,False,6.0,1066.5,0.7,2.8,-0.46,0,0.0,54.2,Odyak
kampala_elegu,617,308.5,308.75,32.33812051222757,2.6097176192151093,21,244,0,0,0,1,0,0,0,0,0,0,0,0,0,False,0.0,1059.7,1.0,6.1,-1.08,0,0.0,54.2,Palenga
kampala_elegu,618,309.0,309.25,32.33646389722253,2.6139227237895835,216,600,0,0,0,1,0,0,4,0,0,0,0,0,0,False,7.2,1062.3,4.3,0.8,0.74,0,0.0,54.2,Palenga
kampala_elegu,619,309.5,309.75,32.33478602011053,2.618119183301816,288,643,0,0,0,0,0,1,0,0,0,0,0,0,0,False,5.3,1060.4,0.0,4.4,-0.93,0,0.0,54.2,Barogal
kampala_elegu,620,310.0,310.25,32.33344007826362,2.6224252643086765,3,200,0,0,0,0,0,1,0,0,0,0,0,0,0,False,17.7,1057.7,0.5,0.5,0.0,1,0.0,54.2,Barogal
kampala_elegu,621,310.5,310.75,32.332575177184886,2.6268573387699696,27,132,1,0,0,0,0,2,1,0,0,0,0,0,0,False,12.4,1060.4,4.6,-0.0,0.97,0,0.0,54.2,Barogal
kampala_elegu,622,311.0,311.25,32.331739266337316,2.6313017615085594,19,135,0,0,0,0,0,0,0,0,0,0,0,0,0,False,0.8,1066.8,7.9,-0.0,1.66,0,0.0,54.2,Barogal
kampala_elegu,623,311.5,311.75,32.330913060140425,2.635747924406851,1,94,0,0,0,0,0,0,3,0,0,0,0,0,0,False,6.7,1073.6,4.1,-0.0,0.87,0,0.0,54.2,Barogal
kampala_elegu,624,312.0,312.25,32.33008820023868,2.6401943961016516,11,49,0,0,0,0,0,0,1,0,0,0,0,0,0,False,2.5,1074.9,0.3,0.6,-0.06,0,0.0,54.2,Barogal
kampala_elegu,625,312.5,312.75,32.32926282809763,2.6446407993105048,19,57,0,0,0,0,0,0,1,0,0,0,0,0,0,False,4.3,1077.5,5.2,-0.0,1.09,0,0.0,54.2,Barogal
kampala_elegu,626,313.0,313.25,32.32843530760092,2.6490866736441987,48,104,0,0,0,0,0,0,1,0,0,0,0,0,0,False,1.0,1081.8,2.0,0.1,0.4,0,0.0,54.2,Barogal
kampala_elegu,627,313.5,313.75,32.32761075769875,2.6535330486067923,53,101,0,0,0,0,0,0,3,0,0,0,0,0,0,False,7.4,1079.8,0.0,6.5,-1.37,0,0.0,54.2,Barogal
kampala_elegu,628,314.0,314.25,32.32677153038002,2.657976793657697,9,75,0,0,0,1,0,0,3,0,0,0,0,0,0,False,4.8,1074.1,3.1,2.6,0.12,0,0.0,54.2,Barogal
kampala_elegu,629,314.5,314.75,32.3259473051948,2.6624233966578514,31,76,0,0,0,1,0,0,1,0,0,0,0,0,0,False,0.9,1078.9,4.2,-0.0,0.88,0,0.0,54.2,Barogal
kampala_elegu,630,315.0,315.25,32.32511526867944,2.666868504584107,11,81,0,0,0,0,0,0,2,0,0,0,0,0,0,False,4.1,1081.6,2.4,-0.0,0.51,0,0.0,54.2,
kampala_elegu,631,315.5,315.75,32.32430125565421,2.671316993632498,3,55,0,0,0,0,0,0,3,0,0,0,0,0,0,False,3.4,1081.6,0.3,6.3,-1.26,0,0.0,54.2,
kampala_elegu,632,316.0,316.25,32.323462602766504,2.675760714598908,1,26,0,0,0,0,0,0,1,0,0,0,0,0,0,False,6.2,1075.2,3.6,3.2,0.09,0,0.0,54.2,Abili
kampala_elegu,633,316.5,316.75,32.32252623099976,2.680176851049347,0,25,0,0,0,0,0,0,1,0,0,0,0,0,0,False,55.3,1074.1,1.5,5.0,-0.74,0,0.0,54.2,Abili
kampala_elegu,634,317.0,317.25,32.32046904406577,2.684197333584603,0,88,0,0,0,0,0,0,1,0,0,0,0,0,0,False,12.6,1080.2,11.4,-0.0,2.41,0,0.0,54.2,Abili
kampala_elegu,635,317.5,317.75,32.31842237154481,2.6882251495594685,40,140,0,0,0,0,0,0,0,0,0,0,0,0,0,False,0.0,1089.1,5.7,-0.0,1.2,0,0.0,54.2,Abili
kampala_elegu,636,318.0,318.25,32.316551834940554,2.692326300515918,54,248,0,0,0,0,0,1,0,0,0,0,0,0,0,False,28.1,1093.3,1.8,0.4,0.3,0,0.0,54.2,Koro Abili
kampala_elegu,637,318.5,318.75,32.31550184087158,2.696724371842563,206,396,1,0,0,2,0,1,4,0,0,0,0,0,0,False,7.0,1092.3,0.0,1.6,-0.33,0,0.0,54.2,Koro Abili
kampala_elegu,638,319.0,319.25,32.314554568428385,2.7011458955024588,79,299,1,0,0,2,0,0,2,0,0,0,0,0,0,False,8.7,1085.2,0.0,12.6,-2.65,0,0.0,54.2,Koro Abili
kampala_elegu,639,319.5,319.75,32.31350548045729,2.7055438103605254,53,201,0,0,0,1,0,0,2,0,0,0,0,0,0,False,46.1,1085.9,14.9,-0.0,3.14,1,0.0,54.2,Koro Abili
kampala_elegu,640,320.0,320.25,32.3124707590912,2.7099418742007613,68,243,0,0,0,1,0,0,6,0,0,0,0,0,0,False,15.4,1096.3,3.7,4.7,-0.21,0,0.0,54.2,Lajwatek
kampala_elegu,641,320.5,320.75,32.31151186003409,2.714356363119479,32,164,0,0,0,0,0,0,3,0,0,0,0,0,0,False,72.4,1086.5,0.4,11.7,-2.39,1,0.0,54.2,Koro
kampala_elegu,642,321.0,321.25,32.31070545911118,2.7187803886935256,36,173,0,0,0,1,0,0,1,0,0,0,0,0,0,False,99.6,1089.5,12.4,-0.0,2.6,0,0.0,54.2,Koro
kampala_elegu,643,321.5,321.75,32.309502824376075,2.7231140210209164,69,260,0,0,0,2,0,1,3,0,0,0,0,0,0,False,20.3,1095.9,1.7,2.9,-0.24,0,0.0,54.2,Koro
kampala_elegu,644,322.0,322.25,32.30852751679053,2.72752891628317,53,275,0,0,0,2,0,0,5,0,0,0,0,0,0,False,13.7,1088.1,4.9,7.5,-0.53,1,0.51,54.2,Koro
kampala_elegu,645,322.5,322.75,32.307552196825846,2.731943580123707,112,336,0,0,0,0,0,0,6,0,0,0,0,0,0,False,38.0,1098.3,10.3,0.0,2.16,0,0.0,54.2,Kal
kampala_elegu,646,323.0,323.25,32.306839676805794,2.7364071922210824,134,472,0,0,0,0,0,0,5,0,0,0,0,0,0,False,22.6,1097.0,0.0,12.3,-2.59,0,0.0,54.2,Kal
kampala_elegu,647,323.5,323.75,32.306152606617744,2.7408761984532197,165,754,0,0,0,1,0,0,6,0,0,0,0,0,0,False,9.2,1091.4,4.5,0.1,0.93,1,0.12,54.2,Kal
kampala_elegu,648,324.0,324.25,32.303818092509104,2.7432569774548234,252,915,0,0,0,1,0,0,5,0,0,0,0,0,0,True,224.4,1095.7,5.7,-0.0,1.19,0,0.0,54.2,Layibi
kampala_elegu,649,324.5,324.75,32.29933032209279,2.743495579546182,108,709,0,0,0,1,0,0,8,0,0,0,0,0,0,True,9.1,1101.7,3.2,-0.0,0.67,0,0.0,54.2,Layibi
kampala_elegu,650,325.0,325.25,32.29483853977638,2.7435876945489035,108,459,0,0,0,1,0,0,3,0,0,0,0,0,0,True,71.1,1100.9,0.0,5.1,-1.07,0,0.0,54.2,Layibi
kampala_elegu,651,325.5,325.75,32.29137999577355,2.7462575744269864,72,413,0,0,0,2,0,1,2,0,0,2,0,0,0,True,66.4,1106.4,16.8,-0.0,3.53,0,0.0,54.2,Layibi
kampala_elegu,652,326.0,326.25,32.288574795643285,2.7497893456176374,99,535,0,0,0,2,0,0,8,0,0,2,0,0,0,True,43.8,1115.0,0.6,0.8,-0.04,0,0.0,54.2,Layibi
kampala_elegu,653,326.5,326.75,32.285706317730856,2.753272217108854,73,658,0,0,0,0,0,0,3,0,0,1,0,0,0,True,14.3,1111.1,0.0,6.4,-1.35,0,0.0,51.1,Kanyagoga C
kampala_elegu,654,327.0,327.25,32.28286789432729,2.7567792227853087,208,854,0,0,0,0,0,0,4,0,0,1,2,0,0,True,38.6,1110.3,6.4,0.1,1.33,0,0.0,51.1,Kanyagoga C
kampala_elegu,655,327.5,327.75,32.28002375619801,2.7602819939781504,209,821,0,0,0,1,0,6,2,0,0,1,0,0,0,True,207.3,1114.4,2.2,7.1,-1.03,0,0.0,51.1,Kanyagoga C
kampala_elegu,656,328.0,328.25,32.276122383271385,2.7620395212230937,150,599,0,0,0,3,0,0,5,0,0,0,0,0,0,False,47.3,1107.0,0.6,2.8,-0.46,0,0.0,51.1,Kanyagoga C
kampala_elegu,657,328.5,328.75,32.271918077587095,2.7634432072647073,189,608,0,0,0,3,0,0,7,0,0,0,0,0,0,False,66.2,1109.0,6.1,-0.0,1.29,0,0.0,51.1,Kanyagoga C
kampala_elegu,658,329.0,329.25,32.26769827329159,2.7649297393270325,188,673,0,0,0,4,0,1,2,0,0,0,0,0,0,False,60.0,1116.1,5.7,0.9,1.02,0,0.0,51.1,St Joe
kampala_elegu,659,329.5,329.75,32.26324807714283,2.765538823223828,132,706,0,0,0,6,0,0,2,0,0,0,0,0,0,False,24.9,1116.3,0.6,3.5,-0.61,0,0.0,51.1,St Joe
kampala_elegu,660,330.0,330.25,32.25877481302838,2.765975526054691,116,580,0,0,0,2,0,0,3,0,0,0,0,0,0,False,16.4,1111.6,0.0,7.6,-1.61,0,0.0,51.1,Katikati
kampala_elegu,661,330.5,330.75,32.254293644673965,2.765632459064894,183,855,1,0,0,0,0,0,3,0,0,0,0,0,0,False,20.7,1108.7,4.2,0.1,0.85,0,0.0,51.1,Katikati
kampala_elegu,662,331.0,331.25,32.249810908307055,2.765498373523616,359,1264,2,0,1,1,0,1,0,0,0,0,0,0,0,False,8.8,1108.0,0.0,9.0,-1.88,0,0.0,49.4,Lacor
kampala_elegu,663,331.5,331.75,32.24534198607792,2.7659871380922,307,1364,0,0,2,1,0,0,1,0,0,0,0,0,0,False,24.9,1104.4,6.8,0.6,1.31,0,0.0,49.4,Lacor
kampala_elegu,664,332.0,332.25,32.24094847928852,2.7669482785243997,229,1087,1,0,0,1,0,0,2,0,0,0,0,0,0,False,53.0,1106.4,0.0,4.9,-1.03,0,0.0,49.4,Lacor
kampala_elegu,665,332.5,332.75,32.23655993634054,2.76791962738116,133,579,1,0,0,7,0,1,2,0,0,0,0,0,0,False,23.8,1105.3,6.6,-0.0,1.4,0,0.0,49.4,Pukure
kampala_elegu,666,333.0,333.25,32.232118599656054,2.768617888167145,53,308,0,0,0,6,0,0,2,0,0,0,0,0,0,False,78.0,1112.6,3.8,0.6,0.68,0,0.0,49.4,Pukure
kampala_elegu,667,333.5,333.75,32.22864826752865,2.7714429283892934,93,491,0,0,0,0,0,0,2,0,0,0,0,0,0,False,16.7,1109.5,0.0,7.1,-1.49,0,0.0,49.4,Pukure
kampala_elegu,668,334.0,334.25,32.22504268596226,2.774146777052825,195,523,1,0,0,4,0,0,5,0,0,0,0,0,0,False,11.2,1108.7,5.8,-0.0,1.23,0,0.0,49.4,Awer
kampala_elegu,669,334.5,334.75,32.221158090896964,2.7763947911418363,91,322,0,0,0,6,0,0,3,0,0,0,0,2,0,False,39.6,1110.0,0.1,5.5,-1.15,0,0.0,49.4,Awer
kampala_elegu,670,335.0,335.25,32.217197900869124,2.778520146801772,57,234,0,0,0,0,0,0,4,0,0,0,0,0,0,False,21.0,1104.0,0.0,5.0,-1.06,0,0.0,49.4,Lwalakwar
kampala_elegu,671,335.5,335.75,32.21315634066888,2.780504148489017,62,252,0,0,1,0,0,0,2,0,0,0,0,0,0,False,7.6,1102.1,3.1,0.2,0.61,0,0.0,49.4,Lwalakwar
kampala_elegu,672,336.0,336.25,32.20921659002363,2.782685897957854,56,284,0,0,0,0,0,0,2,0,0,0,0,0,0,False,5.5,1106.8,4.6,-0.0,0.97,0,0.0,49.4,Lwalakwar
kampala_elegu,673,336.5,336.75,32.205333754171136,2.784969087797875,54,239,0,0,0,0,0,0,4,0,0,0,0,0,0,False,5.6,1111.5,5.7,-0.0,1.2,0,0.0,49.4,Lwalakwar
kampala_elegu,674,337.0,337.25,32.201572550077245,2.787434653188801,34,223,0,0,0,0,0,0,1,0,0,0,0,0,0,False,49.6,1112.0,0.0,6.0,-1.26,0,0.0,49.4,Pukure Lc1
kampala_elegu,675,337.5,337.75,32.19892775448889,2.7910774374952783,44,273,0,0,0,2,0,0,3,0,0,0,0,0,0,False,0.0,1109.2,2.1,-0.0,0.45,0,0.0,49.4,Pukure Lc1
kampala_elegu,676,338.0,338.25,32.19643163673466,2.794840237857892,72,328,0,0,0,2,0,0,2,0,0,0,0,0,0,False,0.9,1114.6,7.0,-0.0,1.47,0,0.0,49.4,Keyo
kampala_elegu,677,338.5,338.75,32.19393880861695,2.7986051966616543,57,294,0,0,0,2,0,0,1,0,0,0,0,0,0,False,23.9,1122.2,6.3,0.4,1.24,0,0.0,49.4,Keyo
kampala_elegu,678,339.0,339.25,32.19179479444477,2.8025695482135986,58,313,1,0,0,2,0,0,3,0,0,0,0,0,0,False,15.7,1125.8,3.4,0.7,0.56,0,0.0,49.4,Keyo
kampala_elegu,679,339.5,339.75,32.190046610913825,2.806737029292656,235,589,9,0,0,2,0,0,1,0,0,0,0,0,0,False,1.9,1123.7,0.3,3.6,-0.7,0,0.0,49.4,Keyo
kampala_elegu,680,340.0,340.25,32.188285319885786,2.810897153479366,214,480,8,0,0,5,0,2,0,0,0,0,0,0,0,False,31.8,1123.4,1.2,5.2,-0.83,0,0.0,49.4,Keyo
kampala_elegu,681,340.5,340.75,32.187220795538416,2.8152796937736637,5,114,0,0,0,8,0,0,2,0,0,0,0,0,0,False,22.7,1116.1,0.0,4.2,-0.88,0,0.0,49.4,Pakiri
kampala_elegu,682,341.0,341.25,32.18626717241867,2.819694406778013,9,65,0,0,0,3,0,0,1,0,0,0,0,0,0,False,49.2,1113.8,0.3,1.3,-0.2,0,0.0,49.4,Amilobo Lc1
kampala_elegu,683,341.5,341.75,32.18439006613734,2.823792137100434,5,57,0,0,0,0,0,0,1,0,0,0,0,0,0,False,41.1,1109.5,0.0,7.2,-1.52,0,0.0,49.4,Amilobo Lc1
kampala_elegu,684,342.0,342.25,32.18190848880069,2.8275593697499657,13,84,0,0,0,0,0,0,1,0,0,0,0,0,0,False,18.5,1100.6,0.0,13.4,-2.81,0,0.0,49.4,Amilobo Lc1
kampala_elegu,685,342.5,342.75,32.18012142968219,2.8316987373861946,33,154,0,0,0,0,0,0,2,0,0,0,0,0,0,False,63.8,1084.0,0.0,13.7,-2.89,0,0.0,49.4,Awer
kampala_elegu,686,343.0,343.25,32.177630536188886,2.835418513561872,37,230,0,0,0,0,0,0,1,0,0,0,0,0,0,False,34.9,1070.6,0.4,12.1,-2.47,0,0.0,49.4,Awer
kampala_elegu,687,343.5,343.75,32.174144748555875,2.838207265281245,185,416,2,0,0,0,0,1,1,0,0,0,0,0,0,False,47.4,1073.9,13.6,-0.0,2.86,0,0.0,49.4,Awer
kampala_elegu,688,344.0,344.25,32.16993382288851,2.839736933195215,112,356,2,0,0,0,0,0,5,0,0,0,0,0,0,False,88.9,1082.2,3.1,0.3,0.59,0,0.0,49.4,Awer
kampala_elegu,689,344.5,344.75,32.16692580356755,2.8429283077659724,4,115,0,0,0,0,0,0,1,0,0,0,0,0,0,False,51.2,1086.5,9.6,0.0,2.01,0,0.0,49.4,Awer
kampala_elegu,690,345.0,345.25,32.16480965738018,2.846859361233427,17,171,0,0,0,0,0,0,1,0,0,0,0,0,0,False,143.2,1093.9,2.2,1.9,0.05,0,0.0,49.4,Awer
kampala_elegu,691,345.5,345.75,32.165619522916344,2.8512949392192044,8,147,0,0,0,0,0,0,1,0,0,0,0,0,0,False,17.8,1090.6,0.0,3.7,-0.78,0,0.0,49.4,Awer
kampala_elegu,692,346.0,346.25,32.16615128664927,2.855760079204261,18,188,0,0,0,0,0,0,2,0,0,0,0,0,0,False,18.7,1089.6,1.8,0.1,0.36,0,0.0,49.4,Yilo
kampala_elegu,693,346.5,346.75,32.16621716967836,2.860272447012154,46,174,0,0,0,0,0,0,3,0,0,0,0,0,0,False,33.0,1088.7,0.0,4.0,-0.84,0,0.0,49.4,Yilo
kampala_elegu,694,347.0,347.25,32.16682871175105,2.8647522195095987,24,131,0,0,0,0,0,0,1,0,0,0,0,0,0,False,31.6,1084.3,0.0,3.7,-0.78,0,0.0,49.4,Yilo
kampala_elegu,695,347.5,347.75,32.1665121940504,2.8692564313153937,30,141,0,0,0,0,0,0,5,0,0,0,0,0,0,False,16.5,1080.9,0.0,3.2,-0.68,0,0.0,49.4,Yilo
kampala_elegu,696,348.0,348.25,32.16576275226017,2.8736984400100094,39,122,0,0,0,0,0,0,0,0,0,0,0,0,0,False,79.4,1075.1,0.2,5.4,-1.1,0,0.0,49.4,Yilo
kampala_elegu,697,348.5,348.75,32.16371303312936,2.877708863303425,29,125,0,0,0,0,0,0,2,0,0,0,0,0,0,False,9.5,1073.3,0.0,0.9,-0.19,0,0.0,49.4,Yilo
kampala_elegu,698,349.0,349.25,32.161391743418775,2.8815829977352276,26,152,0,0,0,2,0,0,5,0,0,0,0,0,0,False,1.9,1070.8,0.0,4.6,-0.97,0,0.0,49.4,Yilo
kampala_elegu,699,349.5,349.75,32.15909515961107,2.8854720301427137,38,122,0,0,0,2,0,0,3,0,0,0,0,0,0,False,2.7,1065.0,0.0,5.2,-1.09,0,0.0,49.4,Yilo
kampala_elegu,700,350.0,350.25,32.15696125708055,2.8894417327329136,23,146,0,0,0,0,0,0,1,0,0,0,0,0,0,False,47.1,1060.8,1.3,1.9,-0.14,0,0.0,49.4,Oduu Lc1
kampala_elegu,701,350.5,350.75,32.15636401309285,2.89392165780455,76,227,0,0,0,2,0,0,5,0,0,0,0,0,0,False,9.4,1064.3,4.3,0.7,0.78,0,0.0,49.4,Oduu Lc1
kampala_elegu,702,351.0,351.25,32.156063782764114,2.898433364855974,88,334,1,0,0,2,0,0,2,0,0,0,0,0,0,False,17.4,1062.1,0.0,6.7,-1.41,0,0.0,49.4,Oduu Lc1
kampala_elegu,703,351.5,351.75,32.15569008040885,2.902938211978504,274,613,5,0,0,0,0,0,8,0,0,0,0,0,0,False,40.3,1055.6,0.5,3.3,-0.59,0,0.0,49.4,Oduu Lc1
kampala_elegu,704,352.0,352.25,32.154505244684074,2.9072927184961337,322,513,4,0,0,0,0,0,2,0,0,0,0,0,0,False,13.2,1053.8,0.1,5.0,-1.03,0,0.0,49.4,Oduu Lc1
kampala_elegu,705,352.5,352.75,32.15301067584794,2.9115585472372665,11,100,0,0,0,0,0,0,1,0,0,0,0,0,0,False,2.7,1047.5,0.7,3.9,-0.68,0,0.0,49.4,Oduu
kampala_elegu,706,353.0,353.25,32.15145076769805,2.9157996643158666,14,44,0,0,0,1,0,0,3,0,0,0,0,0,0,False,13.2,1049.4,3.7,0.2,0.73,0,0.0,49.4,Oduu
kampala_elegu,707,353.5,353.75,32.14965595250622,2.919946635807585,34,95,0,0,0,1,0,0,5,0,0,0,0,0,0,False,6.3,1049.0,0.2,1.6,-0.3,0,0.0,49.4,Oduu
kampala_elegu,708,354.0,354.25,32.14781313441717,2.9240726468755884,7,95,0,0,0,1,0,0,2,0,0,0,0,0,0,False,6.3,1045.1,0.0,7.3,-1.54,0,0.0,49.4,Oduu
kampala_elegu,709,354.5,354.75,32.14576996427731,2.928095928047583,12,52,0,0,0,0,0,0,0,0,0,0,0,0,0,False,27.3,1038.6,0.0,4.2,-0.88,0,0.0,49.4,Oduu
kampala_elegu,710,355.0,355.25,32.14307055066821,2.931708901182345,0,68,0,0,0,0,0,0,2,0,0,0,0,0,0,False,8.3,1034.6,0.0,5.2,-1.1,0,0.0,49.4,Oduu
kampala_elegu,711,355.5,355.75,32.14036872959061,2.935323907866056,2,151,0,0,0,0,0,0,4,0,0,0,0,0,0,False,53.2,1028.4,0.1,4.2,-0.86,0,0.0,49.4,Patiko
kampala_elegu,712,356.0,356.25,32.139415863057,2.9396841341574356,44,192,0,0,0,0,0,0,1,0,0,0,0,0,0,False,11.1,1029.2,5.2,-0.0,1.09,0,0.0,49.4,Patiko
kampala_elegu,713,356.5,356.75,32.13904844357064,2.944191705735373,79,403,2,0,0,2,0,0,2,0,0,0,0,0,0,False,16.6,1034.0,1.6,1.5,0.03,0,0.0,49.4,Patiko
kampala_elegu,714,357.0,357.25,32.13818999866051,2.9486289406385997,231,400,3,0,0,2,0,0,5,0,0,0,0,0,0,False,4.3,1031.9,0.0,2.2,-0.45,0,0.0,49.4,Patiko
kampala_elegu,715,357.5,357.75,32.137357895225506,2.953071879879885,51,192,1,0,0,0,0,0,1,0,0,0,0,0,0,False,11.5,1028.1,0.0,4.7,-0.98,0,0.0,49.4,Katikati B
kampala_elegu,716,358.0,358.25,32.136952045881614,2.957574728069352,12,93,0,0,0,0,0,0,4,0,0,0,0,0,0,False,3.2,1027.0,3.2,0.0,0.68,0,0.0,49.4,Katikati B
kampala_elegu,717,358.5,358.75,32.136809202632875,2.9620951453914173,11,79,0,0,0,0,0,0,1,0,0,0,0,0,0,False,8.1,1030.2,1.5,1.2,0.05,0,0.0,49.4,Katikati B Lc1
kampala_elegu,718,359.0,359.25,32.13702493141388,2.9666070299868106,28,112,0,0,0,0,0,0,3,0,0,0,0,0,0,False,10.9,1029.9,1.7,0.0,0.36,0,0.0,49.4,Katikati B Lc1
kampala_elegu,719,359.5,359.75,32.137487538139034,2.971105723605724,43,150,0,0,0,1,0,0,2,0,0,0,0,0,0,False,3.1,1032.6,1.8,-0.0,0.38,0,0.0,49.4,Katikati B Lc1
kampala_elegu,720,360.0,360.25,32.13783720137464,2.975614813710716,39,172,0,0,0,1,0,0,3,0,0,0,0,0,0,False,5.6,1033.4,0.7,1.8,-0.22,0,0.0,49.4,Agole
kampala_elegu,721,360.5,360.75,32.13832562057899,2.980110154432764,71,228,0,0,0,4,0,0,3,0,0,0,0,0,0,False,6.4,1033.2,2.8,0.0,0.57,0,0.0,49.4,Agole
kampala_elegu,722,361.0,361.25,32.139029439496504,2.9845768167196254,64,428,0,0,0,5,0,0,1,0,0,0,0,0,0,False,10.2,1034.4,0.2,2.4,-0.47,0,0.0,49.4,Agole
kampala_elegu,723,361.5,361.75,32.14001963090531,2.9889885450495486,171,605,0,0,0,2,0,0,2,0,0,0,0,0,0,False,13.9,1032.9,0.6,0.3,0.06,0,0.0,49.4,Agole
kampala_elegu,724,362.0,362.25,32.14105117198671,2.9933903520117253,238,847,0,0,0,0,0,0,3,0,0,0,0,0,0,False,1.4,1033.2,0.8,0.1,0.14,0,0.0,49.4,Kal Centre
kampala_elegu,725,362.5,362.75,32.14229643982071,2.9977299896672434,514,1628,14,0,0,1,0,2,4,0,0,0,0,1,0,False,34.5,1036.8,4.7,0.6,0.88,0,0.0,49.4,Kal Centre
kampala_elegu,726,363.0,363.25,32.14436556691543,3.001737201142056,444,1193,15,0,0,4,0,1,2,0,0,0,0,0,0,False,13.6,1034.9,0.1,4.5,-0.92,0,0.0,44.5,Pabo
kampala_elegu,727,363.5,363.75,32.14656016634508,3.0056825270338052,30,351,1,0,0,5,0,0,3,0,0,0,0,0,0,False,15.4,1034.4,2.5,0.0,0.51,0,0.0,44.5,Pabo
kampala_elegu,728,364.0,364.25,32.1491463611415,3.009377454564785,75,300,0,0,0,2,0,1,3,0,0,0,0,0,0,False,15.1,1038.0,2.4,0.9,0.32,0,0.0,44.5,Pabo
kampala_elegu,729,364.5,364.75,32.151969244965144,3.0128990524737205,61,328,0,0,0,0,0,1,0,0,0,0,0,0,0,False,3.1,1037.0,2.3,1.4,0.19,0,0.0,44.5,Pabo
kampala_elegu,730,365.0,365.25,32.15478423184633,3.0164272723312378,88,230,0,0,0,0,0,0,0,0,0,0,0,0,0,False,0.4,1034.3,0.0,11.5,-2.41,0,0.0,44.5,
kampala_elegu,731,365.5,365.75,32.15762039083814,3.019938405988592,49,139,0,0,0,0,0,0,0,0,0,0,0,0,0,False,0.9,1021.9,0.4,5.7,-1.11,0,0.0,44.5,
kampala_elegu,732,366.0,366.25,32.16043663701253,3.023465729414203,41,142,0,0,0,0,0,0,0,0,0,0,0,0,0,False,0.3,1017.3,0.0,6.3,-1.32,0,0.0,44.5,
kampala_elegu,733,366.5,366.75,32.16326128407952,3.026986253773494,38,143,0,0,0,0,0,0,0,0,0,0,0,0,0,False,10.0,1012.5,0.0,3.1,-0.66,0,0.0,44.5,
kampala_elegu,734,367.0,367.25,32.16638048335351,3.030234266760617,35,137,0,0,0,0,0,0,0,0,0,0,0,0,0,False,34.4,1008.1,0.0,6.4,-1.34,0,0.0,44.5,
kampala_elegu,735,367.5,367.75,32.16890435661282,3.033918910504134,13,65,0,0,0,0,0,0,0,0,0,0,0,0,0,False,51.3,999.0,0.0,8.7,-1.83,0,0.0,44.5,
kampala_elegu,736,368.0,368.25,32.17017793289996,3.0382095911278575,4,14,0,0,0,0,0,0,0,0,0,0,0,0,0,False,18.9,993.8,1.1,2.0,-0.18,0,0.0,44.5,
kampala_elegu,737,368.5,368.75,32.170267913586216,3.0426954646141264,2,7,0,0,0,0,0,0,1,0,0,0,0,0,0,False,35.5,994.4,0.3,1.1,-0.16,0,0.0,44.5,
kampala_elegu,738,369.0,369.25,32.16954741620207,3.047159847374689,14,53,0,0,0,0,0,0,0,0,0,0,0,0,0,False,15.3,993.9,0.7,0.0,0.14,0,0.0,44.5,Pawel Pukumu
kampala_elegu,739,369.5,369.75,32.169017686420254,3.0516505243513423,31,53,0,0,0,0,0,0,0,0,0,0,0,0,0,False,13.4,994.3,0.8,0.3,0.1,0,0.0,44.5,Pawel Pukumu
kampala_elegu,740,370.0,370.25,32.168169801219314,3.056087829098523,9,62,2,0,0,2,0,0,0,0,0,0,0,0,0,False,5.8,999.2,7.9,-0.0,1.66,0,0.0,44.5,Pawel Pukumu
kampala_elegu,741,370.5,370.75,32.16724974134737,3.0605130516067787,120,144,4,0,0,2,0,0,3,0,0,0,0,0,0,False,6.4,1002.9,0.6,3.6,-0.63,0,0.0,44.5,Pawel Pukumu
kampala_elegu,742,371.0,371.25,32.16649837126468,3.0649719629920855,19,121,2,0,0,0,0,0,1,0,0,0,0,0,0,False,15.4,996.6,0.0,5.4,-1.13,0,0.0,44.5,Pawel Pukumu
kampala_elegu,743,371.5,371.75,32.16505708818711,3.069244553699756,7,50,0,0,0,0,0,0,0,0,0,0,0,0,0,False,20.1,992.8,0.0,3.1,-0.66,0,0.0,44.5,Pawel Pukumu
kampala_elegu,744,372.0,372.25,32.16292562718616,3.073226328954079,13,57,0,0,0,0,0,0,1,0,0,0,0,0,0,False,12.0,988.1,0.0,7.4,-1.57,0,0.0,44.5,Pawel Pukumu
kampala_elegu,745,372.5,372.75,32.16041556763438,3.0769719737012777,11,37,0,0,0,0,0,0,2,0,0,0,0,0,0,False,17.8,976.4,0.0,12.8,-2.7,0,0.0,44.5,Pawel
kampala_elegu,746,373.0,373.25,32.15853540441834,3.08093420911532,4,49,0,0,0,0,0,0,0,0,0,0,0,0,0,False,69.2,966.0,1.4,4.1,-0.58,0,0.0,44.5,Pawel
kampala_elegu,747,373.5,373.75,32.15844761792078,3.085451545181239,54,145,2,0,0,2,0,0,1,0,0,0,0,0,0,False,20.1,968.1,2.1,0.6,0.31,0,0.0,44.5,Pawel
kampala_elegu,748,374.0,374.25,32.15850590977291,3.089972384997823,74,204,2,0,0,2,0,0,3,0,0,0,0,0,0,False,29.5,967.8,0.8,4.0,-0.69,0,0.0,44.5,Pawel
kampala_elegu,749,374.5,374.75,32.15792782157691,3.0944492914803368,43,127,0,0,0,0,0,0,1,0,0,0,0,0,0,False,6.9,961.0,0.0,5.9,-1.23,0,0.0,44.5,Pawel
kampala_elegu,750,375.0,375.25,32.15712097710494,3.0988988382605447,15,50,0,0,0,0,0,0,0,0,0,0,0,0,0,False,14.1,956.5,0.0,4.9,-1.03,0,0.0,44.5,Pawel
kampala_elegu,751,375.5,375.75,32.15648039783188,3.1033708386889702,9,41,0,0,0,0,0,0,0,0,0,0,0,0,0,False,20.9,950.1,0.0,4.9,-1.03,0,0.0,44.5,Pawel
kampala_elegu,752,376.0,376.25,32.155869453327725,3.107848421459474,12,44,0,0,0,0,0,0,1,0,0,0,0,0,0,False,8.1,945.1,0.0,5.4,-1.14,0,0.0,44.5,
kampala_elegu,753,376.5,376.75,32.15524677804449,3.1123248462145394,22,74,0,0,0,0,0,0,1,0,0,0,0,0,0,False,24.8,937.8,0.0,7.5,-1.59,0,0.0,44.5,
kampala_elegu,754,377.0,377.25,32.155161393039705,3.1168438340599596,46,71,0,0,0,0,0,0,1,0,0,0,0,0,0,False,9.8,931.5,0.0,5.6,-1.19,0,0.0,44.5,
kampala_elegu,755,377.5,377.75,32.154881727941195,3.1213508231960927,2,36,0,0,0,0,0,0,1,0,0,0,0,0,0,False,17.1,926.8,0.0,4.4,-0.92,0,0.0,44.5,
kampala_elegu,756,378.0,378.25,32.154054823732416,3.1257955450473633,13,26,0,0,0,0,0,0,1,0,0,0,0,0,0,False,21.3,918.1,0.0,11.4,-2.4,0,0.0,44.5,
kampala_elegu,757,378.5,378.75,32.15410702840517,3.1303059600794034,1,7,0,0,0,0,0,0,0,0,0,0,0,0,0,False,16.4,905.4,0.0,12.2,-2.57,0,0.0,44.5,
kampala_elegu,758,379.0,379.25,32.15463350762078,3.134796721454522,5,8,0,0,0,0,0,0,0,0,0,0,0,0,0,False,10.6,895.0,0.0,6.5,-1.36,0,0.0,44.5,
kampala_elegu,759,379.5,379.75,32.15500638143749,3.139298409632896,7,17,0,0,0,0,0,0,1,0,0,0,0,0,0,False,26.9,890.0,0.0,4.3,-0.91,0,0.0,44.5,
kampala_elegu,760,380.0,380.25,32.15495174575839,3.1438156155729096,21,33,0,0,0,0,0,0,1,0,0,0,0,0,0,False,13.6,883.2,0.0,7.5,-1.58,0,0.0,44.5,
kampala_elegu,761,380.5,380.75,32.155301303753404,3.148324699958048,15,33,0,0,0,0,0,0,1,0,0,0,0,0,0,False,5.1,877.1,0.0,4.3,-0.91,0,0.0,44.5,
kampala_elegu,762,381.0,381.25,32.15586238837634,3.152805599860545,15,27,0,0,0,0,0,0,2,0,0,0,0,0,0,False,27.2,875.8,1.3,0.2,0.24,0,0.0,44.5,
kampala_elegu,763,381.5,381.75,32.15733959099345,3.15707630856593,0,23,0,0,0,0,0,0,0,0,0,0,0,0,0,False,5.6,874.9,0.7,2.0,-0.28,0,0.0,44.5,
kampala_elegu,764,382.0,382.25,32.15860900889679,3.161392917662421,6,19,0,0,0,0,0,0,0,0,0,0,0,0,0,False,35.5,875.1,1.0,2.5,-0.32,0,0.0,44.5,
kampala_elegu,765,382.5,382.75,32.15869374671933,3.165909973306696,33,43,1,0,0,0,0,0,2,0,0,0,0,0,0,False,23.2,869.9,0.0,6.7,-1.42,0,0.0,44.5,
kampala_elegu,766,383.0,383.25,32.158268299484014,3.1704110481122636,7,47,1,0,0,0,0,0,0,0,0,0,0,0,0,False,25.3,860.6,0.1,7.8,-1.61,0,0.0,44.5,
kampala_elegu,767,383.5,383.75,32.15819627533335,3.174932824141292,21,38,0,0,0,0,0,0,0,0,0,0,0,0,0,False,42.3,858.3,1.2,4.4,-0.67,0,0.0,44.5,Palukere West
kampala_elegu,768,384.0,384.25,32.15686347820232,3.1792365551814545,16,48,0,0,0,0,0,0,0,0,0,0,0,0,0,False,14.6,847.9,0.0,15.0,-3.16,0,0.0,44.5,Palukere West
kampala_elegu,769,384.5,384.75,32.155810207028544,3.1836242290877634,19,101,2,0,0,1,0,0,0,0,0,0,0,0,0,False,23.5,830.3,0.0,13.5,-2.85,0,0.0,44.5,Palukere West
kampala_elegu,770,385.0,385.25,32.154954282974856,3.188063982882701,42,98,2,0,0,1,0,0,2,0,0,0,0,0,0,False,33.5,819.0,0.0,9.4,-1.99,0,0.0,44.5,Palukere West
kampala_elegu,771,385.5,385.75,32.15402914344984,3.1924870007763197,6,20,0,0,0,0,0,0,0,0,0,0,0,0,0,False,21.2,809.4,0.0,8.8,-1.85,0,0.0,44.5,Palukere West
kampala_elegu,772,386.0,386.25,32.15252227959879,3.196747194124329,0,0,0,0,0,0,0,0,0,0,0,0,0,0,0,False,11.4,802.1,0.0,4.6,-0.96,0,0.0,44.5,Palukere West
kampala_elegu,773,386.5,386.75,32.15096818431139,3.2009914696291477,0,1,0,0,0,0,0,0,1,0,0,0,0,0,0,False,30.6,802.3,4.6,-0.0,0.97,0,0.0,44.5,Palukere West
kampala_elegu,774,387.0,387.25,32.14891034638903,3.2050025162313696,5,19,0,0,0,0,0,0,0,0,0,0,0,0,0,False,34.3,807.8,4.1,-0.0,0.87,0,0.0,44.5,Palukere West
kampala_elegu,775,387.5,387.75,32.146877019525206,3.2090367913402655,28,53,1,0,0,0,0,0,0,0,0,0,0,0,0,False,5.3,812.0,4.7,-0.0,0.98,0,0.0,44.5,
kampala_elegu,776,388.0,388.25,32.144857788445506,3.213078514413353,22,66,1,0,0,0,0,0,1,0,0,0,0,0,0,False,10.6,817.8,6.7,-0.0,1.42,0,0.0,44.5,Pawiro
kampala_elegu,777,388.5,388.75,32.14282110729197,3.2171111689647125,22,61,3,0,0,0,0,0,2,0,0,0,0,0,0,False,12.4,825.3,5.5,-0.0,1.17,0,0.0,44.5,Pawiro
kampala_elegu,778,389.0,389.25,32.140761430396026,3.2211320003465,29,89,3,0,0,0,0,0,2,0,0,0,0,0,0,False,7.4,826.4,0.3,2.3,-0.41,0,0.0,44.5,Pawiro
kampala_elegu,779,389.5,389.75,32.13874584785199,3.2251758181420733,27,123,0,0,0,2,0,0,0,0,0,0,0,0,0,False,14.7,825.7,1.1,0.2,0.18,0,0.0,44.5,Pawiro
kampala_elegu,780,390.0,390.25,32.136739605346754,3.2292222799583423,37,185,0,0,0,2,0,0,2,0,0,0,0,0,0,False,19.1,824.1,0.0,3.2,-0.67,0,0.0,44.5,Pawiro
kampala_elegu,781,390.5,390.75,32.13432473080744,3.233035166715886,70,184,0,0,0,0,0,0,1,0,0,0,0,0,0,False,13.5,822.2,0.0,2.0,-0.41,0,0.0,44.5,Pawiro
kampala_elegu,782,391.0,391.25,32.131562859606376,3.2366054527374137,22,149,0,0,0,0,0,0,1,0,0,0,0,0,0,False,7.6,817.3,0.0,5.1,-1.08,0,0.0,44.5,Pupwonya North Lc1
kampala_elegu,783,391.5,391.75,32.12864274750316,3.240042484231945,87,218,0,0,0,0,0,0,0,0,0,0,0,0,0,False,12.9,815.9,1.2,0.7,0.1,0,0.0,44.5,Pupwonya North Lc1
kampala_elegu,784,392.0,392.25,32.12566387718426,3.2434323328282173,106,251,0,0,0,0,0,0,5,0,0,0,0,0,0,False,37.4,816.1,0.6,0.7,-0.01,0,0.0,44.5,Pupwonya North Lc1
kampala_elegu,785,392.5,392.75,32.12311668972573,3.247119591071115,68,215,1,0,0,0,0,0,0,0,0,0,0,0,0,False,55.6,813.2,0.0,3.8,-0.81,0,0.0,44.5,Atiak
kampala_elegu,786,393.0,393.25,32.12133800970522,3.251271730210007,137,331,2,0,0,2,0,0,1,0,0,0,0,0,0,False,68.8,810.4,0.0,2.0,-0.42,0,0.0,37.1,Atiak
kampala_elegu,787,393.5,393.75,32.12148149077371,3.255625433558555,294,793,8,0,0,1,0,1,2,0,0,0,0,0,0,False,6.1,808.7,0.4,1.0,-0.14,0,0.0,37.1,Atiak
kampala_elegu,788,394.0,394.25,32.12254717534668,3.2600194105642486,279,807,7,0,0,5,0,1,2,0,0,0,0,0,0,False,22.3,811.1,3.7,0.0,0.77,0,0.0,37.1,Aciak
kampala_elegu,789,394.5,394.75,32.12307781442694,3.2644265358160456,125,426,1,0,0,4,0,1,1,0,0,0,0,0,0,False,48.8,811.3,0.0,3.2,-0.68,0,0.0,37.1,Kal West
kampala_elegu,790,395.0,395.25,32.12220745902416,3.268863982517587,78,293,0,0,0,0,0,1,1,0,0,0,0,0,0,False,5.4,810.0,2.6,0.4,0.46,0,0.0,37.1,Kal East Lc1
kampala_elegu,791,395.5,395.75,32.12163180566563,3.2733463879768436,20,130,0,0,0,0,0,0,1,0,0,0,0,0,0,False,11.5,812.0,2.6,0.5,0.45,0,0.0,37.1,Kal East Lc1
kampala_elegu,792,396.0,396.25,32.12112208269333,3.277827118735625,18,76,0,0,0,0,0,0,5,0,0,0,0,0,0,False,46.9,814.0,1.2,3.0,-0.36,0,0.0,37.1,Kal East Lc1
kampala_elegu,793,396.5,396.75,32.118947407636895,3.2817860238379666,28,161,0,0,0,0,0,0,3,0,0,0,0,0,0,False,8.4,807.5,0.0,8.1,-1.7,0,0.0,37.1,Kal East Lc1
kampala_elegu,794,397.0,397.25,32.11692621387091,3.2858225848759264,62,155,0,0,0,0,0,0,1,0,0,0,0,0,0,False,13.4,799.3,0.0,6.7,-1.41,0,0.0,37.1,
kampala_elegu,795,397.5,397.75,32.11525825874417,3.2900234037521834,37,97,0,0,0,0,0,0,4,0,0,0,0,0,0,False,3.3,794.2,0.0,3.4,-0.71,0,0.0,37.1,
kampala_elegu,796,398.0,398.25,32.11348557845301,3.294180612135905,27,129,0,0,0,0,0,0,5,0,0,0,0,0,0,False,0.2,791.4,0.0,3.1,-0.66,0,0.0,37.1,
kampala_elegu,797,398.5,398.75,32.111696371744294,3.298330698530822,52,150,0,0,0,0,0,0,4,0,0,0,0,0,0,False,3.0,787.3,0.0,4.0,-0.83,0,0.0,37.1,
kampala_elegu,798,399.0,399.25,32.110020060701686,3.3025206622173844,23,115,0,0,0,0,0,0,1,0,0,0,0,0,0,False,26.7,783.6,0.0,3.6,-0.75,0,0.0,37.1,Pacilo
kampala_elegu,799,399.5,399.75,32.10919133609578,3.3069662266436364,21,80,0,0,0,0,0,0,0,0,0,0,0,0,0,False,1.1,779.0,0.0,3.8,-0.8,0,0.0,37.1,Pacilo
kampala_elegu,800,400.0,400.25,32.10839296435454,3.3114174396541336,14,66,0,0,0,0,0,0,0,0,0,0,0,0,0,False,0.2,775.2,0.0,3.6,-0.76,0,0.0,37.1,Pacilo
kampala_elegu,801,400.5,400.75,32.107591714738504,3.3158681278693183,7,104,0,0,0,1,0,0,0,0,0,0,0,0,0,False,0.2,773.4,1.1,0.4,0.13,0,0.0,37.1,Pacilo
kampala_elegu,802,401.0,401.25,32.10678194053095,3.3203165958625336,52,191,1,0,0,1,0,0,0,0,0,0,0,0,0,False,24.3,774.3,0.5,0.0,0.1,0,0.0,37.1,Pacilo
kampala_elegu,803,401.5,401.75,32.10519875443444,3.3245352346405457,56,172,1,0,0,0,0,0,2,0,0,0,0,0,0,False,8.2,774.8,0.7,1.1,-0.08,0,0.0,37.1,Pacilo
kampala_elegu,804,402.0,402.25,32.103280433788704,3.3286266761309977,28,92,0,0,0,0,0,0,0,0,0,0,0,0,0,False,6.3,771.5,0.0,3.5,-0.73,0,0.0,37.1,Pacilo
kampala_elegu,805,402.5,402.75,32.10131146767485,3.33269314445996,21,47,0,0,0,0,0,0,0,0,0,0,0,0,0,False,1.0,769.5,0.1,2.0,-0.41,0,0.0,37.1,Pacilo East
kampala_elegu,806,403.0,403.25,32.099355100354764,3.3367663685246676,21,61,0,0,0,0,0,0,1,0,0,0,0,0,0,False,2.6,767.9,2.1,0.9,0.25,0,0.0,37.1,Pacilo East
kampala_elegu,807,403.5,403.75,32.097034447920755,3.340606492866509,47,145,0,0,0,0,0,0,1,0,0,0,0,0,0,False,35.5,769.9,0.9,0.1,0.19,0,0.0,37.1,Pacilo East
kampala_elegu,808,404.0,404.25,32.093972562854745,3.3439210962468873,120,221,1,0,0,0,0,0,2,0,0,0,0,0,0,False,0.4,769.0,0.0,2.7,-0.57,0,0.0,37.1,Pacilo East
kampala_elegu,809,404.5,404.75,32.09091132345913,3.347236470885747,60,156,1,0,0,0,0,0,2,0,0,0,0,0,0,False,0.2,765.0,0.0,4.9,-1.04,0,0.0,37.1,Pacilo East
kampala_elegu,810,405.0,405.25,32.08784197272345,3.3505442235927676,16,54,0,0,0,0,0,0,1,0,0,0,0,0,0,False,17.4,760.6,0.0,2.5,-0.52,0,0.0,37.1,Pacilo East
kampala_elegu,811,405.5,405.75,32.08538510173597,3.3542471319835974,21,62,0,0,0,0,0,0,2,0,0,0,0,0,0,False,44.2,758.6,0.2,1.3,-0.23,0,0.0,37.1,Pacilo East
kampala_elegu,812,406.0,406.25,32.08434227250514,3.3586469093109605,7,46,0,0,0,0,0,0,0,0,0,0,0,0,0,False,3.1,759.2,2.6,-0.0,0.55,0,0.0,37.1,Pacilo East
kampala_elegu,813,406.5,406.75,32.08326115946495,3.363037197540011,0,20,0,0,0,0,0,0,0,0,0,0,0,0,0,False,2.2,762.0,1.2,0.1,0.23,0,0.0,37.1,
kampala_elegu,814,407.0,407.25,32.08221760839807,3.3674368476316685,7,22,0,0,0,0,0,0,0,0,0,0,0,0,0,False,0.1,763.9,3.2,-0.0,0.66,0,0.0,37.1,
kampala_elegu,815,407.5,407.75,32.08116328311215,3.371833806418246,9,13,0,0,0,0,0,0,0,0,0,0,0,0,0,False,12.0,767.4,2.7,0.4,0.48,0,0.0,37.1,
kampala_elegu,816,408.0,408.25,32.0797018680824,3.376107883005472,3,13,0,0,0,0,0,0,0,0,0,0,0,0,0,False,3.0,766.8,0.0,2.5,-0.53,0,0.0,37.1,
kampala_elegu,817,408.5,408.75,32.078128270260116,3.380345271791559,0,15,0,0,0,0,0,0,0,0,0,0,0,0,0,False,8.5,762.2,0.0,5.6,-1.18,0,0.0,37.1,
kampala_elegu,818,409.0,409.25,32.07680745758309,3.3846661342389854,3,9,0,0,0,0,0,0,2,0,0,0,0,0,0,False,5.2,755.4,0.0,7.0,-1.47,0,0.0,37.1,
kampala_elegu,819,409.5,409.75,32.075713048952004,3.389053211773131,5,12,0,0,0,0,0,0,0,0,0,0,0,0,0,False,0.3,751.4,2.3,1.2,0.24,0,0.0,37.1,
kampala_elegu,820,410.0,410.25,32.07464150233864,3.393446054615691,3,7,0,0,0,0,0,0,0,0,0,0,0,0,0,False,0.0,752.0,0.1,3.1,-0.64,0,0.0,37.1,
kampala_elegu,821,410.5,410.75,32.07357024698598,3.3978389688988924,0,0,0,0,0,0,0,0,0,0,0,0,0,0,0,False,0.0,745.4,0.0,8.7,-1.84,0,0.0,37.1,
kampala_elegu,822,411.0,411.25,32.07249897685748,3.4022318789290686,0,6,0,0,0,0,0,0,0,0,0,0,0,0,0,False,0.0,742.5,3.7,-0.0,0.78,0,0.0,37.1,
kampala_elegu,823,411.5,411.75,32.07157806259757,3.4066479979461324,0,8,0,0,0,0,0,0,0,0,0,0,0,0,0,False,35.1,745.5,1.0,0.3,0.14,0,0.0,37.1,
kampala_elegu,824,412.0,412.25,32.07182966775521,3.4111619473651285,0,4,0,0,0,0,0,0,0,0,0,0,0,0,0,False,2.2,741.8,0.0,8.4,-1.77,0,0.0,37.1,
kampala_elegu,825,412.5,412.75,32.0718304262579,3.415672737445625,2,4,0,0,0,0,0,0,1,0,0,0,0,0,0,False,39.9,733.0,0.0,6.8,-1.44,0,0.0,37.1,
kampala_elegu,826,413.0,413.25,32.07049823352541,3.419990827719877,1,3,0,0,0,0,0,0,2,0,0,0,0,0,0,False,10.5,726.3,0.0,5.9,-1.24,0,0.0,37.1,
kampala_elegu,827,413.5,413.75,32.06926475679346,3.424340438449628,0,0,0,0,0,0,0,0,0,0,0,1,0,0,0,False,3.6,720.9,0.0,4.2,-0.88,0,0.0,37.1,
kampala_elegu,828,414.0,414.25,32.06790730267254,3.428651321649683,0,0,0,0,0,0,0,0,1,0,0,0,0,0,0,False,14.0,719.0,0.2,0.4,-0.04,0,0.0,37.1,Bibia East
kampala_elegu,829,414.5,414.75,32.06698608639156,3.4330618693346877,0,0,0,0,0,0,0,0,3,0,0,0,0,0,0,False,14.6,716.5,0.0,5.3,-1.12,0,0.0,37.1,Bibia East
kampala_elegu,830,415.0,415.25,32.066653825664034,3.4375724038881197,0,2,0,0,0,0,0,0,3,0,0,0,0,0,0,False,1.2,707.2,0.0,14.1,-2.96,0,0.0,37.1,Bibia East
kampala_elegu,831,415.5,415.75,32.06630255285555,3.442081467235534,3,4,0,0,0,0,0,0,2,0,0,0,0,0,0,False,2.6,693.3,0.0,8.0,-1.68,0,0.0,37.1,Bibia East
kampala_elegu,832,416.0,416.25,32.06598625334378,3.446590735373934,0,7,0,0,0,0,0,0,3,0,0,0,0,0,0,False,21.5,685.7,0.0,8.6,-1.8,0,0.0,37.1,Bibia East
kampala_elegu,833,416.5,416.75,32.06626858908733,3.45110339814915,2,31,0,0,0,0,0,0,1,0,0,0,0,0,0,False,14.5,680.1,1.6,1.3,0.06,0,0.0,37.1,Bibia East
kampala_elegu,834,417.0,417.25,32.06662145034332,3.455611897798161,5,21,0,0,0,0,0,0,1,0,0,0,0,0,0,False,16.9,681.2,0.2,0.2,0.01,0,0.0,37.1,Bibia East
kampala_elegu,835,417.5,417.75,32.066966390883174,3.460121044929121,0,7,0,0,0,0,0,0,0,0,0,0,0,0,0,False,17.1,683.3,3.6,-0.0,0.76,0,0.0,37.1,Bibia
kampala_elegu,836,418.0,418.25,32.06723702983465,3.4646341666637435,2,35,0,0,0,0,0,0,2,0,0,0,0,0,0,False,1.3,686.7,2.8,0.3,0.52,0,0.0,37.1,Bibia
kampala_elegu,837,418.5,418.75,32.067597581569366,3.4691415871711615,30,173,2,0,0,2,0,0,1,0,0,0,0,0,0,False,11.2,687.7,2.9,0.5,0.51,0,0.0,37.1,Bibia
kampala_elegu,838,419.0,419.25,32.06798542579437,3.473646761944695,147,506,3,0,0,2,0,1,4,0,0,0,0,0,0,False,44.1,691.4,1.7,0.8,0.17,0,0.0,37.1,Bibia
kampala_elegu,839,419.5,419.75,32.069613458304204,3.4778227288356645,43,332,0,0,0,1,0,0,7,0,0,0,0,0,0,False,55.8,688.8,0.0,4.1,-0.86,0,0.0,37.1,Bibia West
kampala_elegu,840,420.0,420.25,32.07017796371826,3.482283590717199,0,7,0,0,0,0,0,0,0,0,0,0,0,0,0,False,29.7,683.7,0.0,4.7,-0.99,0,0.0,37.1,Bibia West
kampala_elegu,841,420.5,420.75,32.07088078892334,3.4867112122519477,0,5,0,0,0,0,0,0,2,0,0,0,0,0,0,False,107.7,679.5,0.1,2.1,-0.43,0,0.0,37.1,Bibia West
kampala_elegu,842,421.0,421.25,32.07363441907355,3.49024322405504,0,2,0,0,0,2,0,0,0,0,0,0,0,0,0,False,1.8,676.4,0.0,5.2,-1.09,0,0.0,37.1,Bibia West
kampala_elegu,843,421.5,421.75,32.07670190085856,3.4935528864572944,20,35,0,0,0,2,0,0,5,0,0,0,0,0,0,False,40.4,674.7,1.4,0.7,0.16,0,0.0,37.1,
kampala_elegu,844,422.0,422.25,32.0781822817093,3.497631933427701,20,38,0,0,0,0,0,0,4,0,0,0,0,0,0,False,37.2,670.7,0.0,8.2,-1.73,0,0.0,37.1,
kampala_elegu,845,422.5,422.75,32.07817946734742,3.502154799779546,32,104,0,0,0,1,0,0,0,0,0,0,0,0,0,False,0.0,662.5,0.0,6.7,-1.4,0,0.0,31.6,
kampala_elegu,846,423.0,423.25,32.0781646798764,3.5066776749634325,111,282,0,0,0,1,0,0,0,0,0,0,0,0,0,False,0.6,654.9,0.0,7.1,-1.48,0,0.0,31.6,
kampala_elegu,847,423.5,423.75,32.07815368018216,3.511200551612228,110,321,0,0,0,0,0,0,0,0,0,0,0,0,0,False,0.8,647.3,0.0,7.5,-1.58,0,0.0,31.6,
kampala_elegu,848,424.0,424.25,32.07816081514643,3.5157234445203036,58,146,0,0,0,0,0,0,2,0,0,0,0,0,0,False,0.7,637.7,0.0,8.3,-1.75,0,0.0,31.6,
kampala_elegu,849,424.5,424.75,32.078155791179306,3.520246304257579,10,54,0,0,0,0,0,0,4,0,0,0,0,0,0,False,3.9,634.2,0.2,0.8,-0.13,0,0.0,31.6,
kampala_elegu,850,425.0,425.25,32.07814482799138,3.524769186345105,18,48,0,0,0,0,0,0,2,0,0,0,0,0,0,False,5.1,633.8,0.1,0.5,-0.07,0,0.0,31.6,
kampala_elegu,851,425.5,425.75,32.07781228399256,3.529260634365292,15,30,0,0,0,0,0,0,0,0,0,0,0,0,0,False,29.6,633.6,0.1,0.4,-0.06,0,0.0,31.6,Bibia West Lc1
kampala_elegu,852,426.0,426.25,32.07682532927454,3.533673008272223,3,7,0,0,0,0,0,0,1,0,0,0,0,0,0,False,4.4,633.1,0.1,0.4,-0.06,0,0.0,31.6,Bibia West Lc1
kampala_elegu,853,426.5,426.75,32.07587858064092,3.538094663095351,1,4,0,0,0,0,0,0,1,0,0,0,0,0,0,False,0.0,631.9,0.0,1.9,-0.39,0,0.0,31.6,Bibia West Lc1
kampala_elegu,854,427.0,427.25,32.074912096397156,3.542512065588889,3,4,0,0,0,0,0,0,4,0,0,0,0,0,0,False,1.8,630.0,0.0,1.2,-0.25,0,0.0,31.6,Bibia West Lc1
kampala_elegu,855,427.5,427.75,32.07395458135014,3.5469313999300693,3,3,0,0,0,0,0,0,4,0,0,0,0,0,0,False,9.9,628.4,0.0,1.7,-0.36,0,0.0,31.6,Bibia West Lc1
kampala_elegu,856,428.0,428.25,32.07339695512904,3.5514101230941595,9,42,0,0,0,0,0,0,0,0,0,0,0,0,0,False,23.2,627.3,0.2,0.6,-0.09,0,0.0,31.6,Bibia West Lc1
kampala_elegu,857,428.5,428.75,32.07282135312589,3.5558916438231605,95,487,0,0,0,0,0,0,2,0,0,0,0,0,0,False,14.3,626.4,0.0,1.5,-0.31,0,0.0,31.6,Bibia West Lc1
kampala_elegu,858,429.0,429.25,32.07202458755706,3.5603422181052604,430,1493,3,1,0,0,0,0,0,0,0,0,0,0,0,False,0.8,625.5,0.0,1.0,-0.21,0,0.0,31.6,Bibia West Lc1
kampala_elegu,859,429.5,429.75,32.071238829832964,3.5647954149758783,375,1565,6,1,0,0,0,1,1,0,0,0,0,2,0,False,30.4,624.2,0.5,0.8,-0.08,0,0.0,31.6,
kampala_elegu,860,430.0,430.25,32.07168456526116,3.5691708920636454,131,569,2,0,0,0,0,4,0,0,0,0,0,0,0,False,107.2,624.1,0.0,0.4,-0.08,0,0.0,31.6,
kampala_elegu,861,430.5,430.65911696159094,32.07415493545879,3.5719034768248057,207,934,0,0,0,0,0,3,3,0,0,0,0,1,0,False,147.4,625.2,2.0,-0.0,0.68,1,0.0,31.6,
kampala_katuna,0,0.0,0.25,32.56333945343148,0.2983284792295691,242,891,2,0,0,5,0,0,4,0,0,0,0,0,0,False,134.6,1183.7,0.0,11.8,-2.49,0,0.0,44.0,Spier Zone
kampala_katuna,1,0.5,0.75,32.564506408609866,0.29445038776896515,342,1736,11,0,2,7,0,1,6,0,0,0,0,0,0,False,364.5,1175.0,0.0,7.9,-1.66,0,0.0,44.0,Mutaawe Zone
kampala_katuna,2,1.0,1.25,32.56094445860319,0.29387710606051703,427,1983,10,0,4,5,0,0,12,0,0,0,0,0,0,False,30.1,1170.7,0.7,0.8,-0.02,1,0.0,44.0,Nsiike I Zone
kampala_katuna,3,1.5,1.75,32.556491742384246,0.29425708775774706,252,1460,7,0,3,1,0,1,9,0,0,0,0,0,0,False,70.0,1178.2,13.3,-0.0,2.8,1,0.0,44.0,Nabuny zone A
kampala_katuna,4,2.0,2.25,32.55202992110115,0.2943504796877642,317,1366,6,0,1,1,0,8,10,0,0,0,0,0,0,True,98.3,1186.5,3.8,-0.0,0.81,0,0.0,44.0,Kabusu (zone)
kampala_katuna,5,2.5,2.75,32.54764468123609,0.2953035808668417,337,1720,3,0,2,0,0,2,12,0,0,0,0,0,0,False,22.7,1182.8,0.0,16.0,-3.37,0,0.0,44.0,Kabusu
kampala_katuna,6,3.0,3.25,32.54328711077461,0.2964067696784338,478,2169,102,0,4,0,1,1,21,0,0,0,0,0,0,False,9.0,1166.5,0.0,7.1,-1.49,0,0.0,44.0,Nalukolongo
kampala_katuna,7,3.5,3.75,32.53893154085196,0.2975172627616412,498,2643,109,0,3,1,0,0,21,0,0,0,0,0,0,False,12.8,1162.8,0.5,1.7,-0.24,1,0.0,44.0,Musoke Zone
kampala_katuna,8,4.0,4.25,32.53462131152376,0.2987717141321073,565,2605,78,1,2,1,1,2,9,0,0,0,0,0,0,False,28.1,1163.5,1.3,1.7,-0.09,0,0.0,44.0,Natete Central C Zone
kampala_katuna,9,4.5,4.75,32.53047768689085,0.30052038081036775,481,2310,80,1,0,1,1,1,8,0,0,0,0,1,0,False,14.7,1161.4,0.0,1.6,-0.34,0,0.0,44.0,Natete Central B Zone
kampala_katuna,10,5.0,5.25,32.52633735223383,0.3022763878420229,353,2050,32,0,1,0,0,0,13,0,0,0,0,0,0,False,13.4,1166.8,13.2,-0.0,2.77,0,0.0,44.0,Kitaka
kampala_katuna,11,5.5,5.75,32.5222067916403,0.3040562329789496,426,2191,19,0,1,0,0,1,10,0,0,0,0,0,0,False,8.9,1175.6,1.7,2.3,-0.11,0,0.0,44.0,Kitaka Zone
kampala_katuna,12,6.0,6.25,32.5181509537284,0.30599786579240407,476,1916,43,2,0,1,0,2,9,0,0,0,0,0,0,False,110.2,1173.1,0.1,3.8,-0.78,0,0.0,44.0,Kigwanya
kampala_katuna,13,6.5,6.75,32.514372224384296,0.3048708069387279,129,795,25,2,0,1,0,1,3,0,0,0,0,0,0,False,20.1,1160.3,0.4,12.1,-2.47,0,0.66,44.0,Busega
kampala_katuna,14,7.0,7.25,32.51101629844727,0.3018632258630456,48,572,1,0,0,1,0,4,1,0,0,0,0,0,0,False,14.1,1160.0,5.7,-0.0,1.2,0,0.78,44.0,Nkokonjeru A
kampala_katuna,15,7.5,7.75,32.50763963954444,0.2988804692219277,321,1497,1,0,2,1,0,0,18,0,0,0,0,0,0,False,38.6,1167.6,6.2,-0.0,1.31,0,0.0,44.0,Nkokonjeru
kampala_katuna,16,8.0,8.25,32.50430157160625,0.2958554113986787,574,1997,0,0,1,0,0,0,11,0,0,0,0,0,0,False,42.2,1173.7,5.6,-0.0,1.18,0,0.0,44.0,Kyengera
kampala_katuna,17,8.5,8.75,32.50138089741795,0.29244609893829326,622,2401,10,0,1,0,0,1,7,0,0,0,0,0,0,True,155.6,1180.8,6.3,1.1,1.1,0,0.0,44.0,Central(kyengera)
kampala_katuna,18,9.0,9.25,32.49808612190972,0.28975883625773713,527,2534,5,0,1,0,0,0,6,0,0,0,0,0,0,False,159.9,1172.2,0.0,15.1,-3.18,0,0.0,40.6,Mugongo
kampala_katuna,19,9.5,9.75,32.49555154723694,0.286424426284016,402,1777,1,0,0,0,0,0,10,0,0,0,0,0,0,False,84.4,1162.8,0.0,7.1,-1.5,0,0.07,40.6,Wakimese
kampala_katuna,20,10.0,10.25,32.49127144192539,0.2850994759497676,212,1046,0,0,1,0,0,0,6,0,0,0,0,0,0,False,66.6,1161.6,8.7,0.1,1.81,2,0.36,40.6,Wakimese
kampala_katuna,21,10.5,10.75,32.48703383512889,0.2842664524677373,216,868,1,0,1,1,0,1,7,0,0,0,0,0,0,False,97.5,1166.6,1.3,6.2,-1.03,1,0.0,40.6,Kiyanja
kampala_katuna,22,11.0,11.25,32.4836571539327,0.2812838018175847,125,952,0,0,0,1,0,0,9,0,0,0,0,0,0,False,42.4,1167.4,12.8,-0.0,2.69,1,0.0,40.6,Kiyanja
kampala_katuna,23,11.5,11.75,32.480231142883184,0.2785683733035386,522,1985,2,0,2,0,0,0,10,0,0,0,0,0,0,False,174.8,1188.1,19.8,-0.0,4.17,0,0.0,40.6,Tega
kampala_katuna,24,12.0,12.25,32.47585777894684,0.27815756859811397,581,2396,2,0,3,0,0,0,7,0,0,0,0,0,0,False,84.3,1202.3,13.9,-0.0,2.93,0,0.0,40.6,Nabbingo
kampala_katuna,25,12.5,12.75,32.47154856682891,0.2793946064630725,332,1552,0,0,1,0,1,1,4,1,0,0,0,0,0,False,140.3,1213.8,4.7,-0.0,0.98,0,0.0,40.6,Namagoma B
kampala_katuna,26,13.0,13.25,32.4683473655043,0.2765854108146693,350,1700,0,0,0,1,1,0,4,2,0,0,0,0,0,False,69.8,1212.5,0.0,8.0,-1.68,0,0.0,40.6,Kitemu Central
kampala_katuna,27,13.5,13.75,32.466067344588446,0.2728349589757033,706,2100,1,0,2,2,0,2,11,1,0,0,0,0,0,False,114.8,1202.6,0.0,11.9,-2.5,0,0.0,40.6,Kitemu
kampala_katuna,28,14.0,14.25,32.462078327775174,0.2720684636633315,469,1809,1,0,3,2,0,1,8,0,0,0,0,0,0,False,137.4,1201.8,7.3,-0.0,1.53,0,0.0,40.6,Mukono
kampala_katuna,29,14.5,14.75,32.45939368493775,0.2756739892801764,302,1518,0,0,2,1,0,0,6,0,0,0,0,0,0,False,36.1,1209.4,8.3,-0.0,1.75,0,0.0,40.6,Nsangi
kampala_katuna,30,15.0,15.25,32.45772765408068,0.2798728590972364,397,1514,22,0,3,2,0,0,9,0,0,0,0,0,0,False,44.9,1212.1,0.4,1.1,-0.16,0,0.0,40.6,Nsangi
kampala_katuna,31,15.5,15.75,32.45565190145022,0.28382372100689424,582,1636,22,0,3,1,0,2,5,0,0,0,0,0,0,False,193.8,1212.0,2.5,1.1,0.29,0,0.0,40.6,Nakatema
kampala_katuna,32,16.0,16.25,32.45191534191479,0.2824922090257551,367,1384,0,0,2,0,0,1,7,1,0,0,0,0,0,False,101.9,1208.9,0.0,11.4,-2.41,0,0.0,40.6,Nsangi
kampala_katuna,33,16.5,16.75,32.448117042673736,0.28011531077139756,371,1275,0,0,1,0,0,0,7,0,0,0,0,0,0,False,41.8,1191.0,0.0,21.0,-4.43,0,0.0,40.6,Buwaali
kampala_katuna,34,17.0,17.25,32.44458919972508,0.2773675955026535,231,897,0,0,0,0,0,0,5,0,0,0,0,0,0,False,16.0,1166.2,0.0,20.4,-4.3,0,0.29,40.6,Buwaali
kampala_katuna,35,17.5,17.75,32.44083425775993,0.27492110158015215,55,274,0,0,0,1,0,0,3,0,0,0,0,0,0,False,68.1,1161.0,11.5,0.0,2.42,0,0.49,40.6,Mpiringisa
kampala_katuna,36,18.0,18.25,32.43878314845883,0.27090849893164554,303,791,1,0,0,2,0,0,5,0,0,0,0,0,0,False,43.1,1172.0,9.4,-0.0,1.97,0,0.0,40.6,Mpiringisa
kampala_katuna,37,18.5,18.75,32.435650790903544,0.26776741998873754,428,1175,1,0,1,1,0,1,11,0,0,0,0,0,0,False,40.2,1194.7,25.1,-0.0,5.28,0,0.0,40.6,Mpiringisa
kampala_katuna,38,19.0,19.25,32.431628547142786,0.26575250483854884,341,1337,0,0,2,1,0,0,6,0,0,0,0,0,0,False,1.9,1199.5,0.0,12.8,-2.7,0,0.0,40.6,Bujaasi
kampala_katuna,39,19.5,19.75,32.427594898351714,0.26375974268922564,312,1091,0,0,1,0,0,0,7,0,0,0,0,0,0,False,7.2,1193.4,2.1,4.4,-0.48,0,0.0,40.6,Bujaasi
kampala_katuna,40,20.0,20.25,32.42356214942059,0.26176532349491277,41,405,0,0,0,0,0,0,2,0,0,0,0,0,0,False,4.2,1172.4,0.0,30.5,-6.43,0,0.0,40.6,Bujaasi
kampala_katuna,41,20.5,20.75,32.41942541315766,0.2600166925200855,3,13,0,0,0,0,0,0,1,0,0,0,0,0,0,False,6.7,1158.6,0.4,0.2,0.05,0,0.66,40.6,Bujaasi
kampala_katuna,42,21.0,21.25,32.41517669194045,0.2585452221729993,14,224,0,0,1,0,0,0,3,0,0,0,0,0,0,False,47.3,1158.9,2.1,0.5,0.33,0,0.56,40.6,Nakirebe
kampala_katuna,43,21.5,21.75,32.410730745378494,0.25845413694520464,227,691,0,0,1,0,0,0,5,0,0,0,0,0,0,False,20.0,1171.3,15.3,-0.0,3.21,0,0.0,40.6,Nakirebe
kampala_katuna,44,22.0,22.25,32.40626188712638,0.25861252585037253,347,1014,0,0,1,0,0,0,12,0,0,0,0,0,0,False,60.0,1177.7,3.6,0.0,0.75,0,0.0,40.6,Nakirebe
kampala_katuna,45,22.5,22.75,32.4021635649896,0.2567917002055111,617,1493,0,0,1,1,0,0,9,0,0,0,0,0,0,False,29.7,1184.1,6.1,0.7,1.14,0,0.0,40.6,Kataba
kampala_katuna,46,23.0,23.25,32.398651672099135,0.25399398274159146,345,1118,0,0,1,3,0,0,4,0,0,0,0,0,0,False,42.1,1181.0,0.0,12.0,-2.53,0,0.0,40.6,Kataba
kampala_katuna,47,23.5,23.75,32.39491897869807,0.25165925690163665,4,195,0,0,0,1,0,0,5,0,0,0,0,0,0,False,46.6,1168.7,0.5,4.8,-0.89,0,0.0,40.6,Kataba
kampala_katuna,48,24.0,24.25,32.39067704872822,0.25016932674820874,96,223,0,0,1,0,0,0,2,0,0,0,0,0,0,False,15.4,1172.7,10.3,-0.0,2.17,0,0.0,40.6,Kataba
kampala_katuna,49,24.5,24.75,32.38643679299983,0.24869206870178542,127,521,0,0,1,0,0,0,1,0,0,0,0,0,0,False,61.6,1177.0,5.6,3.6,0.43,0,0.0,48.3,Kiwamirembe
kampala_katuna,50,25.0,25.25,32.382832043839684,0.24615806421499087,222,949,0,0,0,0,0,0,2,0,0,0,0,0,0,False,38.5,1197.1,28.9,-0.0,6.09,0,0.0,48.3,Kiwamirembe
kampala_katuna,51,25.5,25.75,32.37913340929832,0.24398912642772264,278,924,0,0,0,2,0,1,2,0,0,0,0,0,0,False,64.6,1226.9,19.8,0.7,4.02,0,0.0,48.3,Katende
kampala_katuna,52,26.0,26.25,32.374662710124525,0.24354314370785646,80,413,0,0,0,2,0,0,3,0,0,0,0,0,0,False,6.5,1214.0,0.0,35.4,-7.46,0,0.0,48.3,Katende
kampala_katuna,53,26.5,26.75,32.37018996639164,0.24311475842493876,153,711,0,0,0,0,0,0,4,0,0,0,0,0,0,False,10.8,1182.8,1.6,14.8,-2.78,0,0.0,48.3,Katende
kampala_katuna,54,27.0,27.25,32.365723912469704,0.24263457943800698,338,881,0,0,0,0,0,0,5,0,0,0,0,0,0,False,18.0,1180.9,2.2,11.6,-1.97,0,0.0,48.3,Kavule
kampala_katuna,55,27.5,27.75,32.3612539638568,0.24218467055629425,49,401,0,0,0,0,0,0,2,0,0,0,0,0,0,False,7.1,1159.0,0.0,16.3,-3.42,0,0.34,48.3,Kavule
kampala_katuna,56,28.0,28.25,32.35678302321693,0.24173567393639983,1,15,0,0,0,0,0,0,0,0,0,0,0,0,0,False,0.0,1154.0,0.5,1.0,-0.1,0,1.0,48.3,Lungala
kampala_katuna,57,28.5,28.75,32.352313384432236,0.24127780249672978,28,104,0,0,0,0,0,0,1,0,0,0,0,0,0,False,58.5,1165.2,27.0,-0.0,5.69,0,0.19,48.3,Lungala
kampala_katuna,58,29.0,29.25,32.34880339994348,0.2387304098859393,135,388,0,0,0,2,0,0,3,0,0,0,0,0,0,False,70.0,1186.4,6.3,1.0,1.12,0,0.0,48.3,Lungala
kampala_katuna,59,29.5,29.75,32.347109061843454,0.23454386840532482,141,394,0,0,0,2,0,0,3,0,0,0,0,0,0,False,5.9,1186.9,0.0,3.7,-0.78,0,0.0,48.3,Lungala
kampala_katuna,60,30.0,30.25,32.34527618946086,0.23041716731672165,45,161,0,0,0,1,0,0,2,0,0,0,0,0,0,False,32.8,1176.9,0.0,16.7,-3.52,0,0.13,48.3,Nkonge
kampala_katuna,61,30.5,30.75,32.34246599486617,0.22696442157565846,28,249,0,0,0,0,0,0,1,0,0,0,0,0,0,False,26.7,1164.1,5.0,3.7,0.26,0,1.0,48.3,Ggala
kampala_katuna,62,31.0,31.25,32.33890834834577,0.22421828228151103,101,339,0,0,2,0,0,0,2,0,0,0,0,0,0,False,40.5,1178.6,17.8,-0.0,3.74,0,0.02,48.3,Ggala
kampala_katuna,63,31.5,31.75,32.33543045493182,0.22137091658475888,145,621,0,0,2,1,0,2,1,0,0,0,0,0,0,False,44.1,1194.0,16.3,-0.0,3.44,0,0.0,48.3,Police Centre
kampala_katuna,64,32.0,32.25,32.33215184169688,0.2183399085473086,149,799,0,0,0,2,0,2,2,0,0,0,0,0,0,False,81.0,1213.0,11.1,3.7,1.55,0,0.0,48.3,Police Centre
kampala_katuna,65,32.5,32.75,32.328396315552865,0.21588593436282583,98,548,0,0,0,1,0,0,4,0,0,0,0,0,0,False,89.2,1190.4,0.0,38.9,-8.18,0,0.0,48.3,Police Centre
kampala_katuna,66,33.0,33.25,32.32465682886437,0.21337838257393407,48,243,1,0,0,1,0,0,1,0,0,0,0,0,0,False,2.7,1175.1,16.6,1.3,3.23,0,0.0,48.3,Mawonve
kampala_katuna,67,33.5,33.75,32.32092750116852,0.21085574433825627,107,446,1,0,0,0,0,0,3,0,0,0,0,0,0,False,10.8,1195.6,14.4,-0.0,3.03,0,0.0,48.3,Kalagala
kampala_katuna,68,34.0,34.25,32.31718152277739,0.20835822701808704,248,902,0,0,0,1,0,0,2,0,0,0,0,0,0,False,6.2,1200.2,0.3,4.7,-0.93,0,0.0,48.3,Kalagala
kampala_katuna,69,34.5,34.75,32.31336095622975,0.2059810132743592,195,729,0,0,0,1,0,0,5,0,0,0,0,0,0,False,31.1,1187.3,0.0,21.0,-4.42,0,0.0,48.3,Kalagala
kampala_katuna,70,35.0,35.25,32.30945090056984,0.2037579787420692,9,170,0,0,0,1,0,0,1,0,0,0,0,0,0,False,35.9,1168.2,7.0,8.7,-0.37,0,0.0,48.3,Kalagala
kampala_katuna,71,35.5,35.75,32.30518220021464,0.20269255696875405,33,137,0,0,2,0,0,0,2,0,0,0,0,0,0,False,156.2,1187.2,28.3,-0.0,5.95,0,0.0,48.3,Nakigudde
kampala_katuna,72,36.0,36.25,32.301040246907085,0.20135613242713132,66,185,0,0,1,1,0,0,1,0,0,0,0,0,0,False,194.5,1209.2,8.0,5.1,0.62,0,0.0,48.3,Nakigudde
kampala_katuna,73,36.5,36.75,32.29851015023119,0.19766165885678638,89,161,0,0,0,1,0,0,0,0,0,0,0,0,0,False,1.9,1205.7,0.1,3.8,-0.78,0,0.0,48.3,Mpambire
kampala_katuna,74,37.0,37.25,32.29615350959473,0.19381057922069936,210,477,0,0,1,1,0,0,3,0,0,0,0,0,0,False,7.7,1197.3,0.0,7.8,-1.65,0,0.0,48.3,Mpambire
kampala_katuna,75,37.5,37.75,32.29354212239985,0.1901468606262254,184,468,0,0,1,1,0,0,2,0,0,0,0,0,0,False,69.0,1183.8,0.0,23.7,-5.0,0,0.0,48.3,Mpambire
kampala_katuna,76,38.0,38.25,32.290061602339144,0.18729279319876846,13,97,0,0,0,0,0,0,1,0,0,0,0,0,0,False,6.2,1155.3,0.0,19.5,-4.11,0,0.88,48.3,Mpambire
kampala_katuna,77,38.5,38.75,32.286505739075714,0.18452778748333137,0,6,0,0,0,0,0,0,0,0,0,0,0,0,0,False,0.0,1148.7,0.7,0.1,0.11,1,1.0,48.3,Nambi
kampala_katuna,78,39.0,39.25,32.282947965727175,0.18176530359531573,2,43,0,0,0,0,0,0,1,0,0,0,0,0,0,False,1.1,1160.5,26.4,-0.0,5.56,0,0.43,48.3,Nambi
kampala_katuna,79,39.5,39.75,32.27942840203819,0.17895829300713717,44,81,0,0,0,0,0,0,6,0,0,0,0,0,0,False,15.8,1176.6,1.7,5.8,-0.86,0,0.0,48.3,Bubuule
kampala_katuna,80,40.0,40.25,32.276141924468945,0.17587429137421015,50,126,0,0,0,0,0,0,1,0,0,1,0,0,0,False,3.6,1173.2,4.4,0.5,0.82,0,0.0,48.3,Bubuule
kampala_katuna,81,40.5,40.75,32.27256104711992,0.17323702745853825,56,127,0,0,0,0,0,0,2,0,0,0,0,0,0,False,72.4,1179.2,4.2,5.5,-0.29,0,0.0,48.3,Kabira
kampala_katuna,82,41.0,41.25,32.26812106610917,0.17255478194277027,99,224,0,0,0,0,0,0,1,0,0,0,0,0,0,False,17.8,1172.0,11.4,5.1,1.33,0,0.0,48.3,Kabira
kampala_katuna,83,41.5,41.75,32.263674903934586,0.17190677230600385,98,280,0,0,0,0,0,0,2,0,0,0,0,0,0,False,58.0,1194.4,18.5,1.6,3.55,0,0.0,48.3,Kwaba Kabira
kampala_katuna,84,42.0,42.25,32.260090462169295,0.1696033770001116,108,232,0,0,1,0,0,0,1,0,0,0,0,0,0,False,74.8,1183.5,0.0,27.0,-5.69,0,0.0,48.3,Kwaba Kabira
kampala_katuna,85,42.5,42.75,32.25713965777194,0.16621077637686826,17,161,0,0,1,0,0,0,2,0,0,0,0,0,0,False,71.7,1156.9,0.0,20.4,-4.3,0,0.48,48.3,Kwaba Kabira
kampala_katuna,86,43.0,43.25,32.252907598292914,0.16473984061960362,0,18,0,0,0,0,0,0,0,0,0,0,0,0,0,False,3.4,1147.3,0.1,0.9,-0.16,0,1.0,48.3,Butenga
kampala_katuna,87,43.5,43.75,32.24856555724408,0.16357760669613475,3,20,0,0,0,0,0,1,0,0,0,0,0,0,0,False,3.2,1146.8,0.9,0.7,0.04,0,1.0,41.8,Butenga
kampala_katuna,88,44.0,44.25,32.24417281642679,0.16303878254729418,35,138,0,0,0,1,0,0,1,0,0,0,0,0,0,False,47.3,1162.1,27.3,-0.0,5.75,0,0.31,41.8,Butenga
kampala_katuna,89,44.5,44.75,32.239756696383154,0.16387017655937794,59,185,0,0,0,1,0,0,1,0,0,0,0,0,0,False,51.5,1173.8,3.5,10.6,-1.51,0,0.0,41.8,Butenga
kampala_katuna,90,45.0,45.25,32.23549476217833,0.16277841765635698,58,249,0,0,0,0,0,0,1,0,0,0,0,0,0,False,8.9,1181.9,25.7,-0.0,5.4,0,0.0,41.8,Kanyike
kampala_katuna,91,45.5,45.75,32.23148494080293,0.16075386626714375,197,844,0,0,0,1,0,0,3,0,0,0,0,0,0,False,104.6,1196.7,2.3,5.7,-0.7,0,0.0,41.8,Kanyike
kampala_katuna,92,46.0,46.25,32.22996928325353,0.15661616062254652,344,1028,0,0,0,1,0,0,5,0,0,0,0,0,0,False,87.8,1201.5,13.9,0.6,2.8,0,0.0,41.8,Kikunyu
kampala_katuna,93,46.5,46.75,32.22784417215837,0.152713144213917,167,748,0,0,0,3,0,0,5,0,0,0,0,0,0,False,23.0,1201.6,0.0,10.0,-2.1,0,0.0,41.8,Kikunyu B
kampala_katuna,94,47.0,47.25,32.22542261745186,0.1489033618713601,326,852,0,0,0,4,0,0,1,0,0,0,0,0,0,False,13.6,1201.6,11.2,-0.0,2.35,0,0.0,41.8,Kamengo B
kampala_katuna,95,47.5,47.75,32.22332116161977,0.14490852235769847,264,981,0,0,0,1,0,1,0,0,0,0,0,0,0,False,2.7,1207.4,2.1,10.9,-1.85,0,0.0,41.8,Kamengo B
kampala_katuna,96,48.0,48.25,32.22133671109732,0.14085077362527995,124,563,0,0,0,0,0,0,1,0,0,0,0,0,0,False,75.4,1190.9,0.0,14.1,-2.97,0,0.0,41.8,Bwamulamira
kampala_katuna,97,48.5,48.75,32.21804603971093,0.13785013534524498,89,243,0,0,0,0,0,0,1,0,0,0,0,0,0,False,1.0,1185.9,2.5,0.1,0.51,0,0.0,41.8,Bwamulamira
kampala_katuna,98,49.0,49.25,32.21438466162529,0.13522998001902609,61,125,0,0,0,0,0,0,1,0,0,0,0,0,0,False,14.2,1186.9,0.5,2.3,-0.37,0,0.0,41.8,Nabbuzi
kampala_katuna,99,49.5,49.75,32.210574221869976,0.13283364361577352,89,209,0,0,0,1,0,0,1,0,0,0,0,0,0,False,4.6,1185.4,0.2,0.3,-0.03,0,0.0,41.8,Nabbuzi
kampala_katuna,100,50.0,50.25,32.206715576242686,0.13052886922708554,80,190,0,0,0,1,0,1,0,0,0,0,0,0,0,False,40.2,1180.9,0.0,10.8,-2.27,0,0.03,41.8,Nabbuzi
kampala_katuna,101,50.5,50.75,32.20295257421908,0.12812903258116873,3,48,0,0,0,0,0,0,0,0,0,0,0,0,0,False,43.4,1167.0,1.4,9.6,-1.71,0,1.0,41.8,Nabbuzi
kampala_katuna,102,51.0,51.25,32.19933464618189,0.12544769082487717,0,0,0,0,0,0,0,0,0,0,0,0,0,0,0,False,24.8,1155.7,0.2,17.5,-3.65,0,1.0,41.8,Budde - Kiyonsa
kampala_katuna,103,51.5,51.75,32.19529007058568,0.12350947635663692,0,34,0,0,0,0,0,0,0,0,0,0,0,0,0,False,9.1,1147.8,0.3,0.3,0.02,0,1.0,41.8,Budde - Kiyonsa
kampala_katuna,104,52.0,52.25,32.191092520139954,0.12189693089211569,67,248,0,0,0,0,0,0,3,0,0,0,0,0,0,False,4.1,1155.4,12.6,-0.0,2.64,0,0.21,41.8,Budde - Kiyonsa
kampala_katuna,105,52.5,52.75,32.18690816183046,0.12024959081032671,68,561,0,0,0,2,0,0,1,0,0,0,0,0,0,False,0.0,1155.8,10.0,8.1,0.39,0,0.31,41.8,Kyabadaaza - Ntula
kampala_katuna,106,53.0,53.25,32.1827601124757,0.11852073391758076,281,813,0,0,0,4,0,1,1,0,0,0,0,0,0,False,49.1,1174.0,21.1,-0.0,4.43,0,0.0,41.8,Kyabadaaza - Ntula
kampala_katuna,107,53.5,53.75,32.17972827736001,0.11532509491054853,156,660,0,0,0,1,0,0,3,0,0,0,0,0,0,False,153.1,1189.6,5.8,2.8,0.64,0,0.0,41.8,Kyabadaaza - Ntula
kampala_katuna,108,54.0,54.25,32.17737869887749,0.11146975070530621,111,312,0,0,0,1,0,0,2,0,0,0,0,0,0,False,8.5,1181.9,0.0,9.9,-2.08,0,0.0,41.8,Kabuye - Bbumbu
kampala_katuna,109,54.5,54.75,32.17466984620352,0.10793000720899094,48,151,0,0,0,1,0,0,2,0,0,0,0,0,0,False,58.0,1177.3,0.8,6.1,-1.13,0,0.0,41.8,Kabuye - Ntaayi
kampala_katuna,110,55.0,55.25,32.17076301267802,0.10569792755591746,7,38,0,0,0,0,0,0,2,0,0,0,0,0,0,False,2.8,1158.0,0.0,24.2,-5.09,0,0.24,41.8,Kabuye - Ntaayi
kampala_katuna,111,55.5,55.75,32.1668872730156,0.1034100389667769,2,8,0,0,0,0,0,0,0,0,0,0,0,0,0,False,2.0,1145.3,0.1,1.2,-0.25,0,1.0,41.8,Kabuye Bumbu
kampala_katuna,112,56.0,56.25,32.16299086818491,0.10115801747929314,1,2,0,0,0,0,0,0,0,0,0,0,0,0,0,False,1.6,1145.1,0.1,0.3,-0.04,0,1.0,41.8,Kalandazi Fr
kampala_katuna,113,56.5,56.75,32.15909140617715,0.0989113770976609,7,10,0,0,0,0,0,0,0,0,0,0,0,0,0,False,3.5,1146.1,3.4,0.0,0.7,0,0.64,41.8,Kalandazi Fr
kampala_katuna,114,57.0,57.25,32.1551863533604,0.09667638152098304,3,18,0,0,0,0,0,0,1,0,0,0,0,0,0,False,7.3,1148.9,1.4,3.3,-0.39,0,0.93,41.8,Kalandazi Fr
kampala_katuna,115,57.5,57.75,32.151295695426455,0.0944148817957074,4,5,0,0,0,0,0,0,0,0,0,0,0,0,0,False,6.7,1148.2,3.7,-0.0,0.78,0,1.0,41.8,Kalandazi Fr
kampala_katuna,116,58.0,58.25,32.147569061617176,0.09190767330424927,1,11,0,0,0,0,0,0,0,0,0,0,0,0,0,False,19.0,1150.1,0.3,1.3,-0.22,0,1.0,41.8,Kalandazi Fr
kampala_katuna,117,58.5,58.75,32.144160962008705,0.08896711372185084,1,44,0,0,0,0,0,1,1,0,0,0,0,0,0,False,28.8,1153.3,12.9,-0.0,2.71,0,0.85,41.8,Kanani
kampala_katuna,118,59.0,59.25,32.14020559164411,0.08683101692212097,17,90,0,0,0,0,0,0,2,0,0,0,0,0,0,False,3.1,1174.9,17.0,0.5,3.47,0,0.0,41.8,Mitala Maria Central
kampala_katuna,119,59.5,59.75,32.13622557649171,0.0847324280852665,24,60,0,0,0,0,0,0,1,0,0,0,0,0,0,False,4.7,1175.5,0.1,6.5,-1.35,0,0.0,41.8,Mitala Maria Central
kampala_katuna,120,60.0,60.25,32.13224357992887,0.08263856062783397,13,75,0,0,0,0,0,0,1,0,0,0,0,0,0,False,24.3,1174.7,2.5,0.2,0.49,0,0.0,41.8,Mitala Maria Central
kampala_katuna,121,60.5,60.75,32.12863012657086,0.07996482263122778,24,110,0,0,0,1,0,0,1,0,0,0,0,0,0,False,3.5,1191.6,29.2,-0.0,6.14,0,0.0,41.8,Mitala Maria
kampala_katuna,122,61.0,61.25,32.125056323532355,0.07722593719043264,23,276,0,0,0,2,0,0,3,0,0,0,0,0,0,False,26.4,1221.0,18.6,1.4,3.62,0,0.0,41.8,Mitala Maria
kampala_katuna,123,61.5,61.75,32.121484528835246,0.07448282023484175,137,525,0,0,0,2,0,0,8,0,0,0,0,0,0,False,18.1,1218.6,0.0,11.0,-2.31,0,0.0,41.8,Mitala Maria
kampala_katuna,124,62.0,62.25,32.117949881785485,0.0716918038270262,167,729,0,0,1,2,0,0,4,0,0,0,0,0,0,False,7.5,1213.1,0.0,2.0,-0.42,0,0.0,41.8,Magya
kampala_katuna,125,62.5,62.75,32.11444580160085,0.06887828835765837,252,752,0,0,1,2,0,1,3,0,0,0,0,0,0,False,71.2,1204.9,0.0,13.9,-2.93,0,0.0,41.8,Magya
kampala_katuna,126,63.0,63.25,32.11090339520873,0.06609740114298711,276,1242,0,0,0,3,0,0,1,0,0,0,0,0,0,False,2.6,1192.4,0.0,8.5,-1.78,0,0.0,41.8,Buwama B
kampala_katuna,127,63.5,63.75,32.10735345354932,0.06332507093191629,460,1634,0,0,2,3,0,1,6,0,0,0,0,0,0,False,32.5,1183.6,0.0,8.6,-1.81,0,0.0,41.8,Buwama B
kampala_katuna,128,64.0,64.25,32.10347416643663,0.06106239580217673,390,1039,0,0,2,4,0,0,4,0,0,0,0,0,0,False,21.2,1170.6,0.0,18.6,-3.91,0,0.0,41.8,Buwama A
kampala_katuna,129,64.5,64.75,32.099479350683694,0.05899260360689716,77,429,0,0,0,3,0,0,2,0,0,0,0,0,0,False,0.5,1161.9,17.6,2.3,3.22,0,0.3,41.8,Buwama A
kampala_katuna,130,65.0,65.25,32.0954844679903,0.05692295896072974,61,293,0,0,0,0,0,0,2,0,0,0,0,0,0,False,0.1,1189.5,22.5,-0.0,4.73,0,0.0,41.8,Buwama A
kampala_katuna,131,65.5,65.75,32.09159971911902,0.05468067510367639,136,396,0,0,0,0,0,0,5,0,0,0,0,0,0,False,67.7,1198.2,0.1,2.8,-0.57,0,0.0,41.8,Mbiizinya
kampala_katuna,132,66.0,66.25,32.08924828718698,0.05084582029739947,168,358,0,0,0,1,0,0,5,0,0,0,0,0,0,False,2.0,1183.5,0.0,24.7,-5.21,0,0.0,41.8,Mbiizinya
kampala_katuna,133,66.5,66.75,32.087154368355236,0.04684404140984834,17,105,0,0,0,1,0,0,2,0,0,0,0,0,0,False,22.4,1155.7,0.0,18.6,-3.91,0,0.62,41.8,Mbiizinya
kampala_katuna,134,67.0,67.25,32.08437820777205,0.04332333408738145,41,110,0,0,1,0,0,0,3,0,0,0,0,0,0,False,11.2,1152.0,6.1,0.1,1.27,0,0.85,41.8,Mbiizinya
kampala_katuna,135,67.5,67.75,32.08111977532179,0.04021504197611817,88,159,0,0,1,0,0,1,2,0,0,0,0,0,0,False,20.2,1155.3,0.8,1.5,-0.15,0,0.0,41.8,Mbiizinya
kampala_katuna,136,68.0,68.25,32.077862134063984,0.03710053340313051,28,82,0,0,1,0,0,0,1,0,0,0,0,0,0,False,52.5,1154.0,0.2,5.4,-1.1,0,0.0,41.8,Buyaya-kitojjo
kampala_katuna,137,68.5,68.75,32.074438465251546,0.034189712467784614,7,27,0,0,1,0,0,0,1,0,0,0,0,0,0,False,5.0,1147.9,0.0,2.6,-0.55,0,0.93,41.8,Buyaya-kitojjo
kampala_katuna,138,69.0,69.25,32.070795522496596,0.03154257474146095,2,3,0,0,0,0,0,0,0,0,0,0,0,0,0,False,5.6,1147.0,0.3,0.2,0.02,0,1.0,41.8,Buyaya-kitojjo
kampala_katuna,139,69.5,69.75,32.06714435706282,0.028907652190541838,1,2,0,0,0,0,0,0,0,0,0,0,0,0,0,False,11.0,1147.2,0.1,0.0,0.03,0,1.0,41.8,Kwabba
kampala_katuna,140,70.0,70.25,32.063493980754615,0.026271209364827318,16,112,0,0,0,1,0,0,1,0,0,0,0,0,0,False,48.1,1148.9,5.7,-0.0,1.21,0,0.68,41.8,Kwabba
kampala_katuna,141,70.5,70.75,32.06035623361238,0.023066889298842704,93,204,0,0,0,1,0,0,2,0,0,0,0,0,0,False,11.5,1158.3,6.6,-0.0,1.38,0,0.0,41.8,Kwabba
kampala_katuna,142,71.0,71.25,32.05753742398058,0.01954500394120497,39,275,0,0,0,0,0,0,3,0,0,0,0,0,0,False,9.7,1159.6,0.0,3.3,-0.69,0,0.0,41.8,Nabusanke B
kampala_katuna,143,71.5,71.75,32.05470659744707,0.016036308727339216,282,861,0,0,1,2,0,0,7,0,0,0,0,0,0,False,61.7,1156.3,0.0,1.5,-0.32,0,0.0,41.8,Nabusanke B
kampala_katuna,144,72.0,72.25,32.05183607468498,0.012560029941292128,298,903,0,0,1,3,0,1,3,0,0,0,0,0,0,False,14.8,1153.4,0.0,6.3,-1.32,0,0.0,41.8,Nabusanke A
kampala_katuna,145,72.5,72.75,32.04867945471498,0.009341728026582202,65,363,0,0,0,3,0,1,2,0,0,0,0,0,0,False,4.9,1153.2,14.8,0.3,3.07,0,0.0,41.8,Kikomazi
kampala_katuna,146,73.0,73.25,32.04551966463323,0.006126803774479816,101,314,0,0,0,2,0,0,4,0,0,0,0,0,0,False,7.4,1174.5,18.3,-0.0,3.86,0,0.0,41.8,Kikomazi
kampala_katuna,147,73.5,73.75,32.04234816015201,0.0029236810637505986,105,368,0,0,0,1,0,0,5,0,0,0,0,0,0,False,25.1,1183.2,0.4,2.7,-0.5,0,0.0,41.8,Kalagala Kikutuzi
kampala_katuna,148,74.0,74.25,32.03949306088426,-0.0005574783107985794,126,373,1,0,1,1,0,0,5,0,0,0,0,0,0,False,21.7,1179.8,0.0,2.5,-0.53,0,0.0,52.9,Kalagala Kikutuzi
kampala_katuna,149,74.5,74.75,32.036939237535336,-0.00427828347685242,224,1106,0,0,1,1,0,0,2,0,0,0,0,0,0,False,10.4,1178.2,0.1,2.4,-0.49,0,0.0,52.9,Kalagala Kikutuzi
kampala_katuna,150,75.0,75.25,32.034377632406176,-0.007993492305032294,503,1820,0,0,0,3,0,0,7,0,0,0,0,0,0,False,8.5,1171.8,0.0,8.1,-1.71,0,0.0,52.9,Kayabwe Trc
kampala_katuna,151,75.5,75.75,32.0317912123036,-0.011691682389283224,668,1747,0,0,0,2,0,2,3,0,0,0,0,0,0,False,56.1,1162.8,0.0,8.7,-1.83,0,0.0,52.9,Kayabwe Trc
kampala_katuna,152,76.0,76.25,32.02919225962452,-0.015375530033997914,457,1390,0,0,2,2,0,0,2,0,0,0,0,0,0,False,9.1,1156.2,0.0,4.6,-0.97,0,0.0,52.9,Kayabwe Trc
kampala_katuna,153,76.5,76.75,32.02661064358784,-0.01907679019484547,189,890,0,0,2,1,0,0,2,0,0,0,0,0,0,False,23.3,1151.4,0.0,5.0,-1.04,0,0.0,52.9,Kayabwe Trc
kampala_katuna,154,77.0,77.25,32.023565581044394,-0.022350652291995635,77,364,0,0,0,0,0,0,3,0,0,0,0,0,0,False,26.2,1147.4,0.0,3.1,-0.64,0,0.0,52.9,Kayabwe Trc
kampala_katuna,155,77.5,77.75,32.01993554345827,-0.02501541647287242,29,80,0,0,0,0,0,0,1,0,0,0,0,0,0,False,3.6,1143.2,0.0,4.6,-0.98,0,0.0,52.9,Kayabwe Trc
kampala_katuna,156,78.0,78.25,32.01630666007247,-0.027681914192958224,5,16,0,0,0,0,0,0,0,0,0,0,0,0,0,False,2.5,1139.7,0.0,1.8,-0.38,0,0.0,52.9,
kampala_katuna,157,78.5,78.75,32.012679106711815,-0.030350259563329384,0,0,0,0,0,0,0,0,0,0,0,0,0,0,0,False,4.2,1138.4,0.1,0.8,-0.15,0,0.59,52.9,
kampala_katuna,158,79.0,79.25,32.00902979274723,-0.03298802908828264,1,2,0,0,0,0,0,1,0,0,0,0,0,0,0,False,12.5,1138.5,0.4,0.1,0.08,1,1.0,52.9,
kampala_katuna,159,79.5,79.75,32.00541134740124,-0.03566844232609063,7,19,0,0,0,0,0,1,0,0,0,0,0,0,0,False,0.5,1138.8,0.5,0.5,0.01,0,1.0,52.9,Lbanda A
kampala_katuna,160,80.0,80.25,32.001809302201956,-0.03837145807313416,90,165,0,0,0,0,0,1,1,0,0,0,0,0,0,False,4.3,1139.6,3.2,-0.0,0.67,0,0.26,52.9,Lbanda A
kampala_katuna,161,80.5,80.75,31.99818808010015,-0.04104826690247451,63,216,0,0,0,1,0,0,1,0,0,0,0,0,0,False,2.9,1148.6,11.2,-0.0,2.37,0,0.0,40.8,Lbanda A
kampala_katuna,162,81.0,81.25,31.994576584476288,-0.04373475969861134,43,143,0,0,0,1,0,0,5,0,0,0,0,0,0,False,48.0,1160.5,18.5,-0.0,3.89,0,0.0,40.8,Lbanda A
kampala_katuna,163,81.5,81.75,31.991826902680636,-0.04730425290883554,69,341,0,0,0,1,0,0,3,0,0,0,0,0,0,False,13.7,1185.3,20.7,-0.0,4.35,0,0.0,40.8,Lbanda A
kampala_katuna,164,82.0,82.25,31.98914586311929,-0.05093353633190892,162,418,0,0,0,1,0,1,4,0,0,0,0,0,0,False,2.3,1187.8,0.0,17.8,-3.76,0,0.0,40.8,Kayunga
kampala_katuna,165,82.5,82.75,31.98647479731897,-0.05457028786542409,49,224,0,0,0,0,0,0,1,0,0,0,0,0,0,False,0.7,1165.9,0.0,18.9,-3.98,0,0.0,40.8,Kayunga
kampala_katuna,166,83.0,83.25,31.983817032006876,-0.05821674521218389,21,78,0,0,0,0,0,0,2,0,0,0,0,0,0,False,6.0,1150.7,0.7,8.8,-1.7,0,0.53,40.8,Kayunga
kampala_katuna,167,83.5,83.75,31.981143723081168,-0.06185181718542258,10,72,0,0,0,0,0,0,2,0,0,0,0,0,0,False,0.0,1159.3,21.6,-0.0,4.55,0,0.55,40.8,Kayunga
kampala_katuna,168,84.0,84.25,31.97847082984627,-0.0654871943971388,49,141,0,0,0,1,0,0,3,0,0,0,0,0,0,False,0.4,1181.8,19.1,-0.0,4.02,0,0.0,40.8,Mugge
kampala_katuna,169,84.5,84.75,31.97579744968276,-0.0691222006649778,69,169,0,0,0,2,0,0,5,0,0,0,0,0,0,False,1.9,1195.2,4.1,1.4,0.57,0,0.0,40.8,Mugge
kampala_katuna,170,85.0,85.25,31.973110919746617,-0.07274669797652776,80,247,0,0,0,3,0,0,2,0,0,0,0,0,0,False,20.1,1182.7,0.0,24.6,-5.18,0,0.0,40.8,Mugge
kampala_katuna,171,85.5,85.75,31.970445744886607,-0.07638432413117226,184,818,0,0,0,2,0,0,1,0,0,0,0,0,0,False,27.1,1161.5,0.0,12.3,-2.6,0,0.0,40.8,Lubanga
kampala_katuna,172,86.0,86.25,31.967770957966888,-0.0800178415068564,487,1217,0,0,1,2,0,1,1,0,0,0,0,0,0,False,15.7,1153.9,0.0,3.8,-0.8,0,0.0,40.8,Lubanga
kampala_katuna,173,86.5,86.75,31.96508680742371,-0.083643734618907,157,694,0,0,1,1,0,0,2,0,0,0,0,0,0,False,7.6,1147.7,0.0,9.7,-2.04,0,0.0,40.8,Lubanga
kampala_katuna,174,87.0,87.25,31.96241075908895,-0.08727668956019892,0,37,0,0,0,0,0,0,1,0,0,0,0,0,0,False,12.6,1139.7,0.0,2.4,-0.51,0,0.82,40.8,Lubanga
kampala_katuna,175,87.5,87.75,31.959738823768973,-0.09091208198124433,6,10,0,0,0,0,0,0,3,0,0,0,0,0,0,False,6.6,1138.8,0.0,0.4,-0.08,0,1.0,40.8,
kampala_katuna,176,88.0,88.25,31.957038878709167,-0.09452659429828517,0,10,0,0,0,0,0,0,2,0,0,0,0,0,0,False,6.1,1138.4,0.3,0.2,0.01,0,1.0,40.8,
kampala_katuna,177,88.5,88.75,31.954410441097025,-0.09819102971041373,0,2,0,0,0,0,0,0,3,0,0,0,0,0,0,False,25.4,1138.6,0.0,0.0,-0.0,0,1.0,40.8,
kampala_katuna,178,89.0,89.25,31.951608741372997,-0.10172358942917432,1,1,0,0,0,0,0,0,1,0,0,0,0,0,0,False,13.6,1138.2,0.1,0.4,-0.07,0,1.0,40.8,
kampala_katuna,179,89.5,89.75,31.94851442356707,-0.1050020263669882,0,26,0,0,0,0,0,0,1,0,0,0,0,0,0,False,6.1,1138.5,0.3,0.0,0.06,0,1.0,40.8,
kampala_katuna,180,90.0,90.25,31.94539758568199,-0.10825906963460206,10,26,0,0,0,0,0,0,2,0,0,0,0,0,0,False,6.3,1138.7,0.4,0.7,-0.06,0,1.0,40.8,Kaziru
kampala_katuna,181,90.5,90.75,31.942314999432746,-0.11154810732335553,0,5,0,0,0,0,0,0,3,0,0,0,0,0,0,False,8.0,1138.5,0.7,0.1,0.12,0,1.0,40.8,Kaziru
kampala_katuna,182,91.0,91.25,31.939196153725877,-0.11480339236168007,0,3,0,0,0,0,0,0,3,0,0,0,0,0,0,False,3.2,1138.2,0.0,0.9,-0.18,1,1.0,40.8,Kaziru
kampala_katuna,183,91.5,91.75,31.93599583236532,-0.11796665419123636,67,110,0,0,0,0,0,0,3,0,0,0,0,0,0,False,59.8,1138.2,0.8,0.1,0.14,0,1.0,40.8,Kaziru
kampala_katuna,184,92.0,92.25,31.93191454724228,-0.11985135794215042,14,111,0,0,0,0,0,0,1,0,0,0,0,0,0,False,3.2,1138.2,0.0,0.6,-0.12,0,1.0,40.8,Kaziru
kampala_katuna,185,92.5,92.75,31.927831299452222,-0.12173744569271104,0,2,0,0,0,0,0,0,1,0,0,0,0,0,0,False,1.5,1138.2,0.2,0.1,0.02,0,1.0,40.8,Kaziru
kampala_katuna,186,93.0,93.25,31.923750902948505,-0.12362969045657615,1,2,0,0,0,0,0,0,0,0,0,0,0,0,0,False,2.1,1138.6,0.6,0.4,0.04,0,1.0,40.8,Kaziru
kampala_katuna,187,93.5,93.75,31.919671855984216,-0.1255248037904647,0,1,0,0,0,0,0,0,0,0,0,0,0,0,0,False,13.9,1138.2,0.6,0.4,0.03,0,1.0,40.8,Kaziru
kampala_katuna,188,94.0,94.25,31.915471408343983,-0.1271211173064608,0,23,0,0,0,0,0,0,0,0,0,0,0,0,0,False,18.8,1138.4,0.4,0.6,-0.04,0,1.0,40.8,Kamuwunga
kampala_katuna,189,94.5,94.75,31.911264160571886,-0.12870686235735768,0,23,0,0,0,0,0,0,0,0,0,0,0,0,0,False,1.8,1138.1,0.2,0.5,-0.07,0,1.0,40.8,Kamuwunga
kampala_katuna,190,95.0,95.25,31.907058840132656,-0.13029809155164257,1,2,0,0,0,0,0,0,0,0,0,0,0,0,0,False,2.7,1138.0,0.0,0.4,-0.08,0,1.0,40.8,Kamuwunga
kampala_katuna,191,95.5,95.75,31.902869580309194,-0.131927470157216,1,2,0,0,0,0,0,0,0,0,0,0,0,0,0,False,33.7,1137.7,0.1,0.2,-0.03,0,1.0,40.8,Kamuwunga
kampala_katuna,192,96.0,96.25,31.898661837194272,-0.13350749496593878,0,3,0,0,0,0,0,0,0,0,0,0,0,0,0,False,35.4,1137.7,0.5,0.1,0.09,0,1.0,40.8,Agip
kampala_katuna,193,96.5,96.75,31.894595370643632,-0.1354231042119459,3,28,0,0,0,0,0,0,1,0,0,0,0,0,0,False,13.6,1138.8,2.0,-0.0,0.43,0,1.0,40.8,Agip
kampala_katuna,194,97.0,97.25,31.890565578069868,-0.13742147529253523,2,30,0,0,0,0,0,0,0,0,0,0,0,0,0,False,8.3,1140.8,1.3,-0.0,0.27,0,1.0,40.8,Agip
kampala_katuna,195,97.5,97.75,31.88654300845933,-0.13943452630869949,18,60,0,0,1,0,0,0,1,0,0,0,0,0,0,False,3.9,1142.4,1.9,-0.0,0.39,0,0.18,40.8,Magezi Cell
kampala_katuna,196,98.0,98.25,31.882559122932918,-0.14143581254212637,180,618,0,1,1,4,0,0,5,0,0,0,0,0,1,False,156.1,1145.3,3.6,-0.0,0.77,0,0.06,40.8,Magezi Cell
kampala_katuna,197,98.5,98.75,31.87882937836796,-0.14389050652244,494,1638,1,0,1,6,0,0,8,0,0,0,0,0,0,False,57.4,1150.0,4.5,-0.0,0.94,0,0.0,40.8,Magezi Cell
kampala_katuna,198,99.0,99.25,31.875733208348308,-0.14715559433320832,551,1943,1,0,0,5,0,0,6,0,0,0,0,0,0,False,79.0,1154.9,6.1,-0.0,1.28,0,0.0,40.8,Juma Cell
kampala_katuna,199,99.5,99.75,31.873035486863973,-0.15075494366976486,596,1784,0,0,0,4,0,0,8,0,0,0,0,0,0,False,9.8,1162.1,5.9,-0.0,1.25,0,0.0,40.8,Kaliro Cell
kampala_katuna,200,100.0,100.25,31.870505973780052,-0.15449119875128223,263,1347,0,0,2,2,0,0,2,0,0,0,0,0,0,False,12.0,1172.6,12.6,-0.0,2.66,0,0.0,40.8,Kaliro A
kampala_katuna,201,100.5,100.75,31.867758262595466,-0.1580689131285454,185,563,0,0,1,2,0,0,4,0,0,0,0,0,0,False,11.6,1182.1,7.3,-0.0,1.53,0,0.0,40.8,"Kirinya 'a"""
kampala_katuna,202,101.0,101.25,31.864752889060235,-0.1614300223786815,109,328,0,0,1,2,0,0,2,0,0,0,0,0,0,False,24.7,1196.0,17.3,-0.0,3.64,0,0.0,40.8,Bajja
kampala_katuna,203,101.5,101.75,31.8622010082053,-0.16511093940685267,203,445,0,0,1,1,0,0,4,0,0,0,0,0,0,False,32.0,1208.9,7.1,-0.0,1.49,0,0.0,40.8,Bajja
kampala_katuna,204,102.0,102.25,31.86029346094051,-0.16919992156461913,120,403,0,0,0,3,0,0,5,0,0,0,0,0,0,False,37.0,1208.3,0.0,9.7,-2.05,0,0.0,40.8,Kayunga
kampala_katuna,205,102.5,102.75,31.85758937200118,-0.17280889241869293,47,132,0,0,0,2,0,0,2,0,0,0,0,0,0,False,30.7,1190.1,0.0,21.0,-4.42,0,0.0,40.8,Kayunga
kampala_katuna,206,103.0,103.25,31.854859390422888,-0.17639885296912328,29,111,0,0,0,0,0,0,1,0,0,0,0,0,0,False,44.6,1179.2,10.3,2.7,1.61,0,0.0,40.8,Lukuli
kampala_katuna,207,103.5,103.75,31.852094900466987,-0.179962996751501,174,387,0,0,0,1,0,0,3,0,0,0,0,0,0,False,7.5,1193.4,13.9,-0.0,2.92,0,0.0,40.8,Bukullula
kampala_katuna,208,104.0,104.25,31.849442980963723,-0.18360840951800445,203,519,1,0,0,1,0,0,1,0,0,0,0,0,0,False,36.7,1202.9,4.0,8.3,-0.9,0,0.0,40.8,Bukullula
kampala_katuna,209,104.5,104.75,31.847713433846398,-0.18777602454172312,62,326,0,0,0,1,0,0,1,0,0,0,0,0,0,False,7.4,1187.1,0.0,13.9,-2.92,0,0.0,40.8,Mukono North
kampala_katuna,210,105.0,105.25,31.846104364427426,-0.1919985726497721,267,647,0,0,1,4,0,1,0,0,0,0,0,1,0,False,26.1,1177.9,4.9,4.7,0.04,0,0.0,40.8,Mukono North
kampala_katuna,211,105.5,105.75,31.845132090642625,-0.19640001556215492,236,694,0,0,1,3,0,0,1,0,0,0,0,1,0,False,8.2,1179.8,2.6,0.9,0.36,0,0.0,40.8,Mukono South
kampala_katuna,212,106.0,106.25,31.844393641998145,-0.20086117589867034,96,313,0,0,0,0,0,1,0,0,0,0,0,0,0,False,2.9,1183.1,1.1,0.9,0.04,0,0.0,40.8,Kisanje East
kampala_katuna,213,106.5,106.75,31.843521155716942,-0.20529310092234002,56,193,0,0,0,0,0,0,0,0,0,0,0,0,0,False,15.0,1173.7,0.5,12.6,-2.56,0,0.0,40.8,Kisanje East
kampala_katuna,214,107.0,107.25,31.842245702211933,-0.20962968568488133,21,124,0,0,0,0,0,0,0,0,0,0,0,0,0,False,1.4,1179.3,15.2,-0.0,3.21,0,0.0,40.8,Kisanje East
kampala_katuna,215,107.5,107.75,31.840979746687175,-0.21396905272472883,55,173,0,0,0,1,0,0,0,0,0,0,0,0,0,False,4.5,1186.6,4.3,0.2,0.86,0,0.0,40.8,Busanso
kampala_katuna,216,108.0,108.25,31.839713712664842,-0.21830792666117582,47,203,0,0,0,1,0,0,0,0,0,0,0,0,0,False,23.7,1197.0,11.6,-0.0,2.45,0,0.0,40.8,Busanso
kampala_katuna,217,108.5,108.75,31.838204163312355,-0.22256619384930218,261,763,0,0,0,3,0,0,3,0,0,0,0,0,0,False,12.6,1209.3,13.3,-0.0,2.8,0,0.0,40.8,Kabale
kampala_katuna,218,109.0,109.25,31.83696441616868,-0.22690292241690094,239,889,0,0,0,4,0,0,5,0,0,0,0,0,0,False,13.1,1212.0,0.0,6.0,-1.27,0,0.0,40.8,Kabale
kampala_katuna,219,109.5,109.75,31.835959192695423,-0.23131012338640042,117,352,0,0,0,1,0,0,3,0,0,0,0,0,0,False,36.9,1206.1,0.0,7.7,-1.61,0,0.0,40.8,Kabaale Ii
kampala_katuna,220,110.0,110.25,31.833826648203384,-0.23521830624159784,30,129,0,0,0,0,0,0,1,0,0,0,0,0,0,False,14.2,1193.0,0.0,16.5,-3.48,0,0.0,40.8,Kamutuuza
kampala_katuna,221,110.5,110.75,31.83108907593616,-0.2388042928096761,50,171,0,0,0,1,0,0,2,0,0,0,0,0,0,False,7.2,1198.2,27.6,-0.0,5.8,0,0.0,40.8,Kamutuuza
kampala_katuna,222,111.0,111.25,31.828338741586805,-0.24237971168292435,68,184,0,0,0,2,0,0,3,0,0,0,0,0,0,False,27.7,1201.5,0.0,26.0,-5.47,0,0.0,40.8,Kamutuuza
kampala_katuna,223,111.5,111.75,31.82553750803635,-0.245909312225869,2,113,0,0,0,3,0,0,0,0,0,0,0,0,0,False,45.8,1190.4,21.1,1.6,4.11,0,0.0,40.8,Kamutuuza
kampala_katuna,224,112.0,112.25,31.823151436836497,-0.24966416017202372,139,669,0,0,1,4,0,0,6,0,0,0,0,0,0,False,10.9,1216.5,13.8,-0.0,2.91,0,0.0,40.8,Butende
kampala_katuna,225,112.5,112.75,31.8215225721347,-0.2538778736782044,435,864,0,0,1,3,0,0,5,0,0,0,0,0,0,False,16.2,1218.1,0.7,14.1,-2.82,0,0.0,49.2,Butende
kampala_katuna,226,113.0,113.25,31.819559521171428,-0.25794323806272845,87,427,0,0,0,1,0,0,2,0,0,0,0,0,0,False,8.5,1192.3,8.4,18.8,-2.19,0,0.0,49.2,Butende
kampala_katuna,227,113.5,113.75,31.817777967901606,-0.26208927335694965,101,303,0,0,0,0,0,0,1,0,0,0,0,0,0,False,4.8,1215.3,32.9,-0.0,6.93,0,0.0,49.2,Kiwanyizi
kampala_katuna,228,114.0,114.25,31.815865890754047,-0.2661672069074453,296,1125,0,0,0,1,0,0,0,0,0,0,0,0,0,False,44.9,1245.2,26.3,-0.0,5.53,0,0.0,49.2,Mpugwe
kampala_katuna,229,114.5,114.75,31.81294223025855,-0.2695906075932879,609,1483,0,0,0,1,0,0,1,0,0,0,0,0,0,False,2.3,1261.3,4.1,8.7,-0.97,0,0.0,49.2,Mpugwe
kampala_katuna,230,115.0,115.25,31.809612237288874,-0.2725360273382226,172,839,0,0,0,1,0,0,1,0,0,0,0,0,0,False,67.4,1248.1,0.0,11.0,-2.31,0,0.0,49.2,Mpugwe
kampala_katuna,231,115.5,115.75,31.80565701929803,-0.2743933513674072,127,368,0,0,0,1,0,0,1,0,0,0,0,0,0,False,115.7,1239.9,0.0,7.7,-1.62,0,0.0,49.2,Nsangamu
kampala_katuna,232,116.0,116.25,31.802076008987264,-0.2770842254709382,152,367,0,0,0,0,0,0,0,0,0,0,0,0,0,False,15.4,1231.2,0.0,9.7,-2.04,0,0.0,49.2,Kadugala
kampala_katuna,233,116.5,116.75,31.798033311147663,-0.2789205782495627,147,302,0,0,0,2,0,0,2,0,0,0,0,0,0,False,65.0,1215.8,0.0,16.8,-3.54,0,0.0,49.2,Kadugala
kampala_katuna,234,117.0,117.25,31.793848619419837,-0.28035369577705427,2,111,0,0,0,2,0,0,1,0,0,0,0,0,0,False,27.7,1203.2,0.0,5.1,-1.07,0,0.92,49.2,Kadugala
kampala_katuna,235,117.5,117.75,31.789941088842845,-0.28257012743302523,9,95,0,0,0,1,0,0,2,0,0,0,0,0,0,False,60.0,1202.4,1.7,0.1,0.36,0,0.39,49.2,Kyalusowe
kampala_katuna,236,118.0,118.25,31.78627050837923,-0.28499633748201264,70,294,0,0,0,1,0,0,3,0,0,0,0,0,0,False,93.9,1211.3,17.1,-0.0,3.59,0,0.0,49.2,Kyalusowe
kampala_katuna,237,118.5,118.75,31.78503119396493,-0.2893287521407443,115,531,0,0,0,1,0,0,1,0,0,0,0,0,0,False,41.2,1231.2,20.1,-0.0,4.22,0,0.0,49.2,Kyalusowe A
kampala_katuna,238,119.0,119.25,31.783859078549007,-0.29368105114132964,201,727,16,0,0,1,0,0,4,0,0,0,0,0,0,False,49.8,1251.6,21.6,-0.0,4.54,0,0.0,49.2,Kyalusowe A
kampala_katuna,239,119.5,119.75,31.78286519477294,-0.29806161095004935,241,806,16,0,1,0,0,0,3,0,0,0,0,0,0,False,77.7,1273.5,12.0,0.2,2.48,0,0.0,49.2,Kassana
kampala_katuna,240,120.0,120.25,31.78052776602667,-0.30179684670737233,202,891,13,0,1,2,0,0,4,0,0,0,0,0,0,False,78.8,1280.0,8.1,0.5,1.59,0,0.0,49.2,Kassana
kampala_katuna,241,120.5,120.75,31.777644478006394,-0.30514342090113866,154,830,13,0,1,2,0,0,4,0,0,0,0,0,0,False,132.3,1279.3,0.0,12.1,-2.56,0,0.0,49.2,Kassana
kampala_katuna,242,121.0,121.25,31.773446262968516,-0.30653635172948956,179,938,0,0,2,0,0,0,1,0,0,0,0,0,0,False,40.1,1266.6,0.0,11.8,-2.48,0,0.0,49.2,Kayirikiti
kampala_katuna,243,121.5,121.75,31.769020390455626,-0.3062265620365628,213,1153,0,0,1,1,0,0,6,0,0,0,0,0,0,False,65.9,1257.3,4.7,5.0,-0.06,0,0.0,49.2,Kayirikiti
kampala_katuna,244,122.0,122.25,31.764804528740736,-0.3072213872053131,303,1425,26,0,3,1,0,5,10,0,0,0,0,0,0,False,276.5,1264.4,5.6,1.5,0.87,0,0.0,49.2,Kayirikiti
kampala_katuna,245,122.5,122.75,31.76273529061247,-0.31118725002462516,383,2141,38,0,3,0,0,0,6,0,0,0,0,0,0,False,12.9,1251.1,0.0,25.4,-5.34,0,0.0,49.2,Binyonyi A
kampala_katuna,246,123.0,123.25,31.760740328780066,-0.31523872850293244,667,2666,28,1,2,0,0,0,4,0,0,0,0,0,0,False,18.1,1226.5,0.0,23.0,-4.85,0,0.0,49.2,Kitaka
kampala_katuna,247,123.5,123.75,31.758558096532976,-0.3191692270016357,719,2450,16,1,4,0,0,2,2,0,0,0,0,0,0,False,58.1,1209.5,5.5,5.6,-0.02,0,0.0,49.2,Market Triangle
kampala_katuna,248,124.0,124.25,31.755659078376336,-0.32262083331384583,557,2072,36,0,2,0,0,0,3,0,0,0,0,0,0,False,41.4,1216.4,4.0,1.5,0.53,0,0.0,49.2,Nakayiba B
kampala_katuna,249,124.5,124.75,31.7527644041106,-0.32607586055256127,469,1450,34,0,0,0,0,2,0,0,0,0,0,0,0,False,60.8,1211.8,0.0,9.9,-2.08,0,0.0,49.2,Nakayiba A
kampala_katuna,250,125.0,125.25,31.749083840046694,-0.3284749854182679,119,1025,3,0,1,0,0,0,2,0,0,0,0,0,0,False,33.7,1205.1,4.6,1.8,0.58,0,0.58,39.7,Kirumba B
kampala_katuna,251,125.5,125.75,31.745667167321898,-0.3311630175405898,139,666,3,0,2,1,0,0,2,0,0,0,0,0,0,False,90.0,1220.5,23.2,-0.0,4.88,0,0.0,39.7,Kirumba C
kampala_katuna,252,126.0,126.25,31.74225265127003,-0.3339569938822828,189,711,1,0,2,1,0,0,6,0,0,0,0,0,0,False,67.0,1245.8,22.7,-0.0,4.79,0,0.0,39.7,Mutuba Musisi
kampala_katuna,253,126.5,126.75,31.73951407781296,-0.33751541077658925,180,678,36,0,5,1,0,0,6,0,0,0,0,0,0,False,28.0,1269.5,24.0,-0.0,5.05,0,0.0,39.7,Mutuba Musisi
kampala_katuna,254,127.0,127.25,31.737228974893757,-0.3413985520120497,187,733,228,0,8,3,0,5,13,0,0,0,0,0,0,False,75.9,1292.9,17.8,0.5,3.64,0,0.0,39.7,Cinema
kampala_katuna,255,127.5,127.75,31.734762992246154,-0.34367672369167435,131,846,61,0,4,6,0,5,10,0,0,0,0,0,0,True,347.9,1290.4,0.0,18.5,-3.9,0,0.0,39.7,Market
kampala_katuna,256,128.0,128.25,31.733491408187575,-0.3394322954562671,132,792,0,0,0,3,0,0,4,0,0,0,0,0,0,False,71.9,1278.5,0.0,4.8,-1.0,0,0.0,39.7,Old Kumbu
kampala_katuna,257,128.5,128.75,31.729870704310837,-0.3370082987651008,248,1378,0,0,0,3,0,0,7,0,0,0,0,0,0,False,88.9,1267.6,0.0,13.8,-2.91,0,0.0,39.7,Old Kumbu
kampala_katuna,258,129.0,129.25,31.725378914229044,-0.336945259706505,456,1942,0,0,0,3,0,0,8,0,0,0,0,0,0,False,9.2,1255.3,0.0,19.3,-4.07,0,0.0,39.7,Kijjabwemi B
kampala_katuna,259,129.5,129.75,31.7208913094089,-0.33677425230298214,360,1356,0,0,0,0,0,4,5,0,0,0,0,0,0,False,253.9,1225.3,0.0,32.7,-6.89,0,0.0,39.7,Kijjabwemi B
kampala_katuna,260,130.0,130.25,31.716510413848898,-0.33639120066718603,24,233,0,0,0,0,0,0,1,0,0,0,0,0,0,False,10.2,1199.0,0.0,8.8,-1.84,0,0.85,39.7,Kijjabwemi B
kampala_katuna,261,130.5,130.75,31.712124475072322,-0.33694423496076364,53,413,0,0,2,1,0,0,0,0,0,0,0,0,0,False,31.5,1198.2,2.0,-0.0,0.42,0,0.76,39.7,Kyabakuza Trading Centre
kampala_katuna,262,131.0,131.25,31.708051708574235,-0.3388520376721476,399,1101,34,0,3,4,0,2,3,0,0,0,0,0,0,False,38.1,1213.3,24.1,-0.0,5.06,0,0.0,39.7,Kyabakuza Trading Centre
kampala_katuna,263,131.5,131.75,31.70377897118062,-0.3394136957787742,258,926,32,0,1,4,0,0,3,0,0,0,0,0,0,False,64.1,1231.7,11.8,-0.0,2.49,0,0.0,39.7,Kyanja
kampala_katuna,264,132.0,132.25,31.699622428496102,-0.3376985515617417,169,717,1,0,0,1,0,0,3,0,0,0,0,0,0,False,5.9,1242.0,6.9,0.1,1.45,0,0.0,39.7,Kyabakuza B
kampala_katuna,265,132.5,132.75,31.69534026603813,-0.33657442634351237,119,685,0,0,0,0,0,0,3,0,0,0,0,0,0,False,66.6,1248.3,12.3,0.2,2.56,0,0.0,39.7,Kyabakuza B
kampala_katuna,266,133.0,133.25,31.69085655358759,-0.33683846594157096,125,449,0,0,0,0,0,0,5,0,0,0,0,0,0,False,29.8,1263.8,9.5,6.6,0.61,0,0.0,39.7,Kyabakuza B
kampala_katuna,267,133.5,133.75,31.686373311382223,-0.33712105071682547,29,174,0,0,0,0,0,0,0,0,0,0,0,0,0,False,0.1,1243.9,2.4,24.6,-4.68,0,0.0,39.7,Kyabakuza B
kampala_katuna,268,134.0,134.25,31.68189339866177,-0.3374346830141169,38,158,0,0,0,0,0,0,1,0,0,0,0,0,0,False,49.2,1256.8,36.8,-0.0,7.75,0,0.0,39.7,
kampala_katuna,269,134.5,134.75,31.677736317990615,-0.33911509426436437,136,424,0,0,0,0,0,0,5,0,0,0,0,0,0,False,44.5,1290.3,22.8,-0.0,4.8,0,0.0,39.7,
kampala_katuna,270,135.0,135.25,31.673307712758703,-0.33969970090786705,151,432,0,0,0,1,0,0,2,0,0,0,0,0,0,False,16.3,1293.2,0.0,19.8,-4.16,0,0.0,39.7,Kyabbogo
kampala_katuna,271,135.5,135.75,31.668847001741334,-0.3395019895856294,28,183,0,0,0,1,0,0,1,0,0,0,0,0,0,False,51.9,1262.4,4.8,23.0,-3.83,0,0.0,39.7,Kyabbogo
kampala_katuna,272,136.0,136.25,31.664594388424756,-0.3382589113800041,94,229,0,0,0,0,0,0,1,0,0,0,0,0,0,False,36.9,1278.5,27.0,-0.0,5.68,0,0.0,39.7,Kyabbogo
kampala_katuna,273,136.5,136.75,31.660106426876716,-0.33822138204906915,121,257,0,0,0,0,0,0,4,0,0,0,0,0,0,False,15.7,1276.3,0.0,27.7,-5.83,0,0.0,39.7,Kyabbogo
kampala_katuna,274,137.0,137.25,31.655632064656768,-0.33859000613498474,46,226,0,0,0,0,0,0,0,0,0,0,0,0,0,False,16.9,1267.5,15.8,-0.0,3.33,0,0.0,39.7,Kyabbogo
kampala_katuna,275,137.5,137.75,31.651145161088486,-0.3383771622334425,159,344,0,0,0,0,0,0,2,0,0,0,0,0,0,False,2.9,1278.8,3.9,5.1,-0.24,0,0.0,39.7,Kabwami A
kampala_katuna,276,138.0,138.25,31.64676379239166,-0.338899664281611,82,519,0,0,0,0,0,0,0,0,0,0,0,0,0,False,41.5,1267.2,0.1,8.6,-1.79,0,0.0,39.7,Nkoni A
kampala_katuna,277,138.5,138.75,31.642655544029623,-0.34071468079104783,259,574,0,0,1,1,0,0,1,0,0,0,0,0,0,False,47.6,1263.5,0.0,4.1,-0.86,0,0.0,39.7,Nkoni A
kampala_katuna,278,139.0,139.25,31.638173454517574,-0.3409703820960803,49,423,0,0,1,1,0,0,0,0,0,0,0,0,0,False,52.1,1264.7,6.7,-0.0,1.4,0,0.0,39.7,Nkoni
kampala_katuna,279,139.5,139.75,31.633978471473068,-0.3424378710327722,96,259,0,0,0,0,0,0,0,0,0,0,0,0,0,False,54.9,1268.9,1.9,-0.0,0.4,0,0.0,39.7,Nkoni Hill
kampala_katuna,280,140.0,140.25,31.629504647028764,-0.34268283918792336,91,332,0,0,0,0,0,0,0,0,0,0,0,0,0,False,64.6,1271.1,3.7,-0.0,0.78,0,0.0,39.7,Kyagoma
kampala_katuna,281,140.5,140.75,31.625649938565758,-0.3449939858445454,150,308,0,0,0,0,0,0,2,0,0,0,0,0,0,False,75.2,1279.3,6.1,0.3,1.21,0,0.0,39.7,Kyagoma
kampala_katuna,282,141.0,141.25,31.621245303225734,-0.345240904151052,160,299,0,0,0,0,0,0,0,0,0,0,0,0,0,False,34.0,1278.3,0.0,5.7,-1.21,0,0.0,39.7,Kikonge
kampala_katuna,283,141.5,141.75,31.616848450973077,-0.34608958721738764,113,297,0,0,0,0,0,0,3,0,0,0,0,0,0,False,3.2,1259.5,0.3,23.9,-4.97,0,0.0,39.7,Nkarwe
kampala_katuna,284,142.0,142.25,31.612484789165634,-0.3471631628195934,104,276,0,0,0,1,0,0,1,0,0,0,0,0,0,False,9.0,1256.1,11.9,-0.0,2.51,0,0.0,39.7,Nkarwe
kampala_katuna,285,142.5,142.75,31.608116359548156,-0.3482139192930466,171,386,0,0,0,1,0,0,3,0,0,0,0,0,0,False,46.4,1256.1,0.0,13.2,-2.78,0,0.0,39.7,Mirembe (Kagganda)
kampala_katuna,286,143.0,143.25,31.603764091432236,-0.34764471545499853,64,308,0,0,0,1,0,0,4,0,0,0,0,0,0,False,25.2,1260.6,22.1,-0.0,4.65,0,0.0,39.7,Mirembe (Kagganda)
kampala_katuna,287,143.5,143.75,31.59962766690296,-0.34588527663866103,69,210,0,0,0,1,0,0,1,0,0,0,0,0,0,False,73.4,1266.9,0.2,12.0,-2.47,0,0.0,39.7,Kagganda
kampala_katuna,288,144.0,144.25,31.595183064885298,-0.3461682861594809,103,325,0,0,0,0,0,0,2,0,0,0,0,0,0,False,9.9,1242.1,0.0,31.7,-6.68,0,0.0,39.7,Kagganda
kampala_katuna,289,144.5,144.75,31.591233857683054,-0.34787167638151845,127,257,0,0,0,1,0,1,2,0,0,0,0,0,0,False,68.7,1210.7,0.0,25.7,-5.42,0,0.0,39.7,Kyoko
kampala_katuna,290,145.0,145.25,31.588453591593293,-0.35142320058357784,7,100,0,0,0,1,0,0,0,0,0,0,0,0,0,False,75.2,1195.9,0.0,2.6,-0.55,1,0.72,39.7,Kyoko
kampala_katuna,291,145.5,145.75,31.58435844803463,-0.35293635161541126,0,1,0,0,0,0,0,0,0,0,0,0,0,0,0,False,2.4,1195.3,0.2,0.1,0.03,0,1.0,39.7,Kyoko
kampala_katuna,292,146.0,146.25,31.57991313022645,-0.3535863913239505,24,110,0,0,0,0,0,0,1,0,0,0,0,0,0,False,10.4,1198.3,12.0,-0.0,2.52,0,0.54,39.7,Kyoko
kampala_katuna,293,146.5,146.75,31.57543527509177,-0.35393226540218026,114,219,0,0,0,0,0,0,3,0,0,0,0,0,0,False,2.9,1216.2,16.2,-0.0,3.41,0,0.0,39.7,Kaboyo Sula
kampala_katuna,294,147.0,147.25,31.57095410003666,-0.35424374964554056,85,278,0,0,0,2,0,0,2,0,0,0,0,0,0,False,0.0,1240.3,25.9,-0.0,5.45,0,0.0,39.7,Kaboyo Sula
kampala_katuna,295,147.5,147.75,31.56647054263409,-0.35452120774141854,125,304,0,0,0,2,0,0,1,0,0,0,0,0,0,False,1.0,1253.4,2.7,8.2,-1.15,0,0.0,39.7,Kaboyo Sula
kampala_katuna,296,148.0,148.25,31.561989574812888,-0.35471384998080857,239,522,0,0,1,0,0,1,1,0,0,0,0,0,0,False,29.3,1236.7,0.0,18.7,-3.93,0,0.0,39.7,Nakalembe
kampala_katuna,297,148.5,148.75,31.557561612589968,-0.3539531079810176,329,1404,0,0,2,2,0,0,4,0,0,0,0,0,0,False,1.6,1231.9,12.8,0.2,2.66,0,0.0,39.7,Kinoni
kampala_katuna,298,149.0,149.25,31.553141353634057,-0.3531496159482272,637,2060,0,0,2,6,0,2,2,0,0,0,0,0,0,False,60.5,1249.0,13.0,-0.0,2.74,0,0.0,39.7,Middle
kampala_katuna,299,149.5,149.75,31.54889694632223,-0.3543112003541366,435,1482,0,0,0,4,0,0,4,0,0,0,0,0,0,False,54.8,1251.9,0.1,6.6,-1.36,0,0.0,39.7,Western
kampala_katuna,300,150.0,150.25,31.54575045843227,-0.3574182413334291,124,447,0,0,0,1,0,0,2,0,0,0,0,0,0,False,21.4,1233.9,0.0,30.4,-6.41,0,0.0,39.7,Western
kampala_katuna,301,150.5,150.75,31.543007939290447,-0.3609994627198392,1,89,0,0,0,0,0,0,0,0,0,0,0,0,0,False,5.9,1208.1,0.6,8.0,-1.56,0,0.0,39.7,Western
kampala_katuna,302,151.0,151.25,31.540253243929,-0.3645712787494942,46,107,0,0,0,0,0,0,2,0,0,0,0,0,0,False,36.3,1216.2,17.5,-0.0,3.69,0,0.0,39.7,Kyekulula
kampala_katuna,303,151.5,151.75,31.536670909414173,-0.36714408900207535,119,206,0,0,0,0,0,1,1,0,0,0,0,0,0,False,30.5,1222.4,0.1,7.0,-1.45,0,0.0,39.7,Kyekulula
kampala_katuna,304,152.0,152.25,31.532528810958294,-0.3688933476017191,85,155,0,0,0,0,0,0,3,0,0,0,0,0,0,False,13.6,1215.0,0.0,10.2,-2.14,0,0.0,39.7,Kyekulula
kampala_katuna,305,152.5,152.75,31.528393883475797,-0.37065654289135047,13,54,0,0,0,0,0,0,0,0,0,0,0,0,0,False,23.9,1206.7,0.5,1.0,-0.11,0,0.0,39.7,Kyekulula
kampala_katuna,306,153.0,153.25,31.52416089539612,-0.3721676086717421,26,124,0,0,0,0,0,0,2,0,0,0,0,0,0,False,1.8,1212.7,19.1,-0.0,4.03,0,0.0,39.7,Bunyere
kampala_katuna,307,153.5,153.75,31.519893566364324,-0.37357890222772344,101,265,0,0,0,0,0,1,1,0,0,0,0,0,0,False,13.3,1240.0,20.3,-0.0,4.27,0,0.0,39.7,Degeya
kampala_katuna,308,154.0,154.25,31.51554389735942,-0.37470740683452686,159,402,0,0,0,1,0,0,3,0,0,0,0,0,0,False,31.4,1254.1,10.1,-0.0,2.13,0,0.0,39.7,Degeya
kampala_katuna,309,154.5,154.75,31.51156184839749,-0.3766876294466878,190,381,0,0,0,1,0,0,3,0,0,0,0,0,0,False,33.8,1256.4,1.2,14.9,-2.89,0,0.0,39.7,Degeya
kampala_katuna,310,155.0,155.25,31.50740749062725,-0.3779193746468855,16,117,0,0,0,0,0,0,0,0,0,0,0,0,0,False,75.2,1226.9,0.0,32.5,-6.84,0,0.0,39.7,Degeya
kampala_katuna,311,155.5,155.75,31.50300129442334,-0.37819564381322457,14,35,0,0,0,0,0,0,0,0,0,0,0,0,0,False,30.3,1209.3,0.6,1.6,-0.23,0,0.0,39.7,Bwami
kampala_katuna,312,156.0,156.25,31.49869712919965,-0.3794891472334163,26,49,0,0,0,0,0,0,1,0,0,0,0,0,0,False,0.6,1210.7,2.6,-0.0,0.55,0,0.0,29.5,Bwami
kampala_katuna,313,156.5,156.75,31.49438128644131,-0.3807361489196411,1,57,0,0,0,0,0,1,0,0,0,0,0,0,0,False,38.6,1215.7,8.9,-0.0,1.88,0,0.0,29.5,Bwami
kampala_katuna,314,157.0,157.25,31.489900661566335,-0.3807199596849333,25,242,0,0,0,1,0,0,0,0,0,0,0,0,0,False,11.7,1233.3,24.0,-0.0,5.04,0,0.0,29.5,Bwami
kampala_katuna,315,157.5,157.75,31.485429361374443,-0.38096094637864214,217,415,0,0,0,1,0,0,2,0,0,0,0,0,0,False,11.4,1255.7,17.1,-0.0,3.61,0,0.0,29.5,Kabarungi
kampala_katuna,316,158.0,158.25,31.480979415517478,-0.38157436276666584,62,268,0,0,0,1,0,0,1,0,0,0,0,0,0,False,10.7,1265.8,2.2,0.9,0.27,0,0.0,29.5,Kabarungi
kampala_katuna,317,158.5,158.75,31.47673431509748,-0.38281282645859455,16,78,0,0,0,0,0,0,2,0,0,0,0,0,0,False,57.7,1259.8,0.0,10.6,-2.24,0,0.0,29.5,Kabarungi
kampala_katuna,318,159.0,159.25,31.473122876698618,-0.3855011656560161,31,108,0,0,0,0,0,0,0,0,0,0,0,0,0,False,17.7,1248.1,0.0,11.0,-2.32,0,0.0,29.5,Kabarungi
kampala_katuna,319,159.5,159.75,31.46917431966625,-0.3876181179879109,54,197,0,0,0,1,0,0,0,0,0,0,0,0,0,False,10.3,1230.0,0.0,15.4,-3.25,0,0.0,29.5,Industry
kampala_katuna,320,160.0,160.25,31.464998683784106,-0.3892847457400042,249,1130,0,0,3,2,0,0,4,0,0,0,0,1,0,False,2.2,1225.8,2.0,0.0,0.41,0,0.0,29.5,Industry
kampala_katuna,321,160.5,160.75,31.46082846866426,-0.3909643040258301,617,2327,0,1,2,2,0,2,1,0,0,0,0,1,0,False,8.8,1235.4,19.1,-0.0,4.02,0,0.0,29.5,Industry
kampala_katuna,322,161.0,161.25,31.456550340865242,-0.39192356407103474,374,1677,0,1,0,1,0,0,3,0,0,0,0,0,0,False,111.0,1253.2,8.4,-0.0,1.77,0,0.0,29.5,Mbiriizi
kampala_katuna,323,161.5,161.75,31.452352949577502,-0.39168354516747933,56,327,0,0,0,1,0,0,2,0,0,0,0,0,0,False,119.4,1267.2,16.5,0.4,3.38,0,0.0,29.5,Police
kampala_katuna,324,162.0,162.25,31.448477146622622,-0.393253191849286,37,137,0,0,0,0,0,0,1,0,0,0,0,0,0,False,118.2,1269.4,0.1,4.7,-0.98,0,0.0,29.5,Police
kampala_katuna,325,162.5,162.75,31.444204243038758,-0.3933516607988057,34,125,0,0,0,0,0,0,1,0,0,0,0,0,0,False,67.5,1276.0,13.3,1.3,2.52,0,0.0,29.5,Kyereme
kampala_katuna,326,163.0,163.25,31.439820672135333,-0.3938429864583496,16,81,0,0,0,0,0,0,2,0,0,0,0,0,0,False,50.6,1267.3,0.0,22.0,-4.63,0,0.0,29.5,Kyereme
kampala_katuna,327,163.5,163.75,31.43545192410632,-0.39303589851005394,2,61,0,0,0,0,0,0,0,0,0,0,0,0,0,False,75.7,1247.6,6.4,11.7,-1.11,0,0.0,29.5,Kyereme
kampala_katuna,328,164.0,164.25,31.431243064335955,-0.3946049280173243,19,83,0,0,0,0,0,0,0,0,0,0,0,0,0,False,1.6,1266.3,26.4,-0.0,5.55,0,0.0,29.5,Kyereme
kampala_katuna,329,164.5,164.75,31.427061199088758,-0.3962553765351403,47,64,0,0,0,0,0,0,3,0,0,0,0,0,0,False,4.4,1276.3,0.5,7.6,-1.5,0,0.0,29.5,Kyawagonya
kampala_katuna,330,165.0,165.25,31.42278807386634,-0.3973890497649332,13,44,0,0,0,0,0,0,3,0,0,0,0,0,0,False,124.9,1276.7,9.4,-0.0,1.98,0,0.0,29.5,Kitakomaga
kampala_katuna,331,165.5,165.75,31.418635575039627,-0.39585755167973175,25,63,0,0,0,2,0,0,1,0,0,0,0,0,0,False,49.8,1272.6,0.2,21.8,-4.54,0,0.0,29.5,Kitakomaga
kampala_katuna,332,166.0,166.25,31.414145276027448,-0.3959681189301904,22,138,0,0,0,2,0,0,2,0,0,0,0,0,0,False,2.5,1258.1,9.2,3.7,1.17,0,0.0,29.5,Kitakomaga
kampala_katuna,333,166.5,166.75,31.40965572215494,-0.3960633924984913,260,644,0,0,0,3,0,1,4,0,0,0,0,0,0,False,89.9,1272.6,14.6,-0.0,3.08,0,0.0,29.5,Kyetume
kampala_katuna,334,167.0,167.25,31.406030663362113,-0.3985682590344528,267,738,0,0,0,5,0,2,1,0,0,0,0,0,0,False,119.7,1286.4,6.7,6.5,0.03,0,0.0,29.5,Kyetume
kampala_katuna,335,167.5,167.75,31.40162218547955,-0.3981948872279631,28,107,0,0,0,1,0,0,1,0,0,0,0,0,0,False,30.8,1279.9,0.0,7.7,-1.63,0,0.0,29.5,Gankanga
kampala_katuna,336,168.0,168.25,31.39727392744129,-0.39879358432009104,7,29,0,0,0,0,0,0,0,0,0,0,0,0,0,False,37.9,1263.2,0.0,14.4,-3.03,0,0.0,29.5,Gankanga
kampala_katuna,337,168.5,168.75,31.393255526063385,-0.400813686564162,8,21,0,0,0,0,0,0,2,0,0,0,0,0,0,False,2.1,1252.8,0.0,7.9,-1.67,0,0.0,29.5,Gankanga
kampala_katuna,338,169.0,169.25,31.38916459945331,-0.40265526450675493,9,103,0,0,0,1,0,0,1,0,0,0,0,0,0,False,41.6,1249.7,0.0,1.7,-0.35,0,0.0,29.5,Kyegera B
kampala_katuna,339,169.5,169.75,31.384704209398077,-0.4031542271435523,167,603,0,0,1,2,0,0,2,0,0,0,0,0,0,False,3.9,1250.3,3.0,0.5,0.53,0,0.0,29.5,Pida
kampala_katuna,340,170.0,170.25,31.380230477429063,-0.40355692007046584,186,661,0,0,1,1,0,1,6,0,0,0,0,0,0,False,5.5,1256.7,8.4,9.7,-0.28,0,0.0,29.5,Pida
kampala_katuna,341,170.5,170.75,31.37575591165182,-0.4039500746134571,30,123,0,0,0,0,0,0,0,0,0,0,0,0,0,False,0.6,1244.1,0.1,6.2,-1.28,0,0.0,29.5,Kyandazima
kampala_katuna,342,171.0,171.25,31.37128196370526,-0.404350696564128,71,101,0,0,0,0,0,0,3,0,0,0,0,0,0,False,6.8,1250.2,18.0,-0.0,3.78,0,0.0,29.5,Kyandazima
kampala_katuna,343,171.5,171.75,31.366800032548333,-0.40455157363965716,30,123,0,0,0,1,0,0,0,0,0,0,0,0,0,False,27.8,1266.1,8.6,-0.0,1.81,0,0.0,29.5,Kirumba
kampala_katuna,344,172.0,172.25,31.362422099335046,-0.40361134147610916,21,98,0,0,0,1,0,0,0,0,0,0,0,0,0,False,33.7,1274.4,6.1,3.3,0.59,0,0.0,29.5,Kirumba
kampala_katuna,345,172.5,172.75,31.35850272703049,-0.401429135027511,89,159,0,0,0,0,0,0,3,0,0,0,0,0,0,False,30.5,1261.4,0.0,17.6,-3.7,0,0.0,29.5,Kirumba
kampala_katuna,346,173.0,173.25,31.35518419342372,-0.39838708548651874,65,163,0,0,0,0,0,0,0,0,0,0,0,0,0,False,0.0,1254.0,11.0,3.2,1.65,0,0.0,29.5,Kirumba
kampala_katuna,347,173.5,173.75,31.351940966340496,-0.3952588073971728,113,304,0,0,0,2,0,0,1,0,0,0,0,0,0,False,37.1,1274.8,22.1,-0.0,4.64,0,0.0,29.5,Mpumudde (Lwakibirizi)
kampala_katuna,348,174.0,174.25,31.34805899425505,-0.3931074753379698,186,325,0,0,0,2,0,0,1,0,0,0,0,0,0,False,59.2,1278.6,0.0,17.7,-3.73,0,0.0,29.5,Mpumudde (Lwakibirizi)
kampala_katuna,349,174.5,174.75,31.343578566396864,-0.3930043557515982,56,195,0,0,0,0,0,0,1,0,0,0,0,0,0,False,3.8,1252.5,0.0,24.6,-5.18,0,0.0,29.5,Mpumudde (Lwakibirizi)
kampala_katuna,350,175.0,175.25,31.339089426438353,-0.3931505996430862,127,293,0,0,0,0,0,0,1,0,0,0,0,0,0,False,5.4,1245.0,7.8,-0.0,1.64,0,0.0,29.5,Mpumudde (Lwakibirizi)
kampala_katuna,351,175.5,175.75,31.334598950901896,-0.39319487671818804,106,235,0,0,0,0,0,0,0,0,0,0,0,0,0,False,22.2,1250.8,2.4,0.2,0.46,0,0.0,29.5,Kanyogogga
kampala_katuna,352,176.0,176.25,31.330182469827612,-0.3924045933605389,98,541,0,0,0,0,0,0,1,0,0,0,0,0,0,False,12.0,1250.5,0.1,2.6,-0.51,0,0.0,29.5,Kanyogogga
kampala_katuna,353,176.5,176.75,31.325912742805052,-0.39105605319941567,379,1140,0,0,2,2,0,0,5,0,0,0,0,0,0,False,34.5,1244.5,0.0,7.6,-1.6,0,0.0,29.5,Byuma
kampala_katuna,354,177.0,177.25,31.321942248985962,-0.38894331931714765,417,1714,0,0,3,3,0,0,2,0,0,0,0,0,0,False,8.0,1240.9,1.1,0.1,0.22,1,0.0,29.5,Kyazanga
kampala_katuna,355,177.5,177.75,31.317969728805423,-0.38683399986156364,617,1999,3,0,1,4,0,0,2,0,0,0,0,0,0,False,6.0,1245.1,6.3,0.2,1.3,0,0.0,29.5,Central
kampala_katuna,356,178.0,178.25,31.31398684619439,-0.3847444140107724,319,1289,1,0,0,3,0,0,4,0,0,0,0,0,0,False,14.0,1246.0,1.3,2.5,-0.27,0,0.0,29.5,Bukyanagandi
kampala_katuna,357,178.5,178.75,31.309794469626468,-0.3831372678420814,104,454,0,0,0,1,0,0,6,0,0,0,0,0,0,False,4.5,1251.2,14.3,-0.0,3.0,0,0.0,29.5,Bukyanagandi
kampala_katuna,358,179.0,179.25,31.305539663334443,-0.38168889637505665,71,185,0,0,0,1,0,0,1,0,0,0,0,0,0,False,2.7,1272.9,18.0,-0.0,3.78,0,0.0,29.5,Lwentale North
kampala_katuna,359,179.5,179.75,31.301244626320262,-0.380400655242842,79,123,0,0,0,0,0,0,2,0,0,0,0,0,0,False,33.0,1281.7,3.0,0.3,0.57,0,0.0,29.5,Lwentale North
kampala_katuna,360,180.0,180.25,31.29676123047339,-0.38014182443167743,33,102,0,0,0,0,0,0,1,0,0,0,0,0,0,False,4.0,1282.3,0.5,0.4,0.03,0,0.0,29.5,Kiganda
kampala_katuna,361,180.5,180.75,31.29232278188216,-0.3804207126494573,60,102,0,0,0,0,0,0,4,0,0,0,0,0,0,False,74.4,1283.9,2.6,3.4,-0.17,0,0.0,29.5,Kiganda
kampala_katuna,362,181.0,181.25,31.288055171421586,-0.3802158611140603,21,115,0,0,0,0,0,0,0,0,0,0,0,0,0,False,115.5,1293.1,27.6,-0.0,5.82,0,0.0,29.5,Kiganda
kampala_katuna,363,181.5,181.75,31.284259180714624,-0.3781574420793834,42,197,0,0,0,1,0,0,0,0,0,0,0,0,0,False,65.5,1323.9,24.1,-0.0,5.07,0,0.0,29.5,Malongo
kampala_katuna,364,182.0,182.25,31.279902328611477,-0.3771244135451034,90,176,0,0,0,1,0,0,2,0,0,0,0,0,0,False,117.3,1349.4,18.7,0.2,3.9,0,0.0,29.5,Malongo
kampala_katuna,365,182.5,182.75,31.27642733345611,-0.37446956351416016,30,148,0,0,0,0,0,0,0,0,0,0,0,0,0,False,103.7,1351.7,3.1,5.3,-0.45,0,0.0,29.5,Malongo
kampala_katuna,366,183.0,183.25,31.272714564427375,-0.37211580222856294,94,148,0,0,0,0,0,0,1,0,0,0,0,0,0,False,37.2,1344.9,0.0,18.4,-3.88,0,0.0,29.5,Kitesa
kampala_katuna,367,183.5,183.75,31.268571011148104,-0.37040841637105876,14,47,0,0,0,0,0,0,1,0,0,0,0,0,0,False,21.9,1326.5,0.0,8.5,-1.79,0,0.0,29.5,Kitesa
kampala_katuna,368,184.0,184.25,31.26423184203036,-0.36924203999245425,19,62,0,0,0,0,0,0,1,0,0,0,0,0,0,False,4.2,1320.5,0.0,10.1,-2.12,0,0.0,29.5,Kitesa
kampala_katuna,369,184.5,184.75,31.25991315185903,-0.3690569487403236,46,460,0,0,0,1,0,0,0,0,0,0,0,0,0,False,105.9,1302.4,0.0,20.8,-4.38,0,0.0,29.5,Gyenda
kampala_katuna,370,185.0,185.25,31.25654887493028,-0.3720453523356503,360,1071,0,0,0,1,0,0,2,0,0,0,0,0,0,False,24.3,1280.7,0.0,15.7,-3.3,0,0.0,29.5,Gyenda
kampala_katuna,371,185.5,185.75,31.25386435346362,-0.3756688926991142,294,722,0,0,1,1,0,0,1,0,0,0,0,0,0,False,45.6,1273.0,3.1,3.5,-0.08,0,0.0,29.5,Katovu Trc
kampala_katuna,372,186.0,186.25,31.25006696904265,-0.3776117495275685,92,285,0,0,1,1,0,0,0,0,0,0,0,0,0,False,52.3,1278.9,7.1,10.1,-0.63,0,0.0,29.5,Katovu Trc
kampala_katuna,373,186.5,186.75,31.245653231369015,-0.3783485479340975,87,197,0,0,0,1,0,0,3,0,0,0,0,0,0,False,14.7,1278.0,7.7,-0.0,1.62,0,0.0,26.6,Ntula A
kampala_katuna,374,187.0,187.25,31.241307445644168,-0.37949033277417377,37,105,0,0,0,0,0,0,1,0,0,0,0,0,0,False,0.5,1285.1,6.0,-0.0,1.27,0,0.0,26.6,Ntula A
kampala_katuna,375,187.5,187.75,31.236964362019368,-0.3806424090021541,43,229,0,0,0,0,0,0,2,0,0,0,0,0,0,False,0.0,1292.2,6.0,2.3,0.78,0,0.0,26.6,Katovu Central
kampala_katuna,376,188.0,188.25,31.232627457965705,-0.38181775185650824,256,431,0,0,0,2,0,0,2,0,0,0,0,0,0,False,4.9,1292.4,2.8,7.1,-0.89,0,0.0,26.6,Katovu Central
kampala_katuna,377,188.5,188.75,31.228304956380736,-0.383045188571545,55,328,0,0,0,2,0,0,0,0,0,0,0,0,0,False,0.0,1276.3,0.0,17.8,-3.75,0,0.0,26.6,Katovu Central
kampala_katuna,378,189.0,189.25,31.223956266878954,-0.3841546918907711,2,21,0,0,0,0,0,0,1,0,0,0,0,0,0,False,23.4,1265.6,0.0,5.1,-1.08,0,0.0,26.6,Katovu Central
kampala_katuna,379,189.5,189.75,31.21947631309879,-0.3844639605314046,0,8,0,0,0,0,0,0,3,0,0,0,0,0,0,False,11.4,1261.8,0.0,2.6,-0.55,0,0.0,26.6,Katovu B
kampala_katuna,380,190.0,190.25,31.214995584400814,-0.3847737761555409,0,8,0,0,0,0,0,0,0,0,0,0,0,0,0,False,1.2,1260.4,0.8,0.2,0.14,0,0.0,26.6,Bulimbale
kampala_katuna,381,190.5,190.75,31.21056360700847,-0.3854197823207207,9,24,0,0,0,0,0,0,1,0,0,0,0,0,0,False,27.0,1266.0,7.3,0.2,1.49,0,0.0,26.6,Bulimbale
kampala_katuna,382,191.0,191.25,31.206135427351917,-0.38599218559528475,2,19,0,0,0,0,0,0,1,0,0,0,0,0,0,False,92.1,1265.4,0.0,8.3,-1.75,0,0.0,26.6,Bulimbale
kampala_katuna,383,191.5,191.75,31.20226432591091,-0.38376820580328563,0,9,0,0,0,0,0,0,1,0,0,0,0,0,0,False,48.2,1260.1,1.4,5.4,-0.83,0,0.0,26.6,Bulimbale
kampala_katuna,384,192.0,192.25,31.19810446718318,-0.3832163382102559,20,48,0,0,0,0,0,0,0,0,0,0,0,0,0,False,74.5,1256.6,11.9,1.5,2.21,0,0.0,26.6,Bulimbale
kampala_katuna,385,192.5,192.75,31.194103471934973,-0.3852699491337912,40,89,0,0,0,0,0,0,0,0,0,0,0,0,0,False,1.0,1266.9,1.3,2.2,-0.19,0,0.0,26.6,BULIMBALE
kampala_katuna,386,193.0,193.25,31.19012801192574,-0.38737121532959756,81,152,0,0,0,1,0,0,2,0,0,0,0,0,0,False,33.0,1268.6,4.2,0.3,0.82,0,0.0,26.6,Ngango
kampala_katuna,387,193.5,193.75,31.186668491165754,-0.3902252817720683,144,437,0,0,0,4,0,0,0,0,0,0,0,0,0,False,52.6,1264.4,0.0,9.1,-1.91,0,0.0,26.6,Ngango
kampala_katuna,388,194.0,194.25,31.182754790465953,-0.39226711220692123,205,357,0,0,0,3,0,0,2,0,0,0,0,0,0,False,31.6,1254.1,0.0,14.2,-2.99,0,0.0,26.6,Kasambya (Katovu)
kampala_katuna,389,194.5,194.75,31.17871125567402,-0.39423141833511166,0,54,0,0,0,0,0,0,2,0,0,0,0,0,0,False,0.8,1244.3,0.0,1.6,-0.34,0,0.0,26.6,Kasambya (Katovu)
kampala_katuna,390,195.0,195.25,31.174683601910978,-0.39623182600335316,1,47,0,0,0,0,0,0,0,0,0,0,0,0,0,False,1.7,1243.8,0.4,0.1,0.08,0,0.0,26.6,Mikoma
kampala_katuna,391,195.5,195.75,31.170633314905007,-0.39818539112773077,92,157,0,0,1,0,0,0,3,0,0,0,0,0,0,False,1.0,1245.9,3.1,0.7,0.51,0,0.0,26.6,Mikoma
kampala_katuna,392,196.0,196.25,31.166598544453535,-0.40017077320751643,24,130,0,0,0,0,0,0,1,0,0,0,0,0,0,False,7.1,1244.7,0.6,1.7,-0.23,0,0.0,26.6,Kalagala B
kampala_katuna,393,196.5,196.75,31.162563114939804,-0.4021552031318149,84,330,0,0,1,1,0,0,1,0,0,0,0,0,0,False,26.9,1246.0,3.5,-0.0,0.74,0,0.0,26.6,Kalagala B
kampala_katuna,394,197.0,197.25,31.158446069796714,-0.4039025125158981,277,1354,0,1,2,5,0,0,2,0,0,0,0,0,0,False,52.1,1260.3,19.7,-0.0,4.14,0,0.0,26.6,Kasese
kampala_katuna,395,197.5,197.75,31.154174770220944,-0.4052608899596502,546,2005,0,1,4,4,0,2,1,0,0,0,0,0,0,False,13.1,1270.1,1.0,0.1,0.19,0,0.0,26.6,Lyantonde
kampala_katuna,396,198.0,198.25,31.150072193132416,-0.40706435574820227,331,1356,0,0,1,2,0,0,4,0,0,0,0,0,0,False,29.9,1267.1,0.9,13.9,-2.74,0,0.0,26.6,Kaliro A
kampala_katuna,397,198.5,198.75,31.14598886691256,-0.4088459394254671,26,372,0,0,0,4,0,0,4,0,0,0,0,0,0,False,23.9,1253.8,1.1,3.9,-0.58,0,0.0,26.6,Kaliro A
kampala_katuna,398,199.0,199.25,31.141618787942278,-0.4098880415189106,52,117,0,0,0,2,0,0,1,0,0,0,0,0,0,False,1.4,1252.8,1.0,7.0,-1.25,0,0.0,26.6,Kyabazala
kampala_katuna,399,199.5,199.75,31.137254954908393,-0.41095659351125136,15,132,0,0,0,0,0,0,1,0,0,0,0,0,0,False,2.3,1257.1,19.7,-0.0,4.15,0,0.0,26.6,Kyabazala
kampala_katuna,400,200.0,200.25,31.13288691248983,-0.4120073445836764,34,97,0,0,0,0,0,0,0,0,0,0,0,0,0,False,9.5,1267.4,0.9,9.7,-1.85,0,0.0,26.6,Kyabazala
kampala_katuna,401,200.5,200.75,31.12862317709467,-0.41340233419583094,10,41,0,0,0,0,0,0,0,0,0,0,0,0,0,False,15.7,1252.9,0.1,7.0,-1.46,0,0.0,26.6,Kyabazala
kampala_katuna,402,201.0,201.25,31.124578243114033,-0.41534984723061774,15,53,0,0,0,0,0,0,0,0,0,0,0,0,0,False,5.0,1252.2,3.8,0.2,0.76,0,0.0,26.6,Kyabazala
kampala_katuna,403,201.5,201.75,31.12068569211475,-0.417604705292806,49,52,0,0,0,0,0,3,0,0,0,0,0,0,0,False,3.5,1259.4,5.5,6.4,-0.18,0,0.0,26.6,Kyabazala
kampala_katuna,404,202.0,202.25,31.116793012150943,-0.4198594931325548,0,14,0,0,0,0,0,0,1,0,0,0,0,0,0,False,0.9,1253.6,0.3,1.2,-0.19,0,0.0,26.6,
kampala_katuna,405,202.5,202.75,31.11291849063903,-0.4221454123746776,10,11,0,0,0,0,0,0,1,0,0,0,0,0,0,False,18.1,1255.9,4.6,0.8,0.8,0,0.0,26.6,
kampala_katuna,406,203.0,203.25,31.1093263511428,-0.42483956534751605,0,11,0,0,0,0,0,0,0,0,0,0,0,0,0,False,13.3,1257.7,1.9,0.3,0.35,0,0.0,26.6,
kampala_katuna,407,203.5,203.75,31.105742136202256,-0.42753537628133204,0,22,0,0,0,0,0,0,1,0,0,0,0,0,0,False,24.2,1260.4,2.9,-0.0,0.61,0,0.0,26.6,
kampala_katuna,408,204.0,204.25,31.10176451145464,-0.42963346572063843,29,64,0,0,0,0,0,0,2,0,0,0,0,0,0,False,19.0,1264.6,7.1,-0.0,1.5,0,0.0,26.6,
kampala_katuna,409,204.5,204.75,31.097773343585715,-0.4317049470723418,4,48,0,0,0,0,0,0,0,0,0,0,0,0,0,False,2.8,1271.9,3.3,2.3,0.2,0,0.0,26.6,
kampala_katuna,410,205.0,205.25,31.09376437079988,-0.4337425110354242,0,0,0,0,0,0,0,0,2,0,0,0,0,0,0,False,5.1,1274.8,11.0,-0.0,2.31,0,0.0,26.6,
kampala_katuna,411,205.5,205.75,31.08977245178258,-0.4358134461547824,0,1,0,0,0,0,0,0,0,0,0,0,0,0,0,False,9.1,1286.5,5.8,2.6,0.67,0,0.0,26.6,
kampala_katuna,412,206.0,206.25,31.085655342356656,-0.43761750859692883,0,9,0,0,0,0,0,0,0,0,0,0,0,0,0,False,3.2,1291.0,13.6,-0.0,2.86,0,0.0,26.6,
kampala_katuna,413,206.5,206.75,31.081534155805752,-0.43941396290354195,28,52,0,0,0,2,0,1,0,0,0,0,0,0,0,False,9.4,1294.3,1.7,8.1,-1.35,0,0.0,26.6,
kampala_katuna,414,207.0,207.25,31.07741296772204,-0.44120979785827713,15,49,0,0,0,2,0,0,0,0,0,0,0,0,0,False,1.5,1308.8,28.8,-0.0,6.07,0,0.0,26.6,
kampala_katuna,415,207.5,207.75,31.0732800037527,-0.44297851616545225,3,46,0,0,0,0,0,0,1,0,0,0,0,0,0,False,4.6,1327.5,8.4,-0.0,1.78,0,0.0,26.6,
kampala_katuna,416,208.0,208.25,31.069233329394866,-0.44493029632697545,42,46,0,0,0,0,0,0,2,0,0,0,0,0,0,False,18.2,1333.5,3.5,7.2,-0.78,0,0.0,26.6,
kampala_katuna,417,208.5,208.75,31.065281035209228,-0.44707657374055987,0,26,0,0,0,0,0,0,1,0,0,0,0,0,0,False,5.3,1322.4,0.0,10.9,-2.29,0,0.0,26.6,
kampala_katuna,418,209.0,209.25,31.061328138812243,-0.44922224092395246,0,6,0,0,0,0,0,0,1,0,0,0,0,0,0,False,2.2,1309.0,0.0,15.5,-3.26,0,0.0,26.6,
kampala_katuna,419,209.5,209.75,31.057390339886936,-0.451395619766421,0,10,0,0,0,0,0,0,0,0,0,0,0,0,0,False,13.0,1291.6,0.0,16.4,-3.46,0,0.0,26.6,
kampala_katuna,420,210.0,210.25,31.053556709308786,-0.45374755230314795,1,5,0,0,0,0,0,0,1,0,0,0,0,0,0,False,6.4,1280.9,1.3,1.9,-0.13,0,0.0,26.6,Karengo
kampala_katuna,421,210.5,210.75,31.049716598535333,-0.4560770326546352,1,2,0,0,0,0,0,0,0,0,0,0,0,0,0,False,61.0,1278.0,0.0,5.4,-1.14,0,0.0,26.6,Karengo
kampala_katuna,422,211.0,211.25,31.045334566927963,-0.4569333667435686,0,1,0,0,0,0,0,0,1,0,0,0,0,0,0,False,75.4,1277.5,3.8,-0.0,0.8,0,0.0,26.6,Karengo
kampala_katuna,423,211.5,211.75,31.041761425129668,-0.4596391936283266,29,154,0,0,1,1,0,0,1,0,0,0,0,0,0,False,10.2,1277.7,0.0,2.5,-0.53,0,0.0,26.6,Karengo
kampala_katuna,424,212.0,212.25,31.038356375543813,-0.46258582668849574,262,490,0,0,1,1,0,0,3,0,0,0,0,0,0,False,45.0,1275.1,0.7,2.2,-0.31,0,0.0,26.6,Akageti
kampala_katuna,425,212.5,212.75,31.034917032103763,-0.4654901652451081,149,388,0,0,0,0,0,0,3,0,0,0,0,0,0,False,49.2,1276.0,0.7,0.5,0.03,0,0.0,26.6,Akageti
kampala_katuna,426,213.0,213.25,31.03083334792142,-0.46733440401621523,0,33,0,0,0,0,0,0,0,0,0,0,0,0,0,False,16.9,1271.9,0.0,5.5,-1.15,0,0.0,26.6,Karengo
kampala_katuna,427,213.5,213.75,31.02679759011634,-0.46931590356054603,0,0,0,0,0,0,0,1,0,0,0,0,0,0,0,False,37.7,1269.7,1.5,0.3,0.24,0,0.0,26.6,Karengo
kampala_katuna,428,214.0,214.25,31.02243168138028,-0.47025800506425625,0,1,0,0,0,0,0,0,0,0,0,0,0,0,0,False,5.6,1272.8,2.2,0.6,0.34,0,0.0,26.6,Karengo
kampala_katuna,429,214.5,214.75,31.01797665220275,-0.4708275892504546,0,1,0,0,0,0,0,0,1,0,0,0,0,0,0,False,28.9,1271.2,0.0,2.9,-0.61,0,0.0,26.6,Karengo
kampala_katuna,430,215.0,215.25,31.013826766225463,-0.4724284632971481,0,0,0,0,0,0,0,0,1,0,0,0,0,0,0,False,10.9,1268.8,1.3,1.9,-0.14,0,0.0,26.6,
kampala_katuna,431,215.5,215.75,31.009920397790772,-0.47465621416943576,0,2,0,0,0,0,0,0,0,0,0,0,0,0,0,False,39.3,1269.7,0.6,1.7,-0.23,0,0.0,26.6,
kampala_katuna,432,216.0,216.25,31.006849961022155,-0.4779438667731452,2,2,0,0,0,0,0,0,0,0,0,0,0,0,0,False,6.9,1266.6,2.7,2.0,0.15,0,0.0,26.6,
kampala_katuna,433,216.5,216.75,31.004299710242687,-0.4816116432131551,0,1,0,0,0,0,0,0,0,0,0,0,0,0,0,False,72.1,1267.5,0.3,3.0,-0.57,0,0.0,26.6,
kampala_katuna,434,217.0,217.25,31.001485666809764,-0.484962669565271,9,14,0,0,0,0,0,0,0,0,0,0,0,0,0,False,36.8,1267.1,1.7,0.3,0.3,0,0.0,26.6,
kampala_katuna,435,217.5,217.75,30.99775117070871,-0.4874731182842029,14,16,0,0,0,0,0,0,0,0,0,0,0,0,0,False,0.9,1263.7,0.0,5.4,-1.14,0,0.0,27.7,
kampala_katuna,436,218.0,218.25,30.993865803602695,-0.48969377618039783,0,7,0,0,0,1,0,0,2,0,0,0,0,0,0,False,61.1,1262.0,2.6,0.1,0.51,0,0.0,27.7,
kampala_katuna,437,218.5,218.75,30.989422621360404,-0.48982042198980724,0,6,0,0,0,1,0,0,0,0,0,0,0,0,0,False,24.4,1268.1,11.1,-0.0,2.33,0,0.0,27.7,Bumaranjara
kampala_katuna,438,219.0,219.25,30.984978281270898,-0.48983253283090356,30,66,0,0,0,1,0,0,0,0,0,0,0,0,0,False,80.4,1290.7,17.0,1.1,3.35,0,0.0,27.7,Bumaranjara
kampala_katuna,439,219.5,219.75,30.98136939426053,-0.4924328973279697,80,129,0,0,0,1,0,0,0,0,0,0,0,0,0,False,37.2,1283.6,0.0,19.6,-4.12,0,0.0,27.7,Bumaranjara
kampala_katuna,440,220.0,220.25,30.977561452277637,-0.4945623451194679,60,127,0,0,0,0,0,0,1,0,0,0,0,0,0,False,68.3,1271.2,1.0,2.6,-0.33,0,0.0,27.7,Bumaranjara
kampala_katuna,441,220.5,220.75,30.973076981274584,-0.49433029428468683,40,121,0,0,0,0,0,0,1,0,0,0,0,0,0,False,2.5,1273.7,3.3,2.8,0.12,0,0.0,27.7,Bumaranjara
kampala_katuna,442,221.0,221.25,30.96859317854197,-0.49418104613485686,53,84,0,0,0,0,0,0,0,0,0,0,0,0,0,False,15.8,1265.0,0.0,10.7,-2.26,0,0.0,27.7,Bumaranjara
kampala_katuna,443,221.5,221.75,30.96411485657536,-0.49451566282943,1,51,0,0,0,0,0,0,0,0,0,0,0,0,0,False,0.5,1261.0,0.2,0.3,-0.01,0,0.0,27.7,Bumaranjara
kampala_katuna,444,222.0,222.25,30.959637006753347,-0.49485699088856316,0,3,0,0,0,0,0,0,0,0,0,0,0,0,0,False,0.0,1261.7,1.3,-0.0,0.26,0,0.0,27.7,
kampala_katuna,445,222.5,222.75,30.955158422611415,-0.4950870585556203,1,8,0,0,0,0,0,0,0,0,0,0,0,0,0,False,33.9,1264.3,3.2,-0.0,0.68,0,0.0,27.7,
kampala_katuna,446,223.0,223.25,30.950746397077438,-0.4942504386573177,1,5,0,0,0,0,0,0,1,0,0,0,0,0,0,False,0.7,1266.2,3.3,0.1,0.68,0,0.0,27.7,
kampala_katuna,447,223.5,223.75,30.946338391294884,-0.49338719823280697,2,16,0,0,0,0,0,0,0,0,0,0,0,0,0,False,0.5,1276.1,13.9,-0.0,2.93,0,0.0,27.7,
kampala_katuna,448,224.0,224.25,30.94192552904341,-0.4925513866453432,8,21,0,0,0,0,0,0,0,0,0,0,0,0,0,False,44.5,1286.3,3.7,-0.0,0.79,0,0.0,27.7,
kampala_katuna,449,224.5,224.75,30.937479699213704,-0.49301387658507057,25,55,0,0,0,0,0,0,1,0,0,0,0,0,0,False,35.0,1291.7,8.7,-0.0,1.83,0,0.0,27.7,
kampala_katuna,450,225.0,225.25,30.933023248735072,-0.4927733365575965,36,53,0,0,0,0,0,0,1,0,0,0,0,0,0,False,46.7,1298.3,1.6,1.6,-0.01,0,0.0,27.7,Nombi
kampala_katuna,451,225.5,225.75,30.92867311557523,-0.4937980500312004,7,29,0,0,0,0,0,0,0,0,0,0,0,0,0,False,20.9,1286.4,0.0,19.5,-4.11,0,0.0,27.7,Nombi
kampala_katuna,452,226.0,226.25,30.924268234888387,-0.49461481130036095,1,15,0,0,0,0,0,0,0,0,0,0,0,0,0,False,3.9,1274.1,0.7,2.3,-0.34,0,0.0,27.7,Nombi
kampala_katuna,453,226.5,226.75,30.91980993209023,-0.4951556775006327,0,2,0,0,0,0,0,0,0,0,0,0,0,0,0,False,0.4,1279.8,8.2,0.0,1.73,0,0.0,27.7,Nombi
kampala_katuna,454,227.0,227.25,30.915351672814186,-0.49569671927373943,0,1,0,0,0,0,0,0,0,0,0,0,0,0,0,False,0.9,1282.7,2.3,0.8,0.31,0,0.0,27.7,Sanga B
kampala_katuna,455,227.5,227.75,30.910893985008663,-0.4962412789466481,77,517,0,0,0,0,0,0,1,0,0,0,0,0,0,False,22.2,1286.8,5.4,-0.0,1.14,0,0.0,27.7,Sanga B
kampala_katuna,456,228.0,228.25,30.906759201120703,-0.49780896975373323,344,959,0,0,0,1,0,1,3,0,0,0,0,1,0,False,42.0,1294.8,5.9,2.5,0.7,0,0.0,27.7,Sanga A
kampala_katuna,457,228.5,228.75,30.90292867911042,-0.5001412335403149,154,535,0,0,0,0,0,0,2,0,0,0,0,0,0,False,13.7,1292.7,0.0,3.0,-0.63,0,0.0,26.6,Sanga A
kampala_katuna,458,229.0,229.25,30.89888137957675,-0.5020995277685862,38,69,0,0,0,0,0,0,0,0,0,0,0,0,0,False,2.4,1286.7,0.2,6.1,-1.24,0,0.0,26.6,Sanga A
kampala_katuna,459,229.5,229.75,30.89468806382353,-0.5035818819646234,0,14,0,0,0,0,0,0,0,0,0,0,0,0,0,False,98.7,1286.0,3.4,-0.0,0.72,0,0.0,26.6,Sanga A
kampala_katuna,460,230.0,230.25,30.890577147478336,-0.5019783458226044,1,4,0,0,0,0,0,0,0,0,0,0,0,0,0,False,21.9,1287.9,0.3,2.2,-0.39,0,0.0,26.6,Sanga A
kampala_katuna,461,230.5,230.75,30.886841876607054,-0.4994693332120018,1,1,0,0,0,0,0,0,0,0,0,0,0,0,0,False,0.5,1283.9,0.0,4.2,-0.88,0,0.0,27.7,Kibega
kampala_katuna,462,231.0,231.25,30.88310475347946,-0.4969630436390584,0,2,0,0,0,0,0,0,0,0,0,0,0,0,0,False,0.5,1281.6,1.3,0.2,0.22,0,0.0,27.7,Kibega
kampala_katuna,463,231.5,231.75,30.879369935570605,-0.49445335450784417,42,42,0,0,0,0,0,0,0,0,0,0,0,0,0,False,17.2,1285.4,4.2,-0.0,0.88,0,0.0,27.7,Kibega
kampala_katuna,464,232.0,232.25,30.876134433142084,-0.49137532151217966,35,40,0,0,0,0,0,0,1,0,0,0,0,0,0,False,13.3,1287.4,1.8,0.8,0.22,0,0.0,27.7,Kibega
kampala_katuna,465,232.5,232.75,30.8733107608981,-0.48786724287433836,0,1,0,0,0,0,0,0,0,0,0,0,0,0,0,False,39.5,1291.7,7.0,-0.0,1.47,0,0.0,27.7,Kibega
kampala_katuna,466,233.0,233.25,30.869515942727542,-0.4855155441984315,0,5,0,0,0,0,0,0,0,0,0,0,0,0,0,False,47.5,1303.7,16.8,-0.0,3.55,0,0.0,27.7,
kampala_katuna,467,233.5,233.75,30.86509451937728,-0.4849928955091687,38,44,0,0,0,0,0,0,0,0,0,0,0,0,0,False,47.3,1315.6,2.8,0.0,0.58,0,0.0,27.7,Kyibega
kampala_katuna,468,234.0,234.25,30.86084579622337,-0.4863383545809987,38,44,0,0,0,0,0,0,0,0,0,0,0,0,0,False,39.1,1313.4,0.0,10.7,-2.25,0,0.0,27.7,Kyibega
kampala_katuna,469,234.5,234.75,30.85723067402034,-0.4890138851140065,0,4,0,0,0,0,0,0,1,0,0,0,0,0,0,False,6.8,1303.7,2.6,2.1,0.09,0,0.0,27.7,Kyibega
kampala_katuna,470,235.0,235.25,30.853999681482847,-0.4920971225795564,2,13,0,0,0,0,0,0,0,0,0,0,0,0,0,False,71.5,1319.6,29.9,-0.0,6.29,0,0.0,27.7,Kyibega
kampala_katuna,471,235.5,235.75,30.852911432256597,-0.49643422098723516,0,14,0,0,0,0,0,0,1,0,0,0,0,1,0,False,18.0,1339.6,3.1,4.4,-0.27,0,0.0,27.7,Kibega
kampala_katuna,472,236.0,236.25,30.8516353001761,-0.5007055862708174,10,26,0,0,0,1,0,0,0,0,0,0,0,0,0,False,73.0,1323.6,0.0,20.7,-4.36,0,0.0,26.6,Kibega
kampala_katuna,473,236.5,236.75,30.848199560652077,-0.5035651237262755,22,22,0,0,0,1,0,0,0,0,0,0,0,0,0,False,6.3,1307.4,0.0,10.1,-2.13,0,0.0,26.6,Kibega
kampala_katuna,474,237.0,237.25,30.84447610632722,-0.5060917111197252,0,0,0,0,0,0,0,0,1,0,0,0,0,0,0,False,0.1,1298.8,0.0,6.9,-1.46,0,0.0,26.6,Kibega
kampala_katuna,475,237.5,237.75,30.84073083804565,-0.508584411665688,2,9,0,0,0,0,0,0,1,0,0,0,0,0,0,False,39.3,1298.5,6.4,1.3,1.08,0,0.0,26.6,Kibega
kampala_katuna,476,238.0,238.25,30.836403841752183,-0.5095911513999879,3,3,0,0,0,0,0,0,0,0,0,0,0,0,0,False,21.5,1297.1,1.2,4.1,-0.61,0,0.0,26.6,
kampala_katuna,477,238.5,238.75,30.831923244885033,-0.5098880642580733,0,1,0,0,0,0,0,1,0,0,0,0,0,0,0,False,0.4,1298.3,2.0,-0.0,0.42,0,0.0,26.6,
kampala_katuna,478,239.0,239.25,30.827442674057895,-0.5101854972656921,2,6,0,0,0,0,0,0,0,0,0,0,0,0,0,False,0.4,1300.9,3.3,-0.0,0.7,0,0.0,26.6,
kampala_katuna,479,239.5,239.75,30.82296253225559,-0.5104892305823167,4,38,0,0,0,0,0,0,1,0,0,0,0,0,0,False,0.4,1303.6,2.2,-0.0,0.47,0,0.0,26.6,
kampala_katuna,480,240.0,240.25,30.818483153296608,-0.5108040115375496,0,28,0,0,0,0,0,0,1,0,0,0,0,0,0,False,3.3,1306.1,2.1,-0.0,0.44,0,0.0,26.6,
kampala_katuna,481,240.5,240.75,30.814002582637006,-0.5110994637919293,1,1,0,0,0,0,0,0,1,0,0,0,0,0,0,False,0.6,1309.1,2.7,-0.0,0.57,0,0.0,26.6,
kampala_katuna,482,241.0,241.25,30.80952320419845,-0.5114136967174094,0,0,0,0,0,0,0,0,0,0,0,0,0,0,0,False,8.9,1312.4,5.1,-0.0,1.08,0,0.0,26.6,
kampala_katuna,483,241.5,241.75,30.805039975428745,-0.5114140030240371,0,0,0,0,0,0,0,0,0,0,0,0,0,0,0,False,7.6,1317.9,3.6,-0.0,0.77,0,0.0,26.6,
kampala_katuna,484,242.0,242.25,30.800560520869702,-0.5111024765087913,0,0,0,0,0,0,0,0,1,0,0,0,0,0,0,False,3.4,1322.4,4.4,-0.0,0.92,0,0.0,26.6,
kampala_katuna,485,242.5,242.75,30.796081866743986,-0.510778355829822,0,0,0,0,0,0,0,0,1,0,0,0,0,0,0,False,0.5,1324.5,1.1,0.6,0.12,0,0.0,26.6,
kampala_katuna,486,243.0,243.25,30.79160202964927,-0.5104775586371803,0,0,0,0,0,0,0,0,1,0,0,0,0,0,0,False,9.6,1327.8,4.2,-0.0,0.89,0,0.0,26.6,
kampala_katuna,487,243.5,243.75,30.787112242365257,-0.5105297785266594,0,0,0,0,0,0,0,0,1,0,0,0,0,0,0,False,0.1,1331.1,3.3,-0.0,0.69,0,0.0,26.6,
kampala_katuna,488,244.0,244.25,30.78262259836277,-0.510598220979613,0,0,0,0,0,0,0,0,1,0,0,0,0,0,0,False,1.7,1334.4,3.2,-0.0,0.68,0,0.0,26.6,Kamatarisi
kampala_katuna,489,244.5,244.75,30.778132930835604,-0.5106646074603164,0,0,0,0,0,0,0,0,1,0,0,0,0,0,0,False,0.2,1341.3,10.4,-0.0,2.19,0,0.0,26.6,Kamatarisi
kampala_katuna,490,245.0,245.25,30.77364342155969,-0.5107387989409613,0,0,0,0,0,0,0,0,1,0,0,0,0,0,0,False,27.9,1357.6,20.5,-0.0,4.31,0,0.0,26.6,Kamatarisi
kampala_katuna,491,245.5,245.75,30.76940084100379,-0.5120431568233871,0,0,0,0,0,0,0,0,0,0,0,0,0,0,0,False,28.2,1363.4,0.0,13.2,-2.79,0,0.0,26.6,Kamatarisi
kampala_katuna,492,246.0,246.25,30.765520409234576,-0.5143104711236552,0,0,0,0,0,0,0,0,1,0,0,0,0,0,0,False,51.7,1354.1,6.6,2.5,0.85,0,0.0,26.6,Kamatarisi
kampala_katuna,493,246.5,246.75,30.76112579259577,-0.5147971047630481,0,2,0,0,0,0,0,0,1,0,0,0,0,0,0,False,42.9,1361.3,3.8,5.7,-0.38,0,0.0,26.6,Kamatarisi
kampala_katuna,494,247.0,247.25,30.756690803386565,-0.5143557882960158,5,28,0,0,0,0,0,0,1,0,0,0,0,0,0,False,66.3,1362.1,12.4,0.4,2.51,0,0.0,26.6,Kamatarisi
kampala_katuna,495,247.5,247.75,30.752675345475172,-0.5162393383398974,40,129,0,0,0,0,0,0,3,0,0,0,0,0,0,False,27.5,1361.9,0.0,14.8,-3.12,0,0.0,26.6,Kasharara
kampala_katuna,496,248.0,248.25,30.74922522837253,-0.5191321443880761,58,122,0,0,0,0,0,0,2,0,0,0,0,0,0,False,14.9,1355.5,5.3,0.1,1.09,0,0.0,27.8,Kihangire Cell
kampala_katuna,497,248.5,248.75,30.745377239328086,-0.5213614317278099,48,122,0,0,0,0,0,0,1,0,0,0,0,0,0,False,46.9,1358.6,0.8,4.1,-0.68,0,0.0,27.8,Kihangire Cell
kampala_katuna,498,249.0,249.25,30.74093346956857,-0.5219881228093808,104,319,1,0,1,2,0,1,3,0,0,0,0,0,0,False,1.0,1357.7,2.1,0.1,0.42,0,0.0,27.8,Kihangire Cell
kampala_katuna,499,249.5,249.75,30.7364749021431,-0.5225211640341643,336,714,0,0,1,4,0,0,4,0,0,0,0,0,0,False,33.7,1364.5,10.7,-0.0,2.26,0,0.0,27.8,Biharwe East Cell
kampala_katuna,500,250.0,250.25,30.73231424374518,-0.5241367620686881,287,732,0,0,0,2,0,1,2,0,0,0,0,0,0,False,5.4,1379.9,15.4,-0.0,3.25,0,0.0,27.8,Biharwe Central Cell
kampala_katuna,501,250.5,250.75,30.728324607762563,-0.5262101515694761,126,298,0,0,0,0,0,0,3,0,0,0,0,0,0,False,5.3,1389.6,4.9,-0.0,1.03,0,0.0,27.8,Kanyara Cell
kampala_katuna,502,251.0,251.25,30.72435759681225,-0.5283266610137635,49,174,0,0,0,0,0,0,4,0,0,0,0,0,0,False,8.4,1399.8,11.7,0.0,2.46,0,0.0,27.8,Rwabishekye-kanyara
kampala_katuna,503,251.5,251.75,30.720349456383552,-0.5303610540767038,70,215,0,0,0,1,0,0,2,0,0,0,0,0,0,False,10.8,1404.4,0.8,1.1,-0.05,0,0.0,27.8,Rwabishekye-kanyara
kampala_katuna,504,252.0,252.25,30.716803215829188,-0.5330336031833265,48,200,0,0,0,1,0,1,1,0,0,0,0,0,0,False,91.3,1406.6,3.9,4.4,-0.1,0,0.0,27.8,Kibwera
kampala_katuna,505,252.5,252.75,30.715159074062036,-0.5372161298651408,49,158,0,0,0,0,0,0,0,0,0,0,0,0,0,False,23.9,1400.2,0.0,9.1,-1.92,0,0.0,27.8,Kibwera
kampala_katuna,506,253.0,253.25,30.71421176198859,-0.5416342589681401,69,169,0,0,0,0,0,0,1,0,0,0,0,0,0,False,5.6,1391.0,3.1,4.4,-0.26,0,0.0,27.8,Rwagaju
kampala_katuna,507,253.5,253.75,30.71378139778635,-0.5460866779100947,53,131,0,0,0,0,0,0,1,0,0,0,0,0,0,False,94.4,1393.2,1.7,5.0,-0.68,0,0.0,27.8,Kibwera
kampala_katuna,508,254.0,254.25,30.713813941975495,-0.5503937940172983,48,128,0,0,0,0,0,0,1,0,0,0,0,0,0,False,77.4,1383.3,0.0,16.5,-3.46,0,0.0,27.8,Kibwera
kampala_katuna,509,254.5,254.75,30.71128364478315,-0.5541253589495887,16,89,0,0,0,1,0,0,4,0,0,0,0,0,0,False,6.1,1364.7,0.1,8.8,-1.82,0,0.0,27.8,Migamba
kampala_katuna,510,255.0,255.25,30.708618426790057,-0.5577618193793917,0,26,0,0,0,1,0,0,2,0,0,0,0,0,0,False,16.1,1358.6,0.0,7.1,-1.5,0,0.0,27.8,Migamba
kampala_katuna,511,255.5,255.75,30.706088671325478,-0.5614956411047756,0,83,0,0,0,1,0,0,2,0,0,0,0,0,0,False,19.6,1354.9,0.2,1.3,-0.25,0,0.0,27.8,Migamba
kampala_katuna,512,256.0,256.25,30.70308740655073,-0.5648432949301235,141,465,0,0,1,1,0,1,5,0,0,0,0,0,0,False,13.0,1350.1,0.0,6.3,-1.32,0,0.0,27.8,Rwebihuro
kampala_katuna,513,256.5,256.75,30.69986064456944,-0.5679858714201214,106,396,0,0,1,1,0,1,2,0,0,0,0,0,0,False,3.3,1347.0,1.6,1.1,0.11,0,0.0,27.8,Rwebihuro
kampala_katuna,514,257.0,257.25,30.696571006354667,-0.5710552446140906,3,23,0,0,0,0,0,0,2,0,0,0,0,0,1,False,38.6,1349.2,1.6,1.8,-0.06,0,0.0,27.8,Rwebihuro
kampala_katuna,515,257.5,257.75,30.692742022044502,-0.5734131838073097,5,87,0,0,0,0,0,0,1,0,0,0,0,0,0,False,6.7,1352.0,6.6,-0.0,1.39,0,0.0,27.8,Rwobuyenje
kampala_katuna,516,258.0,258.25,30.68904223598489,-0.5759518549400251,112,306,0,0,0,0,0,0,2,0,0,0,0,0,0,False,49.2,1357.0,3.3,-0.0,0.69,0,0.0,27.8,Makenke
kampala_katuna,517,258.5,258.75,30.68597053595051,-0.5792462140343992,104,268,1,0,1,0,0,0,2,0,0,0,0,0,0,False,7.9,1358.8,1.7,0.4,0.28,0,0.0,27.8,Makenke
kampala_katuna,518,259.0,259.25,30.682862278270903,-0.582499138081945,36,284,1,0,0,0,0,3,2,0,0,0,0,0,0,True,109.6,1362.9,5.3,-0.0,1.11,0,0.0,27.8,Makenke
kampala_katuna,519,259.5,259.75,30.67885350162417,-0.5845111929305074,73,297,0,0,1,0,0,3,1,0,0,0,0,0,0,False,39.5,1373.0,10.6,-0.0,2.22,0,0.0,27.8,Nyamityobora Fr
kampala_katuna,520,260.0,260.25,30.675288274653695,-0.5872292795518105,30,216,0,0,0,0,0,0,5,0,0,0,0,0,0,False,28.6,1374.1,0.9,3.4,-0.52,0,0.0,27.8,Nyamityobora Fr
kampala_katuna,521,260.5,260.75,30.671408065095697,-0.5894951116269939,123,412,0,0,1,3,0,0,2,0,0,0,0,0,0,False,4.5,1381.8,17.1,-0.0,3.6,0,0.0,27.8,Forest Reserve
kampala_katuna,522,261.0,261.25,30.66757964787727,-0.5918353649386985,238,942,1,0,1,6,0,0,1,0,0,0,0,0,0,False,55.9,1400.1,17.0,-0.0,3.57,0,0.0,27.8,Forest Reserve
kampala_katuna,523,261.5,261.75,30.665114847017257,-0.5955560086880096,330,1410,3,1,4,6,0,0,4,0,0,0,0,0,0,False,34.7,1413.7,4.5,2.0,0.53,0,0.0,27.8,Market
kampala_katuna,524,262.0,262.25,30.663781270604954,-0.5998708851112311,187,1253,3,1,9,4,0,1,3,0,0,0,0,0,0,False,15.2,1411.4,3.6,2.1,0.31,0,0.0,27.8,Agip
kampala_katuna,525,262.5,262.75,30.662808229264982,-0.6042025740169509,236,1164,10,1,6,3,0,5,5,0,0,0,0,0,0,False,279.6,1426.4,23.5,-0.0,4.95,0,0.0,27.8,Muti
kampala_katuna,526,263.0,263.25,30.66091627273161,-0.6082915587670564,171,993,9,1,3,2,0,3,3,0,0,2,0,0,0,True,116.2,1434.4,1.2,6.6,-1.15,0,0.0,27.8,Boma A
kampala_katuna,527,263.5,263.75,30.660220700260346,-0.6126969364574129,112,767,2,0,2,2,1,0,5,0,0,0,0,0,0,False,115.9,1437.7,7.3,1.8,1.15,0,0.0,27.8,Boma
kampala_katuna,528,264.0,264.25,30.657448658904265,-0.6158700666625447,101,467,0,0,1,2,1,0,5,0,0,0,0,0,0,False,109.7,1430.9,0.0,9.9,-2.08,0,0.0,27.8,Boma B
kampala_katuna,529,264.5,264.75,30.653026223562843,-0.6164357462333758,87,549,0,0,2,2,0,0,6,0,0,0,0,0,0,False,68.3,1421.0,0.0,16.0,-3.36,0,0.0,27.8,Kashanyarazi
kampala_katuna,530,265.0,265.25,30.648627763221803,-0.6172803544424642,98,684,0,0,4,4,0,3,5,0,0,0,0,0,0,False,31.5,1400.2,0.0,16.6,-3.5,0,0.0,27.8,Kashanyarazi
kampala_katuna,531,265.5,265.75,30.644223465631885,-0.618141836072203,50,323,0,0,2,3,0,1,3,0,0,0,0,0,0,False,33.7,1389.9,6.3,6.0,0.08,1,0.0,27.8,Kashanyarazi
kampala_katuna,532,266.0,266.25,30.640155963664295,-0.6199864489831113,28,236,0,0,1,2,1,1,2,0,0,0,0,0,0,False,30.9,1400.9,8.5,0.1,1.78,0,0.0,27.8,Nyamitanga
kampala_katuna,533,266.5,266.75,30.63608226949638,-0.6218297052721672,46,231,0,0,2,2,0,0,5,0,0,0,0,0,0,False,78.0,1400.9,0.0,4.6,-0.96,0,0.0,27.8,Nyamitanga
kampala_katuna,534,267.0,267.25,30.633357301052968,-0.6253857377243058,76,281,0,0,2,1,0,1,2,0,0,0,0,0,0,False,68.3,1398.4,1.2,1.3,-0.01,0,0.0,27.8,Nyamitanga
kampala_katuna,535,267.5,267.75,30.63055017869067,-0.6288546794262067,51,281,0,0,0,1,0,0,1,0,0,0,0,0,0,False,81.0,1398.8,3.3,0.9,0.5,0,0.0,27.8,Ruti
kampala_katuna,536,268.0,268.25,30.62625978820657,-0.6301206415819947,93,364,0,0,0,3,0,0,5,0,0,0,0,1,0,False,18.0,1403.7,7.2,0.0,1.52,0,0.0,27.8,Ruti
kampala_katuna,537,268.5,268.75,30.62204419319749,-0.6315237523275102,384,951,0,0,0,1,0,0,10,0,0,0,0,1,0,False,86.6,1415.4,16.8,-0.0,3.55,0,0.0,27.8,Ruti
kampala_katuna,538,269.0,269.25,30.618821854766093,-0.6345929829696006,357,1000,0,0,1,0,0,0,4,0,0,0,0,0,0,False,68.7,1423.6,0.2,5.3,-1.07,0,0.0,27.8,Katozho
kampala_katuna,539,269.5,269.75,30.614509779542008,-0.6358325149167046,275,804,0,0,1,2,0,1,2,0,0,0,0,0,0,False,3.5,1421.1,4.3,0.5,0.8,0,0.0,27.8,Nakiojo
kampala_katuna,540,270.0,270.25,30.61015194016883,-0.6368947942514225,194,628,0,0,0,4,0,0,2,0,0,0,0,0,0,False,60.1,1419.3,0.0,11.4,-2.4,0,0.0,27.8,Nakiojo
kampala_katuna,541,270.5,270.75,30.605761011507145,-0.6371724234638789,42,238,0,0,0,2,0,1,1,0,0,0,0,0,0,False,145.3,1407.7,2.1,3.8,-0.35,0,0.0,27.8,Nakiojo
kampala_katuna,542,271.0,271.25,30.602136449391985,-0.6350294524362035,28,110,0,0,0,0,0,0,1,0,0,0,0,0,0,False,59.8,1411.6,3.8,4.3,-0.11,0,0.0,27.8,Nakiojo
kampala_katuna,543,271.5,271.75,30.598550546909472,-0.6331664710084777,7,95,0,0,0,0,0,2,2,0,0,0,0,0,0,True,180.3,1409.2,2.7,0.7,0.42,0,0.0,27.8,Nakiojo
kampala_katuna,544,272.0,272.25,30.595639221959054,-0.6366011664808036,5,103,0,0,0,1,0,0,2,0,0,0,0,0,0,False,26.9,1414.1,10.0,-0.0,2.11,0,0.0,27.8,Nakiojo
kampala_katuna,545,272.5,272.75,30.592083431812856,-0.6393563426684007,54,205,0,0,0,1,0,0,0,0,0,0,0,0,0,True,7.6,1432.0,19.3,-0.0,4.06,0,0.0,27.8,
kampala_katuna,546,273.0,273.25,30.588412998877846,-0.6419445123291136,47,221,0,0,0,0,0,3,3,0,0,0,0,0,0,False,53.6,1433.3,0.0,19.5,-4.11,0,0.0,27.8,
kampala_katuna,547,273.5,273.75,30.584051942872645,-0.6427110857086195,14,45,0,0,0,0,0,0,0,0,0,0,0,0,0,False,35.9,1412.4,0.5,11.5,-2.32,0,0.0,27.8,
kampala_katuna,548,274.0,274.25,30.57957063368379,-0.6424374619793433,0,5,0,0,0,0,0,0,0,0,0,0,0,0,0,False,12.7,1411.2,1.4,0.1,0.27,0,0.0,27.8,
kampala_katuna,549,274.5,274.75,30.575085069823924,-0.6425240669987538,0,37,0,0,0,1,0,0,1,0,0,0,0,0,0,False,1.0,1413.1,2.3,-0.0,0.48,0,0.0,27.8,
kampala_katuna,550,275.0,275.25,30.570599114549417,-0.6427053941837209,4,54,0,0,1,1,0,0,2,0,0,0,0,0,0,False,0.2,1414.5,0.7,0.1,0.13,0,0.0,27.8,
kampala_katuna,551,275.5,275.75,30.566112624818754,-0.6428730976382786,13,46,0,0,1,0,0,0,0,0,0,0,0,0,0,False,0.1,1418.5,6.9,0.2,1.42,0,0.0,27.8,
kampala_katuna,552,276.0,276.25,30.5616257016735,-0.6429702709474848,37,89,0,0,1,1,0,0,2,0,0,0,0,0,0,False,39.0,1423.3,4.5,1.7,0.6,0,0.0,27.8,
kampala_katuna,553,276.5,276.75,30.55731670489346,-0.6417624547535071,21,82,0,0,1,1,0,0,0,0,0,0,0,0,0,False,1.5,1419.7,0.0,5.9,-1.23,0,0.0,27.8,
kampala_katuna,554,277.0,277.25,30.553061556835555,-0.6403212386737931,44,109,0,0,0,0,0,0,0,0,0,0,0,0,0,False,0.0,1415.4,0.0,3.0,-0.62,0,0.0,27.8,
kampala_katuna,555,277.5,277.75,30.548812490598586,-0.6388626224116953,57,89,0,0,0,0,0,0,2,0,0,0,0,0,0,False,4.5,1413.7,0.2,1.3,-0.24,0,0.0,27.8,Ruchenche
kampala_katuna,556,278.0,278.25,30.54458019353444,-0.637355077998414,3,15,0,0,1,0,0,0,1,0,0,0,0,0,0,False,0.7,1414.5,2.6,0.0,0.54,0,0.0,27.8,Ruchenche
kampala_katuna,557,278.5,278.75,30.540334585095035,-0.6358857717195452,46,82,0,0,0,0,0,0,2,0,0,0,0,0,0,False,2.4,1419.8,9.6,-0.0,2.03,0,0.0,27.8,Ruchenche
kampala_katuna,558,279.0,279.25,30.535992051373622,-0.6348563935506163,34,89,0,0,0,0,0,0,3,0,0,0,0,0,0,False,36.1,1422.0,0.0,5.7,-1.2,0,0.0,27.8,Ruchenche
kampala_katuna,559,279.5,279.75,30.531504054180097,-0.6349662728471033,1,20,0,0,0,0,0,0,0,0,0,0,0,0,0,False,0.0,1420.4,3.1,-0.0,0.66,0,0.0,27.8,Ruchenche
kampala_katuna,560,280.0,280.25,30.527016062714182,-0.6350798895949181,2,10,0,0,0,0,0,0,2,0,0,0,0,0,0,False,2.1,1422.6,1.5,4.1,-0.55,0,0.0,27.8,Ruchenche
kampala_katuna,561,280.5,280.75,30.522528450650565,-0.6352064714535,64,154,0,0,0,2,0,0,1,0,0,0,0,0,0,False,21.6,1424.3,6.1,-0.0,1.29,0,0.0,27.8,Rugando
kampala_katuna,562,281.0,281.25,30.51817980698643,-0.6361686158043465,137,189,0,0,0,2,0,0,2,0,0,0,0,0,0,False,18.7,1430.9,6.7,-0.0,1.42,0,0.0,27.8,Rugando
kampala_katuna,563,281.5,281.75,30.51402068412416,-0.6378698828506152,34,109,0,0,0,1,0,0,2,0,0,0,0,0,0,False,4.3,1434.0,0.6,7.1,-1.35,0,0.0,27.8,Rugando
kampala_katuna,564,282.0,282.25,30.509833902017824,-0.6395008839914749,15,65,0,0,0,1,0,0,1,0,0,0,0,0,0,False,1.9,1422.5,0.0,9.6,-2.02,0,0.0,27.8,Rugando
kampala_katuna,565,282.5,282.75,30.505661336148485,-0.6411684935849306,85,166,0,0,0,2,0,0,3,0,0,0,0,0,0,False,0.2,1417.1,1.3,0.6,0.15,0,0.0,27.8,Rugando
kampala_katuna,566,283.0,283.25,30.501489011396853,-0.6428366818524713,144,249,0,0,0,3,0,0,3,0,0,0,0,0,0,False,0.1,1420.2,3.1,-0.0,0.66,0,0.0,27.8,Rugando
kampala_katuna,567,283.5,283.75,30.49731679383883,-0.6445051062736122,85,159,0,0,0,2,0,0,1,0,0,0,0,0,0,False,0.6,1421.2,0.2,0.5,-0.07,0,0.0,34.6,
kampala_katuna,568,284.0,284.25,30.493138537541725,-0.6461580764484789,6,90,0,0,0,1,0,0,1,0,0,0,0,0,0,False,0.5,1421.5,0.8,0.2,0.13,0,0.0,34.6,
kampala_katuna,569,284.5,284.75,30.488966600545204,-0.6478271121059059,1,32,0,0,0,0,0,0,0,0,0,0,0,0,0,False,24.5,1421.9,1.9,0.4,0.32,0,0.0,34.6,
kampala_katuna,570,285.0,285.25,30.48538632686386,-0.6504570934985965,16,77,0,0,0,0,0,0,1,0,0,0,0,0,0,False,46.3,1425.9,3.8,-0.0,0.79,0,0.0,34.6,
kampala_katuna,571,285.5,285.75,30.48282813150427,-0.6541622652179173,42,95,0,0,0,0,0,0,1,0,0,0,0,0,0,False,66.0,1436.3,15.9,0.9,3.16,0,0.0,34.6,
kampala_katuna,572,286.0,286.25,30.478816593222525,-0.655989798327669,8,55,0,0,0,0,0,0,1,0,0,0,0,0,0,False,17.9,1433.5,0.0,11.4,-2.4,0,0.0,34.6,Kihonzi
kampala_katuna,573,286.5,286.75,30.474430132762553,-0.6569514763147456,0,4,0,0,0,0,0,0,0,0,0,0,0,0,0,False,0.0,1430.1,3.2,1.2,0.41,0,0.0,34.6,Kihonzi
kampala_katuna,574,287.0,287.25,30.4700437425227,-0.6579134095758175,19,59,0,0,0,0,0,0,1,0,0,0,0,0,0,False,0.1,1434.0,5.4,1.7,0.79,0,0.0,34.6,Kihonzi
kampala_katuna,575,287.5,287.75,30.465634360682827,-0.6587379066298215,61,202,0,0,0,3,0,0,2,0,0,0,0,0,0,False,15.5,1440.2,5.5,11.3,-1.22,0,0.0,34.6,Kihonzi
kampala_katuna,576,288.0,288.25,30.461163176481843,-0.6591368151218626,110,334,0,0,0,5,0,1,0,0,0,0,0,0,0,False,22.5,1426.1,0.4,7.2,-1.42,0,0.0,34.6,Kihonzi
kampala_katuna,577,288.5,288.75,30.456845335495196,-0.6603181864019755,150,295,0,0,0,2,0,0,1,0,0,0,0,0,0,False,25.3,1424.4,0.4,0.6,-0.04,0,0.0,34.6,Kihonzi
kampala_katuna,578,289.0,289.25,30.452940581515627,-0.66253359494371,98,186,0,0,1,2,0,0,1,0,0,0,0,0,0,False,3.9,1425.1,1.2,-0.0,0.25,0,0.0,34.6,Kihonzi
kampala_katuna,579,289.5,289.75,30.449172144222274,-0.6649894903182623,8,127,0,0,1,1,0,0,1,0,0,0,0,0,0,False,1.0,1425.9,1.5,-0.0,0.31,0,0.0,34.6,Nyakagando
kampala_katuna,580,290.0,290.25,30.445371139540253,-0.667391257586827,85,156,0,0,0,0,0,0,1,0,0,0,0,0,0,False,31.5,1429.2,3.1,2.8,0.06,0,0.0,34.6,Nyakagando
kampala_katuna,581,290.5,290.75,30.44113571444034,-0.6688666416508592,36,152,0,0,0,1,0,0,0,0,0,0,0,0,0,False,3.0,1427.9,3.4,0.4,0.63,0,0.0,34.6,Nyakagando
kampala_katuna,582,291.0,291.25,30.4368397551193,-0.6701781145677713,17,88,0,0,0,2,0,0,3,0,0,0,0,0,0,False,2.0,1437.2,8.9,2.0,1.46,0,0.0,34.6,Nyakagando
kampala_katuna,583,291.5,291.75,30.4325510002714,-0.6715129305063574,50,141,0,0,0,3,0,0,4,0,0,0,0,0,0,False,2.8,1435.8,0.1,1.7,-0.32,0,0.0,34.6,Nyakagando
kampala_katuna,584,292.0,292.25,30.428258932808692,-0.6728368175212781,66,121,0,0,0,1,0,0,0,0,0,0,0,0,0,False,3.0,1434.7,0.0,2.5,-0.52,0,0.0,34.6,Nyakagando
kampala_katuna,585,292.5,292.75,30.423966868054393,-0.6741609509076975,90,156,0,0,0,0,0,0,2,0,0,0,0,0,0,False,1.2,1433.4,1.6,3.9,-0.5,0,0.0,34.6,Nyakagando
kampala_katuna,586,293.0,293.25,30.419674899012737,-0.675485413659803,61,142,0,0,0,0,0,0,0,0,0,0,0,0,0,False,0.3,1429.3,1.7,1.5,0.03,0,0.0,34.6,Nyakagando
kampala_katuna,587,293.5,293.75,30.415384418462477,-0.6768147084174665,17,76,0,0,0,0,0,0,0,0,0,0,0,0,0,False,0.0,1433.7,5.7,3.7,0.43,0,0.0,34.6,Biti
kampala_katuna,588,294.0,294.25,30.411094828763925,-0.6781468722360788,73,177,0,0,0,1,0,0,2,0,0,0,0,0,0,False,19.5,1433.0,3.5,0.6,0.62,0,0.0,34.6,Biti
kampala_katuna,589,294.5,294.75,30.406669629698495,-0.6787919105242622,90,205,0,0,0,1,0,1,0,0,0,0,0,0,0,False,6.9,1432.7,0.1,4.2,-0.86,0,0.0,34.6,Biti
kampala_katuna,590,295.0,295.25,30.402216754932795,-0.679255466003799,12,132,0,0,0,0,0,0,0,0,0,0,0,0,0,False,71.2,1432.1,2.4,2.7,-0.06,0,0.0,34.6,Biti
kampala_katuna,591,295.5,295.75,30.398544670767716,-0.6817992733869545,8,62,0,0,0,0,0,0,1,0,0,0,0,0,0,False,0.0,1430.0,1.3,1.3,-0.01,0,0.0,34.6,Biti
kampala_katuna,592,296.0,296.25,30.395060806362142,-0.6846490446975264,2,66,0,0,0,0,0,0,0,0,0,0,0,0,0,False,0.4,1431.2,7.9,2.2,1.22,0,0.0,34.6,Biti
kampala_katuna,593,296.5,296.75,30.391638692130435,-0.6875680274937993,45,77,0,0,0,0,0,0,1,0,0,0,0,0,0,False,65.7,1438.3,2.9,5.6,-0.57,0,0.0,34.6,Biti
kampala_katuna,594,297.0,297.25,30.38999480975136,-0.6917146541287919,21,108,0,0,0,0,0,0,1,0,0,0,0,0,0,False,20.3,1432.3,0.4,2.9,-0.53,0,0.0,34.6,Biti
kampala_katuna,595,297.5,297.75,30.38823855465673,-0.6958292197870987,207,670,0,0,1,1,0,0,1,0,0,0,0,0,0,False,38.1,1432.0,0.6,0.2,0.09,0,0.0,34.6,Biti
kampala_katuna,596,298.0,298.25,30.385323708192928,-0.6992641985812007,499,1082,0,0,2,1,0,1,2,0,0,0,0,0,0,False,5.4,1432.4,0.9,0.2,0.15,0,0.0,34.6,
kampala_katuna,597,298.5,298.75,30.382379511519805,-0.7026752724596537,281,596,0,0,1,0,0,0,1,0,0,0,0,0,0,False,26.7,1432.6,0.8,0.5,0.07,0,0.0,34.6,
kampala_katuna,598,299.0,299.25,30.380417779744118,-0.7066780639067726,30,112,0,0,0,0,0,0,1,0,0,0,0,0,0,False,26.3,1433.7,0.8,0.8,-0.01,0,0.0,34.6,
kampala_katuna,599,299.5,299.75,30.379506620918075,-0.7111028389301264,6,11,0,0,0,0,0,0,1,0,0,0,0,0,0,False,0.0,1434.0,2.0,0.1,0.4,0,0.0,34.6,
kampala_katuna,600,300.0,300.25,30.3786096571663,-0.7155305868310925,93,133,0,0,1,0,0,1,0,0,0,0,0,0,0,False,13.6,1434.2,0.0,1.7,-0.36,0,0.0,34.6,
kampala_katuna,601,300.5,300.75,30.37703849153381,-0.7197101454834639,157,424,0,0,1,0,0,0,1,0,0,0,0,0,0,False,70.4,1433.7,0.8,0.7,0.03,0,0.0,34.6,
kampala_katuna,602,301.0,301.25,30.373489990636067,-0.7224259476037803,284,515,0,0,0,2,0,1,1,0,0,0,0,0,0,False,28.9,1434.1,0.4,0.2,0.05,0,0.0,34.6,
kampala_katuna,603,301.5,301.75,30.369270648203994,-0.7238893917736997,95,306,0,0,0,1,0,0,1,0,0,0,0,0,0,False,16.8,1434.7,1.7,0.0,0.36,0,0.0,34.6,
kampala_katuna,604,302.0,302.25,30.36489868631264,-0.7249127821940499,20,91,0,0,0,0,0,0,0,0,0,0,0,0,0,False,6.2,1436.9,3.3,-0.0,0.69,0,0.0,34.6,
kampala_katuna,605,302.5,302.75,30.360528281049888,-0.7259439317345818,1,38,0,0,0,0,0,0,0,0,0,0,0,0,0,False,24.3,1438.3,1.0,1.1,-0.03,0,0.0,34.6,
kampala_katuna,606,303.0,303.25,30.356363978768368,-0.727546551523794,83,138,0,0,0,0,0,0,0,0,0,0,0,0,0,False,23.7,1440.5,3.0,-0.0,0.62,0,0.0,34.6,
kampala_katuna,607,303.5,303.75,30.352549059397848,-0.7299275905862812,107,169,0,0,0,0,0,0,1,0,0,0,0,0,0,False,17.3,1452.7,20.0,-0.0,4.2,0,0.0,34.6,
kampala_katuna,608,304.0,304.25,30.349169286275572,-0.7328427310962191,24,109,0,0,0,0,0,0,0,0,0,0,0,0,0,False,39.3,1462.3,2.5,3.8,-0.27,0,0.0,34.6,Kyempisi
kampala_katuna,609,304.5,304.75,30.346790362263537,-0.7366417051699872,42,96,0,0,0,1,0,0,0,0,0,0,0,0,0,False,15.1,1459.7,6.4,4.7,0.35,0,0.0,34.6,Kyempisi
kampala_katuna,610,305.0,305.25,30.34511047892544,-0.7408151794993628,32,77,0,0,0,1,0,0,1,0,0,0,0,0,0,False,72.8,1466.7,4.5,10.3,-1.22,0,0.0,34.6,Kyempisi
kampala_katuna,611,305.5,305.75,30.343412128236327,-0.7449143712835409,25,43,0,0,0,0,0,0,1,0,0,0,0,0,0,False,12.9,1449.6,1.1,14.2,-2.78,0,0.0,34.6,Kyempisi
kampala_katuna,612,306.0,306.25,30.34095312703387,-0.7486946508419294,8,19,0,0,0,0,0,0,1,0,0,0,0,0,0,False,22.1,1452.4,10.3,6.6,0.78,0,0.0,34.6,Nyamukana Trading Centre
kampala_katuna,613,306.5,306.75,30.337717845747424,-0.7516184322117937,70,291,0,0,1,0,0,0,1,0,0,0,0,0,0,False,93.4,1446.5,0.0,6.2,-1.3,0,0.0,31.4,Nyamukana Trading Centre
kampala_katuna,614,307.0,307.25,30.33385116807578,-0.7538174203444074,323,431,0,0,1,1,0,0,2,0,0,0,0,0,0,False,72.4,1444.1,4.3,0.2,0.85,0,0.0,31.4,Nyamukana Trading Centre
kampala_katuna,615,307.5,307.75,30.32956667178704,-0.7549096708873129,100,258,0,0,0,1,0,0,0,0,0,0,0,0,0,False,81.9,1448.6,4.0,0.3,0.76,0,0.0,31.4,Kashenyi
kampala_katuna,616,308.0,308.25,30.32538930838605,-0.7561628084930854,35,87,0,0,0,0,0,0,0,0,0,0,0,0,0,False,101.0,1448.9,4.2,3.0,0.25,0,0.0,31.4,Kashenyi
kampala_katuna,617,308.5,308.75,30.32168216088042,-0.753854659581485,8,76,0,0,0,0,0,0,0,0,0,0,0,0,0,False,108.1,1456.9,7.1,2.9,0.87,0,0.0,31.4,Kyakahetsi
kampala_katuna,618,309.0,309.25,30.317577877593102,-0.7524434835310199,8,70,0,0,0,0,0,0,2,0,0,0,0,0,0,False,117.5,1453.1,0.6,3.4,-0.59,0,0.0,31.4,Kyakahetsi
kampala_katuna,619,309.5,309.75,30.314519247060804,-0.755412597473343,6,75,0,0,0,1,0,0,0,0,0,0,0,0,0,False,85.9,1450.4,0.1,4.7,-0.97,0,0.0,31.4,Nyakakiri
kampala_katuna,620,310.0,310.25,30.310879455413478,-0.7577461682483131,57,90,0,0,0,1,0,0,1,0,0,0,0,0,0,False,34.0,1448.5,0.8,0.4,0.09,0,0.0,31.4,Nyakakiri
kampala_katuna,621,310.5,310.75,30.30685294354966,-0.7595176765031493,12,62,0,0,0,0,0,0,0,0,0,0,0,0,0,False,98.5,1458.1,22.6,-0.0,4.77,0,0.0,31.4,Nyakakiri
kampala_katuna,622,311.0,311.25,30.304767666919467,-0.763510898389368,7,42,0,0,0,0,0,0,0,0,0,0,0,0,0,False,54.6,1483.1,15.2,13.2,0.43,0,0.0,31.4,Nyaruteme
kampala_katuna,623,311.5,311.75,30.301595431352617,-0.7665887887569659,52,99,0,0,0,0,0,0,1,0,0,0,0,0,0,False,3.1,1470.4,0.0,11.0,-2.31,0,0.0,31.4,Nyaruteme
kampala_katuna,624,312.0,312.25,30.297939212887645,-0.7692099850898131,19,69,0,0,0,0,0,0,0,0,0,0,0,0,0,False,3.2,1459.1,0.3,5.8,-1.17,0,0.0,31.4,Nyaruteme
kampala_katuna,625,312.5,312.75,30.294282154431944,-0.7718300983061847,17,32,0,0,0,0,0,0,0,0,0,0,0,0,0,False,1.6,1471.7,38.7,-0.0,8.15,0,0.0,31.4,Rwempiri
kampala_katuna,626,313.0,313.25,30.29063868918243,-0.7744692163953016,23,95,0,0,0,0,0,0,0,0,0,0,0,0,0,False,28.7,1504.5,22.2,-0.0,4.68,0,0.0,31.4,Rwempiri
kampala_katuna,627,313.5,313.75,30.288225499054768,-0.7780115730278073,38,131,0,0,0,0,0,0,1,0,0,0,0,0,0,False,81.0,1527.4,7.2,4.7,0.52,0,0.0,31.4,Rwempiri
kampala_katuna,628,314.0,314.25,30.286873080752617,-0.7822412526520436,63,197,0,0,0,0,0,0,0,0,0,0,0,0,0,False,61.8,1517.7,0.0,12.1,-2.54,0,0.0,31.4,Kanyakungu
kampala_katuna,629,314.5,314.75,30.283670838821486,-0.7854041432659411,153,362,0,0,0,1,0,0,0,0,0,0,0,0,0,False,5.6,1506.2,0.0,12.3,-2.59,0,0.0,31.4,Kashasha
kampala_katuna,630,315.0,315.25,30.280234794064892,-0.7882810276955683,191,541,0,0,0,2,0,0,1,0,0,0,0,0,0,False,74.8,1495.6,0.0,5.3,-1.12,0,0.0,31.4,Kashasha
kampala_katuna,631,315.5,315.75,30.275838268276644,-0.7885243080106953,217,373,0,0,0,2,0,0,1,0,0,0,0,0,0,False,28.3,1493.3,2.1,1.5,0.13,0,0.0,31.4,Itojo Trading Centre
kampala_katuna,632,316.0,316.25,30.27143707389159,-0.7876382788435531,40,126,0,0,0,1,0,0,4,0,0,0,0,0,0,False,51.1,1500.8,11.9,-0.0,2.5,0,0.0,31.4,Itojo Trading Centre
kampala_katuna,633,316.5,316.75,30.267536112461134,-0.7889100766077317,12,13,0,0,0,0,0,0,1,0,0,0,0,0,0,False,111.7,1511.2,6.2,8.3,-0.44,0,0.0,31.4,Itojo Trading Centre
kampala_katuna,634,317.0,317.25,30.266301065189023,-0.7932491968251961,1,6,0,0,0,0,0,0,0,0,0,0,0,0,0,False,1.2,1495.0,0.0,16.2,-3.42,0,0.0,31.4,Kakiizi
kampala_katuna,635,317.5,317.75,30.265148216919897,-0.7976160778419775,4,67,0,0,0,1,0,0,1,0,0,0,0,0,0,False,1.3,1488.1,3.1,0.6,0.54,0,0.0,31.4,Ruhanga
kampala_katuna,636,318.0,318.25,30.26401663924105,-0.801988465235221,104,195,0,0,0,2,0,0,1,0,0,0,0,0,0,False,32.7,1494.0,6.1,-0.0,1.28,0,0.0,31.4,Ruhanga
kampala_katuna,637,318.5,318.75,30.264310936847338,-0.8064408704696204,94,220,0,0,0,1,0,0,0,0,0,0,0,0,0,False,36.7,1500.0,7.7,0.2,1.58,0,0.0,31.4,Migorora
kampala_katuna,638,319.0,319.25,30.266007516159803,-0.8106232969975198,55,126,0,0,0,2,0,0,1,0,0,0,0,0,0,False,0.6,1506.0,4.9,13.6,-1.83,0,0.0,31.4,Nyamuhani
kampala_katuna,639,319.5,319.75,30.267676183911405,-0.8148170025500763,1,94,0,0,0,1,0,0,1,0,0,0,0,0,0,False,14.8,1488.1,0.0,12.9,-2.71,0,0.0,31.4,Nyamuhani
kampala_katuna,640,320.0,320.25,30.26935237770566,-0.8190076646564441,0,53,0,0,0,0,0,0,2,0,0,0,0,0,0,False,17.5,1474.0,0.0,13.3,-2.81,0,0.0,31.4,Nyamuhani
kampala_katuna,641,320.5,320.75,30.27082627459265,-0.8232702852848703,17,98,0,0,0,0,0,0,2,0,0,0,0,0,0,False,17.0,1464.4,0.0,12.2,-2.56,0,0.0,31.4,Kahunga I
kampala_katuna,642,321.0,321.25,30.27182208157571,-0.8276758038692477,132,241,0,0,0,1,0,2,0,0,0,0,0,0,0,False,10.0,1455.2,0.1,2.1,-0.41,0,0.0,31.4,Kahunga Trc
kampala_katuna,643,321.5,321.75,30.27283288797793,-0.8320780857433513,76,263,0,0,0,1,0,0,0,0,0,0,0,0,0,False,0.9,1456.9,3.2,2.9,0.05,0,0.0,31.4,Kahunga Trc
kampala_katuna,644,322.0,322.25,30.273854560530083,-0.8364779337478706,64,158,0,0,0,1,0,0,1,0,0,0,0,0,0,False,2.8,1449.6,0.0,7.8,-1.65,0,0.0,31.4,Nyakihanga
kampala_katuna,645,322.5,322.75,30.274743174050023,-0.8409017715172697,32,109,0,0,0,1,0,0,3,0,0,0,0,0,0,False,43.8,1440.3,0.0,11.6,-2.45,0,0.0,31.4,Nyakihanga
kampala_katuna,646,323.0,323.25,30.274068860456428,-0.8453248515809592,5,38,0,0,0,0,0,0,0,0,0,0,0,0,0,False,48.7,1430.7,0.9,5.0,-0.85,0,0.0,31.4,Nyakihanga
kampala_katuna,647,323.5,323.75,30.27178467818489,-0.8492070127403348,12,57,0,0,0,0,0,0,2,0,0,0,0,0,0,False,42.3,1424.2,0.0,9.5,-1.99,0,0.0,31.4,Nyakihanga
kampala_katuna,648,324.0,324.25,30.270822011217067,-0.8534982727533862,12,103,0,0,0,0,0,0,1,0,0,0,0,0,0,False,51.0,1418.0,0.0,4.8,-1.01,0,0.0,31.4,Nyabubare
kampala_katuna,649,324.5,324.75,30.271706306034584,-0.8579276643161216,30,204,0,0,1,0,0,0,1,0,0,0,0,0,0,False,22.6,1413.9,2.0,1.8,0.05,2,0.0,31.4,Nyabubare
kampala_katuna,650,325.0,325.25,30.271603178456193,-0.8623616561302726,91,297,0,0,3,1,0,0,4,0,0,0,0,0,0,False,65.0,1414.0,0.3,5.6,-1.12,1,0.0,31.4,Cell Iii
kampala_katuna,651,325.5,325.75,30.269420126506343,-0.8663056150289246,133,495,1,0,8,1,0,2,10,0,0,0,0,0,0,False,82.4,1408.5,0.0,2.3,-0.49,1,0.0,31.4,Cell Iii
kampala_katuna,652,326.0,326.25,30.26742731141156,-0.8703320876430731,260,810,2,0,2,2,0,1,4,0,0,0,0,0,0,False,52.6,1408.8,2.2,0.3,0.39,1,0.0,31.4,Ntungamo
kampala_katuna,653,326.5,326.75,30.265779264097034,-0.8745296254431724,291,840,3,0,2,2,2,1,2,0,0,0,0,0,0,False,49.2,1407.5,0.3,6.3,-1.25,2,0.0,31.4,Cell Vi
kampala_katuna,654,327.0,327.25,30.265553727222517,-0.8790196862327471,74,382,1,0,5,0,2,3,2,0,0,0,0,0,0,False,39.1,1400.2,0.0,6.0,-1.26,0,0.0,31.4,Cell I
kampala_katuna,655,327.5,327.75,30.264943528882643,-0.8834842873674718,39,123,0,0,3,1,1,1,1,0,0,0,0,0,0,False,10.9,1394.8,1.2,3.0,-0.38,1,0.0,31.4,Kyamate
kampala_katuna,656,328.0,328.25,30.26405017466809,-0.8879121136877323,23,102,0,0,0,1,0,0,3,0,0,0,0,0,0,False,3.9,1399.0,10.6,-0.0,2.24,0,0.0,31.4,Orubaare
kampala_katuna,657,328.5,328.75,30.26305313123625,-0.8923106518423406,16,52,0,0,0,0,0,0,0,0,0,0,0,0,0,False,61.0,1408.3,3.3,1.1,0.46,0,0.0,31.4,Orubaare
kampala_katuna,658,329.0,329.25,30.260240573880594,-0.8958053781090232,17,110,0,0,0,0,0,0,1,0,0,0,0,0,0,False,1.6,1402.0,0.0,12.1,-2.54,0,0.0,31.4,Orubaare
kampala_katuna,659,329.5,329.75,30.2572254184512,-0.8991524817745892,41,139,0,0,0,0,0,0,1,0,0,0,0,0,0,False,9.9,1389.5,1.1,7.7,-1.37,0,0.0,31.4,Orubaare
kampala_katuna,660,330.0,330.25,30.254177603487875,-0.9024662628273811,41,92,0,0,0,0,0,0,2,0,0,1,0,0,0,False,42.9,1400.1,19.0,-0.0,3.99,0,0.0,31.4,Kabagyendo
kampala_katuna,661,330.5,330.75,30.250447677090353,-0.9049671748971191,52,205,0,0,0,0,0,0,1,0,0,0,0,0,0,False,65.9,1419.8,19.5,-0.0,4.1,0,0.0,31.4,Kabagyendo
kampala_katuna,662,331.0,331.25,30.246005446073024,-0.9053560062085194,134,269,0,0,0,0,0,0,5,0,0,0,0,0,0,False,34.3,1418.8,0.0,26.5,-5.58,0,0.0,28.4,Kabagyendo
kampala_katuna,663,331.5,331.75,30.241745332588746,-0.906450888679613,41,121,0,0,0,0,0,1,1,0,0,0,0,0,0,False,98.3,1391.7,3.1,13.6,-2.21,0,0.0,28.4,Kabagyendo
kampala_katuna,664,332.0,332.25,30.239690105951176,-0.9103242821479883,6,35,0,0,0,0,0,1,0,0,0,0,0,0,0,False,32.4,1396.9,7.0,5.2,0.38,0,0.0,28.4,Kabagyendo
kampala_katuna,665,332.5,332.75,30.238880348426243,-0.9147684149831337,2,40,0,0,0,0,0,0,1,0,0,0,0,0,0,False,52.0,1388.7,0.4,6.6,-1.3,0,0.0,28.4,Muyogo
kampala_katuna,666,333.0,333.25,30.236341841588583,-0.9182867057296381,2,16,0,0,0,0,0,0,1,0,0,0,0,0,0,False,44.2,1394.1,9.5,7.1,0.49,0,0.0,28.4,Muyogo
kampala_katuna,667,333.5,333.75,30.232572478648613,-0.9207397144688688,0,4,0,0,0,0,0,0,0,0,0,0,0,0,0,False,4.3,1385.6,8.2,6.4,0.38,0,0.0,28.4,Muyogo
kampala_katuna,668,334.0,334.25,30.22879559523386,-0.9231811012141188,0,3,0,0,0,0,0,0,0,0,0,0,0,0,0,False,2.4,1384.2,0.1,11.6,-2.42,0,0.0,28.4,Muyogo
kampala_katuna,669,334.5,334.75,30.225020272390932,-0.9256247531986431,1,21,0,0,0,0,0,1,0,0,0,0,0,0,0,False,16.6,1377.4,1.4,6.9,-1.17,0,0.0,28.4,Muyogo
kampala_katuna,670,335.0,335.25,30.22120367377347,-0.9279006039107083,33,101,0,0,0,1,0,1,3,0,0,0,0,0,0,False,53.6,1378.1,7.9,0.6,1.54,0,0.0,28.4,Kyamugashe Ii
kampala_katuna,671,335.5,335.75,30.216896045487434,-0.9291009225833977,83,173,0,0,0,1,0,0,0,0,0,0,0,0,0,False,80.1,1378.3,0.5,3.1,-0.55,0,0.0,28.4,Kyamugashe Ii
kampala_katuna,672,336.0,336.25,30.214144696667404,-0.9325662744060609,89,136,0,0,0,0,0,0,1,0,0,0,0,0,0,False,32.2,1377.4,0.3,3.0,-0.57,0,0.0,28.4,Kyamugashe Ii
kampala_katuna,673,336.5,336.75,30.212752371991016,-0.9368298234533845,36,114,0,0,0,0,0,0,0,0,0,0,0,0,0,False,14.5,1369.8,0.0,8.6,-1.82,0,0.0,28.4,Kyamugashe Ii
kampala_katuna,674,337.0,337.25,30.212021191797447,-0.9412876531282711,17,71,0,0,0,0,0,0,0,0,0,0,0,0,0,False,3.3,1364.2,1.0,3.5,-0.52,0,0.0,28.4,Kyamugashe Ii
kampala_katuna,675,337.5,337.75,30.2112791959277,-0.9457437086318452,17,39,0,0,0,1,0,0,2,0,0,0,0,0,0,False,2.0,1362.6,0.0,1.3,-0.27,0,0.0,28.4,Kyamugashe I
kampala_katuna,676,338.0,338.25,30.210580438899914,-0.950206780973612,7,23,0,0,0,0,0,0,0,0,0,0,0,0,0,False,42.9,1359.6,0.1,2.9,-0.58,0,0.0,28.4,Kyamugashe I
kampala_katuna,677,338.5,338.75,30.210619142636823,-0.9546561229274391,0,1,0,0,0,0,0,0,0,0,0,0,0,0,0,False,121.4,1356.5,0.0,3.1,-0.64,0,0.0,28.4,Kyamugashe I
kampala_katuna,678,339.0,339.25,30.20753093711234,-0.9578806141909139,2,79,0,0,0,0,0,1,0,0,0,0,0,0,0,False,29.4,1356.3,3.2,0.0,0.66,0,0.0,28.4,Omungyenyi
kampala_katuna,679,339.5,339.75,30.205414421443553,-0.9616675702740529,209,298,0,0,0,2,0,1,1,0,0,0,0,0,0,False,35.5,1363.9,8.0,-0.0,1.68,0,0.0,28.4,Omungyenyi
kampala_katuna,680,340.0,340.25,30.20447081374732,-0.9660848300361974,159,338,0,0,0,3,0,0,1,0,0,0,0,0,0,False,0.2,1366.9,0.2,0.9,-0.15,0,0.0,28.4,Omungyenyi
kampala_katuna,681,340.5,340.75,30.203522119723207,-0.970500984326666,60,109,0,0,0,1,0,0,0,0,0,0,0,0,0,False,0.4,1372.6,17.0,0.2,3.55,0,0.0,28.4,Rwabaramira
kampala_katuna,682,341.0,341.25,30.20258538334467,-0.9749196578861592,10,62,0,0,0,0,0,0,0,0,0,0,0,0,0,False,1.7,1392.4,15.9,-0.0,3.36,0,0.0,28.4,Rwabaramira
kampala_katuna,683,341.5,341.75,30.201645891347606,-0.9793377909718052,19,40,0,0,0,0,0,0,0,0,0,0,0,0,0,False,2.7,1409.1,10.7,0.9,2.06,0,0.0,28.4,Rwabaramira
kampala_katuna,684,342.0,342.25,30.2007051982988,-0.9837554019744793,3,54,0,0,0,0,0,1,0,0,0,0,0,0,0,False,27.8,1403.2,0.0,21.6,-4.54,0,0.0,28.4,Rwabaramira
kampala_katuna,685,342.5,342.75,30.19898962411463,-0.9879098514202199,56,194,0,0,0,0,0,1,0,0,0,0,0,0,0,False,11.1,1386.2,0.7,2.6,-0.4,0,0.0,28.4,Rwemiriro Ii
kampala_katuna,686,343.0,343.25,30.196922663294536,-0.9919202001742923,72,251,0,0,0,0,0,0,1,0,0,0,0,0,0,False,4.0,1384.4,0.0,3.6,-0.75,0,0.0,28.4,Rwemiriro Ii
kampala_katuna,687,343.5,343.75,30.19484736326275,-0.9959264224037044,94,246,0,0,0,0,0,0,0,0,0,0,0,0,0,False,0.8,1384.0,3.6,-0.0,0.77,0,0.0,28.4,Rwemiriro I
kampala_katuna,688,344.0,344.25,30.192779206393148,-0.9999364133750777,116,302,0,0,0,0,0,0,0,0,0,0,0,0,0,False,2.9,1386.1,1.5,0.4,0.24,0,0.0,28.4,Rwemiriro I
kampala_katuna,689,344.5,344.75,30.19075526693405,-1.0039669849357358,167,345,0,0,1,0,0,0,2,0,0,0,0,0,0,False,32.7,1387.1,0.2,0.7,-0.11,0,0.0,29.1,Rwemiriro I
kampala_katuna,690,345.0,345.25,30.18978410393413,-1.0083717215902943,167,418,0,0,2,0,0,0,3,0,0,0,0,0,0,False,1.3,1392.3,9.5,-0.0,1.99,0,0.0,29.1,Rubaare Ii
kampala_katuna,691,345.5,345.75,30.188948988652268,-1.012810977996323,159,929,0,0,3,0,0,0,1,0,0,0,0,0,0,False,0.9,1402.5,10.7,-0.0,2.25,0,0.0,29.1,Rubaare Ii
kampala_katuna,692,346.0,346.25,30.188114076830345,-1.0172502407114197,419,1368,1,0,3,0,0,2,1,0,0,0,0,0,0,False,6.2,1406.9,0.0,1.5,-0.31,0,0.0,29.1,Nyalubale
kampala_katuna,693,346.5,346.75,30.18728515248992,-1.0216905870171977,215,776,1,0,1,0,0,0,2,0,0,0,0,0,0,False,3.1,1406.7,3.0,0.3,0.57,0,0.0,29.1,Nyalubale
kampala_katuna,694,347.0,347.25,30.186450171346372,-1.0261298666271472,37,106,0,0,0,0,0,1,0,0,0,0,0,0,0,False,0.4,1407.4,0.1,3.3,-0.67,0,0.0,29.1,Kyabukuju I
kampala_katuna,695,347.5,347.75,30.185615374246247,-1.0305691823177203,32,99,0,0,1,0,0,1,0,0,0,0,0,0,0,False,8.1,1407.9,6.2,-0.0,1.3,0,0.0,29.1,Kyabukuju I
kampala_katuna,696,348.0,348.25,30.18504285430967,-1.0350465098349302,28,95,0,0,1,0,0,0,1,0,0,0,0,0,0,False,5.4,1408.7,0.3,8.7,-1.77,0,0.0,29.1,Rukiri
kampala_katuna,697,348.5,348.75,30.184665070669386,-1.0395485002471383,16,77,0,0,0,0,0,1,2,0,0,0,0,0,0,False,6.8,1404.6,4.6,-0.0,0.96,0,0.0,29.1,Rukiri
kampala_katuna,698,349.0,349.25,30.184295669307946,-1.044051264946596,10,36,0,0,0,0,0,0,0,0,0,0,0,0,0,False,2.0,1416.2,14.1,-0.0,2.97,0,0.0,29.1,Rukiri
kampala_katuna,699,349.5,349.75,30.18391662277783,-1.0485532091726697,12,37,0,0,0,0,0,0,1,0,0,0,0,0,0,False,15.8,1421.4,0.2,6.9,-1.4,0,0.0,29.1,Rukiri
kampala_katuna,700,350.0,350.25,30.183044200965174,-1.0529829815500005,3,20,0,0,0,0,0,0,0,0,0,0,0,0,0,False,7.0,1410.8,1.3,5.7,-0.94,0,0.0,29.1,Rukiri
kampala_katuna,701,350.5,350.75,30.182426603347057,-1.0574420715875685,9,24,0,0,0,0,0,0,0,0,0,0,0,0,0,False,39.6,1413.4,2.9,0.0,0.59,0,0.0,29.1,Enshenyi
kampala_katuna,702,351.0,351.25,30.182988266634844,-1.0619236578041082,4,27,0,0,0,0,0,0,0,0,0,0,0,0,0,False,6.8,1420.0,11.4,-0.0,2.39,0,0.0,29.1,Enshenyi
kampala_katuna,703,351.5,351.75,30.18356189209432,-1.066404749319347,12,34,0,0,0,0,0,0,0,0,0,0,0,0,0,False,0.0,1427.8,4.9,-0.0,1.02,0,0.0,29.1,Enshenyi
kampala_katuna,704,352.0,352.25,30.183981136982236,-1.0708984737019775,6,39,0,0,0,0,0,0,0,0,0,0,0,0,0,False,26.7,1431.1,1.1,0.3,0.17,0,0.0,29.1,Enshenyi
kampala_katuna,705,352.5,352.75,30.18359204105031,-1.0753952872492423,12,33,0,0,0,0,0,0,1,0,0,0,0,0,0,False,9.8,1430.9,0.5,0.5,-0.0,0,0.0,29.1,Enshenyi
kampala_katuna,706,353.0,353.25,30.182983623759565,-1.0798715037712039,3,25,0,0,0,0,0,0,0,0,0,0,0,0,0,False,0.1,1435.0,5.5,-0.0,1.17,0,0.0,29.1,Enshenyi
kampala_katuna,707,353.5,353.75,30.182392422015802,-1.08435028157095,3,15,0,0,0,0,0,0,0,0,0,0,0,0,0,False,0.0,1441.5,7.7,-0.0,1.63,0,0.0,29.1,Enshenyi
kampala_katuna,708,354.0,354.25,30.181796482322298,-1.0888283712349125,9,17,0,0,0,0,0,0,2,0,0,0,0,0,0,False,3.2,1446.7,3.0,-0.0,0.64,0,0.0,29.1,Rushenyi
kampala_katuna,709,354.5,354.75,30.18120315001756,-1.0933068562848316,2,11,0,0,0,0,0,0,0,0,0,0,0,0,0,False,0.1,1448.8,1.8,-0.0,0.37,0,0.0,29.1,Rushenyi
kampala_katuna,710,355.0,355.25,30.180608418007115,-1.0977851536991687,0,22,0,0,0,0,0,0,0,0,0,0,0,0,0,False,4.0,1451.4,2.3,0.3,0.41,0,0.0,29.1,Rushenyi
kampala_katuna,711,355.5,355.75,30.179845171664628,-1.1022309777014132,0,30,0,0,0,0,0,0,1,0,0,0,0,0,0,False,11.4,1453.2,4.1,-0.0,0.86,0,0.0,29.1,Rushenyi
kampala_katuna,712,356.0,356.25,30.178819531673312,-1.1066234101023136,20,87,0,0,0,0,0,0,0,0,0,0,0,0,0,False,25.8,1465.7,18.9,-0.0,3.99,0,0.0,29.1,Orwina
kampala_katuna,713,356.5,356.75,30.1786060116554,-1.1111360320231431,39,181,0,0,0,2,0,2,2,0,0,0,0,0,0,False,0.4,1485.7,19.7,-0.0,4.15,0,0.0,29.1,Orwina
kampala_katuna,714,357.0,357.25,30.17843013394935,-1.1156506627444105,224,710,0,0,0,3,0,2,0,0,0,0,0,0,0,False,3.1,1506.5,15.5,-0.0,3.26,0,0.0,29.1,Rwentobo
kampala_katuna,715,357.5,357.75,30.17824067868245,-1.1201645932256643,212,673,0,0,0,1,0,1,2,0,0,0,0,0,0,False,14.1,1516.3,4.1,-0.0,0.87,0,0.0,29.1,Rwentobo
kampala_katuna,716,358.0,358.25,30.177115178918076,-1.1244245046269696,13,137,0,0,0,1,0,0,1,0,0,0,0,0,0,False,77.6,1521.4,5.0,0.0,1.05,0,0.0,29.1,Rwentobo
kampala_katuna,717,358.5,358.75,30.173631561310657,-1.1272662617589262,44,158,0,0,0,1,0,0,0,0,0,0,0,0,0,False,1.2,1526.7,6.3,-0.0,1.33,0,0.0,29.1,Rwentobo
kampala_katuna,718,359.0,359.25,30.170088923655666,-1.1300408117598135,23,109,0,0,0,0,0,0,2,0,0,0,0,0,0,False,0.8,1532.2,7.3,-0.0,1.55,0,0.0,29.1,Rwentobo
kampala_katuna,719,359.5,359.75,30.16654196043323,-1.132809638477141,8,86,0,0,0,0,0,0,0,0,0,0,0,0,0,False,16.6,1542.0,5.9,-0.0,1.25,0,0.0,29.1,Nyabugando Ii
kampala_katuna,720,360.0,360.25,30.16267384973294,-1.1350958100046045,135,215,0,0,0,1,0,0,3,0,0,0,0,0,0,False,6.7,1546.3,3.8,-0.0,0.79,0,0.0,29.1,Nyabugando Ii
kampala_katuna,721,360.5,360.75,30.15866160295703,-1.137119437715927,94,265,0,0,0,1,0,0,2,0,0,0,0,0,0,False,2.2,1547.6,2.6,0.9,0.35,0,0.0,29.1,Nyabugando Ii
kampala_katuna,722,361.0,361.25,30.154554219738824,-1.138916749722215,69,213,0,0,0,0,0,0,2,0,0,0,0,0,0,False,52.2,1563.8,20.9,-0.0,4.4,0,0.0,29.1,Nyanga I
kampala_katuna,723,361.5,361.75,30.150079644280932,-1.139032410744129,98,223,0,0,0,0,0,0,4,0,0,0,0,0,0,False,12.3,1579.3,17.2,-0.0,3.62,0,0.0,29.1,Nyanga I
kampala_katuna,724,362.0,362.25,30.145601482801595,-1.139040856730139,97,249,0,0,0,0,0,0,1,0,0,0,0,0,0,False,119.1,1591.7,9.0,-0.0,1.9,0,0.0,29.1,Nyanga I
kampala_katuna,725,362.5,362.75,30.143294977836288,-1.1425298627198965,38,192,0,0,0,0,0,0,2,0,0,0,0,0,0,False,131.6,1616.5,30.0,-0.0,6.31,0,0.0,29.1,Mishenyi
kampala_katuna,726,363.0,363.25,30.140042101934796,-1.145224806303533,19,107,0,0,0,0,0,0,0,0,0,0,0,0,0,False,112.5,1646.2,29.0,-0.0,6.1,0,0.0,29.1,Mishenyi
kampala_katuna,727,363.5,363.75,30.135731404960655,-1.1440845127659867,38,81,0,0,0,0,0,0,0,0,0,0,0,0,0,False,51.2,1676.6,27.6,-0.0,5.8,0,0.0,29.1,Kabira
kampala_katuna,728,364.0,364.25,30.132123270887746,-1.1414040994320864,57,394,0,0,0,1,0,0,3,0,0,0,0,0,0,False,53.4,1702.2,22.6,-0.0,4.77,0,0.0,29.1,Katooma Iii
kampala_katuna,729,364.5,364.75,30.12799842782538,-1.1397388192616944,386,764,0,0,0,2,0,0,5,0,0,0,0,0,0,False,106.8,1728.7,24.7,-0.0,5.19,0,0.0,29.1,Rwahi
kampala_katuna,730,365.0,365.25,30.12419423918676,-1.1417927766819116,230,718,0,0,0,1,0,0,4,0,0,0,0,0,0,False,125.1,1755.8,25.7,-0.0,5.41,0,0.0,29.1,Rwahi
kampala_katuna,731,365.5,365.75,30.123783142104887,-1.1462580636914736,108,330,0,0,0,0,0,0,3,0,0,0,0,0,0,False,112.3,1785.2,33.5,-0.0,7.06,0,0.0,29.1,Nyaruhanga
kampala_katuna,732,366.0,366.25,30.126181871801638,-1.149969511553861,11,127,0,0,0,0,0,0,2,0,0,0,0,0,0,False,109.7,1813.0,19.3,-0.0,4.05,0,0.0,29.1,Nyaruhanga
kampala_katuna,733,366.5,366.75,30.128451977906156,-1.153761525124391,34,71,0,0,0,0,0,0,0,0,0,0,0,0,0,False,60.6,1831.7,8.8,-0.0,1.84,0,0.0,29.1,Nyakasa
kampala_katuna,734,367.0,367.25,30.13192068989844,-1.1565211582804507,29,139,0,0,0,0,0,0,3,0,0,0,0,0,0,False,154.9,1828.9,0.0,18.4,-3.88,0,0.0,29.1,Kafuka
kampala_katuna,735,367.5,367.75,30.13176788052263,-1.160933003153434,65,190,0,0,0,1,0,0,0,0,0,0,0,0,0,False,100.3,1798.3,0.0,25.8,-5.43,0,0.0,29.1,Kafuka
kampala_katuna,736,368.0,368.25,30.13337476115215,-1.164999988387222,52,258,0,0,0,1,0,0,0,0,0,0,0,0,0,False,139.6,1779.5,0.0,18.7,-3.93,0,0.0,29.1,Rwabahazi
kampala_katuna,737,368.5,368.75,30.130884470061766,-1.1687295977463046,84,291,0,0,0,1,0,0,2,0,0,0,0,0,0,False,16.0,1759.4,0.0,14.0,-2.94,0,0.0,29.1,Rwabahazi
kampala_katuna,738,369.0,369.25,30.12756619430615,-1.171537184876223,121,667,0,0,1,3,0,0,0,0,0,0,0,0,0,False,101.9,1749.3,0.0,7.0,-1.47,0,0.0,29.1,Muhanga
kampala_katuna,739,369.5,369.75,30.123083314376025,-1.1713874968620341,397,915,0,0,2,1,0,1,2,0,0,0,0,0,0,False,6.0,1746.5,3.5,1.0,0.53,0,0.0,29.1,Muhanga
kampala_katuna,740,370.0,370.25,30.118601405224936,-1.1711431333183897,150,605,0,0,0,0,0,0,1,0,0,0,0,0,0,False,37.9,1760.4,18.4,-0.0,3.87,0,0.0,29.1,Kitaburaza
kampala_katuna,741,370.5,370.75,30.114509921070834,-1.1725331059672128,73,165,0,0,0,0,0,0,0,0,0,0,0,0,0,False,81.0,1771.2,5.4,1.1,0.9,0,0.0,29.1,Rwakahuku
kampala_katuna,742,371.0,371.25,30.112336554106236,-1.1764469725805708,53,180,0,0,0,0,0,0,0,0,0,0,0,0,0,False,40.4,1782.5,14.4,13.0,0.3,0,0.0,29.1,Rwakahuku
kampala_katuna,743,371.5,371.75,30.11168957044203,-1.180835603665533,102,272,0,0,0,1,0,0,1,0,0,0,0,0,0,False,124.9,1773.4,3.0,2.6,0.08,0,0.0,29.1,Butobere (Butare)
kampala_katuna,744,372.0,372.25,30.114522585964533,-1.1843080785165117,78,315,0,0,0,1,0,0,1,0,0,0,0,0,0,False,68.8,1778.9,6.2,0.2,1.26,0,0.0,29.1,Nyakanengo
kampala_katuna,745,372.5,372.75,30.11871480135805,-1.1858729371010004,58,269,0,0,0,0,0,0,1,0,0,0,0,0,0,False,8.7,1790.4,22.7,-0.0,4.78,0,0.0,29.1,Nyaruhanga (Highland)
kampala_katuna,746,373.0,373.25,30.122835885128442,-1.1875125000270188,86,267,0,0,0,0,0,0,0,0,0,0,0,0,0,False,158.3,1815.6,12.1,2.5,2.03,0,0.0,29.1,Kabaare
kampala_katuna,747,373.5,373.75,30.122749802243497,-1.191770883080811,121,314,0,0,0,0,0,0,1,0,0,0,0,0,0,False,78.0,1810.5,2.1,5.9,-0.81,0,0.0,29.1,Kabaare
kampala_katuna,748,374.0,374.25,30.12301874444938,-1.1962038439271936,111,354,0,0,0,1,0,0,1,0,0,0,0,0,0,False,24.8,1814.8,6.1,0.4,1.18,0,0.0,29.1,Kabaare
kampala_katuna,749,374.5,374.75,30.123925981864392,-1.2006275728426121,149,363,0,0,0,2,0,1,1,0,0,0,0,0,0,False,19.4,1819.2,3.6,-0.0,0.76,0,0.0,29.1,Bukinda
kampala_katuna,750,375.0,375.25,30.12418976902069,-1.2050686168453117,117,367,0,0,0,1,0,0,0,0,0,0,0,0,0,False,49.7,1834.3,26.6,-0.0,5.6,0,0.0,29.1,Kagunga (Rutare)
kampala_katuna,751,375.5,375.75,30.122982228249796,-1.2094198400430425,238,600,0,0,0,1,0,0,0,0,0,0,0,0,0,False,9.9,1849.8,2.3,1.6,0.14,0,0.0,29.1,Kagunga (Rutare)
kampala_katuna,752,376.0,376.25,30.121771480709786,-1.213769996538641,274,704,0,0,0,1,0,1,0,0,0,0,0,0,0,False,10.7,1851.7,12.5,0.8,2.47,0,0.0,29.1,Rwakimuri
kampala_katuna,753,376.5,376.75,30.120584952280804,-1.2181269076886954,167,453,0,0,0,0,0,0,1,0,0,0,0,0,0,False,17.5,1868.9,12.3,-0.0,2.59,0,0.0,29.1,Rwakimuri
kampala_katuna,754,377.0,377.25,30.118899561773265,-1.2222766023612595,45,252,0,0,0,0,0,0,2,0,0,0,0,0,0,False,49.4,1873.8,1.1,3.2,-0.44,0,0.0,29.1,Kitaburaza (Nyakabungo)
kampala_katuna,755,377.5,377.75,30.115796583079177,-1.2255358388643764,47,213,0,0,0,0,0,0,1,0,0,0,0,0,0,False,46.2,1877.2,14.4,-0.0,3.03,0,0.0,29.1,Kitaburaza (Nyakabungo)
kampala_katuna,756,378.0,378.25,30.11376511714341,-1.2294820058696325,50,190,0,0,0,0,0,0,1,0,0,0,0,0,0,False,18.6,1902.3,28.7,-0.0,6.04,0,0.0,29.1,Keihimbi
kampala_katuna,757,378.5,378.75,30.112345410217873,-1.2337664329884048,19,160,0,0,0,0,0,0,0,0,0,0,0,0,0,False,72.0,1906.4,3.6,36.5,-6.92,0,0.0,29.1,Kyobugombe
kampala_katuna,758,379.0,379.25,30.10897181082577,-1.2366016903609411,77,297,0,0,0,1,0,0,2,0,0,0,0,0,0,False,7.3,1864.0,0.0,37.8,-7.95,0,0.0,29.1,Kyobugombe
kampala_katuna,759,379.5,379.75,30.10508267887351,-1.2388573586690572,177,351,0,0,0,0,0,1,1,0,0,0,0,0,0,False,59.8,1841.3,2.8,5.0,-0.45,0,0.0,29.1,Kyobugombe
kampala_katuna,760,380.0,380.25,30.100740242015032,-1.239512190049594,23,182,0,0,0,0,0,0,0,0,0,0,0,0,0,False,22.6,1841.7,6.0,4.1,0.39,0,0.0,29.1,Ahakabiri
kampala_katuna,761,380.5,380.75,30.096395799700563,-1.2402608493526317,8,88,0,0,0,0,0,0,0,0,0,0,0,0,0,False,95.0,1846.9,2.7,1.1,0.32,0,0.0,29.1,Nkumbura
kampala_katuna,762,381.0,381.25,30.093677498045935,-1.2437338309815025,123,285,0,0,0,1,0,0,2,0,0,0,0,0,0,False,52.7,1839.7,0.3,17.9,-3.7,0,0.0,29.1,Nkumbura
kampala_katuna,763,381.5,381.75,30.089914940044164,-1.2459393528600755,100,424,0,0,0,1,0,0,1,0,0,0,0,0,0,False,44.9,1818.9,0.0,22.7,-4.77,0,0.0,29.1,Ahamumba
kampala_katuna,764,382.0,382.25,30.08599614092418,-1.2475446111332262,97,354,0,0,0,0,0,0,0,2,0,0,0,0,0,False,100.6,1806.2,3.4,7.2,-0.79,0,0.0,29.1,Bugarama
kampala_katuna,765,382.5,382.75,30.083582102722353,-1.2512676043435291,87,283,0,0,0,0,0,0,0,2,0,0,0,0,0,False,134.6,1791.2,0.0,13.0,-2.75,0,0.0,34.1,Bugarama
kampala_katuna,766,383.0,383.25,30.080437571213313,-1.2543289396296844,109,344,0,0,1,2,0,1,2,0,0,0,0,0,0,False,72.8,1784.7,10.2,4.3,1.25,0,0.0,34.1,Nyakigugwe
kampala_katuna,767,383.5,383.75,30.077000176988435,-1.2568499361018621,117,361,0,0,1,2,0,0,1,2,0,0,0,0,0,False,243.0,1802.3,14.8,-0.0,3.11,0,0.0,34.1,Nyakigugwe
kampala_katuna,768,384.0,384.25,30.074488648737283,-1.2532492925587069,77,261,0,0,0,2,0,0,0,1,0,0,0,0,0,False,108.7,1809.4,0.5,4.0,-0.74,0,0.0,34.1,Rwakaceregye
kampala_katuna,769,384.5,384.75,30.07466914532903,-1.2487979311653248,103,270,0,0,0,0,0,0,0,0,0,0,0,0,0,False,57.2,1799.8,0.7,8.3,-1.6,0,0.0,29.1,Ahakatooma
kampala_katuna,770,385.0,385.25,30.073281399227668,-1.244590553452938,84,266,0,0,0,0,0,0,2,0,0,0,0,0,0,False,44.2,1802.3,17.0,0.1,3.54,0,0.0,29.1,Kaharo
kampala_katuna,771,385.5,385.75,30.07044301623087,-1.2410932774608505,109,330,0,0,0,0,0,0,1,0,0,0,0,0,0,False,10.3,1815.2,3.1,6.4,-0.7,0,0.0,29.1,Kimbugu
kampala_katuna,772,386.0,386.25,30.06778326300574,-1.2374698892561784,152,342,0,0,0,0,0,0,1,2,0,0,0,0,0,False,105.1,1814.4,6.8,-0.0,1.43,0,0.0,29.1,Kamunoga
kampala_katuna,773,386.5,386.75,30.064474601163823,-1.2347142919491525,43,242,0,0,0,0,0,0,1,0,0,0,0,0,0,False,195.4,1824.3,20.2,-0.0,4.24,0,0.0,29.1,Kibumba
kampala_katuna,774,387.0,387.25,30.060463003109003,-1.23375118502649,26,195,0,0,0,2,0,0,1,0,0,0,0,0,0,False,134.3,1846.5,14.8,-0.0,3.11,0,0.0,29.1,Ahamuremere
kampala_katuna,775,387.5,387.75,30.056804042409283,-1.2334031161111072,30,157,0,0,0,1,0,0,1,0,0,0,0,0,0,False,291.9,1866.8,20.2,-0.0,4.26,0,0.0,29.1,Rwabashenyi
kampala_katuna,776,388.0,388.25,30.059749114222377,-1.2314652032342077,41,156,0,0,0,0,0,0,0,0,0,0,0,0,0,False,139.6,1893.5,29.2,-0.0,6.15,0,0.0,29.1,Rwabashenyi
kampala_katuna,777,388.5,388.75,30.06137503379238,-1.228283079169556,12,173,0,0,0,0,0,0,0,0,0,0,0,0,0,True,262.4,1925.1,28.5,-0.0,6.01,0,0.0,29.1,Kirandura
kampala_katuna,778,389.0,389.25,30.057341979964782,-1.2279721412740772,33,181,0,0,0,0,0,0,3,0,0,0,0,0,0,False,112.6,1950.0,22.1,0.4,4.57,0,0.0,29.1,Kasharara
kampala_katuna,779,389.5,389.75,30.054724380914237,-1.2315352085186226,19,106,0,0,0,0,0,0,1,0,0,0,0,0,0,False,179.5,1966.5,15.5,1.1,3.02,0,0.0,29.1,Kasharara
kampala_katuna,780,390.0,390.25,30.05119322038341,-1.2337901658058814,0,15,0,0,0,0,0,0,0,0,0,0,0,0,0,False,315.6,1990.2,33.9,-0.0,7.13,0,0.0,29.1,Nyaruhanga
kampala_katuna,781,390.5,390.75,30.053321779484154,-1.2357319168009722,1,42,0,0,0,0,0,0,0,0,0,0,0,0,0,False,116.5,2023.5,20.7,-0.0,4.36,0,0.0,29.1,Nyarungwe
kampala_katuna,782,391.0,391.25,30.055241363535085,-1.2394954810464667,22,77,0,0,0,0,0,0,0,0,0,0,0,0,0,False,120.4,2048.2,21.7,-0.0,4.57,0,0.0,29.1,Nyarungwe
kampala_katuna,783,391.5,391.75,30.05458262634446,-1.2437929402282246,23,42,0,0,0,0,0,0,1,0,0,0,0,0,0,False,126.9,2068.2,11.4,1.2,2.14,0,0.0,29.1,Kabaraga
kampala_katuna,784,392.0,392.25,30.05133432358059,-1.2465057578635994,0,42,0,0,0,0,0,0,0,0,0,0,0,0,0,False,172.7,2055.3,0.0,25.9,-5.45,0,0.0,29.1,Kanyankwanzi
kampala_katuna,785,392.5,392.75,30.0503257402288,-1.250459952520828,50,103,0,0,0,0,0,0,1,0,0,0,0,0,0,False,162.1,2023.0,0.0,39.9,-8.39,0,0.0,34.1,Karuhuma
kampala_katuna,786,393.0,393.25,30.045962105405938,-1.251346464760129,26,112,0,0,0,0,0,0,0,0,0,0,0,0,0,False,88.0,1985.3,0.0,27.8,-5.85,0,0.0,34.1,Kanyankwanzi
kampala_katuna,787,393.5,393.75,30.041614266212925,-1.250371995479403,31,46,0,0,0,0,0,0,0,0,0,0,0,0,0,False,37.4,1972.6,1.2,3.3,-0.43,0,0.0,34.1,Rwashenyire
kampala_katuna,788,394.0,394.25,30.03738565313131,-1.2491466458119234,9,78,0,0,0,0,0,0,0,0,0,0,0,0,0,False,158.9,1957.8,0.0,23.3,-4.89,0,0.0,29.1,Rwashenyire
kampala_katuna,789,394.5,394.75,30.034908653219038,-1.2456708769170302,13,113,0,0,0,0,0,0,1,0,0,0,0,0,0,False,213.9,1934.6,0.0,29.2,-6.15,0,0.0,29.1,Nyakahita (Nyakagyera)
kampala_katuna,790,395.0,395.25,30.030627636617503,-1.2462385217240617,2,133,0,0,0,0,0,0,0,0,0,0,0,0,0,False,139.5,1911.9,1.6,6.4,-1.02,0,0.0,29.1,Omubushenshero
kampala_katuna,791,395.5,395.75,30.026879413998316,-1.2485161717722044,14,159,0,0,0,0,0,0,0,0,0,0,0,0,0,False,243.1,1893.0,0.0,31.8,-6.7,0,0.0,29.1,Bunombe (Nyakagyera)
kampala_katuna,792,396.0,396.25,30.0256370807872,-1.2524876675361356,52,217,0,0,0,0,0,0,1,0,0,0,0,0,0,False,211.2,1866.1,0.0,23.5,-4.94,0,0.0,34.1,Karubanda (Kyanamira)
kampala_katuna,793,396.5,396.75,30.02798911065386,-1.256045769038065,76,291,0,0,0,0,0,0,1,0,0,0,0,0,0,False,20.5,1839.4,0.0,17.7,-3.72,0,0.0,34.1,Karubanda (Kyanamira)
kampala_katuna,794,397.0,397.25,30.031123274787085,-1.259277459042529,145,475,0,0,0,0,0,0,0,1,0,0,0,0,0,False,139.5,1821.8,0.0,27.8,-5.86,0,0.0,34.1,Kabatogote
kampala_katuna,795,397.5,397.75,30.029427901565036,-1.2624260738343889,112,416,0,0,0,0,0,2,0,2,0,0,0,0,0,False,164.1,1794.8,4.7,14.6,-2.08,1,0.0,34.1,Rwanyabiboga
kampala_katuna,796,398.0,398.25,30.025146640697795,-1.2613975703086633,93,416,0,0,0,1,0,0,0,0,0,0,0,0,0,False,38.3,1801.8,7.9,-0.0,1.67,0,0.0,34.1,Nyakahita (Katookye)
kampala_katuna,797,398.5,398.75,30.020797430155866,-1.2602988376167876,186,672,0,0,0,2,0,0,3,0,0,0,0,0,0,False,23.8,1804.2,1.0,1.2,-0.05,0,0.0,34.1,Rugarama Ii
kampala_katuna,798,399.0,399.25,30.016598542920995,-1.2587045337546017,252,826,0,0,1,1,0,0,3,1,0,0,0,0,0,False,54.7,1802.2,0.1,2.4,-0.49,0,0.0,34.1,Nkombe
kampala_katuna,799,399.5,399.75,30.012199833953048,-1.2579490455855606,290,869,0,0,1,1,0,0,2,0,0,0,0,0,0,False,9.3,1801.7,1.2,1.8,-0.14,0,0.0,34.1,Nyarukonkoromi
kampala_katuna,800,400.0,400.25,30.00803531108964,-1.256972947724705,166,604,0,0,0,1,0,1,1,0,0,0,0,0,0,False,330.9,1793.2,0.8,11.2,-2.2,1,0.0,34.1,Mafuga
kampala_katuna,801,400.5,400.75,30.003970375849267,-1.2552071332486863,144,569,0,0,2,1,0,1,4,0,0,0,0,0,0,False,82.7,1798.9,14.9,-0.0,3.13,0,0.0,34.1,Nyakahita (Kigongi)
kampala_katuna,802,401.0,401.25,29.999687066410193,-1.2559200520832514,219,985,0,0,3,0,0,0,5,0,0,0,0,0,0,False,53.4,1801.1,0.3,6.0,-1.21,0,0.0,37.2,Kigongi B
kampala_katuna,803,401.5,401.75,29.995792603157394,-1.2581599850463498,264,1140,2,0,2,0,3,0,6,0,0,0,0,0,0,False,37.3,1800.1,2.2,-0.0,0.47,0,0.0,37.2,Kigongi A
kampala_katuna,804,402.0,402.25,29.993471337551146,-1.261212391823507,191,1008,2,1,1,2,3,1,7,0,0,0,0,0,0,False,190.2,1799.1,4.2,4.6,-0.09,1,0.0,37.2,Bitaka
kampala_katuna,805,402.5,402.75,29.993667023944024,-1.2657237685477203,284,1206,5,0,0,3,0,0,4,0,0,0,0,0,0,False,19.2,1800.9,0.2,0.6,-0.09,0,0.0,37.2,Igabiro (Mwanjari)
kampala_katuna,806,403.0,403.25,29.99350901534366,-1.2702284205913825,509,1345,4,2,0,1,0,0,5,0,0,0,0,0,0,False,60.1,1800.4,0.5,1.0,-0.11,0,0.0,37.2,Nyangande
kampala_katuna,807,403.5,403.75,29.992976155789375,-1.2745526898240673,311,1029,0,3,0,0,0,0,2,0,0,0,0,0,0,False,86.6,1800.1,1.1,0.6,0.12,0,0.0,37.2,Nyangande
kampala_katuna,808,404.0,404.25,29.99418318756854,-1.27888642676013,200,724,0,0,0,2,0,0,4,0,0,0,0,0,0,False,47.4,1800.8,0.8,-0.0,0.18,0,0.0,37.2,Rwagana/Kamatojo
kampala_katuna,809,404.5,404.75,29.995571804962996,-1.2831725765154778,269,671,0,0,0,2,0,0,3,0,0,0,0,0,0,False,16.3,1800.6,0.0,1.3,-0.27,0,0.0,37.2,Rwagana
kampala_katuna,810,405.0,405.25,29.99668901223152,-1.2875469111607891,258,737,0,0,0,0,0,0,1,0,0,0,0,0,0,False,6.0,1799.6,0.0,1.1,-0.24,0,0.0,37.2,Omukirwa
kampala_katuna,811,405.5,405.75,29.997768635438366,-1.2919312751575256,285,742,0,0,0,0,0,1,2,0,0,0,0,0,0,False,12.2,1798.8,0.9,0.2,0.14,0,0.0,37.2,Karubanda (Karubanda)
kampala_katuna,812,406.0,406.25,29.99858342177674,-1.2963720129556793,129,556,0,0,0,1,0,0,2,0,0,2,0,0,0,False,47.2,1799.6,1.5,2.9,-0.28,0,0.0,37.2,Karubanda (Karubanda)
kampala_katuna,813,406.5,406.75,29.99924275941851,-1.3008376401296988,98,374,0,0,0,1,0,0,0,0,0,0,0,0,0,False,21.8,1797.8,0.6,0.4,0.06,0,0.0,37.2,Kazigizigi
kampala_katuna,814,407.0,407.25,29.999909173871046,-1.3053040865975731,119,414,0,0,0,1,0,0,3,0,0,0,0,0,0,False,18.2,1799.8,5.1,0.0,1.08,0,0.0,37.2,Rwabirundo
kampala_katuna,815,407.5,407.75,30.000174649925388,-1.3098000444262765,46,345,0,0,0,2,0,0,1,0,0,0,0,0,0,False,62.2,1802.7,3.0,2.0,0.21,0,0.0,34.1,Rwabirundo
kampala_katuna,816,408.0,408.25,30.00121998846793,-1.3140960942616937,81,220,0,0,0,1,0,0,1,0,0,0,0,0,0,False,105.7,1808.4,6.0,0.6,1.14,0,0.0,34.1,Butare
kampala_katuna,817,408.5,408.75,29.999376183154702,-1.3178856742444385,36,122,0,0,0,0,0,0,0,0,0,0,0,0,0,False,55.1,1810.2,2.0,0.9,0.25,0,0.0,37.2,Butare
kampala_katuna,818,409.0,409.25,29.99626856194225,-1.320984550436411,2,53,0,0,0,0,0,0,2,0,0,0,0,0,0,False,210.3,1810.0,0.9,3.1,-0.46,0,0.0,37.2,Nyakatooma (Kicumbi)
kampala_katuna,819,409.5,409.75,29.999280007248515,-1.3239493777745162,32,134,0,0,0,0,0,0,0,0,0,0,0,0,0,False,36.4,1811.6,5.0,-0.0,1.05,0,0.0,37.2,Nyakatooma (Kicumbi)
kampala_katuna,820,410.0,410.25,30.003343176379616,-1.3258000452492635,119,352,0,0,0,0,0,0,0,0,0,0,0,0,0,False,93.0,1820.7,15.6,-0.0,3.29,0,0.0,34.1,Nyamurindira A
kampala_katuna,821,410.5,410.75,30.005878220279577,-1.329404573694469,226,488,0,0,0,2,0,1,0,0,0,0,0,0,0,False,94.4,1836.9,12.1,-0.0,2.54,0,0.0,34.1,Nyamurindira A
kampala_katuna,822,411.0,411.25,30.00492630853866,-1.3337253864643224,149,462,0,0,0,1,0,0,0,0,0,0,0,0,0,False,7.2,1839.3,0.0,10.2,-2.15,0,0.0,34.1,Nyakateete B
kampala_katuna,823,411.5,411.75,30.00321562304294,-1.337901290875361,112,314,0,0,0,0,0,0,0,0,0,0,0,0,0,False,86.2,1817.7,0.0,22.0,-4.64,0,0.0,34.1,Nyakateete A
kampala_katuna,824,412.0,412.25,30.005090511359228,-1.3403467324524105,32,276,0,0,0,0,0,0,1,0,0,0,0,0,0,False,130.2,1812.8,8.3,1.0,1.53,0,0.0,34.1,Kyarugondo
kampala_katuna,825,412.5,412.75,30.009457630675737,-1.3393721118431676,62,286,0,0,0,0,0,0,0,0,0,0,0,0,0,False,56.6,1810.2,1.9,6.8,-1.02,0,0.0,34.1,Kyarugondo
kampala_katuna,826,413.0,413.25,30.013848779171017,-1.3386400759730304,33,242,0,0,0,0,0,0,0,0,0,0,0,0,0,False,138.4,1810.9,2.1,4.5,-0.49,0,0.0,34.1,Nyakasharara
kampala_katuna,827,413.5,413.75,30.01697751016552,-1.3417065839965523,26,230,0,0,0,0,0,0,1,0,0,0,0,0,0,False,9.1,1802.8,3.6,4.6,-0.22,0,0.0,34.1,Rwamacumu
kampala_katuna,828,414.0,414.25,30.019040748791767,-1.3456215004606467,45,171,0,0,0,0,0,1,0,0,0,0,0,0,0,False,104.4,1807.4,5.9,2.8,0.65,0,0.0,34.1,Nyakatugunda (Kasheregenyi)
kampala_katuna,829,414.5,414.75,30.019542582820296,-1.350036318739329,30,187,0,0,0,0,0,0,0,0,0,0,0,0,0,False,137.6,1807.4,2.4,4.1,-0.36,0,0.0,34.1,Nyakatugunda (Kasheregenyi)
kampala_katuna,830,415.0,415.25,30.017801783067107,-1.3540795612290706,59,235,0,0,0,0,0,0,0,0,0,0,0,0,0,False,40.1,1807.1,3.1,0.1,0.63,0,0.0,34.1,Nyakarindi
kampala_katuna,831,415.5,415.75,30.015757388397184,-1.358039301979287,31,209,0,0,0,0,0,0,0,0,0,0,0,0,0,False,73.1,1808.8,2.3,0.9,0.29,0,0.0,34.1,Rukaranga
kampala_katuna,832,416.0,416.25,30.014971893357256,-1.3624562901131114,16,138,0,0,0,0,0,0,1,0,0,0,0,0,0,False,130.9,1810.7,1.4,0.4,0.22,0,0.0,34.1,Rukaranga
kampala_katuna,833,416.5,416.75,30.013804580638055,-1.366683968658528,33,166,0,0,0,0,0,0,1,0,0,0,0,0,0,False,50.6,1811.0,0.0,0.6,-0.12,0,0.0,34.1,Murambo (Buranga)
kampala_katuna,834,417.0,417.25,30.010654054832052,-1.3698910849499824,23,114,0,0,0,0,0,0,2,0,0,0,0,0,0,False,46.5,1809.4,1.6,2.3,-0.15,0,0.0,34.1,Murambo (Buranga)
kampala_katuna,835,417.5,417.75,30.007946810989235,-1.3734709943670236,2,12,0,0,0,0,0,0,0,0,0,0,0,0,0,False,60.8,1812.5,4.6,4.2,0.07,0,0.0,34.1,Murambo (Buranga)
kampala_katuna,836,418.0,418.25,30.006347750119968,-1.3776388689450334,1,4,0,0,0,0,0,0,0,0,0,0,0,0,0,False,19.5,1811.5,2.5,1.0,0.32,0,0.0,34.1,Rushebeya (Buranga)
kampala_katuna,837,418.5,418.75,30.004729617362827,-1.381844619070293,4,103,0,0,0,0,0,0,0,0,0,0,0,0,0,False,47.2,1813.8,3.8,1.6,0.45,0,0.0,34.1,Kabaliisa
kampala_katuna,838,419.0,419.25,30.002649219789312,-1.385668307370679,113,287,0,0,0,0,0,0,2,0,0,0,0,0,0,False,155.1,1811.8,1.0,9.4,-1.78,0,0.0,34.1,Kabaliisa
kampala_katuna,839,419.5,419.75,30.002200016284142,-1.389800561237921,46,180,0,0,0,0,0,0,2,0,0,0,0,0,0,False,102.4,1809.4,6.4,0.3,1.3,0,0.0,34.1,Nyamengo (Kacerere)
kampala_katuna,840,420.0,420.25,30.003592634307775,-1.3940501845710698,16,70,0,0,0,0,0,0,1,0,0,0,0,0,0,False,72.3,1813.3,2.4,0.9,0.32,0,0.0,34.1,Nyamengo (Kacerere)
kampala_katuna,841,420.5,420.75,30.004520410539232,-1.3984222589773734,62,205,0,0,0,0,0,0,1,0,0,0,0,0,0,False,104.8,1818.6,7.6,0.4,1.5,0,0.0,34.1,Kamuganguzi
kampala_katuna,842,421.0,421.25,30.004776706363064,-1.402918708695191,91,218,0,0,0,0,0,0,1,0,0,0,0,0,0,False,24.3,1814.9,4.5,8.3,-0.79,0,0.0,34.1,Kamuganguzi
kampala_katuna,843,421.5,421.75,30.00560094559825,-1.4073562129331683,66,193,0,0,0,0,0,0,2,0,0,0,0,0,0,False,27.8,1821.9,9.1,8.9,0.04,0,0.0,34.1,Nyamirima
kampala_katuna,844,422.0,422.25,30.00607533325249,-1.4118346033169908,73,300,0,0,0,0,0,0,1,0,0,0,0,0,0,False,99.5,1812.0,4.9,9.7,-1.02,0,0.0,34.1,Mayengo/Katuna
kampala_katuna,845,422.5,422.75,30.008332588940483,-1.4156829389843786,169,412,0,0,0,2,0,0,1,0,0,0,0,0,0,False,89.6,1816.0,3.0,0.3,0.58,0,0.0,34.1,Mayengo/Katuna
kampala_katuna,846,423.0,423.25,30.0097231583418,-1.4199720561323945,284,500,0,0,0,2,0,0,0,0,0,0,0,0,0,False,53.8,1817.9,2.6,3.9,-0.27,0,0.0,34.1,Katuna
kampala_katuna,847,423.5,423.75,30.010000186471192,-1.4241235983641038,269,412,0,0,0,0,0,0,0,0,0,0,0,0,0,False,259.0,1817.3,2.2,0.2,0.43,0,0.0,34.1,Katuna-Border
kampala_katuna,848,424.0,424.25,30.007916979119887,-1.427842041187112,247,356,0,0,0,0,0,0,1,0,0,0,0,0,0,False,256.6,1815.2,0.9,4.1,-0.67,0,0.0,34.1,Burambira-Katuna
kampala_katuna,849,424.5,424.75,30.003902630141486,-1.4287453081780883,107,236,0,0,0,1,0,0,0,0,0,0,0,0,0,False,201.4,1818.6,8.0,1.2,1.44,0,0.0,34.1,Burambira-Katuna
kampala_katuna,850,425.0,425.25,30.00095702308046,-1.425356139376138,98,238,0,0,0,1,0,0,2,0,0,0,0,0,0,False,149.6,1818.3,0.3,4.3,-0.85,0,0.0,34.1,Burambira-Katuna
kampala_katuna,851,425.5,425.6525266379382,29.99824233331241,-1.4230412946616475,139,261,0,0,0,0,0,0,0,0,0,0,0,0,0,False,263.9,1814.9,0.0,2.4,-0.79,0,0.0,37.2,Burambira (Mukarangye)
kampala_hoima,0,0.0,0.25,32.54842210340328,0.33570237886300547,734,3419,2,0,1,6,0,2,9,0,0,0,0,0,0,False,67.5,1189.6,0.0,3.1,-0.64,0,0.0,44.0,Mugema
kampala_hoima,1,0.5,0.75,32.5463666449859,0.33971731466004235,841,3024,11,0,2,6,0,1,8,0,0,0,0,0,0,False,42.7,1186.2,0.0,6.0,-1.27,0,0.0,44.0,Namungoona
kampala_hoima,2,1.0,1.25,32.5438312539261,0.34344728534676816,493,2015,13,0,1,6,1,6,7,0,0,0,0,0,0,False,219.5,1172.7,0.0,14.1,-2.97,0,0.0,44.0,Namugoona Roundabout
kampala_hoima,3,1.5,1.75,32.54128359604696,0.34687980099880167,108,1156,0,0,0,3,2,9,4,0,0,0,0,0,0,True,121.5,1165.9,1.0,2.2,-0.25,2,0.83,44.0,Namugoona Roundabout
kampala_hoima,4,2.0,2.25,32.53860114346612,0.3505021237500853,509,2116,3,0,0,0,0,1,13,0,0,0,0,0,0,False,28.3,1171.7,15.6,-0.0,3.29,0,0.13,44.0,Nansana West II A
kampala_hoima,5,2.5,2.75,32.53585549622604,0.3540822170006923,571,2752,20,0,0,0,0,0,7,0,0,0,0,0,0,False,11.8,1195.5,26.6,-0.0,5.61,0,0.0,44.0,Nansana East II A
kampala_hoima,6,3.0,3.25,32.53313728959228,0.3576836646402866,485,2430,14,0,1,0,0,3,11,0,0,0,0,0,0,False,28.7,1215.7,5.5,1.6,0.81,0,0.0,44.0,Nansana East II A
kampala_hoima,7,3.5,3.75,32.530520269239275,0.361354789141995,570,2288,7,0,0,0,0,0,8,0,0,0,0,0,0,False,30.1,1216.0,3.1,0.2,0.6,0,0.0,44.0,Nansana West II B
kampala_hoima,8,4.0,4.25,32.52757517875231,0.36468615926685255,484,2486,7,0,0,0,0,0,10,0,0,0,0,1,0,False,63.5,1219.3,2.4,-0.0,0.51,0,0.0,44.0,Nansana
kampala_hoima,9,4.5,4.75,32.52383290595193,0.36717616860562874,657,2821,15,0,0,0,0,0,8,0,0,0,0,0,0,False,95.2,1221.8,1.7,2.7,-0.2,0,0.0,44.0,Nansana West I A
kampala_hoima,10,5.0,5.25,32.522106488594886,0.37130020337685576,648,3065,15,0,0,0,0,1,6,0,0,0,0,0,0,False,9.2,1209.7,0.0,19.7,-4.14,0,0.0,44.0,Nansana West I B
kampala_hoima,11,5.5,5.75,32.520779954561,0.3756220175983386,641,2973,11,0,0,0,0,0,8,0,0,0,0,0,0,False,3.0,1195.0,3.8,5.5,-0.36,0,0.0,44.0,Nansana 7/8 I
kampala_hoima,12,6.0,6.25,32.519454666327604,0.37994417559064586,751,2846,11,0,0,1,0,0,9,0,0,1,0,1,0,False,34.4,1198.6,2.9,5.3,-0.51,0,0.0,44.0,Nansana 7/8 II
kampala_hoima,13,6.5,6.75,32.51736347162036,0.3838494954111042,603,2535,6,0,0,2,0,0,8,0,0,0,0,0,0,False,54.4,1188.0,0.0,13.4,-2.82,0,0.0,44.0,Ocheng A
kampala_hoima,14,7.0,7.25,32.51380625668523,0.38660172766568995,345,1762,4,0,0,1,0,0,6,0,0,0,0,0,0,False,19.7,1167.8,0.0,22.4,-4.71,0,0.0,44.0,Ocheng B
kampala_hoima,15,7.5,7.75,32.50989559948036,0.3888293309538522,254,1354,0,0,0,1,0,0,8,0,0,0,0,1,0,False,17.3,1167.0,21.3,-0.0,4.48,0,0.0,44.0,Ocheng B
kampala_hoima,16,8.0,8.25,32.50597353667557,0.39103577596354533,336,1262,0,0,1,2,0,1,10,0,0,0,0,0,0,False,1.1,1177.7,1.4,11.9,-2.2,0,0.0,44.0,Naluvule
kampala_hoima,17,8.5,8.75,32.502054499155335,0.3932484717667554,154,793,0,0,1,2,0,0,1,0,0,0,0,0,0,False,0.3,1161.5,7.8,8.6,-0.17,1,0.0,44.0,Kayunga
kampala_hoima,18,9.0,9.25,32.4981319939316,0.3954536857684709,445,1379,0,0,0,2,0,2,1,0,0,0,0,0,0,False,38.2,1177.8,15.8,-0.0,3.32,0,0.0,40.6,Kayunga
kampala_hoima,19,9.5,9.75,32.49376038840851,0.3963831907181603,447,1772,0,0,0,2,0,1,5,0,0,0,0,0,0,False,3.0,1182.4,0.2,5.6,-1.14,0,0.0,40.6,Gombe A
kampala_hoima,20,10.0,10.25,32.48930150410799,0.39694196032368223,318,1671,0,0,0,0,0,0,4,0,0,0,0,0,0,False,3.0,1171.5,2.6,9.5,-1.45,0,0.0,40.6,Kasangobe
kampala_hoima,21,10.5,10.75,32.48484245804846,0.39749921122199655,394,2027,2,0,1,1,0,1,2,0,0,0,0,0,0,False,0.1,1170.0,6.4,2.7,0.79,0,0.0,40.6,Kasangobe
kampala_hoima,22,11.0,11.25,32.48038609418428,0.39807371525186824,675,2331,10,0,1,2,0,3,1,0,0,0,0,0,0,False,83.0,1189.1,23.1,-0.0,4.85,0,0.0,40.6,Wakiso
kampala_hoima,23,11.5,11.75,32.47726015333657,0.4010837510071206,472,1897,7,0,0,0,0,1,4,0,0,0,0,0,0,False,50.9,1197.4,2.9,3.2,-0.06,0,0.0,40.6,Kisimbiri Central
kampala_hoima,24,12.0,12.25,32.47403881035002,0.4040896769465833,571,1631,0,0,0,0,0,1,4,0,0,0,0,0,0,False,43.4,1195.5,0.1,12.5,-2.61,0,0.0,40.6,Kyoga
kampala_hoima,25,12.5,12.75,32.47012178705896,0.40630352827694166,266,1108,0,0,0,0,0,0,2,0,0,0,0,0,0,False,0.4,1171.2,2.1,18.5,-3.46,0,0.0,40.6,Kyoga
kampala_hoima,26,13.0,13.25,32.46621445466793,0.40853663155327175,207,644,0,0,0,0,0,0,5,0,0,0,0,0,0,False,8.4,1182.3,24.0,-0.0,5.06,0,0.0,40.6,Namusera
kampala_hoima,27,13.5,13.75,32.462298511758384,0.4107545484553534,481,1267,0,0,0,0,0,1,4,0,0,0,0,0,0,False,0.4,1199.3,8.7,0.2,1.78,0,0.0,40.6,Namusera
kampala_hoima,28,14.0,14.25,32.45835494409993,0.4129153216398898,332,1147,0,0,0,0,0,1,4,0,0,0,0,0,0,False,59.4,1191.7,0.0,21.1,-4.44,0,0.0,40.6,Namusera
kampala_hoima,29,14.5,14.75,32.45389973865833,0.41329863530361327,87,659,1,0,0,0,0,0,1,0,0,0,0,0,0,False,0.0,1183.8,7.9,0.1,1.65,0,0.0,40.6,Namusera
kampala_hoima,30,15.0,15.25,32.44940739136013,0.4133900137918293,303,929,1,0,0,0,0,0,2,0,0,0,0,0,0,False,0.8,1192.9,13.1,-0.0,2.77,0,0.0,40.6,Nkoowe
kampala_hoima,31,15.5,15.75,32.444914792690525,0.4134682440362174,352,1292,0,0,0,0,0,0,3,0,0,0,0,0,0,False,1.1,1209.0,9.6,0.2,1.99,0,0.0,40.6,Nkoowe
kampala_hoima,32,16.0,16.25,32.44042936638251,0.4136259137465292,239,928,0,0,0,0,0,0,6,0,0,0,0,0,0,False,30.8,1204.7,0.0,16.2,-3.42,0,0.0,40.6,Nkoowe
kampala_hoima,33,16.5,16.75,32.43609483166478,0.41480818120153184,114,398,0,0,0,0,0,0,3,0,0,0,0,0,0,False,0.3,1180.7,0.0,23.8,-5.02,0,0.0,40.6,Nkoowe
kampala_hoima,34,17.0,17.25,32.431773872732634,0.4160488032117614,113,382,0,0,0,0,0,0,4,0,0,0,0,0,0,False,1.4,1170.2,3.0,1.3,0.36,0,0.0,40.6,Kikubampanga
kampala_hoima,35,17.5,17.75,32.42745297280318,0.41728959296069973,191,485,0,0,0,0,0,0,2,0,0,0,0,0,0,False,0.4,1176.0,4.2,1.1,0.66,0,0.0,40.6,Kikubampanga
kampala_hoima,36,18.0,18.25,32.42313233228419,0.4185313296753741,29,327,0,0,0,0,0,0,0,0,0,0,0,0,0,False,5.6,1172.4,0.0,6.4,-1.35,0,0.0,40.6,Kikubampanga
kampala_hoima,37,18.5,18.75,32.41875499384513,0.41946446570218665,43,269,0,0,0,0,0,0,1,0,0,0,0,0,0,False,33.1,1181.7,25.3,-0.0,5.32,0,0.0,40.6,Kikubampanga
kampala_hoima,38,19.0,19.25,32.41426232097281,0.419400381077626,261,695,1,0,0,0,0,0,1,0,0,0,0,0,0,False,24.3,1193.1,0.0,5.5,-1.15,0,0.0,40.6,Kikubampanga
kampala_hoima,39,19.5,19.75,32.4098086674193,0.41883888926834345,439,1303,0,0,0,0,0,1,3,0,0,0,0,0,0,False,81.8,1193.3,7.4,0.2,1.52,0,0.0,40.6,Kikubampanga
kampala_hoima,40,20.0,20.25,32.40539323421859,0.4192017304474683,314,1296,0,0,0,0,0,0,3,0,0,0,0,0,0,False,51.4,1187.4,0.0,19.5,-4.1,0,0.0,40.6,Kikubampanga
kampala_hoima,41,20.5,20.75,32.40092911328292,0.4195977037830593,192,699,0,0,0,0,0,0,5,0,0,0,0,0,0,False,1.5,1180.5,9.5,-0.0,1.99,0,0.0,40.6,Kigaaga
kampala_hoima,42,21.0,21.25,32.396441147986934,0.41980976238342704,230,1078,1,0,0,0,0,0,1,0,0,0,0,0,0,False,7.5,1183.2,0.4,7.0,-1.37,0,0.0,40.6,Kigaaga
kampala_hoima,43,21.5,21.75,32.39195027586153,0.4199369034041959,613,1923,3,0,0,0,0,1,4,0,0,0,0,0,0,False,28.0,1185.1,8.6,-0.0,1.82,0,0.0,40.6,Kakiri
kampala_hoima,44,22.0,22.25,32.38752057508839,0.42043227482545964,519,1552,0,0,0,0,0,1,5,0,0,0,0,0,0,False,51.7,1193.0,5.8,-0.0,1.22,0,0.0,40.6,Kisenyi
kampala_hoima,45,22.5,22.75,32.38337661532099,0.42211390424595313,130,632,1,0,0,0,0,0,2,0,0,0,0,0,0,False,84.9,1202.6,10.5,-0.0,2.22,0,0.0,40.6,Kisenyi
kampala_hoima,46,23.0,23.25,32.38036249332053,0.42546249519698487,139,555,1,0,0,0,0,0,3,0,0,0,0,0,0,False,0.8,1209.9,7.4,-0.0,1.56,0,0.0,40.6,Kambe
kampala_hoima,47,23.5,23.75,32.3773884150812,0.42885318269645784,201,592,0,0,0,0,0,0,3,0,0,0,0,0,0,False,1.7,1217.0,4.8,1.0,0.8,0,0.0,40.6,Kambe
kampala_hoima,48,24.0,24.25,32.37444698642096,0.4322670881993648,239,574,1,0,0,0,0,0,3,0,0,0,0,0,0,False,45.4,1216.7,7.4,2.9,0.96,0,0.0,40.6,Bulonda
kampala_hoima,49,24.5,24.75,32.371442548300344,0.43562839738337156,209,773,0,0,0,0,0,0,2,0,0,0,0,0,0,False,64.4,1214.8,0.2,16.6,-3.46,0,0.0,40.6,Bulonda
kampala_hoima,50,25.0,25.25,32.36733158439978,0.4373867874466897,253,791,0,0,0,0,0,0,1,0,0,0,0,0,0,False,1.3,1187.8,0.0,37.6,-7.91,0,0.0,40.6,Bulonda
kampala_hoima,51,25.5,25.75,32.363079662326555,0.43884910163160035,106,509,0,0,0,0,0,0,1,0,0,0,0,0,0,False,4.0,1151.6,0.0,20.7,-4.36,0,0.0,40.6,Nakyelongoosa
kampala_hoima,52,26.0,26.25,32.358824154360775,0.44030061338359333,271,1121,2,0,0,0,0,0,1,0,0,0,0,0,0,False,4.6,1145.6,11.1,2.2,1.87,0,0.0,40.6,Kikandwa
kampala_hoima,53,26.5,26.75,32.3546259626678,0.4418860565308738,494,1396,2,0,0,0,0,0,3,0,0,0,0,0,0,False,33.9,1162.1,14.7,-0.0,3.1,0,0.0,40.6,Kikandwa
kampala_hoima,54,27.0,27.25,32.35096091517145,0.444501458999633,113,642,0,0,0,0,0,0,2,0,0,0,0,0,0,False,10.9,1166.4,0.1,6.4,-1.33,0,0.0,40.6,Kikandwa
kampala_hoima,55,27.5,27.75,32.34731366039381,0.44714324752418244,142,432,0,0,0,0,0,0,0,0,0,0,0,0,0,False,1.3,1152.9,0.0,21.0,-4.42,0,0.0,40.6,Lugombe
kampala_hoima,56,28.0,28.25,32.34367814243407,0.44980117530617303,74,280,0,0,0,0,0,0,1,0,0,0,0,0,0,False,9.3,1131.8,4.8,9.8,-1.04,0,0.0,40.6,Lugombe
kampala_hoima,57,28.5,28.75,32.34003575147016,0.45244815358580365,32,128,0,0,0,0,0,0,1,0,0,0,0,0,0,False,16.5,1135.9,2.4,3.0,-0.13,0,0.0,40.6,Mwera
kampala_hoima,58,29.0,29.25,32.33637477875408,0.4550703468926819,139,582,0,0,0,0,0,0,0,0,0,0,0,0,0,False,41.5,1146.1,22.0,-0.0,4.63,0,0.0,40.6,Mwera
kampala_hoima,59,29.5,29.75,32.33359054717171,0.45844768007266945,301,952,0,0,0,0,0,0,3,0,0,0,0,0,0,False,100.2,1156.6,1.4,1.2,0.05,0,0.0,40.6,Mwera
kampala_hoima,60,30.0,30.25,32.3324644186834,0.4628253941212851,233,866,0,0,0,0,0,0,2,0,0,0,0,0,0,False,100.9,1155.8,1.6,9.4,-1.63,0,0.0,40.6,Mwera
kampala_hoima,61,30.5,30.75,32.33040321561307,0.4668231838841573,218,704,0,0,0,0,0,0,0,0,0,0,0,0,0,False,2.1,1154.1,6.4,0.8,1.17,0,0.0,40.6,Nampunge
kampala_hoima,62,31.0,31.25,32.328132898500904,0.4707245436273792,242,658,0,0,1,1,0,0,4,0,0,0,0,0,0,False,29.9,1152.9,2.7,3.5,-0.17,0,0.0,40.6,Nampunge
kampala_hoima,63,31.5,31.75,32.32586072771686,0.47462166649977733,354,1020,0,0,1,1,0,0,5,0,0,0,0,0,0,False,30.4,1158.2,5.6,2.1,0.73,0,0.0,40.6,Nampunge
kampala_hoima,64,32.0,32.25,32.323613943063904,0.47853299525504894,398,991,0,0,0,0,0,0,2,0,0,0,0,0,0,False,52.1,1151.5,0.0,11.3,-2.38,0,0.0,40.6,Nampunge
kampala_hoima,65,32.5,32.75,32.321371089728586,0.48245101492283654,118,457,0,0,0,0,0,0,2,0,0,0,0,0,0,False,60.5,1140.2,0.0,13.2,-2.78,0,0.0,40.6,Ggala Nalya
kampala_hoima,66,33.0,33.25,32.31833945747208,0.4857242005678646,54,265,0,0,0,1,0,0,0,0,0,0,0,0,0,False,13.9,1119.3,0.0,22.7,-4.78,0,0.02,40.6,Gobero
kampala_hoima,67,33.5,33.75,32.31483361893351,0.4885526396108369,147,258,0,0,0,1,0,0,3,0,0,0,0,0,0,False,15.5,1109.5,5.8,0.8,1.07,0,0.44,40.6,Gobero
kampala_hoima,68,34.0,34.25,32.310946908188264,0.4904016556773937,107,266,0,0,0,0,0,1,1,0,0,0,0,0,0,False,177.5,1108.5,0.0,7.4,-1.56,0,0.39,40.6,Gobero
kampala_hoima,69,34.5,34.75,32.30773214602159,0.4935087389100263,26,96,0,0,0,0,0,0,0,0,0,0,0,0,0,False,1.6,1108.0,7.1,-0.0,1.49,0,0.47,40.6,Gobero
kampala_hoima,70,35.0,35.25,32.30464244417696,0.4967928546414138,11,60,0,0,0,0,0,0,0,0,0,0,0,0,0,False,4.0,1109.1,1.1,4.9,-0.8,0,0.0,40.6,Gobero
kampala_hoima,71,35.5,35.75,32.30156317662451,0.5000843096882969,18,45,0,0,0,0,0,0,2,0,0,0,0,0,0,False,74.6,1113.2,5.7,5.5,0.03,0,0.0,39.4,Gobero
kampala_hoima,72,36.0,36.25,32.298468717922994,0.5033561424157084,7,40,0,0,0,0,0,0,0,0,0,0,0,0,0,False,69.5,1112.3,15.4,0.9,3.04,0,0.0,39.4,Busaku
kampala_hoima,73,36.5,36.75,32.29507275120682,0.5062886168890972,27,87,0,0,0,0,0,0,2,0,0,0,0,0,0,False,12.5,1122.2,3.1,9.8,-1.42,0,0.0,39.4,Busaku
kampala_hoima,74,37.0,37.25,32.29148254798318,0.5090044708634747,35,116,0,0,0,0,0,0,5,0,0,0,0,0,0,False,28.2,1124.7,9.7,9.1,0.13,0,0.0,39.4,Busaku
kampala_hoima,75,37.5,37.75,32.28789163542267,0.511722225903989,59,159,0,0,0,0,0,0,1,0,0,0,0,0,0,False,24.9,1122.5,17.9,2.2,3.29,0,0.0,39.4,Busaku
kampala_hoima,76,38.0,38.25,32.284300957411695,0.514437105062385,79,186,0,0,0,0,0,0,2,0,0,0,0,0,0,False,75.6,1131.7,1.1,12.4,-2.37,0,0.0,39.4,Busaku
kampala_hoima,77,38.5,38.75,32.28033562274845,0.5165166648519176,39,149,0,0,0,0,0,0,0,0,0,0,0,0,0,False,4.8,1113.5,1.1,9.6,-1.8,0,0.0,39.4,Busaku
kampala_hoima,78,39.0,39.25,32.276191269013204,0.5182615615788568,129,312,0,0,0,0,0,0,1,0,0,0,0,0,0,False,9.6,1120.1,19.6,-0.0,4.13,0,0.0,39.4,Namayumba
kampala_hoima,79,39.5,39.75,32.27204671280558,0.5200003759168248,262,714,0,0,0,0,0,0,4,0,0,0,0,0,0,False,84.0,1137.1,5.0,0.4,0.96,0,0.0,39.4,Namayumba
kampala_hoima,80,40.0,40.25,32.26790962130491,0.5217510458087976,372,1410,2,0,0,0,0,1,2,0,0,0,0,0,0,False,61.5,1141.2,13.8,1.2,2.65,0,0.0,39.4,Namayumba
kampala_hoima,81,40.5,40.75,32.26376565131153,0.523478238582921,344,1111,2,0,0,0,0,0,2,0,0,0,0,0,0,False,43.1,1148.9,0.7,6.9,-1.3,0,0.0,39.4,Namayumba
kampala_hoima,82,41.0,41.25,32.25962496064369,0.525233833190758,100,375,0,0,0,0,0,0,3,0,0,0,0,0,0,False,20.1,1140.6,0.0,5.7,-1.2,0,0.0,39.4,Kavule
kampala_hoima,83,41.5,41.75,32.25535560040746,0.5266166109257296,39,191,0,0,0,0,0,0,2,0,0,0,0,0,0,False,22.0,1132.2,5.2,9.5,-0.91,0,0.0,39.4,Kavule
kampala_hoima,84,42.0,42.25,32.25102210469293,0.5278116370543678,108,201,0,0,0,0,0,0,1,0,0,0,0,0,0,False,4.0,1147.0,15.3,1.3,2.96,0,0.0,39.4,Namayumba
kampala_hoima,85,42.5,42.75,32.246682857167244,0.5289824987887638,72,178,0,0,0,0,0,0,1,0,0,0,0,0,0,False,65.8,1142.1,0.0,15.5,-3.26,0,0.0,38.1,Namayumba
kampala_hoima,86,43.0,43.25,32.24304801730113,0.5314517382034558,142,271,0,0,0,0,0,0,3,0,0,0,0,0,0,False,26.1,1136.1,10.3,0.7,2.02,0,0.0,38.1,Namayumba
kampala_hoima,87,43.5,43.75,32.2399927681505,0.5347680398238516,80,240,0,0,0,0,0,0,1,0,0,0,0,0,0,False,20.5,1140.4,0.6,12.6,-2.52,0,0.0,38.1,Kyanuuna
kampala_hoima,88,44.0,44.25,32.23759371579412,0.5385364708568,11,54,0,0,0,0,0,0,1,0,0,0,0,0,0,False,34.0,1124.6,0.0,9.6,-2.02,0,0.0,38.1,Kyanuuna
kampala_hoima,89,44.5,44.75,32.235710638792206,0.5426252476557782,34,107,0,0,0,0,0,0,4,0,0,0,0,0,0,False,35.8,1117.6,0.0,3.2,-0.67,0,0.0,38.1,Kyanuuna
kampala_hoima,90,45.0,45.25,32.23300144835211,0.546220104362046,138,252,0,0,0,0,0,0,1,0,0,0,0,0,0,False,42.5,1115.6,0.6,1.5,-0.18,0,0.0,38.1,Kyanuna
kampala_hoima,91,45.5,45.75,32.230109784485265,0.5496817399556408,63,197,0,0,0,0,0,0,2,0,0,0,0,0,0,False,14.1,1119.6,6.4,0.6,1.21,0,0.0,38.1,Kyanuna
kampala_hoima,92,46.0,46.25,32.227190715472425,0.5531197016359889,7,27,0,0,0,0,0,0,1,0,0,0,0,0,0,False,29.2,1114.6,0.2,9.8,-2.02,0,0.0,38.1,Kyanuna
kampala_hoima,93,46.5,46.75,32.22364032460214,0.5558728392371963,38,298,0,0,0,0,0,0,1,0,0,0,0,0,0,False,9.7,1106.9,0.0,9.9,-2.08,0,0.0,38.1,Mikka
kampala_hoima,94,47.0,47.25,32.2200399868459,0.5585759256203461,183,346,0,0,0,0,0,1,3,0,0,0,0,0,0,False,24.6,1098.5,0.0,4.7,-0.99,0,0.01,38.1,Mikka
kampala_hoima,95,47.5,47.75,32.21642176672707,0.5612568942945542,2,100,0,0,0,0,0,1,0,0,0,0,0,0,0,False,10.1,1097.0,1.3,0.3,0.21,0,0.94,38.1,Busunju D
kampala_hoima,96,48.0,48.25,32.21275893524445,0.5638750193444237,21,213,0,0,0,0,0,0,1,0,0,0,0,0,0,False,52.0,1097.6,3.0,1.3,0.36,0,0.28,38.1,Kibubula C
kampala_hoima,97,48.5,48.75,32.20846688481577,0.564958092699103,181,751,0,0,0,3,0,0,3,0,0,0,0,0,0,False,18.8,1103.7,10.7,-0.0,2.24,0,0.0,38.1,Kibubula C
kampala_hoima,98,49.0,49.25,32.204044890567005,0.5656129755214044,429,1452,0,0,0,6,0,1,5,0,0,0,0,0,0,False,107.0,1120.4,12.2,-0.0,2.58,0,0.0,38.1,Busunju
kampala_hoima,99,49.5,49.75,32.20047621773229,0.5683477595729696,241,1066,0,0,0,2,0,0,2,0,0,0,0,0,0,False,59.1,1128.9,9.7,-0.0,2.04,0,0.0,38.1,Kibubula A
kampala_hoima,100,50.0,50.25,32.19650849279139,0.5703033593169724,133,335,0,0,0,4,0,0,4,0,0,0,0,0,0,False,36.2,1149.2,30.9,-0.0,6.5,0,0.0,38.1,Busunju A
kampala_hoima,101,50.5,50.75,32.19298943409112,0.5727835174386765,81,250,0,0,0,1,0,0,1,0,0,0,0,0,0,False,90.8,1166.3,2.1,8.7,-1.38,0,0.0,38.1,Busunju A
kampala_hoima,102,51.0,51.25,32.19124503455633,0.5769180708863451,47,228,0,0,0,1,0,0,3,0,0,0,0,0,0,False,39.8,1158.4,5.2,1.9,0.69,0,0.0,38.1,Mbalala
kampala_hoima,103,51.5,51.75,32.189033700327734,0.5808321855606216,214,536,0,0,0,1,0,0,2,0,0,0,0,0,0,False,71.9,1165.4,4.4,4.1,0.05,0,0.0,38.1,Mbalala
kampala_hoima,104,52.0,52.25,32.18596196781625,0.5840884084295629,225,564,0,0,0,0,0,0,4,0,0,0,0,0,0,False,91.8,1162.7,0.0,2.1,-0.44,0,0.0,38.1,Kitamaavu
kampala_hoima,105,52.5,52.75,32.18191880161837,0.5859424418076391,48,211,0,0,0,0,0,0,2,0,0,0,0,0,0,False,38.6,1150.4,0.0,18.5,-3.9,0,0.0,38.1,Kitamaavu
kampala_hoima,106,53.0,53.25,32.17797479437267,0.5878760530877968,21,48,0,0,0,0,0,0,1,0,0,0,0,0,0,False,79.2,1134.8,0.8,8.1,-1.55,0,0.0,38.1,Kitamaavu
kampala_hoima,107,53.5,53.75,32.17369020670184,0.5890164432764237,8,23,0,0,0,0,0,0,0,0,0,0,0,0,0,False,5.4,1127.6,0.0,12.9,-2.71,0,0.0,38.1,Kikunyu
kampala_hoima,108,54.0,54.25,32.169593343428204,0.5908733370766394,0,2,0,0,0,0,0,0,0,0,0,0,0,0,0,False,0.0,1124.9,10.5,-0.0,2.22,0,0.0,38.1,Namigavu
kampala_hoima,109,54.5,54.75,32.16550423757057,0.5927476845829249,2,71,0,0,0,0,0,0,1,0,0,0,0,0,0,False,40.9,1135.8,10.0,-0.0,2.1,0,0.0,38.1,Namigavu
kampala_hoima,110,55.0,55.25,32.16129395369198,0.5938773901488853,105,183,0,0,0,0,0,0,3,0,0,0,0,0,0,False,130.4,1155.8,22.4,-0.0,4.73,0,0.0,38.1,Namigavu
kampala_hoima,111,55.5,55.75,32.15687771525355,0.5933158530278039,63,218,0,0,0,0,0,0,1,0,0,0,0,0,0,False,93.5,1162.0,0.2,14.9,-3.09,0,0.0,38.1,Bombo (namigavu)
kampala_hoima,112,56.0,56.25,32.153275909435216,0.5958484867997661,77,196,0,0,0,1,0,0,3,0,0,0,0,0,0,False,34.5,1146.4,0.0,9.1,-1.92,0,0.0,38.1,Kibisi
kampala_hoima,113,56.5,56.75,32.14994922910037,0.5988469101915421,96,248,0,0,0,1,0,0,3,0,0,0,0,0,0,False,47.2,1135.3,0.0,12.0,-2.52,0,0.0,38.1,Kibisi
kampala_hoima,114,57.0,57.25,32.146837916587614,0.6020585939356439,89,231,0,0,0,0,0,0,4,0,0,0,0,0,0,False,57.2,1127.6,0.0,4.8,-1.0,0,0.0,38.1,Kanyale (namigavu)
kampala_hoima,115,57.5,57.75,32.143271436738175,0.6048061508239286,57,166,0,0,0,0,0,0,1,0,0,0,0,0,0,False,83.4,1117.7,0.0,16.5,-3.48,0,0.0,38.1,Wangoma
kampala_hoima,116,58.0,58.25,32.14155279547215,0.6088621520588888,53,114,0,0,0,0,0,1,1,0,0,0,0,0,0,False,56.0,1109.1,4.0,3.9,0.01,0,0.0,38.1,Wangoma
kampala_hoima,117,58.5,58.75,32.13911458866713,0.612619370724935,17,176,0,0,0,0,0,0,0,0,0,0,0,0,0,False,74.1,1105.5,4.1,2.5,0.35,1,0.38,38.1,Wangoma
kampala_hoima,118,59.0,59.25,32.13710711159715,0.6166394131259806,224,364,0,0,0,1,0,1,2,0,0,0,0,0,0,False,32.4,1116.8,18.1,-0.0,3.81,0,0.0,38.1,Mate
kampala_hoima,119,59.5,59.75,32.13544794973085,0.620840384221257,77,272,0,0,0,1,0,0,0,0,0,0,0,0,0,False,30.3,1134.6,13.2,-0.0,2.78,0,0.0,38.1,Matte
kampala_hoima,120,60.0,60.25,32.13353285004184,0.6247243905534369,6,37,0,0,0,0,0,0,1,0,0,0,0,0,0,False,188.7,1154.5,24.0,-0.0,5.05,0,0.0,38.1,Matte
kampala_hoima,121,60.5,60.75,32.12912557607274,0.6242358421703579,0,26,0,0,0,0,0,0,0,0,0,0,0,0,0,False,86.9,1182.0,27.7,-0.0,5.84,0,0.0,38.1,Matte
kampala_hoima,122,61.0,61.25,32.12484335606918,0.6250786057443493,4,13,0,0,0,1,0,0,1,0,0,0,0,0,0,False,256.2,1197.9,6.1,11.2,-1.08,0,0.0,38.1,Matte
kampala_hoima,123,61.5,61.75,32.12075149830768,0.6259187562035793,10,63,0,0,0,1,0,0,1,0,0,0,0,0,0,False,86.3,1177.2,0.0,24.9,-5.24,0,0.0,38.1,Nana
kampala_hoima,124,62.0,62.25,32.11681268036298,0.6278875276080899,48,117,0,0,0,0,0,0,2,0,0,0,0,0,0,False,141.7,1153.8,0.0,15.7,-3.31,0,0.0,38.1,Nana
kampala_hoima,125,62.5,62.75,32.11424671060995,0.6314756119383765,148,370,0,0,0,1,0,0,4,0,0,0,0,0,0,False,178.8,1152.6,12.5,-0.0,2.64,0,0.0,38.1,Nana
kampala_hoima,126,63.0,63.25,32.110477690148684,0.633909049147931,255,515,0,0,0,2,0,0,4,0,0,0,0,0,0,False,61.6,1166.6,15.0,-0.0,3.16,0,0.0,38.1,Kabongezo
kampala_hoima,127,63.5,63.75,32.10669071714672,0.6363196010213542,102,300,0,0,0,1,0,0,2,0,0,0,0,0,0,False,103.3,1191.4,25.2,-0.0,5.3,0,0.0,38.1,Kabongezo
kampala_hoima,128,64.0,64.25,32.10253201307305,0.6378091504040104,75,170,0,0,0,0,0,0,1,0,0,0,0,0,0,False,75.5,1207.3,5.2,-0.0,1.09,0,0.0,38.1,Kabongezo
kampala_hoima,129,64.5,64.75,32.098565120594415,0.6398177521796613,73,149,0,0,0,0,0,0,3,0,0,0,0,0,0,False,85.2,1207.5,1.0,2.1,-0.24,0,0.0,38.1,Kikandwa
kampala_hoima,130,65.0,65.25,32.096904529240554,0.643966842629632,62,129,0,0,0,0,0,0,1,0,0,0,0,0,0,False,13.9,1210.1,4.7,0.0,0.99,0,0.0,38.1,Bombo
kampala_hoima,131,65.5,65.75,32.09587075737358,0.6483663271117263,65,173,0,0,0,1,0,0,3,0,0,0,0,0,0,False,35.7,1209.8,0.0,8.2,-1.73,0,0.0,38.1,Bombo (nakwaya)
kampala_hoima,132,66.0,66.25,32.0949500738059,0.652773560247067,59,147,0,0,0,1,0,0,3,0,0,0,0,0,0,False,104.0,1191.1,0.0,25.0,-5.26,0,0.0,38.1,Bombo (nakwaya)
kampala_hoima,133,66.5,66.75,32.09291256882868,0.6567761911184995,77,205,0,0,0,1,0,0,2,0,0,0,0,0,0,False,19.2,1179.3,13.2,1.8,2.4,0,0.0,38.1,Nakwaya B
kampala_hoima,134,67.0,67.25,32.09132126034942,0.6610008923347137,126,273,0,0,0,0,0,0,4,0,0,0,0,0,0,False,72.4,1194.4,8.4,0.1,1.75,0,0.0,38.1,Nakwaya B
kampala_hoima,135,67.5,67.75,32.08896325435762,0.664714169593823,65,206,0,0,0,0,0,0,3,0,0,0,0,0,0,False,77.0,1195.7,0.6,4.5,-0.84,0,0.0,38.1,Bukalamuli
kampala_hoima,136,68.0,68.25,32.08664086689577,0.6685522948123264,77,280,0,0,0,0,0,0,3,0,0,0,0,0,0,False,99.1,1196.5,5.9,0.3,1.16,0,0.0,38.1,Nakwaya
kampala_hoima,137,68.5,68.75,32.08601515899131,0.672538254855377,193,266,0,0,0,0,0,1,3,0,0,0,0,0,0,False,245.8,1194.2,0.0,8.5,-1.8,0,0.0,38.1,Kituuma
kampala_hoima,138,69.0,69.25,32.081535070105296,0.6724071247767437,75,211,0,0,0,0,0,0,0,0,0,0,0,0,0,False,32.8,1185.4,0.0,4.6,-0.98,0,0.0,38.1,Kituuma
kampala_hoima,139,69.5,69.75,32.07715040434573,0.6714401210377011,178,279,0,0,0,0,0,2,2,0,0,0,0,0,0,False,41.3,1181.1,0.0,5.0,-1.06,0,0.0,38.1,Kituuma
kampala_hoima,140,70.0,70.25,32.07283319849518,0.6709213316655557,104,275,0,0,0,0,0,0,2,0,0,0,0,0,0,False,81.7,1182.5,9.4,0.1,1.95,0,0.0,38.1,Temanekali A
kampala_hoima,141,70.5,70.75,32.06862686336608,0.6724769676990766,74,184,0,0,0,0,0,0,4,0,0,0,0,0,0,False,131.2,1188.6,1.9,8.1,-1.31,0,0.0,38.1,Temanekali A
kampala_hoima,142,71.0,71.25,32.0658403863856,0.6755996222057663,60,134,0,0,0,0,0,0,0,0,0,0,0,0,0,False,147.0,1177.6,0.0,5.9,-1.25,0,0.0,38.1,Temanekali A
kampala_hoima,143,71.5,71.75,32.06189981847707,0.6776388260869425,36,69,0,0,0,0,0,0,1,0,0,0,0,0,0,False,92.1,1170.0,0.0,15.1,-3.17,0,0.0,38.1,Kasokolindo
kampala_hoima,144,72.0,72.25,32.058412591334076,0.6804797510707379,71,112,0,0,0,0,0,0,1,0,0,0,0,0,0,False,57.6,1148.4,0.0,22.0,-4.63,0,0.0,38.1,Kasokolindo
kampala_hoima,145,72.5,72.75,32.05474640982044,0.6830454920809856,75,186,0,0,0,1,0,0,2,0,0,0,0,0,0,False,37.1,1126.9,3.7,11.9,-1.73,0,0.0,38.1,Mataagi
kampala_hoima,146,73.0,73.25,32.0506754518046,0.6849567470897735,141,228,0,0,0,3,0,0,1,0,0,0,0,0,0,False,43.4,1134.7,10.9,-0.0,2.29,0,0.0,38.1,Bukomero B
kampala_hoima,147,73.5,73.75,32.046880524873814,0.6873506194634633,119,482,0,0,0,4,0,0,1,0,0,0,0,0,0,False,37.8,1138.4,0.0,2.9,-0.61,0,0.0,38.1,Bukomero B
kampala_hoima,148,74.0,74.25,32.04343167215509,0.6902417767829506,189,560,0,0,0,5,0,0,0,0,0,0,0,0,0,False,97.7,1131.9,0.9,6.2,-1.11,0,0.0,38.1,Bukomero B
kampala_hoima,149,74.5,74.75,32.039120309916726,0.6909526002467179,340,725,0,0,1,2,0,1,2,0,0,0,0,0,0,False,87.5,1131.4,1.3,3.0,-0.36,0,0.0,38.1,Bukomero Central
kampala_hoima,150,75.0,75.25,32.03481904886646,0.6902614165262578,222,1095,0,0,1,2,0,0,2,0,0,0,0,0,0,False,155.8,1126.2,1.6,3.1,-0.32,0,0.0,38.1,Bukomero Central
kampala_hoima,151,75.5,75.75,32.030495180966085,0.6896304875191916,447,1127,0,0,0,3,0,0,2,0,0,0,0,0,0,False,22.3,1130.3,8.6,-0.0,1.81,0,0.0,38.1,Kakunyu A
kampala_hoima,152,76.0,76.25,32.026367877711635,0.6878446373376876,162,521,0,0,0,2,0,0,1,0,0,0,0,0,0,False,24.1,1140.3,6.1,-0.0,1.27,0,0.0,38.1,Kakunyu A
kampala_hoima,153,76.5,76.75,32.02204492525314,0.6867335241963138,40,131,0,0,0,1,0,0,2,0,0,0,0,0,0,False,33.7,1143.9,1.9,0.3,0.35,0,0.0,38.1,Kalagala B
kampala_hoima,154,77.0,77.25,32.01757752025743,0.6865214738113654,36,100,0,0,0,1,0,0,2,0,0,0,0,0,0,False,95.0,1153.8,14.6,-0.0,3.08,0,0.0,38.1,Kateera
kampala_hoima,155,77.5,77.75,32.013383971362764,0.688029260496961,154,334,0,0,1,3,0,0,1,0,0,0,0,0,0,False,42.3,1163.9,9.5,-0.0,2.0,0,0.0,38.1,Kateera
kampala_hoima,156,78.0,78.25,32.00968365747729,0.6905510565588844,195,397,0,0,1,4,0,1,1,0,0,0,0,0,0,False,68.3,1179.5,14.2,0.2,2.96,0,0.0,38.1,Kateera
kampala_hoima,157,78.5,78.75,32.00678615926454,0.6939953522290648,62,185,0,0,0,2,0,0,1,0,0,0,0,0,0,False,60.5,1182.3,0.3,4.3,-0.83,0,0.0,38.1,Kalagala
kampala_hoima,158,79.0,79.25,32.00506989337272,0.6981071627448193,50,119,0,0,0,1,0,0,2,0,0,0,0,0,0,False,38.1,1179.2,2.9,1.7,0.26,0,0.0,38.1,Kalagala
kampala_hoima,159,79.5,79.75,32.00275123363821,0.7019692407568698,44,132,0,0,0,1,0,0,0,0,0,0,0,0,0,False,35.3,1187.2,14.6,-0.0,3.08,0,0.0,38.1,Kalagala
kampala_hoima,160,80.0,80.25,31.99972088009572,0.7053054285576033,59,115,0,0,0,0,0,0,0,0,0,0,0,0,0,False,49.8,1201.4,9.1,-0.0,1.92,0,0.0,31.4,Kyamanyoli
kampala_hoima,161,80.5,80.75,31.996441804699295,0.7083789616017186,42,88,0,0,0,0,0,0,2,0,0,0,0,0,0,False,75.4,1209.8,8.2,-0.0,1.73,0,0.0,31.4,Kyamanyoli
kampala_hoima,162,81.0,81.25,31.993529186688566,0.7115641496627613,11,58,0,0,0,0,0,0,0,0,0,0,0,0,0,False,205.1,1221.6,9.4,2.1,1.52,0,0.0,31.4,Kyamanyoli
kampala_hoima,163,81.5,81.75,31.993783883633704,0.7158801262243859,12,56,0,0,0,0,0,0,1,0,0,0,0,0,0,False,107.4,1229.9,13.5,-0.0,2.84,0,0.0,31.4,Kyamanyoli
kampala_hoima,164,82.0,82.25,31.99155383094695,0.7197885075320429,17,45,0,0,0,0,0,0,0,0,0,0,0,0,0,False,43.4,1248.0,18.5,-0.0,3.9,0,0.0,31.4,Kayunga
kampala_hoima,165,82.5,82.75,31.988918229947945,0.7233984115012588,27,84,0,0,0,1,0,0,0,0,0,0,0,0,0,False,144.7,1268.2,23.2,-0.0,4.89,0,0.0,31.4,Kayunga
kampala_hoima,166,83.0,83.25,31.986549814339718,0.7271461929865207,75,172,0,0,0,1,0,0,0,0,0,0,0,0,0,False,64.9,1287.9,7.4,0.3,1.49,0,0.0,31.4,Kayunga
kampala_hoima,167,83.5,83.75,31.983285887117603,0.7302342615026085,112,216,0,0,0,0,0,0,0,0,0,0,0,0,0,False,52.4,1287.2,0.3,1.9,-0.33,0,0.0,31.4,Mpangala East
kampala_hoima,168,84.0,84.25,31.98072821508491,0.7338683835062645,97,173,0,0,0,2,0,1,0,0,0,0,0,0,0,False,12.8,1290.8,5.3,0.1,1.08,0,0.0,31.4,Mpangala East
kampala_hoima,169,84.5,84.75,31.97847801479559,0.7377739784003571,53,105,0,0,0,2,0,0,0,0,0,0,0,0,0,False,66.5,1289.8,1.1,5.1,-0.84,0,0.0,31.4,Mpangala West
kampala_hoima,170,85.0,85.25,31.9771666724865,0.7420563216414597,60,96,0,0,0,0,0,0,0,0,0,0,0,0,0,False,19.0,1282.0,0.0,14.4,-3.03,0,0.0,31.4,Kiyamba
kampala_hoima,171,85.5,85.75,31.97565153376353,0.746296747167782,57,98,0,0,0,2,0,0,0,0,0,0,0,0,0,False,65.1,1271.2,0.0,4.8,-1.01,0,0.0,31.4,Kiyamba
kampala_hoima,172,86.0,86.25,31.973432867130732,0.7502264866547155,30,58,0,0,0,2,0,0,0,0,0,0,0,0,0,False,4.9,1268.6,2.4,1.1,0.28,0,0.0,37.6,Kiyamba
kampala_hoima,173,86.5,86.75,31.97131910047938,0.7542174347305273,26,56,0,0,0,0,0,0,0,0,0,0,0,0,0,False,7.8,1273.3,5.5,-0.0,1.15,0,0.0,37.6,Kyoomya
kampala_hoima,174,87.0,87.25,31.969189279806194,0.7581996751072181,45,93,0,0,0,0,0,0,0,0,0,0,0,0,0,False,42.2,1276.6,3.0,0.0,0.62,0,0.0,37.6,Kyoomya
kampala_hoima,175,87.5,87.75,31.9667075661138,0.761944466630125,43,97,0,0,0,0,0,0,1,0,0,0,0,0,0,False,57.7,1279.3,2.4,5.5,-0.65,0,0.0,37.6,Kyoomya
kampala_hoima,176,88.0,88.25,31.963734975450286,0.7653350285231618,27,55,0,0,0,0,0,0,0,0,0,0,0,0,0,False,36.6,1272.3,0.0,6.2,-1.32,0,0.0,37.6,Nakaseeta
kampala_hoima,177,88.5,88.75,31.96114567510932,0.7690157670040852,17,39,0,0,0,0,0,0,0,0,0,0,0,0,0,False,9.7,1270.4,1.8,0.9,0.2,0,0.0,37.6,Nakaseeta
kampala_hoima,178,89.0,89.25,31.95871147188378,0.7728161176980497,67,104,0,0,0,0,0,0,2,0,0,0,0,0,0,False,43.1,1265.9,0.0,7.0,-1.48,0,0.0,37.6,Nakaseeta
kampala_hoima,179,89.5,89.75,31.955722728917227,0.7761866413645717,72,114,0,0,0,0,0,0,0,0,0,0,0,0,0,False,12.7,1260.7,0.0,5.5,-1.16,0,0.0,37.6,Nakaseeta
kampala_hoima,180,90.0,90.25,31.953047961782794,0.7797909417089529,20,55,0,0,0,1,0,0,0,0,0,0,0,0,0,False,61.3,1247.7,0.0,14.3,-3.01,0,0.0,37.6,Ssinde
kampala_hoima,181,90.5,90.75,31.95082316949157,0.7836533797195402,39,72,0,0,0,2,0,0,1,0,0,0,0,0,0,False,80.0,1239.5,0.0,3.8,-0.79,0,0.0,37.6,Ssinde
kampala_hoima,182,91.0,91.25,31.948590277524502,0.7875668553397264,51,89,0,0,0,2,0,0,0,0,0,0,0,0,0,False,47.6,1239.1,3.8,-0.0,0.79,0,0.0,37.6,Ssinde
kampala_hoima,183,91.5,91.75,31.946351359593994,0.7914541202320056,34,70,0,0,0,1,0,0,0,0,0,0,0,0,0,False,47.0,1241.1,3.9,2.9,0.21,0,0.0,37.6,Ssinde
kampala_hoima,184,92.0,92.25,31.943940658007666,0.7952500519101476,28,57,0,0,0,0,0,0,0,0,0,0,0,0,0,False,40.9,1243.3,0.9,1.1,-0.03,0,0.0,37.6,Ssinde
kampala_hoima,185,92.5,92.75,31.940821384619134,0.7984437614132182,26,80,0,0,0,1,0,0,0,0,0,0,0,0,0,False,57.1,1235.8,0.0,18.5,-3.89,0,0.0,37.6,Lunya
kampala_hoima,186,93.0,93.25,31.937163843007234,0.8009756286774801,93,174,0,0,0,1,0,0,1,0,0,0,0,0,0,False,88.9,1209.0,0.0,26.2,-5.52,0,0.0,37.6,Lunya
kampala_hoima,187,93.5,93.75,31.933088572028307,0.8023371450247231,56,256,0,0,0,2,0,0,1,0,0,0,0,0,0,False,87.4,1205.5,18.4,-0.0,3.87,0,0.0,37.6,Lunya
kampala_hoima,188,94.0,94.25,31.92892660040692,0.8036053872275096,106,205,0,0,0,1,0,1,0,0,0,0,0,0,0,False,72.3,1215.9,2.2,4.7,-0.53,0,0.0,37.6,Kitutumuzi
kampala_hoima,189,94.5,94.75,31.92510238959907,0.805936865922455,91,151,0,0,0,0,0,0,0,0,0,0,0,0,0,False,22.6,1206.5,0.0,11.0,-2.31,0,0.0,37.6,Lunya
kampala_hoima,190,95.0,95.25,31.921390394816488,0.8084837911817333,48,135,0,0,0,0,0,0,0,0,0,0,0,0,0,False,25.4,1194.1,0.0,11.0,-2.32,0,0.0,37.6,Lunya
kampala_hoima,191,95.5,95.75,31.917971696720645,0.811362486436332,43,94,0,0,0,1,0,0,0,0,0,0,0,0,0,False,26.2,1177.6,0.0,21.3,-4.49,0,0.0,37.6,Lunya
kampala_hoima,192,96.0,96.25,31.915408015955897,0.8150744567998328,48,86,0,0,0,1,0,0,0,0,0,0,0,0,0,False,13.8,1164.9,0.0,3.3,-0.69,0,0.0,37.6,Lunya
kampala_hoima,193,96.5,96.75,31.91235141240048,0.8183356516016871,68,111,0,0,0,0,0,0,1,0,0,0,0,0,0,False,47.3,1155.2,0.0,17.3,-3.64,0,0.0,37.6,Kawanda-namawugulu
kampala_hoima,194,97.0,97.25,31.908760499735884,0.8210343008647019,43,127,0,0,0,0,0,1,0,0,0,0,0,0,0,False,62.9,1139.6,2.4,6.8,-0.94,0,0.0,37.6,Kawaawa
kampala_hoima,195,97.5,97.75,31.90581634629198,0.8244164084188188,39,170,0,0,0,2,0,0,1,0,0,0,0,0,0,False,32.9,1139.2,6.4,3.3,0.64,0,0.0,37.6,Kawaawa
kampala_hoima,196,98.0,98.25,31.90229912616949,0.8272260774267025,72,243,0,0,0,4,0,0,1,0,0,0,0,0,0,False,18.3,1139.2,0.2,10.4,-2.16,0,0.0,37.6,Kawaawa
kampala_hoima,197,98.5,98.75,31.8987551789286,0.8299695246050185,218,891,0,0,0,5,0,0,1,0,0,0,0,0,0,False,41.6,1126.6,2.6,9.3,-1.42,0,0.0,37.6,Kattanzige
kampala_hoima,198,99.0,99.25,31.8954314438084,0.8330105874530449,593,1864,0,1,0,4,0,2,1,0,0,0,0,0,0,False,19.0,1128.4,4.5,-0.0,0.94,0,0.0,37.6,Kattanzige
kampala_hoima,199,99.5,99.75,31.891966598778705,0.835886498947135,354,1400,0,1,1,0,0,0,4,0,0,0,0,0,0,False,44.5,1132.3,4.4,-0.0,0.93,0,0.0,37.6,Lwamata Central
kampala_hoima,200,100.0,100.25,31.887860049082843,0.8377033008203019,146,495,0,0,0,1,0,0,1,0,0,0,0,0,0,False,20.9,1143.6,15.5,-0.0,3.27,0,0.0,37.6,Lwamata Central
kampala_hoima,201,100.5,100.75,31.883884473172174,0.8397691018552438,72,239,0,0,0,1,0,0,1,0,0,0,0,0,0,False,43.4,1154.7,5.2,-0.0,1.1,0,0.0,37.6,Lwamata
kampala_hoima,202,101.0,101.25,31.880460587731093,0.8426975845715275,55,166,0,0,0,0,0,0,1,0,0,0,0,0,0,False,9.2,1157.6,1.0,0.6,0.1,0,0.0,37.6,Kittankula
kampala_hoima,203,101.5,101.75,31.877024271518223,0.8456069196526301,40,136,0,0,0,0,0,0,2,0,0,0,0,0,0,False,34.3,1157.5,0.8,2.2,-0.29,0,0.0,37.6,Kittankula
kampala_hoima,204,102.0,102.25,31.87377838398086,0.8487326282815414,38,97,0,0,0,0,0,0,2,0,0,0,0,0,0,False,4.4,1156.5,0.9,2.1,-0.25,0,0.0,37.6,Busabulongo
kampala_hoima,205,102.5,102.75,31.87068310647456,0.8520107863423307,101,167,0,0,0,1,0,0,1,0,0,0,0,0,0,False,8.7,1153.9,0.0,3.3,-0.69,0,0.0,37.6,Busabulongo
kampala_hoima,206,103.0,103.25,31.867644602203004,0.8553415421530111,75,188,0,0,0,1,0,0,2,0,0,0,0,0,0,False,11.2,1151.5,0.1,0.4,-0.05,0,0.0,37.6,Busabulongo
kampala_hoima,207,103.5,103.75,31.864571162944873,0.8586399159259269,40,109,0,0,0,1,0,0,1,0,0,0,0,0,0,False,11.4,1150.6,1.0,1.4,-0.08,0,0.0,37.6,Kyekumbya (kyekumbya)
kampala_hoima,208,104.0,104.25,31.8613810331122,0.861824660225707,56,125,0,0,0,1,0,0,1,0,0,0,0,0,0,False,5.5,1152.7,2.1,0.7,0.29,0,0.0,37.6,Kyekumbya (kyekumbya)
kampala_hoima,209,104.5,104.75,31.858406080725942,0.8652003611065978,81,212,0,0,0,1,0,0,1,0,0,0,0,0,0,False,35.6,1143.1,0.0,19.8,-4.16,0,0.0,37.6,Kyekumbya (kyekumbya)
kampala_hoima,210,105.0,105.25,31.855926534688813,0.8689589321352664,94,234,0,0,0,0,0,0,2,0,0,0,0,0,0,False,82.2,1128.5,4.5,4.3,0.04,0,0.0,37.6,Kyekumbya (kyekumbya)
kampala_hoima,211,105.5,105.75,31.85315041349419,0.8724661417387016,104,220,0,0,0,0,0,0,1,0,0,0,0,0,0,False,36.8,1137.4,12.2,-0.0,2.56,0,0.0,37.6,Kyekumbya (kyekumbya)
kampala_hoima,212,106.0,106.25,31.849722375249225,0.8753766582879772,32,127,0,0,0,0,0,0,1,0,0,0,0,0,0,False,24.3,1147.1,5.2,-0.0,1.1,0,0.0,37.6,Kyekumbya (kyekumbya)
kampala_hoima,213,106.5,106.75,31.84579749807358,0.877554023056089,27,70,0,0,0,2,0,0,1,0,0,0,0,0,0,False,34.9,1153.0,7.1,-0.0,1.49,0,0.0,37.6,
kampala_hoima,214,107.0,107.25,31.84154843091705,0.8789763053076909,40,96,0,0,0,2,0,0,1,0,0,0,0,0,0,False,58.9,1153.3,0.0,10.8,-2.28,0,0.0,37.6,
kampala_hoima,215,107.5,107.75,31.838165950995577,0.8819475899787392,38,122,0,0,0,0,0,0,2,0,0,0,0,0,0,False,11.5,1141.6,0.0,6.7,-1.42,0,0.0,37.6,
kampala_hoima,216,108.0,108.25,31.834743868622333,0.8848722942051457,64,98,0,0,0,0,0,0,1,0,0,0,0,0,0,False,46.5,1132.0,0.0,14.7,-3.1,0,0.0,37.6,Kirinda
kampala_hoima,217,108.5,108.75,31.830576861805085,0.8859836390024683,7,68,0,0,0,0,0,0,0,0,0,0,0,0,0,False,84.0,1128.3,11.2,0.0,2.36,0,0.0,37.6,Kirinda
kampala_hoima,218,109.0,109.25,31.82618216835599,0.8852526417086842,30,146,0,0,0,2,0,0,1,0,0,0,0,0,0,False,47.4,1145.3,22.0,-0.0,4.63,0,0.0,37.6,Kirinda
kampala_hoima,219,109.5,109.75,31.821814966041785,0.8861947849812277,209,770,0,0,0,3,0,0,1,0,0,0,0,0,0,False,32.0,1168.5,19.0,-0.0,4.0,0,0.0,37.6,Kirinda
kampala_hoima,220,110.0,110.25,31.817485748890153,0.8873263151358906,353,843,0,0,0,3,0,1,2,0,0,0,0,0,0,False,41.2,1176.8,1.4,5.3,-0.82,0,0.0,37.6,Kirinda
kampala_hoima,221,110.5,110.75,31.8131329742524,0.8880706522976207,102,382,0,0,0,0,0,0,2,0,0,0,0,0,0,False,82.4,1169.1,0.0,8.2,-1.73,0,0.0,37.6,Kirinda
kampala_hoima,222,111.0,111.25,31.810162766854294,0.8913650238928772,58,183,0,0,0,0,0,0,0,0,0,0,0,0,0,False,110.2,1161.9,0.8,3.9,-0.64,0,0.0,37.6,Kyetume A
kampala_hoima,223,111.5,111.75,31.809685443178743,0.8957788661625464,116,347,0,0,0,0,0,0,0,0,0,0,0,0,0,False,152.2,1163.3,5.2,-0.0,1.1,0,0.0,37.6,Kyetume A
kampala_hoima,224,112.0,112.25,31.805684435845652,0.897474604107643,177,386,0,0,0,1,0,0,2,0,0,0,0,0,0,False,23.0,1167.1,1.8,8.7,-1.45,0,0.0,37.6,Kyetume A
kampala_hoima,225,112.5,112.75,31.801218408134034,0.8978983281180504,41,149,0,0,0,0,0,0,0,0,0,0,0,0,0,False,47.0,1152.6,0.0,11.5,-2.42,0,0.0,37.6,Kagobe
kampala_hoima,226,113.0,113.25,31.797286092270163,0.8999784589523144,32,78,0,0,0,1,0,0,1,0,0,0,0,0,0,False,131.1,1141.9,0.3,10.6,-2.15,0,0.0,37.6,Kagobe
kampala_hoima,227,113.5,113.75,31.79314308594384,0.8999284613652531,18,100,0,0,0,1,0,0,1,0,0,0,0,0,0,False,113.4,1138.1,2.5,1.7,0.18,0,0.0,37.6,Lwaminyol
kampala_hoima,228,114.0,114.25,31.788911796023076,0.9013452308872187,35,177,0,0,0,0,0,0,1,0,0,0,0,0,0,False,102.2,1142.2,10.0,-0.0,2.1,0,0.0,37.6,Lwaminyol
kampala_hoima,229,114.5,114.75,31.785489721383502,0.9038119143590282,200,558,0,0,0,2,0,0,4,0,0,0,0,0,0,False,158.0,1153.3,9.9,-0.0,2.08,0,0.0,37.6,Kyanga
kampala_hoima,230,115.0,115.25,31.78209035944272,0.9065185537103115,224,934,0,0,0,5,0,0,2,0,0,0,0,0,0,False,33.4,1172.9,25.9,-0.0,5.45,0,0.0,37.6,Luwunga.b
kampala_hoima,231,115.5,115.75,31.778406232727576,0.909091397870305,278,823,0,0,1,4,0,3,3,0,0,0,0,0,0,False,37.3,1192.8,6.4,1.4,1.06,0,0.0,37.6,Hospital
kampala_hoima,232,116.0,116.25,31.77447974855393,0.9112618210692282,215,757,0,0,2,1,0,0,1,0,0,0,0,0,0,False,36.7,1190.8,0.0,4.5,-0.96,0,0.0,37.6,Hospital
kampala_hoima,233,116.5,116.75,31.770430822779865,0.913218670614263,229,1016,0,0,3,6,0,0,2,0,0,0,0,0,0,False,5.1,1185.0,0.0,6.1,-1.29,0,0.0,37.6,Kiboga Town
kampala_hoima,234,117.0,117.25,31.766565484046055,0.9155129451173875,336,1585,0,0,2,6,0,1,2,0,0,0,0,0,0,False,24.7,1171.1,0.0,20.6,-4.34,0,0.0,37.6,Kiboga
kampala_hoima,235,117.5,117.75,31.76291655165146,0.9181348955671954,289,1157,0,0,1,1,0,1,1,0,0,0,0,0,0,False,44.4,1144.0,0.0,24.0,-5.05,0,0.0,37.6,Kabakanjagala
kampala_hoima,236,118.0,118.25,31.759584470596923,0.9211667066050311,101,388,0,0,0,0,0,0,1,0,0,0,0,0,0,False,14.0,1134.1,0.5,0.7,-0.04,0,0.0,37.6,Kabakanjagala
kampala_hoima,237,118.5,118.75,31.757292787015565,0.9248822827026195,123,314,0,0,0,0,0,0,3,0,0,0,0,0,0,False,60.6,1134.3,0.7,1.0,-0.05,0,0.0,37.6,Katuugo
kampala_hoima,238,119.0,119.25,31.75618450059412,0.9292647003749378,123,268,0,0,0,0,0,0,2,0,0,0,0,0,0,False,13.9,1142.2,14.9,-0.0,3.13,0,0.0,37.6,Katuugo
kampala_hoima,239,119.5,119.75,31.754739272655385,0.9335134089996704,93,273,0,0,0,1,0,0,1,0,0,0,0,0,0,False,67.0,1145.0,0.0,11.1,-2.33,0,0.0,37.6,Kalagi A
kampala_hoima,240,120.0,120.25,31.753220008721915,0.9376947704413338,46,261,0,0,0,1,0,1,0,0,0,0,0,0,0,False,58.9,1134.1,4.6,4.8,-0.05,0,0.0,37.6,Kalagi A
kampala_hoima,241,120.5,120.75,31.751308361934747,0.9417864042328145,281,579,0,0,0,1,0,1,1,0,0,0,0,0,0,False,21.4,1145.7,12.4,-0.0,2.61,0,0.0,37.6,Kalagi B
kampala_hoima,242,121.0,121.25,31.749250276268715,0.9458037152611687,129,458,0,0,0,1,0,0,0,0,0,0,0,0,0,False,18.0,1143.1,0.1,14.4,-3.0,0,0.0,35.7,Kalagi B
kampala_hoima,243,121.5,121.75,31.747070442578174,0.9497565558909848,39,75,0,0,0,1,0,0,1,0,0,0,0,0,0,False,12.1,1146.6,16.1,-0.0,3.39,0,0.0,35.7,Masodde
kampala_hoima,244,122.0,122.25,31.74499114353889,0.9537652439002792,127,232,0,0,0,3,0,0,3,0,0,0,0,0,0,False,29.3,1157.4,8.7,0.0,1.83,0,0.0,35.7,Masodde
kampala_hoima,245,122.5,122.75,31.742909527320812,0.9577720330483006,86,211,0,0,0,2,0,0,1,0,0,0,0,0,0,False,9.3,1157.5,1.6,7.1,-1.15,0,0.0,35.7,Masodde
kampala_hoima,246,123.0,123.25,31.74122663000839,0.9619453596962453,30,53,0,0,0,0,0,0,0,0,0,0,0,0,0,False,32.9,1161.2,10.4,-0.0,2.19,0,0.0,35.7,Kikweyengo
kampala_hoima,247,123.5,123.75,31.740369381442065,0.9663844156697348,68,125,0,0,0,0,0,0,0,0,0,0,0,0,0,False,27.1,1176.0,14.8,-0.0,3.11,0,0.0,35.7,Kikweyengo
kampala_hoima,248,124.0,124.25,31.738460701061886,0.9703670502406752,96,174,0,0,0,1,0,0,1,0,0,0,0,0,0,False,37.3,1189.6,9.4,-0.0,1.99,0,0.0,35.7,Kikweyengo
kampala_hoima,249,124.5,124.75,31.73523798672176,0.9735026451115996,67,128,0,0,0,1,0,0,1,0,0,0,0,0,0,False,52.7,1191.9,0.0,3.5,-0.73,0,0.0,35.7,Kikweyengo
kampala_hoima,250,125.0,125.25,31.731196354826515,0.9753031802823791,57,120,0,0,0,1,0,0,0,0,0,0,0,0,0,False,85.1,1186.4,0.0,6.4,-1.36,0,0.0,35.7,Kyakayingo
kampala_hoima,251,125.5,125.75,31.726732473092017,0.9750590488612872,51,83,0,0,0,0,0,0,1,0,0,0,0,0,0,False,50.5,1174.9,0.0,12.3,-2.59,0,0.0,35.7,Kisekende
kampala_hoima,252,126.0,126.25,31.722691015249115,0.9767125853751838,13,44,0,0,0,0,0,0,0,0,0,0,0,0,0,False,66.9,1162.2,3.5,9.6,-1.3,0,0.0,35.7,Kisekende
kampala_hoima,253,126.5,126.75,31.718546692071918,0.9783794378272145,53,85,0,0,0,1,0,0,0,0,0,0,0,0,0,False,40.4,1172.8,12.0,0.5,2.42,0,0.0,35.7,Lwansama
kampala_hoima,254,127.0,127.25,31.714860106094353,0.9809363728223119,56,117,0,0,0,1,0,0,1,0,0,0,0,0,0,False,33.6,1171.1,1.1,6.5,-1.15,0,0.0,35.7,Lwansama
kampala_hoima,255,127.5,127.75,31.711640561195008,0.9840658148707147,81,131,0,0,0,0,0,0,0,0,0,0,0,0,0,False,26.8,1171.0,2.0,6.7,-0.98,0,0.0,35.7,Lwansama
kampala_hoima,256,128.0,128.25,31.70802609100442,0.9867472171881335,23,85,0,0,0,0,0,0,0,0,0,0,0,0,0,False,23.8,1157.1,0.0,15.0,-3.16,0,0.0,35.7,Lwampalala
kampala_hoima,257,128.5,128.75,31.704453145564834,0.9894454169087233,8,20,0,0,0,0,0,0,0,0,0,0,0,0,0,False,87.1,1150.2,2.5,0.8,0.34,0,0.0,35.7,Lwampalala
kampala_hoima,258,129.0,129.25,31.70279896969701,0.9936449685127815,10,19,0,0,0,0,0,0,0,0,0,0,0,0,0,False,10.7,1146.7,0.0,13.5,-2.83,0,0.0,35.7,Kikolimbo
kampala_hoima,259,129.5,129.75,31.700836275992238,0.9977125379343893,34,53,0,0,0,1,0,0,2,0,0,0,0,0,0,False,7.0,1140.1,6.4,0.6,1.2,0,0.0,35.7,Kikolimbo
kampala_hoima,260,130.0,130.25,31.698812852848988,1.001747621592145,27,53,0,0,0,1,0,0,0,0,0,0,0,0,0,False,19.5,1137.5,0.7,8.7,-1.69,0,0.0,32.3,Kikolimbo
kampala_hoima,261,130.5,130.75,31.696908305862774,1.0058414267010607,17,53,0,0,0,0,0,0,0,0,0,0,0,0,0,False,13.7,1140.9,9.3,-0.0,1.95,0,0.0,32.3,Kiyombya A
kampala_hoima,262,131.0,131.25,31.69464731850177,1.0097480295482668,67,91,0,0,0,1,0,0,1,0,0,0,0,0,0,False,16.9,1144.1,0.5,4.7,-0.89,0,0.0,32.3,Kiyombya A
kampala_hoima,263,131.5,131.75,31.692047046067824,1.0134304444663487,29,84,0,0,0,1,0,0,0,0,0,0,0,0,0,False,6.8,1131.7,0.0,17.9,-3.77,0,0.0,32.3,Kiyombya A
kampala_hoima,264,132.0,132.25,31.68947116484831,1.0171310858100069,14,41,0,0,0,0,0,0,0,0,0,0,0,0,0,False,35.5,1116.6,0.1,7.8,-1.62,0,0.0,32.3,Watuba
kampala_hoima,265,132.5,132.75,31.68652231342184,1.0205417870767266,33,64,0,0,0,0,0,0,0,0,0,0,0,0,0,False,8.7,1117.9,8.2,-0.0,1.73,0,0.0,32.3,Watuba
kampala_hoima,266,133.0,133.25,31.683705281141552,1.0240637784665854,66,144,0,0,0,1,0,0,0,0,0,0,0,0,0,False,0.6,1124.9,3.8,-0.0,0.8,0,0.0,32.3,Wattuba East
kampala_hoima,267,133.5,133.75,31.68092587194777,1.0276170021485398,193,346,0,0,0,2,0,0,2,0,0,0,0,0,0,False,1.3,1126.8,0.4,0.2,0.04,0,0.0,32.3,Wattuba East
kampala_hoima,268,134.0,134.25,31.678142130425886,1.0311667250495657,188,326,0,0,0,1,0,0,0,0,0,0,0,0,0,False,2.9,1126.0,0.0,1.7,-0.35,0,0.0,32.3,Mutuba
kampala_hoima,269,134.5,134.75,31.675434699657217,1.0347754215484901,48,89,0,0,0,0,0,0,0,0,0,0,0,0,0,False,1.5,1120.4,0.0,9.7,-2.04,0,0.0,32.3,Kyakayamba
kampala_hoima,270,135.0,135.25,31.672794420517857,1.0384344917594355,7,32,0,0,0,0,0,0,0,0,0,0,0,0,0,False,0.0,1108.7,0.8,7.9,-1.5,0,0.0,32.3,Kyakayamba
kampala_hoima,271,135.5,135.75,31.67016229664358,1.0420995751902884,14,21,0,0,0,0,0,0,0,0,0,0,0,0,0,False,1.5,1111.8,5.7,3.5,0.47,0,0.0,32.3,Kyakayamba
kampala_hoima,272,136.0,136.25,31.667558697588486,1.045785117266023,4,25,0,0,0,0,0,0,0,0,0,0,0,0,0,False,0.0,1105.4,0.2,4.8,-0.97,0,0.0,32.3,Kyakayamba
kampala_hoima,273,136.5,136.75,31.664971045076125,1.0494821318480332,10,30,0,0,0,0,0,0,0,0,0,0,0,0,0,False,7.3,1110.5,11.4,-0.0,2.4,0,0.0,32.3,Bekiina
kampala_hoima,274,137.0,137.25,31.662503627170324,1.0532594199503005,10,31,0,0,0,0,0,0,2,0,0,0,0,0,0,False,13.7,1120.9,8.3,-0.0,1.74,0,0.0,32.3,Bekiina
kampala_hoima,275,137.5,137.75,31.660092134770537,1.0570751964859935,14,17,0,0,0,0,0,0,0,0,0,0,0,0,0,False,1.7,1126.8,2.6,3.5,-0.19,0,0.0,32.3,Bekiina
kampala_hoima,276,138.0,138.25,31.65764575600768,1.060868287126286,0,71,0,0,0,0,0,0,0,0,0,0,0,0,0,False,0.0,1118.3,0.0,9.2,-1.94,0,0.0,32.3,Mukyenda
kampala_hoima,277,138.5,138.75,31.65516103804779,1.064636011439533,197,513,0,0,0,1,0,0,1,0,0,0,0,0,0,False,8.0,1114.7,0.6,0.3,0.07,0,0.0,32.3,Mukyenda
kampala_hoima,278,139.0,139.25,31.652481507957276,1.0682656225844938,319,660,0,0,0,1,0,2,0,0,0,0,0,0,0,False,5.0,1114.0,0.3,0.8,-0.11,0,0.0,32.3,Mukyenda
kampala_hoima,279,139.5,139.75,31.64984746164901,1.0719289518753723,116,284,0,0,0,0,0,0,2,0,0,0,0,0,0,False,9.0,1115.0,1.6,0.0,0.33,0,0.0,32.3,Mukyenda
kampala_hoima,280,140.0,140.25,31.64694564810567,1.0753800490340264,60,130,0,0,0,0,0,0,0,0,0,0,0,0,0,False,21.1,1113.2,0.0,6.4,-1.35,0,0.0,32.3,Kikoma A
kampala_hoima,281,140.5,140.75,31.64354684957041,1.0783368544996152,6,52,0,0,0,0,0,0,1,0,0,0,0,0,0,False,1.5,1106.5,0.0,3.5,-0.74,0,0.0,32.3,Kikoma A
kampala_hoima,282,141.0,141.25,31.640118390493594,1.081259354653462,6,30,0,0,0,0,0,0,0,0,0,0,0,0,0,False,11.7,1107.0,5.7,-0.0,1.19,0,0.0,32.3,Kikoma A
kampala_hoima,283,141.5,141.75,31.636861018434114,1.0843471933714266,14,70,0,0,0,1,0,0,2,0,0,0,0,0,0,False,45.7,1113.7,3.3,-0.0,0.69,0,0.0,32.3,Kyanawaalu
kampala_hoima,284,142.0,142.25,31.634241030869624,1.0880140973844084,94,164,0,0,0,2,0,0,1,0,0,0,0,0,0,False,38.6,1113.2,0.0,3.9,-0.81,0,0.0,32.3,Kyanawaalu
kampala_hoima,285,142.5,142.75,31.630996187467648,1.0911365945275595,47,147,0,0,0,2,0,0,0,0,0,0,0,0,0,False,11.1,1106.9,0.0,7.9,-1.67,0,0.0,32.3,Kyanawaalu
kampala_hoima,286,143.0,143.25,31.627630045566207,1.0941311595405987,3,16,0,0,0,0,0,0,0,0,0,0,0,0,0,False,11.0,1100.7,2.9,2.8,0.01,0,0.0,32.3,Kyanawaalu
kampala_hoima,287,143.5,143.75,31.624475390623942,1.0973462281377822,0,2,0,0,0,0,0,0,0,0,0,0,0,0,0,False,22.7,1106.0,4.1,0.9,0.67,0,0.0,32.3,Kyanawaalu
kampala_hoima,288,144.0,144.25,31.621281819823437,1.10052633493831,1,2,0,0,0,0,0,0,0,0,0,0,0,0,0,False,5.7,1101.5,0.0,8.3,-1.74,0,0.0,32.3,Kamirambazzi
kampala_hoima,289,144.5,144.75,31.61814418260326,1.1037630976291144,7,62,0,0,0,0,0,0,0,0,0,0,0,0,0,False,4.0,1097.6,3.3,0.6,0.56,0,0.0,32.3,Kamirambazzi
kampala_hoima,290,145.0,145.25,31.615065506130822,1.1070545216231464,51,99,0,0,0,0,0,0,1,0,0,0,0,0,0,False,23.9,1101.9,1.9,1.5,0.09,0,0.0,32.3,Kamirambazzi
kampala_hoima,291,145.5,145.75,31.61194762585756,1.110308563520913,65,114,0,0,0,1,0,0,1,0,0,0,0,0,0,False,30.1,1105.9,12.2,-0.0,2.58,0,0.0,32.3,Kamirambazzi
kampala_hoima,292,146.0,146.25,31.608565029628057,1.113278940979135,69,113,0,0,0,1,0,0,1,0,0,0,0,0,0,False,6.2,1115.1,2.5,3.6,-0.23,0,0.0,32.3,Kamirambazzi
kampala_hoima,293,146.5,146.75,31.60525367959866,1.1163330788574253,30,61,0,0,0,1,0,0,0,0,0,0,0,0,0,False,9.5,1102.6,0.2,15.1,-3.15,0,0.0,32.3,Bukwiri Trading Centre
kampala_hoima,294,147.0,147.25,31.602002905909334,1.1194547099230228,34,87,0,0,0,0,0,0,2,0,0,0,0,0,0,False,1.4,1106.3,16.6,-0.0,3.49,0,0.0,32.3,Bukwiri Trading Centre
kampala_hoima,295,147.5,147.75,31.598746473156943,1.1225701282199765,91,408,0,0,1,2,0,0,2,0,0,0,0,0,0,False,6.1,1111.7,0.2,8.5,-1.74,0,0.0,32.3,Bukwiri Trading Centre
kampala_hoima,296,148.0,148.25,31.595537682505554,1.1257345659602631,238,391,0,0,1,3,0,2,1,0,0,0,0,0,0,False,14.1,1096.6,0.0,11.7,-2.47,0,0.0,32.3,Bukwiri
kampala_hoima,297,148.5,148.75,31.59230663713345,1.1288767956390795,6,117,0,0,0,1,0,0,1,0,0,0,0,0,0,False,7.3,1093.4,2.2,0.2,0.42,0,0.0,32.3,Bukwiri
kampala_hoima,298,149.0,149.25,31.58915773959669,1.1320974959294905,11,18,0,0,1,1,0,0,0,0,0,0,0,0,0,False,25.5,1102.5,14.9,-0.0,3.14,0,0.0,32.3,Kayunga
kampala_hoima,299,149.5,149.75,31.586571819983,1.1357897119879576,15,35,0,0,0,1,0,0,1,0,0,0,0,0,0,False,12.6,1112.4,2.7,5.0,-0.47,0,0.0,32.3,Kayunga
kampala_hoima,300,150.0,150.25,31.584358663618854,1.1397246968934138,21,32,0,0,0,0,0,0,1,0,0,0,0,0,0,False,9.5,1098.6,0.0,16.3,-3.43,0,0.0,32.3,Kayunga
kampala_hoima,301,150.5,150.75,31.582148379091663,1.1436605756736475,0,22,0,0,0,0,0,0,1,0,0,0,0,0,0,False,7.1,1094.2,9.0,-0.0,1.89,0,0.0,32.3,Lwebisiriza
kampala_hoima,302,151.0,151.25,31.579901215581735,1.1475764675987103,15,34,0,0,0,0,0,0,0,0,0,0,0,0,0,False,3.1,1109.3,11.9,-0.0,2.5,0,0.0,32.3,Lwebisiriza
kampala_hoima,303,151.5,151.75,31.577556069283307,1.1514330124305339,68,129,0,0,0,1,0,0,3,0,0,0,0,0,0,False,24.9,1114.1,0.5,2.0,-0.32,0,0.0,32.3,Lwebisiriza
kampala_hoima,304,152.0,152.25,31.575574162494398,1.1554826475492126,63,130,0,0,0,1,0,0,1,0,0,0,0,0,0,False,0.6,1106.5,0.0,10.5,-2.21,0,0.0,32.3,Lwebisiriza
kampala_hoima,305,152.5,152.75,31.57374378784441,1.1596124737744673,10,50,0,0,0,0,0,0,0,0,0,0,0,0,0,False,6.9,1094.7,0.0,9.7,-2.04,0,0.0,32.3,Katanabirwa
kampala_hoima,306,153.0,153.25,31.572001473565898,1.16377977763258,245,548,0,0,1,1,0,1,3,0,0,0,0,0,0,False,9.2,1095.5,9.0,-0.0,1.9,0,0.0,32.3,Katanabirwa
kampala_hoima,307,153.5,153.75,31.570053579148343,1.1678476716124386,233,645,0,0,0,2,0,0,6,0,0,0,0,0,0,False,5.4,1097.4,0.5,5.7,-1.08,0,0.0,32.3,Katanabirwa
kampala_hoima,308,154.0,154.25,31.56803850090022,1.1718892103821192,89,189,0,0,0,1,0,0,3,0,0,0,0,0,0,False,21.0,1103.1,13.7,-0.0,2.88,0,0.0,32.3,Katanabirwa
kampala_hoima,309,154.5,154.75,31.56667662488421,1.176184573332919,61,107,0,0,0,0,0,0,1,0,0,0,0,0,0,False,12.7,1107.5,0.8,9.8,-1.9,0,0.0,32.3,Katanabirwa
kampala_hoima,310,155.0,155.25,31.565677558421832,1.180593362391355,0,37,0,0,0,0,0,0,0,0,0,0,0,0,0,False,1.1,1095.1,4.6,7.0,-0.51,0,0.0,32.3,Nkulubanyi
kampala_hoima,311,155.5,155.75,31.564635408168435,1.1849921473065859,6,32,0,0,0,0,0,0,0,0,0,0,0,0,0,False,9.4,1106.7,14.8,-0.0,3.12,0,0.0,32.3,Nkulubanyi
kampala_hoima,312,156.0,156.25,31.563687047383752,1.1894121799413577,38,66,0,0,0,0,0,0,0,0,0,0,0,0,0,False,1.5,1112.4,0.5,7.3,-1.42,0,0.0,32.3,Nkulubanyi
kampala_hoima,313,156.5,156.75,31.56278202447611,1.1938416909089498,21,42,0,0,0,0,0,0,0,0,0,0,0,0,0,False,3.0,1097.0,0.0,16.3,-3.43,0,0.0,32.3,Nkulubanyi
kampala_hoima,314,157.0,157.25,31.561850415630065,1.198264608904217,0,0,0,0,0,0,0,0,0,0,0,0,0,0,0,False,25.7,1093.4,11.5,0.0,2.43,0,0.0,32.3,Nkulubanyi
kampala_hoima,315,157.5,157.75,31.561731796726203,1.2027831078937763,1,6,0,0,0,0,0,0,0,0,0,0,0,0,0,False,27.3,1107.8,9.8,-0.0,2.06,0,0.0,32.3,Kalagi
kampala_hoima,316,158.0,158.25,31.56078883506381,1.2071783301155457,31,39,0,0,0,0,0,0,0,0,0,0,0,0,0,False,35.4,1111.0,0.7,2.2,-0.33,0,0.0,32.3,Kalagi
kampala_hoima,317,158.5,158.75,31.55853680164093,1.2110804221432563,23,40,0,0,0,0,0,0,0,0,0,0,0,0,0,False,16.3,1115.5,8.7,-0.0,1.83,0,0.0,32.3,Kalagi
kampala_hoima,318,159.0,159.25,31.555786362661195,1.2146532582127827,1,7,0,0,0,0,0,0,0,0,0,0,0,0,0,False,2.9,1119.2,0.7,4.7,-0.85,0,0.0,32.3,Kalagi
kampala_hoima,319,159.5,159.75,31.55290691160866,1.2181244708256294,20,72,0,0,0,0,0,0,2,0,0,0,0,0,0,False,4.6,1108.2,2.6,10.8,-1.74,0,0.0,32.3,Mumasole
kampala_hoima,320,160.0,160.25,31.550020646702585,1.2215892675445468,152,183,0,0,0,0,0,0,3,0,0,0,0,0,0,False,25.8,1113.2,7.6,1.0,1.38,0,0.0,32.3,Karagi
kampala_hoima,321,160.5,160.75,31.54725935262475,1.2251546716673787,41,154,0,0,0,0,0,0,3,0,0,0,0,0,0,False,6.4,1114.2,1.7,0.2,0.31,0,0.0,32.3,Karagi
kampala_hoima,322,161.0,161.25,31.544353330821004,1.2285996461927196,0,10,0,0,0,0,0,0,0,0,0,0,0,0,0,False,12.6,1117.3,2.2,2.8,-0.13,0,0.0,32.3,Karagi
kampala_hoima,323,161.5,161.75,31.54111606081908,1.2317352369450718,4,29,0,0,0,0,0,0,0,0,0,0,0,0,0,False,5.4,1108.1,2.5,9.6,-1.49,0,0.0,32.3,Kyabadeba
kampala_hoima,324,162.0,162.25,31.537797812064007,1.2347839293160188,73,177,0,0,0,0,0,0,0,0,0,0,0,0,0,False,0.3,1115.6,12.6,-0.0,2.65,0,0.0,32.3,Kyakabuga
kampala_hoima,325,162.5,162.75,31.534474573158178,1.2378263810273324,122,208,0,0,0,1,0,1,1,0,0,0,0,0,0,False,13.3,1123.5,2.6,0.7,0.41,0,0.0,32.3,Kyakabuga
kampala_hoima,326,163.0,163.25,31.53115264127893,1.2408697904036563,37,96,0,0,0,1,0,0,0,0,0,0,0,0,0,False,17.2,1116.8,0.0,16.5,-3.47,0,0.0,32.3,Kyakabuga
kampala_hoima,327,163.5,163.75,31.527781221902575,1.2438585751849187,85,201,0,0,0,0,0,0,0,0,0,0,0,0,0,False,4.1,1109.1,15.1,1.7,2.82,0,0.0,32.3,Munsambya
kampala_hoima,328,164.0,164.25,31.524335805559137,1.246759563136907,171,247,0,0,0,1,0,0,2,0,0,0,0,0,0,False,17.0,1119.1,2.2,7.8,-1.18,0,0.0,32.3,Munsambya
kampala_hoima,329,164.5,164.75,31.52087600578491,1.2496404333182396,31,136,0,0,0,1,0,0,0,0,0,0,0,0,0,False,51.8,1118.2,20.7,1.5,4.05,0,0.0,32.3,Kawungeera
kampala_hoima,330,165.0,165.25,31.51810666966913,1.253156745587104,39,75,0,0,0,0,0,0,1,0,0,0,0,0,0,False,78.5,1140.6,11.1,-0.0,2.35,0,0.0,36.8,Kawungeera
kampala_hoima,331,165.5,165.75,31.51400327532999,1.2549668286241429,22,60,0,0,0,0,0,0,0,0,0,0,0,0,0,False,47.0,1141.4,0.0,4.9,-1.04,0,0.0,36.8,Kawungeera
kampala_hoima,332,166.0,166.25,31.51036619362592,1.2575931733194166,8,18,0,0,0,0,0,0,0,0,0,0,0,0,0,False,6.1,1131.6,0.0,18.3,-3.85,0,0.0,36.8,Nsambya
kampala_hoima,333,166.5,166.75,31.506901464725136,1.260472155961743,14,26,0,0,0,0,0,0,0,0,0,0,0,0,0,False,0.4,1109.7,0.1,14.2,-2.97,0,0.0,36.8,Nsambya
kampala_hoima,334,167.0,167.25,31.50344593110453,1.2633619052383072,28,69,0,0,0,0,0,0,1,0,0,0,0,0,0,False,14.8,1110.6,8.9,-0.0,1.88,0,0.0,36.8,Nsambya
kampala_hoima,335,167.5,167.75,31.499744509146367,1.265914361559139,34,116,0,0,0,0,0,0,0,0,0,0,0,0,0,False,7.9,1111.8,0.0,4.8,-1.01,0,0.0,34.4,Kilimanjaro
kampala_hoima,336,168.0,168.25,31.495906581284242,1.2682651039339907,81,114,0,0,0,0,0,0,2,0,0,0,0,0,0,False,20.4,1105.5,0.0,9.4,-1.97,0,0.0,34.4,Kilimanjaro
kampala_hoima,337,168.5,168.75,31.492091003260196,1.2706497710382443,22,90,0,0,0,0,0,0,0,0,0,0,0,0,0,False,8.8,1092.8,5.5,8.1,-0.53,0,0.0,34.4,Kilimanjaro
kampala_hoima,338,169.0,169.25,31.488261317704055,1.273014174315436,57,118,0,0,0,0,0,0,1,0,0,0,0,0,0,False,1.7,1101.4,5.1,0.0,1.07,0,0.0,34.4,Kikonda A
kampala_hoima,339,169.5,169.75,31.484442029926036,1.2753954768765077,108,560,0,0,0,2,0,0,0,0,0,0,0,0,0,False,14.1,1098.7,0.0,7.9,-1.65,0,0.0,34.4,Kikonda A
kampala_hoima,340,170.0,170.25,31.480883512816316,1.2781379196276283,322,646,0,0,1,2,0,1,1,0,0,0,0,0,0,False,17.7,1087.5,0.0,12.0,-2.53,0,0.0,34.4,Kikonda
kampala_hoima,341,170.5,170.75,31.477721446993726,1.281349303022427,97,315,0,0,0,0,0,0,0,0,0,0,0,0,0,False,33.7,1076.6,1.1,6.4,-1.11,0,0.0,34.4,Kikonda B
kampala_hoima,342,171.0,171.25,31.474120323421804,1.2840099557257305,66,139,0,0,0,0,0,0,0,0,0,0,0,0,0,False,58.5,1075.5,0.3,2.2,-0.41,0,0.0,34.4,Kikonda B
kampala_hoima,343,171.5,171.75,31.46988145657363,1.2854836495467596,40,84,0,0,0,0,0,0,0,0,0,0,0,0,0,False,60.8,1073.5,0.2,0.6,-0.08,0,0.0,34.4,Kalongo
kampala_hoima,344,172.0,172.25,31.46656732681394,1.288407636482748,31,61,0,0,0,0,0,0,0,0,0,0,0,0,0,False,46.8,1073.2,0.3,2.5,-0.47,0,0.0,34.4,Kalongo
kampala_hoima,345,172.5,172.75,31.464707348171252,1.2924951777457543,7,42,0,0,0,0,0,0,0,0,0,0,0,0,0,False,34.3,1067.5,0.0,5.0,-1.06,0,0.0,34.4,Kalongo
kampala_hoima,346,173.0,173.25,31.46396513537799,1.2969485749028393,21,34,0,0,0,0,0,0,0,0,0,0,0,0,0,False,42.5,1065.4,0.0,0.9,-0.18,0,0.0,34.4,Kalongo
kampala_hoima,347,173.5,173.75,31.464151623187576,1.3014557372207858,22,23,0,0,0,0,0,0,1,0,0,0,0,0,0,False,87.6,1064.0,0.0,1.5,-0.31,0,0.0,34.4,Kalongo
kampala_hoima,348,174.0,174.25,31.46178520581775,1.3050035277778602,0,0,0,0,0,0,0,0,0,0,0,0,0,0,0,False,45.6,1062.5,0.6,1.1,-0.11,1,0.9,34.4,Kasambya I
kampala_hoima,349,174.5,174.75,31.458347783838942,1.3079107327532649,2,13,0,0,0,0,0,0,0,0,0,0,0,0,0,False,18.1,1065.0,4.6,-0.0,0.96,0,0.01,34.4,Kasambya I
kampala_hoima,350,175.0,175.25,31.45478889234257,1.3106598892762755,33,77,0,0,0,0,0,0,0,0,0,0,0,0,0,False,27.8,1071.8,8.8,-0.0,1.86,0,0.0,34.4,Kategeira
kampala_hoima,351,175.5,175.75,31.451146690862917,1.313305264597521,40,125,0,0,0,0,0,1,0,0,0,0,0,0,0,False,41.0,1078.7,8.2,-0.0,1.74,0,0.0,34.4,Kategeira
kampala_hoima,352,176.0,176.25,31.446963111231184,1.3149188337713933,114,172,1,0,0,2,0,0,1,0,0,0,0,0,0,False,40.9,1093.7,14.8,-0.0,3.11,0,0.0,34.4,Kategeira
kampala_hoima,353,176.5,176.75,31.442729268037866,1.3163705635579348,70,176,1,0,0,2,0,0,0,0,0,0,0,0,0,False,40.6,1105.4,6.6,-0.0,1.4,0,0.0,34.4,Katereiga I
kampala_hoima,354,177.0,177.25,31.439079977387216,1.3189430924555232,32,77,0,0,0,1,0,0,0,0,0,0,0,0,0,False,6.4,1105.4,0.4,9.1,-1.83,0,0.0,34.4,Katereiga I
kampala_hoima,355,177.5,177.75,31.435683136733203,1.3219002422713946,16,43,0,0,0,0,0,0,1,0,0,0,0,0,0,False,7.3,1098.2,10.7,2.6,1.69,0,0.0,34.4,Kihuura I
kampala_hoima,356,178.0,178.25,31.43236035460544,1.324941249584468,27,67,0,0,0,0,0,0,0,0,0,0,0,0,0,False,2.9,1111.8,12.5,-0.0,2.63,0,0.0,34.4,Kihuura Ii
kampala_hoima,357,178.5,178.75,31.42908204277949,1.328030862650181,32,86,0,0,0,0,0,0,1,0,0,0,0,0,0,False,24.1,1125.9,12.8,-0.0,2.7,0,0.0,34.4,Kihuura Ii
kampala_hoima,358,179.0,179.25,31.425834313054505,1.3311551656759322,26,99,0,0,1,1,0,0,0,0,0,0,0,0,0,False,5.1,1138.3,10.8,-0.0,2.26,0,0.0,34.4,Butema
kampala_hoima,359,179.5,179.75,31.42269449366336,1.3343883886705235,151,243,1,0,1,1,0,2,0,0,0,0,0,0,0,False,4.1,1147.9,8.0,-0.0,1.69,0,0.0,34.4,Butema
kampala_hoima,360,180.0,180.25,31.41963840456074,1.3377002347738922,80,245,1,1,0,1,0,0,3,0,0,0,0,0,0,False,17.8,1153.3,2.6,0.7,0.39,0,0.0,34.4,Butema
kampala_hoima,361,180.5,180.75,31.41666644242101,1.3410876846286373,22,60,0,0,0,1,0,0,0,0,0,0,0,0,0,False,46.1,1149.5,0.0,12.0,-2.53,0,0.0,34.4,Kihenda
kampala_hoima,362,181.0,181.25,31.415080852756418,1.345196953640768,14,62,0,0,0,0,0,0,0,0,0,0,0,0,0,False,173.3,1133.7,0.0,19.2,-4.04,0,0.0,34.4,Kinogozi
kampala_hoima,363,181.5,181.75,31.41132842986204,1.3474245531219697,40,65,0,0,0,0,0,1,1,0,0,0,0,0,0,False,121.6,1110.5,0.0,17.4,-3.66,0,0.0,34.4,Kinogozi
kampala_hoima,364,182.0,182.25,31.407637360650597,1.3498643373926775,1,34,0,0,0,0,0,0,1,0,0,0,0,0,0,False,101.0,1101.1,8.3,2.8,1.15,0,0.0,34.4,Kacungiro (kinogozi)
kampala_hoima,365,182.5,182.75,31.405219073658433,1.3535874623334547,12,43,0,0,0,1,0,0,0,0,0,0,0,0,0,False,17.9,1111.3,5.2,0.1,1.07,0,0.0,34.4,Kinogozi East
kampala_hoima,366,183.0,183.25,31.403648517506248,1.3578170156672769,36,67,0,0,0,1,0,0,1,0,0,0,0,0,0,False,16.0,1111.8,0.1,1.9,-0.37,0,0.0,34.4,Kinogozi East
kampala_hoima,367,183.5,183.75,31.40265783261661,1.362223715037886,34,60,0,0,0,1,0,0,1,0,0,0,0,0,0,False,57.9,1107.6,3.5,4.4,-0.19,1,0.0,34.4,Kinogozi East
kampala_hoima,368,184.0,184.25,31.400509667788945,1.3661435994250504,19,50,0,0,0,0,0,1,0,0,0,0,0,0,0,False,4.8,1112.1,3.0,0.0,0.63,0,0.0,34.4,Kidaiko
kampala_hoima,369,184.5,184.75,31.397928107685324,1.369844070248117,6,47,0,0,0,0,0,0,1,0,0,0,0,0,0,False,8.0,1115.9,8.5,-0.0,1.78,0,0.0,34.4,Kidaiko
kampala_hoima,370,185.0,185.25,31.39557358853452,1.373693912579963,22,58,0,0,0,0,0,0,0,0,0,0,0,0,0,False,3.1,1128.5,14.5,-0.0,3.04,0,0.0,34.4,Kyentale
kampala_hoima,371,185.5,185.75,31.393368336069763,1.377633447439227,40,81,1,0,0,0,0,1,0,0,0,0,0,0,0,False,11.2,1139.3,4.0,1.9,0.45,0,0.0,34.4,Kyentale
kampala_hoima,372,186.0,186.25,31.390932824078483,1.3814277832431816,39,85,0,0,0,0,0,0,2,0,0,0,0,0,0,False,4.5,1129.6,2.7,13.7,-2.32,0,0.0,34.4,Kyentale
kampala_hoima,373,186.5,186.75,31.388339108286758,1.3851196510752761,51,110,0,0,1,0,0,0,2,0,0,0,0,0,0,False,10.7,1137.6,13.5,-0.0,2.85,0,0.0,34.4,Kihemba
kampala_hoima,374,187.0,187.25,31.385815542507725,1.3888599948489544,66,128,1,0,1,1,0,0,3,0,0,0,0,0,0,False,3.1,1152.5,16.4,-0.0,3.46,0,0.0,34.4,Kihemba
kampala_hoima,375,187.5,187.75,31.383336969391642,1.3926311144017718,28,81,1,0,0,1,0,0,2,0,0,0,0,0,0,False,4.2,1166.7,15.3,-0.0,3.22,0,0.0,34.4,Kihemba
kampala_hoima,376,188.0,188.25,31.38089621414176,1.3964274491713902,38,81,0,0,0,0,0,0,0,0,0,0,0,0,0,False,4.6,1182.9,13.9,-0.0,2.94,0,0.0,34.4,Butanjwa
kampala_hoima,377,188.5,188.75,31.378406414854755,1.4001899479781748,56,174,0,0,0,0,0,0,1,0,0,0,0,0,0,False,55.6,1190.7,2.5,7.9,-1.13,0,0.0,34.4,Butanjwa
kampala_hoima,378,189.0,189.25,31.37744859778249,1.4045603100025115,63,205,0,0,0,0,0,0,1,0,0,0,0,0,0,False,62.1,1176.6,0.0,18.2,-3.82,0,0.0,34.4,Butanjwa
kampala_hoima,379,189.5,189.75,31.37518526949618,1.408379751839113,59,255,0,0,2,0,0,0,3,0,0,0,0,0,0,False,126.6,1156.1,3.4,11.2,-1.64,0,0.0,34.4,Bwikya Cell
kampala_hoima,380,190.0,190.25,31.374871844520886,1.4126893145038844,134,342,1,0,2,3,0,0,8,0,0,0,0,0,0,False,81.7,1163.8,9.4,-0.0,1.99,0,0.0,34.4,Bwikya Cell
kampala_hoima,381,190.5,190.75,31.374868064838235,1.417190945322333,92,458,1,0,0,5,0,0,7,0,0,0,0,0,0,False,135.8,1170.2,4.5,3.1,0.29,0,0.0,34.4,Bwikya Cell
kampala_hoima,382,191.0,191.25,31.373051863120022,1.4209022803609372,238,969,37,0,0,5,0,4,3,1,0,0,0,0,0,False,225.0,1163.2,0.0,13.8,-2.91,0,0.0,34.4,Kinubi Cell
kampala_hoima,383,191.5,191.75,31.368827638313686,1.42154494700814,320,914,51,0,1,5,0,0,3,1,0,0,0,0,0,False,72.9,1147.8,0.0,16.4,-3.46,0,0.0,34.4,Kinubi Cell
kampala_hoima,384,192.0,192.25,31.364366185037248,1.4217197538651773,96,567,11,0,3,8,0,0,3,0,0,0,0,0,0,False,126.0,1132.0,3.9,6.4,-0.52,0,0.0,34.4,Kinubi Cell
kampala_hoima,385,192.5,192.75,31.36131193033985,1.4247001503022048,66,638,2,0,4,7,0,0,3,0,0,0,0,0,0,False,60.6,1147.7,21.4,-0.0,4.51,0,0.0,34.4,Kijungu Cell
kampala_hoima,386,193.0,193.25,31.35811122186272,1.4278501072349639,79,789,5,0,5,8,0,2,3,1,0,0,0,0,0,False,213.6,1151.4,0.0,9.0,-1.9,0,0.0,34.4,Market Cell
kampala_hoima,387,193.5,193.75,31.35497050586262,1.4288239010447923,132,827,14,1,5,5,0,0,4,0,0,0,0,1,0,False,202.8,1147.0,0.1,4.9,-1.02,0,0.0,34.4,Hospital Cell
kampala_hoima,388,194.0,194.12838337547012,31.35267169644693,1.4313422148090096,189,939,20,1,5,8,0,2,2,0,0,0,0,0,0,False,42.3,1138.6,0.0,5.8,-2.31,0,0.0,34.4,Hoima
