{
"type": "FeatureCollection",
"name": "rail_alignments",
"crs": { "type": "name", "properties": { "name": "urn:ogc:def:crs:OGC:1.3:CRS84" } },
"features": [
{ "type": "Feature", "properties": { "line": "Eastern", "corridor": "kampala_malaba" }, "geometry": { "type": "LineString", "coordinates": [ [ 32.582482394630198, 0.314430046486663 ], [ 32.584729055389296, 0.314430136693029 ], [ 32.586975716791237, 0.314430226412719 ], [ 32.589222290119295, 0.316692084859618 ], [ 32.589222200770187, 0.318953854063566 ], [ 32.589222110785187, 0.321215623257508 ], [ 32.591468774928295, 0.321215713919001 ], [ 32.59371552870455, 0.318954033616102 ], [ 32.595962193616856, 0.31895412265185 ], [ 32.598208859154617, 0.318954211193917 ], [ 32.600455525314352, 0.318954299242302 ], [ 32.602702192092572, 0.318954386797006 ], [ 32.604948859485809, 0.318954473858026 ], [ 32.607195612930532, 0.316692786212356 ], [ 32.609442281054719, 0.31669287167563 ], [ 32.611689033645028, 0.314431181208524 ], [ 32.613935785268474, 0.312169489034617 ], [ 32.616182535932012, 0.309907795164486 ], [ 32.618429285642591, 0.307646099608701 ], [ 32.620676034407168, 0.305384402377839 ], [ 32.622922782232685, 0.303122703482472 ], [ 32.625169451657023, 0.303122781999217 ], [ 32.627416198666374, 0.300861080398367 ], [ 32.629662868783392, 0.300861157397877 ], [ 32.631909614980046, 0.29859945311962 ], [ 32.634156360258508, 0.296337747222583 ], [ 32.636403104625742, 0.29407603971734 ], [ 32.638649848088676, 0.291814330614463 ], [ 32.640896519214841, 0.291814403040098 ], [ 32.643143190896879, 0.29181447501405 ], [ 32.645389863131335, 0.291814546536319 ], [ 32.647636535914728, 0.291814617606905 ], [ 32.649883209243569, 0.291814688225807 ], [ 32.652129883114391, 0.291814758393024 ], [ 32.654376557523719, 0.291814828108556 ], [ 32.656623232468057, 0.291814897372402 ], [ 32.658869975807981, 0.289553178704124 ], [ 32.661116583947901, 0.291815034545035 ], [ 32.663363192985159, 0.29407689098132 ], [ 32.66560987048522, 0.294076958961271 ], [ 32.667856548502918, 0.294077026486032 ], [ 32.67010322703478, 0.294077093555604 ], [ 32.672349906077315, 0.294077160169986 ], [ 32.67459658562705, 0.294077226329176 ], [ 32.676843265680503, 0.294077292033176 ], [ 32.679089946234207, 0.294077357281983 ], [ 32.681336627284686, 0.294077422075598 ], [ 32.683583308828453, 0.294077486414021 ], [ 32.685829990862025, 0.29407755029725 ], [ 32.688076673381936, 0.294077613725285 ], [ 32.690323293818984, 0.296339471259571 ], [ 32.69256991516729, 0.298601329291057 ], [ 32.694816537433823, 0.300863187809167 ], [ 32.697063223236405, 0.300863250837938 ], [ 32.699309909507939, 0.30086331340101 ], [ 32.701556596244949, 0.300863375498382 ], [ 32.703803283443946, 0.300863437130054 ], [ 32.706049971101457, 0.300863498296025 ], [ 32.708296659214007, 0.300863558996294 ], [ 32.71054334777812, 0.300863619230862 ], [ 32.71279003679031, 0.300863678999728 ], [ 32.715036667350851, 0.303125537932956 ], [ 32.717283298843526, 0.305387397275643 ], [ 32.719529931275297, 0.307649257017213 ], [ 32.72177662344847, 0.307649316229248 ], [ 32.724023257731758, 0.309911176314748 ], [ 32.726269892968048, 0.312173036770981 ], [ 32.72851652916431, 0.314434897587373 ], [ 32.730763166327499, 0.316696758753351 ], [ 32.733009862539291, 0.316696817255634 ], [ 32.735256559164391, 0.316696875267702 ], [ 32.737503199101951, 0.318958736617405 ], [ 32.739749840020345, 0.32122059828154 ], [ 32.741996481926535, 0.323482460249533 ], [ 32.74424318164656, 0.323482517501693 ], [ 32.746489825442538, 0.325744379659066 ], [ 32.748736470240217, 0.328006242092147 ], [ 32.748736413641439, 0.330268047870918 ], [ 32.750983059568377, 0.332529910948601 ], [ 32.753229762868543, 0.332529967743133 ], [ 32.753229706517885, 0.334791774277271 ], [ 32.753229649785233, 0.337053580800921 ], [ 32.753229592670564, 0.339315387314014 ], [ 32.75322953517388, 0.341577193816477 ], [ 32.753229477295193, 0.343839000308241 ], [ 32.75322941903449, 0.346100806789235 ], [ 32.753229360391778, 0.348362613259387 ], [ 32.75322930136705, 0.350624419718626 ], [ 32.755475950384955, 0.352886285892013 ], [ 32.75322930136705, 0.350624419718626 ], [ 32.755476067738186, 0.348362672218888 ], [ 32.757722833038045, 0.346100923406875 ], [ 32.759969540604146, 0.346100980912094 ], [ 32.762216248541826, 0.346101037881579 ], [ 32.764463012456211, 0.343839285955278 ], [ 32.766709720596189, 0.343839341487984 ], [ 32.768956374549539, 0.346101205575622 ], [ 32.771203083938744, 0.346101260402165 ], [ 32.773449793682147, 0.34610131469297 ], [ 32.775696503776253, 0.346101368448039 ], [ 32.777943214217586, 0.346101421667371 ], [ 32.780189925002681, 0.346101474350964 ], [ 32.782436584426016, 0.348363337672463 ], [ 32.784683244920629, 0.350625201121911 ], [ 32.786929906493484, 0.352887064688733 ], [ 32.789176620230947, 0.35288711622026 ], [ 32.791423334294791, 0.352887167205544 ], [ 32.793670048681513, 0.352887217644584 ], [ 32.795916713941224, 0.355149080649358 ], [ 32.798163380293097, 0.35741094372935 ], [ 32.80041004774408, 0.359672806873985 ], [ 32.802656765031017, 0.359672856055915 ], [ 32.804903434448335, 0.361934719003658 ], [ 32.80715015289757, 0.361934767374377 ], [ 32.809396824284704, 0.364196630097147 ], [ 32.811643543885801, 0.364196677642647 ], [ 32.813890217246232, 0.366458540112363 ], [ 32.816136891733606, 0.368720402583416 ], [ 32.816136845193824, 0.370982218336648 ], [ 32.818383521102625, 0.37324408107163 ], [ 32.820630198159229, 0.375505943783229 ], [ 32.8228768763706, 0.37776780646087 ], [ 32.825123555743694, 0.380029669093978 ], [ 32.827370236285468, 0.38229153167198 ], [ 32.829616918002877, 0.384553394184301 ], [ 32.831863600902878, 0.386815256620365 ], [ 32.834110284992427, 0.389077118969599 ], [ 32.83635697027848, 0.391338981221428 ], [ 32.838603656768001, 0.393600843365277 ], [ 32.840850344467931, 0.395862705390571 ], [ 32.843097076015546, 0.395862748491254 ], [ 32.845343807806046, 0.39586279097916 ], [ 32.847590581009463, 0.393601013564378 ], [ 32.847590621947006, 0.391339194262144 ], [ 32.847590662648621, 0.389077374947658 ], [ 32.847590703114278, 0.386815555620992 ], [ 32.849837472609899, 0.384553776365742 ], [ 32.85208424092292, 0.382291996035154 ], [ 32.854331008060299, 0.380030214639803 ], [ 32.856577774028999, 0.377768432190263 ], [ 32.858824538835961, 0.375506648697109 ], [ 32.861071266892019, 0.375506684931248 ], [ 32.863318030183628, 0.373244899609031 ], [ 32.865564758090706, 0.37324493446938 ], [ 32.867811519870436, 0.37098314734618 ], [ 32.870058280509305, 0.368721359225096 ], [ 32.872305007889423, 0.368721391950644 ], [ 32.874551735467229, 0.368721424105427 ], [ 32.876798463239233, 0.368721455689446 ], [ 32.879045221631152, 0.366459664287512 ], [ 32.881291949215914, 0.366459694543255 ], [ 32.88353864768569, 0.368721547016914 ], [ 32.885785347289385, 0.370983399271254 ], [ 32.888032104890577, 0.368721605048066 ], [ 32.890278833754763, 0.368721633207494 ], [ 32.892525562788805, 0.368721660796155 ], [ 32.89477229198922, 0.36872168781405 ], [ 32.897019047259988, 0.366459890450057 ], [ 32.899265776217511, 0.366459916167684 ], [ 32.901512505330977, 0.366459941318044 ], [ 32.903759234596912, 0.366459965901139 ], [ 32.906005940365262, 0.368721814342025 ], [ 32.908252647267531, 0.370983662493564 ], [ 32.910499355310677, 0.373245510345182 ], [ 32.912746064501647, 0.375507357886305 ], [ 32.914992774847406, 0.377769205106358 ], [ 32.917239507815971, 0.377769226939481 ], [ 32.919486240912661, 0.377769248187831 ], [ 32.921732974133995, 0.377769268851407 ], [ 32.923979707476484, 0.377769288930209 ], [ 32.926226459953078, 0.37550748286924 ], [ 32.928473192948339, 0.375507501665275 ], [ 32.930719926054316, 0.375507519880037 ], [ 32.932966659267549, 0.375507537513526 ], [ 32.935213409184144, 0.373245728567125 ], [ 32.937460142025785, 0.373245744938853 ], [ 32.939706890319187, 0.370983934527585 ], [ 32.941953622778804, 0.370983949651559 ], [ 32.941953607996055, 0.373245775948994 ], [ 32.944200326820749, 0.375507616961868 ], [ 32.946447046800245, 0.377769457555634 ], [ 32.948693767941478, 0.380031297719716 ], [ 32.95094050304926, 0.380031310859426 ], [ 32.95318725037226, 0.377769496740147 ], [ 32.955433996533507, 0.375507681878362 ], [ 32.957680741539974, 0.373245866284646 ], [ 32.959927485398602, 0.370984049969574 ], [ 32.962174228116346, 0.36872223294372 ], [ 32.964420969700178, 0.366460415217659 ], [ 32.966667710157033, 0.364198596801966 ], [ 32.96891444949388, 0.361936777707216 ], [ 32.971161187717669, 0.359674957943984 ], [ 32.971161194794234, 0.357413130697828 ], [ 32.973407931319457, 0.35515131022231 ], [ 32.975654666752483, 0.352889489103031 ], [ 32.977901401100283, 0.350627667350567 ], [ 32.980148134369806, 0.348365844975491 ], [ 32.982394866568015, 0.346104021988378 ], [ 32.984641597701859, 0.343842198399804 ], [ 32.986888327778296, 0.341580374220343 ], [ 32.989135056804287, 0.33931854946057 ], [ 32.991381784786775, 0.337056724131059 ], [ 32.99362851173273, 0.334794898242386 ], [ 32.995875236707192, 0.334794899452969 ], [ 32.998121961688035, 0.334794900145301 ], [ 33.000368686671791, 0.334794900319382 ], [ 33.002615411654972, 0.334794899975212 ], [ 33.004862135523815, 0.332533071467243 ], [ 33.007108861605715, 0.334794897732116 ], [ 33.009355586566315, 0.334794895833191 ], [ 33.011602311512441, 0.334794893416015 ], [ 33.013849039624539, 0.337056718057338 ], [ 33.016095765047787, 0.337056714580325 ], [ 33.018342486229116, 0.334794883054978 ], [ 33.020589215816059, 0.337056706061043 ], [ 33.022835946439528, 0.339318528470634 ], [ 33.025082672262251, 0.339318522869273 ], [ 33.027329404413884, 0.341580344105722 ], [ 33.029576130678947, 0.341580337409513 ], [ 33.031822856898231, 0.341580330184548 ], [ 33.034069591059186, 0.343842149639675 ], [ 33.036316317703424, 0.343842141302355 ], [ 33.038563053396011, 0.346103959517674 ], [ 33.040809790152956, 0.348365777066208 ], [ 33.043056527981214, 0.350627593937385 ], [ 33.045303255981466, 0.350627583264491 ], [ 33.047549983911587, 0.350627572048836 ], [ 33.049796711768096, 0.350627560290422 ], [ 33.052043439547525, 0.350627547989249 ], [ 33.054290167246371, 0.350627535145316 ], [ 33.056536894861189, 0.350627521758623 ], [ 33.058783608327943, 0.348365681448689 ], [ 33.061030335226832, 0.348365667069838 ], [ 33.06327706203124, 0.348365652151728 ], [ 33.065523788737693, 0.348365636694361 ], [ 33.067770499237504, 0.346103794700796 ], [ 33.070017208672965, 0.343841952371871 ], [ 33.072263917051011, 0.34158010971816 ], [ 33.074510624378611, 0.339318266750237 ], [ 33.076757348428316, 0.339318249068058 ], [ 33.079004072359183, 0.339318230860627 ], [ 33.081250796167751, 0.339318212127944 ], [ 33.083497519850539, 0.339318192870009 ], [ 33.085744243404072, 0.339318173086824 ], [ 33.087990966824862, 0.339318152778387 ], [ 33.09023769010944, 0.339318131944699 ], [ 33.092484413254319, 0.339318110585761 ], [ 33.094731136256037, 0.339318088701572 ], [ 33.096977859111099, 0.339318066292132 ], [ 33.099224581816038, 0.339318043357442 ], [ 33.101471304367372, 0.339318019897502 ], [ 33.103718026761619, 0.339317995912312 ], [ 33.105964748995305, 0.339317971401873 ], [ 33.108211471064955, 0.339317946366183 ], [ 33.110458192967087, 0.339317920805245 ], [ 33.112704940958359, 0.341579717935745 ], [ 33.114951690000055, 0.343841514175523 ], [ 33.117198440099152, 0.346103309514005 ], [ 33.119445162877312, 0.346103281298892 ], [ 33.121691885470568, 0.346103252548026 ], [ 33.12393863732855, 0.348365045523842 ], [ 33.126185390257838, 0.350626837563207 ], [ 33.128432144265389, 0.352888628655546 ], [ 33.128432175382798, 0.355150450491756 ], [ 33.128432206699031, 0.357412272316848 ], [ 33.128432238214074, 0.359674094130752 ], [ 33.128432269927956, 0.361935915933397 ], [ 33.128432301840647, 0.364197737724711 ], [ 33.128432333952162, 0.366459559504625 ], [ 33.128432366262501, 0.368721381273067 ], [ 33.128432398771658, 0.370983203029967 ], [ 33.128432431479645, 0.373245024775254 ], [ 33.128432464386449, 0.375506846508856 ], [ 33.128432497492078, 0.377768668230704 ], [ 33.12843253079653, 0.380030489940726 ], [ 33.128432564299807, 0.382292311638852 ], [ 33.128432598001908, 0.38455413332501 ], [ 33.13067936386426, 0.386815920471052 ], [ 33.130679398560524, 0.389077741931162 ], [ 33.132926166414734, 0.391339527841434 ], [ 33.132926202119087, 0.393601349071711 ], [ 33.132926238029214, 0.395863170289667 ], [ 33.135173008715839, 0.398124954725083 ], [ 33.135173045651442, 0.400386775709279 ], [ 33.137419818389048, 0.402648558869701 ], [ 33.139666592364918, 0.404910340965923 ], [ 33.141913367585985, 0.40717212198737 ], [ 33.144160144059214, 0.409433901923466 ], [ 33.14640688065316, 0.409433860939864 ], [ 33.148653617020464, 0.409433819322476 ], [ 33.150900310990238, 0.407171957698039 ], [ 33.153147046265978, 0.407171915049998 ], [ 33.155393738122171, 0.404910052862994 ], [ 33.15764047229591, 0.404910009198305 ], [ 33.159887250656759, 0.407171783324177 ], [ 33.162134030269762, 0.40943355630868 ], [ 33.159887340261605, 0.411695420120548 ], [ 33.162134121635717, 0.413957192577502 ], [ 33.162134167695193, 0.416219010692508 ], [ 33.164380951235067, 0.418480781722919 ], [ 33.16438099844175, 0.42074259955737 ], [ 33.164381045902914, 0.423004417378647 ], [ 33.166627832539533, 0.425266186693558 ], [ 33.168874620483955, 0.427527954817512 ], [ 33.171121409743137, 0.429789721739937 ], [ 33.173368149194552, 0.429789670735084 ], [ 33.175614888377581, 0.429789619064938 ], [ 33.177861679743408, 0.432051382897311 ], [ 33.180108419041808, 0.432051329617648 ], [ 33.182355212123554, 0.43431309126211 ], [ 33.184601896798654, 0.432051221051945 ], [ 33.186848635250136, 0.432051165765905 ], [ 33.189095373412357, 0.432051109811074 ], [ 33.191342111281827, 0.432051053187451 ], [ 33.193588906247619, 0.434312810023266 ], [ 33.195835586128659, 0.432050937933835 ], [ 33.19808226468102, 0.429789065772469 ], [ 33.200329059762772, 0.432050820005059 ], [ 33.202575796116378, 0.432050760037487 ], [ 33.200329119153523, 0.434312633212458 ], [ 33.202575856173191, 0.434312572930941 ], [ 33.202575916543609, 0.436574385810794 ], [ 33.204822715276279, 0.438836137088275 ], [ 33.207069515358477, 0.441097887034326 ], [ 33.209316253445955, 0.441097823762592 ], [ 33.211562991209391, 0.441097759808066 ], [ 33.213809728645302, 0.441097695170748 ], [ 33.216056465750206, 0.441097629850639 ], [ 33.218303268591754, 0.443359374390707 ], [ 33.22055007279674, 0.445621117550186 ], [ 33.220550140230706, 0.447882927723356 ], [ 33.220550208006117, 0.450144737882499 ], [ 33.220550276122971, 0.452406548027543 ], [ 33.222797084804327, 0.454668288717191 ], [ 33.222797154304907, 0.456930098488369 ], [ 33.222797224150405, 0.459191908245237 ], [ 33.222797294340815, 0.461453717987723 ], [ 33.222797364876151, 0.463715527715757 ], [ 33.225044036331944, 0.461453646795817 ], [ 33.22729077797468, 0.46145357488961 ], [ 33.229537519265527, 0.461453502269104 ], [ 33.2317841871794, 0.459191620608663 ], [ 33.234030927048273, 0.459191546922526 ], [ 33.23627766655482, 0.459191472525592 ], [ 33.238524405695593, 0.459191397417862 ], [ 33.240771220319914, 0.461453128452103 ], [ 33.24301803636331, 0.463714858007153 ], [ 33.245264853832737, 0.465976586072438 ], [ 33.247511593609396, 0.46597650696961 ], [ 33.249758333002866, 0.465976427145485 ], [ 33.252005152571904, 0.468238151489386 ], [ 33.254251973580871, 0.470499874308368 ], [ 33.256498713243879, 0.470499791524399 ], [ 33.258745536027838, 0.472761511678111 ], [ 33.258745619946453, 0.475023315329278 ], [ 33.25874570426565, 0.477285118965565 ], [ 33.258745788985415, 0.4795469225869 ], [ 33.258745874105763, 0.481808726193212 ], [ 33.260992702895294, 0.484070443113974 ], [ 33.263239358753786, 0.481808552916462 ], [ 33.265486188216876, 0.484070267525151 ], [ 33.267732930262888, 0.484070178606787 ], [ 33.269979671894404, 0.484070088939122 ], [ 33.27222650350577, 0.486331799615792 ], [ 33.274473336612708, 0.488593508675943 ], [ 33.276720171222173, 0.490855216109003 ], [ 33.27896700734113, 0.493116921904394 ], [ 33.281213844976527, 0.495378626051543 ], [ 33.283460684135321, 0.497640328539875 ], [ 33.285707427296479, 0.497640230966137 ], [ 33.287954072166201, 0.495378334660824 ], [ 33.290200813675803, 0.495378235996983 ], [ 33.292447554736121, 0.495378136566341 ], [ 33.294694395483106, 0.497639832968166 ], [ 33.296941237760436, 0.499901527665589 ], [ 33.299188081575068, 0.502163220648036 ], [ 33.301434823104238, 0.502163116746181 ], [ 33.30368146003331, 0.499901217364049 ], [ 33.305928199855281, 0.499901112382606 ], [ 33.308174834006529, 0.497639212862243 ], [ 33.310421466627446, 0.495377313516513 ], [ 33.312668203487782, 0.495377207184709 ], [ 33.31491493986406, 0.495377100086113 ], [ 33.3171616757528, 0.495376992220726 ], [ 33.319408411150526, 0.495376883588549 ], [ 33.321655037251183, 0.493114983337926 ], [ 33.323901880459033, 0.495376664023828 ], [ 33.323901990523012, 0.497638454356939 ], [ 33.323902101088429, 0.499900244674452 ], [ 33.326148948359823, 0.502161922524193 ], [ 33.328395797175446, 0.50442359856436 ], [ 33.33064264754227, 0.50668527278438 ], [ 33.332889499467228, 0.508946945173677 ], [ 33.335136235963162, 0.508946828050839 ], [ 33.337383089718656, 0.511208497287021 ], [ 33.339629945046212, 0.51347016466433 ], [ 33.341876801952765, 0.515731830172192 ], [ 33.344123660445277, 0.517993493800031 ], [ 33.346370520530698, 0.520255155537274 ], [ 33.348617257817594, 0.520255030980036 ], [ 33.350863994564769, 0.520254905617507 ], [ 33.353110730768755, 0.520254779449689 ], [ 33.355357466426064, 0.520254652476583 ], [ 33.357604201533221, 0.520254524698189 ], [ 33.359850936086758, 0.520254396114509 ], [ 33.36209779929159, 0.522516047796115 ], [ 33.364344664103243, 0.524777697523966 ], [ 33.364344795241443, 0.527039477995656 ], [ 33.366591663043025, 0.529301125173105 ], [ 33.368838398574781, 0.529300991076103 ], [ 33.371085133535516, 0.529300856159815 ], [ 33.373332003450386, 0.531562498563618 ], [ 33.375578874999889, 0.533824138964366 ], [ 33.377825748190965, 0.536085777351484 ], [ 33.380072623030578, 0.538347413714399 ], [ 33.382319499525678, 0.540609048042536 ], [ 33.384566377683221, 0.542870680325319 ], [ 33.384566520861974, 0.545132455410838 ], [ 33.384566664636097, 0.547394230479259 ], [ 33.386813547337098, 0.549655859469732 ], [ 33.386813693148852, 0.551917633902687 ], [ 33.386813839559466, 0.554179408318331 ], [ 33.389060726852627, 0.556441033991342 ], [ 33.389060875318265, 0.558702807767591 ], [ 33.391307765785683, 0.560964430723647 ], [ 33.393554657978129, 0.563226051574189 ], [ 33.395801551902579, 0.565487670308641 ], [ 33.398048447565969, 0.56774928691643 ], [ 33.400295344975262, 0.57001090138698 ], [ 33.400295501445818, 0.572272671981682 ], [ 33.402542402109354, 0.574534283660896 ], [ 33.404789304539655, 0.576795893178151 ], [ 33.407036047748093, 0.576795731869459 ], [ 33.409282790326365, 0.576795569667978 ], [ 33.411529532270976, 0.576795406573707 ], [ 33.413776273578456, 0.57679524258665 ], [ 33.416023014245326, 0.576795077706806 ], [ 33.418269754268096, 0.576794911934178 ], [ 33.420516493643312, 0.576794745268766 ], [ 33.422763399583211, 0.579056341837926 ], [ 33.425010307303765, 0.581317936174968 ], [ 33.427257216811924, 0.583579528269317 ], [ 33.429504128114658, 0.5858411181104 ], [ 33.431750867775065, 0.585840944296738 ], [ 33.433997606767036, 0.585840769576297 ], [ 33.436244520335904, 0.588102353987298 ], [ 33.438491435713246, 0.590363936109881 ], [ 33.440738352906003, 0.592625515933472 ], [ 33.442985271921131, 0.594887093447496 ], [ 33.445232192765587, 0.597148668641379 ], [ 33.447478932221088, 0.597148485002299 ], [ 33.449725670983788, 0.597148300438945 ], [ 33.451972409050221, 0.597148114951316 ], [ 33.454219146416904, 0.597147928539415 ], [ 33.456465883080348, 0.597147741203243 ], [ 33.458712619037094, 0.597147552942802 ], [ 33.460959354283645, 0.597147363758091 ], [ 33.463205899869337, 0.594885422095343 ], [ 33.465452822632287, 0.597146982615872 ], [ 33.465453013216496, 0.59940873342729 ], [ 33.467699939459671, 0.601670290808167 ], [ 33.469946867552999, 0.603931845781171 ], [ 33.469947062159676, 0.606193595078201 ], [ 33.469947257493942, 0.608455344356199 ], [ 33.472193797503451, 0.606193398335729 ], [ 33.474440335648886, 0.603931452829687 ], [ 33.476686871937211, 0.601669507848648 ], [ 33.47893340637539, 0.599407563403186 ], [ 33.478933210272011, 0.597145817006931 ], [ 33.481179742692106, 0.594883873836982 ], [ 33.483426273282923, 0.592621931227327 ], [ 33.485672802051425, 0.59035998918854 ], [ 33.487919329004569, 0.588098047731194 ], [ 33.490165854149311, 0.585836106865864 ], [ 33.492412574540978, 0.585835908569639 ], [ 33.494659294170305, 0.585835709366672 ], [ 33.496906013033808, 0.585835509256966 ], [ 33.499152731128, 0.585835308240522 ], [ 33.501399649869953, 0.588096845167987 ], [ 33.503646570420287, 0.590358379604005 ], [ 33.505893287994063, 0.590358174294114 ], [ 33.508140004784629, 0.590357968070489 ], [ 33.510386720788496, 0.590357760933132 ], [ 33.512633436002176, 0.590357552882045 ], [ 33.514880150422215, 0.590357343917229 ], [ 33.517126655506836, 0.588095400761874 ], [ 33.519373367423206, 0.588095190777232 ], [ 33.521620078535491, 0.588094979882367 ], [ 33.523867000096232, 0.590356498920711 ], [ 33.526113710495821, 0.590356285387275 ], [ 33.528360420080887, 0.590356070940121 ], [ 33.530607128847947, 0.590355855579249 ], [ 33.532853836793542, 0.590355639304662 ], [ 33.535100543914169, 0.590355422116361 ], [ 33.537347250206359, 0.590355204014347 ], [ 33.539593955666646, 0.590354984998623 ], [ 33.541840660291541, 0.590354765069189 ], [ 33.544087364077569, 0.590354544226049 ], [ 33.546334067021249, 0.590354322469202 ], [ 33.548580769119106, 0.590354099798652 ], [ 33.550827248240793, 0.58809215541957 ], [ 33.553073725554164, 0.585830211828578 ], [ 33.555320201066195, 0.583568269036248 ], [ 33.557566674783828, 0.581306327053153 ], [ 33.559813368997716, 0.581306103296667 ], [ 33.562060062344919, 0.581305878640491 ], [ 33.564306754821956, 0.581305653084625 ], [ 33.566553446425353, 0.581305426629073 ], [ 33.568799911300069, 0.579043485384592 ], [ 33.571046600253787, 0.579043258017812 ], [ 33.573293288323434, 0.57904302975485 ], [ 33.575539975505542, 0.579042800595709 ], [ 33.577786661796608, 0.57904257054039 ], [ 33.580033347193179, 0.579042339588895 ], [ 33.582280031691766, 0.579042107741226 ], [ 33.584526715288895, 0.579041874997384 ], [ 33.586773397981084, 0.579041641357372 ], [ 33.58902007976485, 0.579041406821191 ], [ 33.591266526780934, 0.576779466520328 ], [ 33.593513205848971, 0.576779231114962 ], [ 33.595759883998163, 0.576778994816933 ], [ 33.59575964928775, 0.574517291780068 ], [ 33.598006561225034, 0.576778757626243 ], [ 33.600253474935769, 0.579040220697817 ], [ 33.602499912897876, 0.576778280566887 ], [ 33.604746587336898, 0.576778040698225 ], [ 33.606993260839687, 0.576777799936909 ], [ 33.609239693382435, 0.57451586087947 ], [ 33.61148636411734, 0.574515619284003 ], [ 33.613733033905582, 0.574515376799389 ], [ 33.61597970274368, 0.574515133425629 ], [ 33.618226614188401, 0.576776582740591 ], [ 33.620473282000752, 0.576776336623392 ], [ 33.62271994885252, 0.576776089613553 ], [ 33.624966861922928, 0.579037532364827 ], [ 33.627213527731548, 0.579037282594058 ], [ 33.629460192569162, 0.579037031927153 ], [ 33.631706856432281, 0.579036780364115 ], [ 33.633953771035337, 0.581298214616846 ], [ 33.636200433830957, 0.581297960271889 ], [ 33.638447095641652, 0.581297705027305 ], [ 33.640693756463946, 0.581297448883094 ], [ 33.642940416294358, 0.58129719183926 ], [ 33.645187332305696, 0.583558615606108 ], [ 33.647433991037296, 0.58355835575587 ], [ 33.649680648766576, 0.583558095002514 ], [ 33.651927305490076, 0.583557833346041 ], [ 33.6541739612043, 0.583557570786454 ], [ 33.656420615905766, 0.583557307323755 ], [ 33.658667269591014, 0.583557042957945 ], [ 33.660913922256555, 0.583556777689026 ], [ 33.663160573898928, 0.583556511517002 ], [ 33.665407224514631, 0.583556244441873 ], [ 33.667653874100203, 0.583555976463642 ], [ 33.669900790714628, 0.585817378002942 ], [ 33.672147439128338, 0.585817107172847 ], [ 33.67439435740566, 0.5880785037435 ], [ 33.676641004637062, 0.588078230047547 ], [ 33.678887650820933, 0.588077955441501 ], [ 33.681134295953804, 0.588077679925366 ], [ 33.683381215603568, 0.590339067556286 ], [ 33.685627859529774, 0.590338789153306 ], [ 33.687874502394543, 0.590338509836742 ], [ 33.690120865905676, 0.58807656875996 ], [ 33.692367227608749, 0.585814628905404 ], [ 33.694613587510702, 0.583552690283648 ], [ 33.696860223388065, 0.583552410565278 ], [ 33.69910685818661, 0.583552129943835 ], [ 33.701353491902857, 0.583551848419321 ], [ 33.703600124533338, 0.583551565991739 ], [ 33.705846756074557, 0.58355128266109 ], [ 33.708093386523053, 0.583550998427378 ], [ 33.7103397327338, 0.581289062209102 ], [ 33.71258636009108, 0.581288777277938 ], [ 33.714832702519672, 0.579026842568227 ], [ 33.71707932677532, 0.579026556953619 ], [ 33.719325665425224, 0.57676462378055 ], [ 33.72157200230189, 0.57450269193858 ], [ 33.723818337412268, 0.57224076143828 ], [ 33.726064670763328, 0.569978832290223 ], [ 33.72831100236202, 0.567716904504979 ], [ 33.730557332215305, 0.56545497809312 ], [ 33.732804227502761, 0.567716333011334 ], [ 33.735050553348721, 0.565454407126229 ], [ 33.73729716221029, 0.565454120330231 ], [ 33.739544056696872, 0.567715469181847 ], [ 33.741790664143132, 0.567715179481622 ], [ 33.744037270441048, 0.567714888902869 ], [ 33.746283875587132, 0.56771459744559 ], [ 33.748530479577923, 0.567714305109788 ], [ 33.750777082409918, 0.567714011895465 ], [ 33.753023684079665, 0.567713717802623 ], [ 33.755270284583688, 0.567713422831265 ], [ 33.75751659018453, 0.565451499790071 ], [ 33.759763187475706, 0.565451204243852 ], [ 33.762009783590713, 0.565450907822623 ], [ 33.76425667487284, 0.567712234160712 ], [ 33.766503567900301, 0.569973557220545 ], [ 33.768750462680039, 0.572234876991551 ], [ 33.770997359219017, 0.574496193463158 ], [ 33.773244257524176, 0.576757506624795 ], [ 33.775491157602467, 0.57901881646589 ], [ 33.777737750664635, 0.579018506658653 ], [ 33.779984652210793, 0.581279811058972 ], [ 33.78223155554398, 0.583541112110609 ], [ 33.784478460671131, 0.58580240980299 ], [ 33.786725051582195, 0.585802092739291 ], [ 33.788971958194573, 0.588063384927692 ], [ 33.791218866614813, 0.590324673728697 ], [ 33.793465776849878, 0.592585959131734 ], [ 33.795712688906704, 0.594847241126232 ], [ 33.797959602792254, 0.597108519701619 ], [ 33.800206518513463, 0.599369794847324 ], [ 33.802453436077293, 0.601631066552777 ], [ 33.804700355490681, 0.603892334807404 ], [ 33.806947276760582, 0.606153599600635 ], [ 33.809194199893945, 0.608414860921899 ], [ 33.811441124897719, 0.610676118760625 ], [ 33.813687711079496, 0.610675776891382 ], [ 33.815934296001608, 0.610675434077191 ], [ 33.818180879660588, 0.610675090318054 ], [ 33.820427805573537, 0.612936338009286 ], [ 33.822674387636219, 0.612935991080084 ], [ 33.824920968425324, 0.612935643202444 ], [ 33.827167547937378, 0.612935294376368 ], [ 33.829414126168913, 0.61293494460186 ], [ 33.831660703116448, 0.612934593878922 ], [ 33.833907278776493, 0.612934242207557 ], [ 33.836154204543398, 0.615195472928939 ], [ 33.838401132201511, 0.617456700073087 ], [ 33.840648061757783, 0.619717923629431 ], [ 33.842894635075154, 0.619717564229342 ], [ 33.845141207087657, 0.61971720387034 ], [ 33.847387777791809, 0.619716842552429 ], [ 33.849634347184136, 0.61971648027561 ], [ 33.851880915261155, 0.619716117039888 ], [ 33.854127482019408, 0.619715752845263 ], [ 33.85637404745539, 0.619715387691741 ], [ 33.858620611565648, 0.619715021579322 ], [ 33.860867174346694, 0.619714654508011 ], [ 33.863113735795054, 0.619714286477809 ], [ 33.865360295907251, 0.61971391748872 ], [ 33.867606854679813, 0.619713547540746 ], [ 33.869853412109251, 0.619713176633891 ], [ 33.872099968192096, 0.619712804768157 ], [ 33.874346522924874, 0.619712431943547 ], [ 33.876593076304104, 0.619712058160063 ], [ 33.878839628326304, 0.61971168341771 ], [ 33.881086178988006, 0.61971130771649 ], [ 33.883332728285737, 0.619710931056405 ], [ 33.885579276216014, 0.619710553437458 ], [ 33.887826200004568, 0.621971727249128 ], [ 33.89007274614373, 0.621971346327293 ], [ 33.892319671424033, 0.624232514039041 ], [ 33.89456621576165, 0.62423212980033 ], [ 33.896812758714425, 0.624231744595773 ], [ 33.899059300278871, 0.624231358425373 ], [ 33.901305840451535, 0.624230971289133 ], [ 33.90355237922892, 0.624230583187056 ], [ 33.905798916607559, 0.624230194119145 ], [ 33.908045452583963, 0.624229804085404 ], [ 33.910291987154665, 0.624229413085834 ], [ 33.91253852031619, 0.62422902112044 ], [ 33.914785052065064, 0.624228628189223 ], [ 33.917031582397797, 0.624228234292188 ], [ 33.919278111310923, 0.624227839429337 ], [ 33.921524638800967, 0.624227443600673 ], [ 33.923771164864448, 0.6242270468062 ], [ 33.92601768949789, 0.624226649045919 ], [ 33.928264212697819, 0.624226250319835 ], [ 33.930510734460753, 0.62422585062795 ], [ 33.932757254783226, 0.624225449970268 ], [ 33.935004173823998, 0.626486570873232 ], [ 33.93725109479049, 0.628747687873219 ], [ 33.939497612696407, 0.628747281393837 ], [ 33.941744129147942, 0.628746873941671 ], [ 33.943990644141614, 0.628746465516724 ], [ 33.946237565571408, 0.631007571277333 ], [ 33.948484488940785, 0.633268673092837 ], [ 33.950731414256701, 0.635529770952665 ], [ 33.952977926298779, 0.635529354187144 ], [ 33.955224436865592, 0.63552893643836 ], [ 33.957470945953695, 0.635528517706317 ], [ 33.959717453559584, 0.635528097991018 ], [ 33.9619639596798, 0.635527677292467 ], [ 33.964210464310867, 0.635527255610667 ], [ 33.966456967449297, 0.63552683294562 ], [ 33.968703469091629, 0.635526409297331 ], [ 33.970949969234368, 0.635525984665802 ], [ 33.973196467874054, 0.635525559051037 ], [ 33.975442965007204, 0.635525132453039 ], [ 33.977689460630344, 0.635524704871811 ], [ 33.979935954739993, 0.635524276307357 ], [ 33.982182447332683, 0.635523846759679 ], [ 33.984428938404925, 0.635523416228782 ], [ 33.986675427953251, 0.635522984714669 ], [ 33.988921915974188, 0.635522552217342 ], [ 33.991168402464254, 0.635522118736805 ], [ 33.993414887419974, 0.635521684273062 ], [ 33.995661370837873, 0.635521248826115 ], [ 33.997907852714476, 0.635520812395969 ], [ 34.000154333046297, 0.635520374982626 ], [ 34.002400811829872, 0.63551993658609 ], [ 34.004647289061722, 0.635519497206365 ], [ 34.006893764738372, 0.635519056843453 ], [ 34.009140238856332, 0.635518615497358 ], [ 34.01138671141215, 0.635518173168084 ], [ 34.013633624047415, 0.637779199146656 ], [ 34.015880094446878, 0.637778753269896 ], [ 34.018126563273754, 0.637778306406467 ], [ 34.020373030524567, 0.637777858556374 ], [ 34.022619943337475, 0.640038872644838 ], [ 34.024866408407583, 0.640038421226293 ], [ 34.027112871891205, 0.640037968817594 ], [ 34.029359333784846, 0.640037515418745 ], [ 34.031605794085046, 0.640037061029751 ], [ 34.033852252788328, 0.640036605650613 ], [ 34.036098709891206, 0.640036149281337 ], [ 34.038345165390211, 0.640035691921924 ], [ 34.040592075889037, 0.642296683618217 ], [ 34.042838988361929, 0.644557671057711 ], [ 34.045085902815842, 0.646818654229836 ], [ 34.047332819257726, 0.649079633124025 ], [ 34.049579270647229, 0.649079164279496 ], [ 34.051825720411983, 0.649078694430856 ], [ 34.054072637594189, 0.651339663750577 ], [ 34.056319556778234, 0.653600628757234 ], [ 34.058566003649737, 0.653600152601045 ], [ 34.060812448882587, 0.653599675433764 ], [ 34.0630588924733, 0.653599197255396 ], [ 34.065305334418404, 0.653598718065942 ], [ 34.067552253060242, 0.655859668079139 ], [ 34.069798692709817, 0.65585918520241 ], [ 34.072045130703358, 0.65585870131111 ], [ 34.074291567037378, 0.65585821640524 ], [ 34.076538001708421, 0.655857730484807 ], [ 34.078784434712993, 0.655857243549812 ], [ 34.08103086604762, 0.65585675560026 ], [ 34.083277295708825, 0.655856266636155 ], [ 34.085523723693143, 0.6558557766575 ], [ 34.087770639081619, 0.658116700745149 ], [ 34.090017556492676, 0.660377620404092 ], [ 34.092264475933256, 0.66263853562376 ], [ 34.094511397410308, 0.664899446393586 ], [ 34.096758320930789, 0.667160352703001 ], [ 34.099005246501626, 0.669421254541438 ], [ 34.101251668759716, 0.669420747176435 ], [ 34.103498089313071, 0.669420238775922 ], [ 34.105744508158246, 0.669419729339904 ], [ 34.107990925291737, 0.669419218868384 ], [ 34.110237340710079, 0.669418707361366 ], [ 34.112484264931744, 0.67167959091774 ], [ 34.114731191217608, 0.673940469947028 ], [ 34.116978119574632, 0.676201344438662 ], [ 34.119224531199123, 0.676200823563407 ], [ 34.12147146094248, 0.678461690715251 ], [ 34.123717870139195, 0.67846116599896 ], [ 34.125964801272339, 0.680722025782963 ], [ 34.128211208030834, 0.680721497211657 ], [ 34.130457613042879, 0.680720967587397 ], [ 34.132704016304992, 0.680720436910187 ], [ 34.134950417813712, 0.680719905180032 ], [ 34.137196817565552, 0.680719372396936 ], [ 34.139443215557044, 0.680718838560903 ], [ 34.141689611784699, 0.680718303671937 ], [ 34.143936006245063, 0.680717767730041 ], [ 34.146182398934641, 0.680717230735221 ], [ 34.148428789849966, 0.680716692687481 ], [ 34.150675178987562, 0.680716153586823 ], [ 34.152921566343956, 0.680715613433254 ], [ 34.155167951915665, 0.680715072226776 ], [ 34.157414875785818, 0.682975890591797 ], [ 34.159661801754773, 0.685236704271985 ], [ 34.159661258825409, 0.682975345474446 ], [ 34.161907640069884, 0.682974799300702 ], [ 34.16415401951577, 0.682974252070568 ], [ 34.166400397159599, 0.682973703784049 ], [ 34.168646772997889, 0.682973154441148 ], [ 34.170893147027172, 0.682972604041871 ], [ 34.173140068480066, 0.685233400479879 ], [ 34.175386992038653, 0.687494192180527 ], [ 34.177633917709883, 0.689754979133249 ], [ 34.179880845500691, 0.692015761327477 ], [ 34.182127775418024, 0.694276538752645 ], [ 34.184374143810452, 0.694275972797436 ], [ 34.186620510369515, 0.69427540576839 ], [ 34.188866875091755, 0.694274837665513 ], [ 34.191113237973681, 0.694274268488807 ], [ 34.193359599011814, 0.694273698238277 ], [ 34.195605958202684, 0.694273126913928 ], [ 34.197852315542818, 0.694272554515764 ], [ 34.200098671028741, 0.69427198104379 ], [ 34.202345024656978, 0.69427140649801 ], [ 34.204591376424048, 0.694270830878428 ], [ 34.206837153851801, 0.692008934190061 ], [ 34.20908350082118, 0.692008358304921 ], [ 34.21132927318947, 0.689746465099942 ], [ 34.209082359356678, 0.687485722012722 ], [ 34.209081791431792, 0.685224403833624 ], [ 34.209081225378476, 0.682963085632622 ], [ 34.209080661196722, 0.68070176740979 ], [ 34.209080098886538, 0.6784404491652 ], [ 34.209079538447916, 0.676179130898923 ], [ 34.211325316584215, 0.673917250739776 ], [ 34.213571092649723, 0.67165537329131 ], [ 34.215816866651394, 0.66939349856409 ], [ 34.215816310618827, 0.667132185878817 ], [ 34.215815756468217, 0.664870873172215 ], [ 34.215815204199565, 0.662609560444355 ], [ 34.218060978730968, 0.660347694073175 ], [ 34.220306751233302, 0.658085830455069 ], [ 34.222552521713524, 0.655823969600604 ], [ 34.22479829017859, 0.653562111520342 ], [ 34.227044056635464, 0.65130025622485 ], [ 34.229289821091086, 0.649038403724691 ], [ 34.231535583552429, 0.646776554030429 ], [ 34.233781344026461, 0.64451470715263 ], [ 34.236027102520119, 0.642252863101857 ], [ 34.238272859040372, 0.639991021888675 ], [ 34.240519155958133, 0.639990475432387 ], [ 34.242765450955773, 0.639989927986315 ], [ 34.245011744029796, 0.639989379550463 ], [ 34.247257489868339, 0.637727544029958 ], [ 34.249503778103254, 0.637726995559508 ], [ 34.251750064404142, 0.637726446102787 ], [ 34.253996348767515, 0.637725895659801 ], [ 34.25624263118992, 0.637725344230553 ], [ 34.258488911667868, 0.637724791815048 ], [ 34.260735190197884, 0.637724238413291 ], [ 34.262980916552799, 0.635462411598071 ], [ 34.265227190198573, 0.635461858193249 ], [ 34.267473461886013, 0.635461303805684 ], [ 34.269719731611616, 0.635460748435381 ], [ 34.271965999371929, 0.635460192082343 ], [ 34.274212820276951, 0.637720897291671 ], [ 34.276459085074194, 0.637720336986262 ], [ 34.278705347895709, 0.637719775694634 ] ] } },
{ "type": "Feature", "properties": { "line": "Southwestern", "corridor": "kampala_katuna" }, "geometry": { "type": "LineString", "coordinates": [ [ 32.581462621071765, 0.314413734224572 ], [ 32.579215961256963, 0.314413643315331 ], [ 32.576969210738973, 0.31667531759009 ], [ 32.574722459247234, 0.318936990046306 ], [ 32.574722366090896, 0.321198755036031 ], [ 32.574722272276219, 0.323460520015677 ], [ 32.574722177803224, 0.325722284985173 ], [ 32.574722082671904, 0.327984049944448 ], [ 32.574721986882267, 0.330245814893431 ], [ 32.576968552921329, 0.332507677002431 ], [ 32.576968456327982, 0.334769442591599 ], [ 32.574721695563348, 0.337031109677919 ], [ 32.572474933762365, 0.339292774906543 ], [ 32.572474834157681, 0.341554539138518 ], [ 32.570228070124728, 0.34381620182017 ], [ 32.567981305034557, 0.346077862619407 ], [ 32.565734538880236, 0.348339521525654 ], [ 32.563487876055909, 0.348339417032607 ], [ 32.561241213907302, 0.348339312000405 ], [ 32.558994552437902, 0.348339206429047 ], [ 32.556747891651177, 0.348339100318535 ], [ 32.554501231550603, 0.34833899366887 ], [ 32.55225457213966, 0.348338886480052 ], [ 32.55000791342183, 0.348338778752082 ], [ 32.547761255400587, 0.348338670484962 ], [ 32.545514598079414, 0.348338561678692 ], [ 32.543267941461778, 0.348338452333272 ], [ 32.541021394614695, 0.346076587919457 ], [ 32.538774739948387, 0.346076478212737 ], [ 32.536528085996054, 0.346076367970372 ], [ 32.534281542705195, 0.343814504813739 ], [ 32.532035000471524, 0.341552642565664 ], [ 32.529788459288071, 0.339290781236718 ], [ 32.527541919147886, 0.337028920837475 ], [ 32.525295380044014, 0.334767061378508 ], [ 32.523048841969498, 0.33250520287039 ], [ 32.523048950135276, 0.330243454100554 ], [ 32.520802412850834, 0.327981597288488 ], [ 32.520802520042501, 0.325719849242982 ], [ 32.518555983523783, 0.323457994144752 ], [ 32.516309447999639, 0.321196140036233 ], [ 32.514062913463114, 0.318934286927997 ], [ 32.514063019153419, 0.316672541098001 ], [ 32.511816485330456, 0.314410689749676 ], [ 32.509569952474251, 0.312148839426351 ], [ 32.507323420577833, 0.309886990138598 ], [ 32.505076889634253, 0.307625141896992 ], [ 32.502830255351313, 0.307625036761114 ], [ 32.500583621837961, 0.307624931149115 ], [ 32.498336989097695, 0.307624825060997 ], [ 32.496090357133966, 0.307624718496759 ], [ 32.493843618996721, 0.309886350368737 ], [ 32.49159698812187, 0.309886242061759 ], [ 32.489350358034002, 0.309886133275163 ], [ 32.487103728736592, 0.30988602400895 ], [ 32.484857100233128, 0.309885914263122 ], [ 32.482610472527085, 0.309885804037678 ], [ 32.480363845621945, 0.309885693332621 ], [ 32.478117219521167, 0.309885582147951 ], [ 32.47587059422824, 0.309885470483668 ], [ 32.47362396974664, 0.309885358339774 ], [ 32.471377346079855, 0.309885245716269 ], [ 32.469130723231338, 0.309885132613155 ], [ 32.466884101204592, 0.309885019030431 ], [ 32.464637480003077, 0.3098849049681 ], [ 32.462390859630275, 0.309884790426162 ], [ 32.460144240089676, 0.309884675404617 ], [ 32.457897621384738, 0.309884559903467 ], [ 32.455651003518938, 0.309884443922713 ], [ 32.45340438649577, 0.309884327462355 ], [ 32.451157770318694, 0.309884210522395 ], [ 32.448911154991201, 0.309884093102833 ], [ 32.446664540516764, 0.30988397520367 ], [ 32.444417926898858, 0.309883856824907 ], [ 32.442171314140964, 0.309883737966545 ], [ 32.43992470224655, 0.309883618628584 ], [ 32.437678091219098, 0.309883498811027 ], [ 32.435431481062096, 0.309883378513874 ], [ 32.43318475113211, 0.312144974067393 ], [ 32.430938020242394, 0.314406567361464 ], [ 32.428691288385984, 0.316668158385514 ], [ 32.426444555555932, 0.31892974712897 ], [ 32.426444429923343, 0.321191460753988 ], [ 32.424197694729351, 0.323453046300656 ], [ 32.421951086947104, 0.323452917731813 ], [ 32.419704480059636, 0.323452788662379 ], [ 32.417458002572893, 0.321190949080527 ], [ 32.415211526073698, 0.318929110807031 ], [ 32.412965050555087, 0.316667273852463 ], [ 32.410718448757628, 0.316667145530243 ], [ 32.408471847872335, 0.316667016717936 ], [ 32.406225376125313, 0.314405181956245 ], [ 32.403978905344957, 0.312143348548627 ], [ 32.401732435524309, 0.309881516505656 ], [ 32.399485839767237, 0.309881388535091 ], [ 32.397239372303545, 0.307619558325283 ], [ 32.397239498734329, 0.305357856555942 ], [ 32.394993031751092, 0.303096028670342 ], [ 32.392746565699731, 0.300834202191677 ], [ 32.390500100573298, 0.298572377130517 ], [ 32.388253511837156, 0.298572251519687 ], [ 32.388253636364844, 0.296310553497437 ], [ 32.386007049032884, 0.296310428379557 ], [ 32.383760587139619, 0.294048606685078 ], [ 32.383760710674039, 0.291786910557797 ], [ 32.38376083325457, 0.289525214421334 ], [ 32.381514371247761, 0.287263396088831 ], [ 32.379267910124149, 0.285001579230264 ], [ 32.377021449876779, 0.282739763856205 ], [ 32.374774748537654, 0.285001334575112 ], [ 32.372528169194347, 0.285001211585937 ], [ 32.370281713159478, 0.28273939781675 ], [ 32.368035136198557, 0.282739274928469 ], [ 32.365788437005925, 0.285000839972022 ], [ 32.363541985214844, 0.282739027839218 ], [ 32.361295534293042, 0.2804772172435 ], [ 32.359049084233568, 0.278215408195439 ], [ 32.356802635029446, 0.275953600705608 ], [ 32.354556186673733, 0.273691794784578 ], [ 32.352309618344073, 0.273691672863472 ], [ 32.350063051016953, 0.273691550518811 ], [ 32.347816484695876, 0.273691427750594 ], [ 32.345569919384296, 0.273691304558823 ], [ 32.343323355085701, 0.2736911809435 ], [ 32.341076791803566, 0.273691056904624 ], [ 32.338830105188634, 0.275952608735484 ], [ 32.336583543527389, 0.275952482817482 ], [ 32.33433685666504, 0.278214030689476 ], [ 32.332090296635123, 0.278213902878351 ], [ 32.329843737639045, 0.278213774636679 ], [ 32.327597307186096, 0.275951974874992 ], [ 32.325350877581528, 0.273690176773116 ], [ 32.325351003424707, 0.271428506715856 ], [ 32.325351128223616, 0.269166836650045 ], [ 32.325351251978248, 0.266905166575753 ], [ 32.32310482131836, 0.264643373277892 ], [ 32.323104943389524, 0.262381704239878 ], [ 32.323105064412943, 0.260120035193596 ], [ 32.323105184388616, 0.257858366139119 ], [ 32.323105303316545, 0.255596697076517 ], [ 32.323105421196736, 0.253335028005862 ], [ 32.323105538029182, 0.251073358927226 ], [ 32.323105653813883, 0.248811689840679 ], [ 32.323105768550846, 0.246550020746293 ], [ 32.323105882240078, 0.244288351644138 ], [ 32.320859446453269, 0.242026569474802 ], [ 32.320859558417318, 0.239764901413845 ], [ 32.320859669330154, 0.237503233345334 ], [ 32.320859779191785, 0.235241565269339 ], [ 32.318613342085449, 0.232979787991984 ], [ 32.316366905695382, 0.230718012470284 ], [ 32.314120362247884, 0.230717903622272 ], [ 32.314120470014622, 0.22845623871481 ], [ 32.314120576719723, 0.226194573800149 ], [ 32.314120682363175, 0.22393290887836 ], [ 32.314120786944997, 0.221671243949514 ], [ 32.314120890465183, 0.219409579013682 ], [ 32.311874349809123, 0.21940947516122 ], [ 32.309627810218174, 0.21940937096922 ], [ 32.307381271695817, 0.219409266437682 ], [ 32.305134838046193, 0.217147500926928 ], [ 32.302888405064152, 0.214885737238828 ], [ 32.300641870435989, 0.214885633864714 ], [ 32.298395336890337, 0.214885530158066 ], [ 32.296148907394517, 0.212623769824652 ], [ 32.293902376352847, 0.212623666551453 ], [ 32.291655846404097, 0.212623562949222 ], [ 32.289409317551751, 0.212623459017959 ], [ 32.287162789799275, 0.212623354757665 ], [ 32.284916158543439, 0.214884900934995 ], [ 32.282669632672579, 0.214884794900627 ], [ 32.280423107912029, 0.214884688533731 ], [ 32.27817658426526, 0.214884581834308 ], [ 32.275930167656725, 0.212622828520765 ], [ 32.275930272456975, 0.210361182232466 ], [ 32.275930376136486, 0.208099535937533 ], [ 32.275930478695258, 0.205837889636037 ], [ 32.275930580133299, 0.203576243328049 ], [ 32.275930680450614, 0.201314597013641 ], [ 32.27593077964719, 0.199052950692885 ], [ 32.275930877723042, 0.19679130436585 ], [ 32.275930974678161, 0.194529658032609 ], [ 32.278177589912858, 0.192268107460049 ], [ 32.278177684332725, 0.190006459988097 ], [ 32.280424297568779, 0.187744905733417 ], [ 32.282670910227651, 0.185483348939764 ], [ 32.284917522316313, 0.183221789617709 ], [ 32.287164133841699, 0.180960227777823 ], [ 32.28716422156964, 0.178698575805582 ], [ 32.287164308194242, 0.176436923827705 ], [ 32.287164393715507, 0.174175271844266 ], [ 32.287164478133427, 0.171913619855335 ], [ 32.287164561448002, 0.169651967860984 ], [ 32.287164643659239, 0.167390315861283 ], [ 32.287164724767145, 0.165128663856305 ], [ 32.287164804771706, 0.16286701184612 ], [ 32.287164883672936, 0.1606053598308 ], [ 32.287164961470822, 0.158343707810416 ], [ 32.284918518600584, 0.156081979008508 ], [ 32.282672076210169, 0.153820252188664 ], [ 32.282672151167461, 0.151558602382033 ], [ 32.280425708370856, 0.149296878669551 ], [ 32.280425781335325, 0.14703522997294 ], [ 32.280425853186024, 0.144773581271692 ], [ 32.278179409065942, 0.142511861802797 ], [ 32.275932965383973, 0.14025014435839 ], [ 32.273686522133161, 0.137988428949041 ], [ 32.271440079306551, 0.135726715585321 ], [ 32.271440146415998, 0.133465071374983 ], [ 32.271440212397792, 0.131203427160435 ], [ 32.271440277251905, 0.128941782941749 ], [ 32.271440340978366, 0.126680138718996 ], [ 32.271440403577159, 0.124418494492247 ], [ 32.271440465048286, 0.122156850261574 ], [ 32.271440525391753, 0.119895206027049 ], [ 32.271440584607561, 0.117633561788741 ], [ 32.271440642695708, 0.115371917546724 ], [ 32.271440699656189, 0.113110273301068 ], [ 32.271440755489017, 0.110848629051843 ], [ 32.271440810194179, 0.108586984799123 ], [ 32.271440863771687, 0.106325340542978 ], [ 32.271440916221522, 0.104063696283479 ], [ 32.271440967543711, 0.101802052020699 ], [ 32.27144101773824, 0.099540407754707 ], [ 32.27144106680511, 0.097278763485575 ], [ 32.27144111474432, 0.095017119213376 ], [ 32.271441161555877, 0.092755474938179 ], [ 32.271441207239775, 0.090493830660057 ], [ 32.27144125179602, 0.088232186379081 ], [ 32.269194789247372, 0.08597049887521 ], [ 32.266948326963011, 0.083708813513096 ], [ 32.264701864935986, 0.081447130303309 ], [ 32.26245540315935, 0.079185449256421 ], [ 32.260208941626132, 0.076923770383001 ], [ 32.257962480329397, 0.07466209369362 ], [ 32.255716019262188, 0.072400419198849 ], [ 32.253469558417542, 0.070138746909258 ], [ 32.251223097788511, 0.067877076835417 ], [ 32.248976637368145, 0.065615408987898 ], [ 32.246730177149495, 0.06335374337727 ], [ 32.24448371712559, 0.061092080014104 ], [ 32.242237257289496, 0.05883041890897 ], [ 32.239990797634249, 0.056568760072439 ], [ 32.237744338152901, 0.05430710351508 ], [ 32.235497851016952, 0.054307074952436 ], [ 32.233251365064277, 0.054307046305756 ], [ 32.231004880298343, 0.054307017575042 ], [ 32.22875839672264, 0.054306988760294 ], [ 32.226511914340641, 0.054306959861512 ], [ 32.224265433155814, 0.054306930878695 ], [ 32.222018953171641, 0.054306901811846 ], [ 32.219772474391604, 0.054306872660963 ], [ 32.217526025294582, 0.05204522736303 ], [ 32.215279549014959, 0.052045199265073 ], [ 32.213033073949894, 0.052045171086583 ], [ 32.210786600102871, 0.05204514282756 ], [ 32.208540127477356, 0.052045114488004 ], [ 32.206293656076824, 0.052045086067916 ], [ 32.204047185904756, 0.052045057567295 ], [ 32.201800716964627, 0.052045028986142 ], [ 32.199554249259911, 0.052045000324458 ], [ 32.197307782794084, 0.052044971582242 ], [ 32.195061317570627, 0.052044942759494 ], [ 32.192814853593013, 0.052044913856215 ], [ 32.190568390864712, 0.052044884872406 ], [ 32.188321929389218, 0.052044855808065 ], [ 32.186075469169992, 0.052044826663194 ], [ 32.183829010210502, 0.052044797437793 ], [ 32.181582581030654, 0.04978317202302 ], [ 32.179336152003827, 0.047521549080112 ], [ 32.17708969699747, 0.047521522174088 ], [ 32.174843269461675, 0.045259902924066 ], [ 32.172596842064998, 0.042998286174048 ], [ 32.170350414800502, 0.040736671934602 ], [ 32.168103987661219, 0.038475060216298 ], [ 32.165857539322218, 0.038475038134543 ], [ 32.163611113649637, 0.036213430189898 ], [ 32.161364667953563, 0.036213409294058 ], [ 32.159118243744196, 0.033951805151138 ], [ 32.156871819639186, 0.031690203575066 ], [ 32.154625395631584, 0.029428604576413 ], [ 32.152378971714448, 0.027167008165746 ], [ 32.150132547880816, 0.024905414353635 ], [ 32.147886124123737, 0.02264382315065 ], [ 32.145639700436263, 0.02038223456736 ], [ 32.143393276811437, 0.018120648614335 ], [ 32.141146853242319, 0.015859065302143 ], [ 32.138900429721936, 0.013597484641353 ], [ 32.136654006243361, 0.011335906642536 ], [ 32.134407582799618, 0.00907433131626 ], [ 32.132161159383777, 0.006812758673094 ], [ 32.129914735988876, 0.004551188723608 ], [ 32.127668312607959, 0.00228962147837 ], [ 32.125421888540487, 0.00228962010052 ], [ 32.123175466521992, 0.000028056931022 ], [ 32.120929044503569, -0.002233503506091 ], [ 32.118682622478289, -0.004495061200249 ], [ 32.116436200439189, -0.006756616140885 ], [ 32.114189783160718, -0.006756612022601 ], [ 32.111943362459698, -0.00901816280673 ], [ 32.109696941730967, -0.011279710809201 ], [ 32.107450520967561, -0.013541256019443 ], [ 32.105204100162538, -0.015802798426889 ], [ 32.102957679308929, -0.018064338020969 ], [ 32.100711258399805, -0.020325874791114 ], [ 32.098464850666261, -0.020325862181923 ], [ 32.09621843105699, -0.022587394679663 ], [ 32.093972011378291, -0.024848924325334 ], [ 32.09172560777165, -0.024848908794895 ], [ 32.089479205570733, -0.02484889322601 ], [ 32.087232804779028, -0.02484887761868 ], [ 32.084986405399995, -0.024848861972905 ], [ 32.082739991128982, -0.027110382913356 ], [ 32.08049357677465, -0.029371900952608 ], [ 32.07824716233003, -0.031633416080094 ], [ 32.076000747788193, -0.033894928285244 ], [ 32.073754333142176, -0.036156437557489 ], [ 32.071507942077822, -0.036156414456329 ], [ 32.069261552450484, -0.03615639129923 ], [ 32.067015140456228, -0.038417894615742 ], [ 32.064768753656033, -0.038417869891326 ], [ 32.06252236830327, -0.038417845107472 ], [ 32.060275984401422, -0.038417820264182 ], [ 32.058029601953962, -0.038417795361454 ], [ 32.055783220964365, -0.03841777039929 ], [ 32.053536841436092, -0.038417745377689 ], [ 32.051290463372645, -0.038417720296652 ], [ 32.049044086777478, -0.038417695156179 ], [ 32.046797711654079, -0.038417669956269 ], [ 32.044551338005924, -0.038417644696925 ], [ 32.042304965836472, -0.038417619378144 ], [ 32.040058595149212, -0.038417593999928 ], [ 32.037812225947619, -0.038417568562278 ], [ 32.035565858235167, -0.038417543065192 ], [ 32.033319492015323, -0.038417517508671 ], [ 32.031073127291577, -0.038417491892716 ], [ 32.028826764067396, -0.038417466217326 ], [ 32.026580402346255, -0.038417440482503 ], [ 32.024334042131628, -0.038417414688245 ], [ 32.022087683427003, -0.038417388834554 ], [ 32.019841299708183, -0.040678858150774 ], [ 32.01759491586435, -0.042940324348443 ], [ 32.015348531888542, -0.045201787416992 ], [ 32.01534850066767, -0.047463279580923 ], [ 32.015348467922905, -0.049724771743347 ], [ 32.015348433654246, -0.051986263904192 ], [ 32.015348397861693, -0.054247756063388 ], [ 32.013102007331845, -0.056509209842146 ], [ 32.013101968402935, -0.058770700461914 ], [ 32.015348281340671, -0.061032232530355 ], [ 32.017594594465983, -0.063293767570765 ], [ 32.01759455115296, -0.065555261253047 ], [ 32.01534815110459, -0.067816708979887 ], [ 32.013101750847802, -0.070078153531334 ], [ 32.010855350375628, -0.07233959489682 ], [ 32.01085530064222, -0.07460108396261 ], [ 32.008608898300508, -0.076862520586288 ], [ 32.006362495722577, -0.079123953999299 ], [ 32.004116092901462, -0.081385384191075 ], [ 32.001869689830222, -0.083646811151049 ], [ 31.999623344540943, -0.083646753564962 ], [ 31.997376942630584, -0.08590817559276 ], [ 31.995130600310954, -0.085908116183967 ], [ 31.992884259546504, -0.085908056642274 ], [ 31.990637920340696, -0.085907996967681 ], [ 31.988391522441034, -0.08816941062415 ], [ 31.986145124270397, -0.090430820989127 ], [ 31.983898725821849, -0.092692228052044 ], [ 31.98165232708843, -0.094953631802336 ], [ 31.979405995172172, -0.094953565109687 ], [ 31.977159664835426, -0.094953498270147 ], [ 31.974913336081652, -0.094953431283718 ], [ 31.972666941362423, -0.09721482648398 ], [ 31.970420615637384, -0.097214757601387 ], [ 31.968174291505758, -0.097214688568407 ], [ 31.965927968971005, -0.097214619385042 ], [ 31.963681648036609, -0.097214550051291 ], [ 31.961435328706035, -0.097214480567155 ], [ 31.959189010982769, -0.097214410932634 ], [ 31.956942624670624, -0.099475792188052 ], [ 31.954696238052779, -0.101737170036174 ], [ 31.952449851122278, -0.103998544466434 ], [ 31.950203463872182, -0.106259915468265 ], [ 31.94795707629553, -0.108521283031099 ], [ 31.945710688385386, -0.110782647144371 ], [ 31.943464381051747, -0.110782566590976 ], [ 31.941218075353216, -0.110782485866213 ], [ 31.938971771293264, -0.11078240497008 ], [ 31.936725468875366, -0.110782323902579 ], [ 31.934479168103, -0.11078224266371 ], [ 31.932232868979643, -0.110782161253474 ], [ 31.929986571508763, -0.110782079671872 ], [ 31.927740193573175, -0.113043427516921 ], [ 31.925493815290203, -0.115304771842302 ], [ 31.923247436652897, -0.117566112637448 ], [ 31.921001057654305, -0.119827449891793 ], [ 31.918754678287485, -0.122088783594771 ], [ 31.916508298545491, -0.124350113735814 ], [ 31.914261918421364, -0.126611440304357 ], [ 31.912015537908164, -0.128872763289834 ], [ 31.909769156998944, -0.131134082681678 ], [ 31.907522775686751, -0.133395398469322 ], [ 31.905276393964645, -0.135656710642201 ], [ 31.903030011825667, -0.137918019189749 ], [ 31.900783629262882, -0.140179324101398 ], [ 31.898537352785226, -0.140179217834431 ], [ 31.896290971279168, -0.142440517164956 ], [ 31.894044697997089, -0.142440408742999 ], [ 31.8917983175443, -0.144701702464344 ], [ 31.889552047468225, -0.14470159187341 ], [ 31.887305779110655, -0.144701481058653 ], [ 31.88505951247507, -0.144701370020073 ], [ 31.882813247564947, -0.144701258757672 ], [ 31.880566984383755, -0.144701147271451 ], [ 31.878320722934973, -0.14470103556141 ], [ 31.876074463222071, -0.14470092362755 ], [ 31.878320610993299, -0.146962427498006 ], [ 31.880566759216126, -0.149223934631589 ], [ 31.880566644033692, -0.15148532830456 ], [ 31.880566527118855, -0.153746721972702 ], [ 31.880566408471601, -0.156008115635945 ], [ 31.880566288091941, -0.158269509294215 ], [ 31.880566165979868, -0.160530902947441 ], [ 31.880566042135378, -0.162792296595551 ], [ 31.880565916558474, -0.165053690238472 ], [ 31.87831952540343, -0.167314954707925 ], [ 31.876073133734256, -0.169576215418114 ], [ 31.876073002435543, -0.171837605549901 ], [ 31.876072869397468, -0.174098995676211 ], [ 31.873826473193503, -0.176360249099911 ], [ 31.87382633640399, -0.178621637462233 ], [ 31.87382619787163, -0.180883025818861 ], [ 31.873826057596428, -0.183144414169723 ], [ 31.873825915578376, -0.185405802514747 ], [ 31.873825771817476, -0.18766719085386 ], [ 31.873825626313728, -0.18992857918699 ], [ 31.873825479067122, -0.192189967514066 ], [ 31.873825330077672, -0.194451355835015 ], [ 31.873825179345364, -0.196712744149765 ], [ 31.871578764303194, -0.198973977925241 ], [ 31.871578609777732, -0.201235364471059 ], [ 31.869332192066899, -0.203496592650061 ], [ 31.869332033734388, -0.205757977423159 ], [ 31.869331873652072, -0.208019362189697 ], [ 31.869331711819942, -0.210280746949602 ], [ 31.869331548238002, -0.212542131702803 ], [ 31.869331382906257, -0.214803516449227 ], [ 31.86933121582469, -0.217064901188803 ], [ 31.869331046993317, -0.219326285921458 ], [ 31.869330876412121, -0.22158767064712 ], [ 31.869330704081111, -0.223849055365718 ], [ 31.86933053000029, -0.226110440077178 ], [ 31.869330354169641, -0.228371824781429 ], [ 31.86933017658918, -0.230633209478399 ], [ 31.867083733211569, -0.232894412569727 ], [ 31.867083551771895, -0.235155795488597 ], [ 31.864837105562319, -0.237416992907812 ], [ 31.862590658623205, -0.239678186415096 ], [ 31.860344210947606, -0.241939375999883 ], [ 31.860344021374367, -0.244200753577371 ], [ 31.858097570814685, -0.246461937443991 ], [ 31.858097377333593, -0.248723313228514 ], [ 31.858097182085288, -0.250984689005104 ], [ 31.855850726462656, -0.253245865346957 ], [ 31.853604270061851, -0.255507037723903 ], [ 31.853604068723339, -0.257768409911132 ], [ 31.851357609365493, -0.260029576516569 ], [ 31.849111149208643, -0.262290739132397 ], [ 31.846864688245834, -0.264551897748049 ], [ 31.844618226470132, -0.266813052352959 ], [ 31.842371976142232, -0.26681283976522 ], [ 31.840125727605873, -0.266812626764802 ], [ 31.837879267773566, -0.269073772908946 ], [ 31.835632807114475, -0.271334915007229 ], [ 31.833386563146799, -0.271334697137192 ], [ 31.831140320984563, -0.271334478847487 ], [ 31.828893862268906, -0.273595612407923 ], [ 31.826647402712574, -0.275856741887379 ], [ 31.824400942308639, -0.27811786727529 ], [ 31.822154481050141, -0.28037898856109 ], [ 31.819908018930139, -0.282640105734214 ], [ 31.81766178554582, -0.28263987572513 ], [ 31.815415553991265, -0.282639645278903 ], [ 31.813169552909283, -0.2803780750186 ], [ 31.810923325457175, -0.280377845548868 ], [ 31.808676870340971, -0.28263895131738 ], [ 31.806430876076998, -0.280377385308484 ], [ 31.804184654155883, -0.280377154537836 ], [ 31.801938434085375, -0.280376923333553 ], [ 31.799692215868959, -0.280376691695636 ], [ 31.797445999510096, -0.280376459624088 ], [ 31.795199785012272, -0.28037622711891 ], [ 31.792953572378959, -0.280375994180104 ], [ 31.790707361613627, -0.280375760807671 ], [ 31.788461152719755, -0.280375527001615 ], [ 31.786215177651385, -0.27811397581618 ], [ 31.783968972939832, -0.278113743035624 ], [ 31.781722770110157, -0.278113509824947 ], [ 31.77947656916583, -0.27811327618415 ], [ 31.777230370110331, -0.278113042113234 ], [ 31.774984172947136, -0.278112807612203 ], [ 31.772737977679707, -0.278112572681057 ], [ 31.770491784311531, -0.278112337319798 ], [ 31.768245826322289, -0.275850799813654 ], [ 31.765999637188525, -0.275850565512898 ], [ 31.763753449964433, -0.275850330785531 ], [ 31.761507264653478, -0.275850095631556 ], [ 31.75926108125914, -0.275849860050975 ], [ 31.757014899784888, -0.275849624043789 ], [ 31.754768720234203, -0.27584938761 ], [ 31.752522542610556, -0.27584915074961 ], [ 31.750276366917422, -0.275848913462622 ], [ 31.748030193158268, -0.275848675749035 ], [ 31.745783783605471, -0.278109719959037 ], [ 31.743537373198247, -0.280370759822153 ], [ 31.743537131152859, -0.282632040198759 ], [ 31.743536887163049, -0.284893320566316 ], [ 31.743536641228832, -0.28715460092475 ], [ 31.743536393350201, -0.289415881273989 ], [ 31.743536143527145, -0.291677161613961 ], [ 31.743535891759677, -0.293938441944593 ], [ 31.74578181188291, -0.296199978433854 ], [ 31.74578155668334, -0.298461260701289 ], [ 31.745781299542813, -0.300722542959168 ], [ 31.745781040461338, -0.302983825207419 ], [ 31.74578077943891, -0.305245107445969 ], [ 31.748026694570058, -0.30750665514574 ], [ 31.750272610645961, -0.309768206261027 ], [ 31.750272344755835, -0.312029492370957 ], [ 31.750272076931687, -0.314290778470898 ], [ 31.748026163772099, -0.312029223478097 ], [ 31.745779715939587, -0.314290236301709 ], [ 31.745779445212346, -0.316551518490668 ], [ 31.745779172544143, -0.318812800669492 ], [ 31.745778897934962, -0.321074082838108 ], [ 31.743532441839502, -0.323335085359952 ], [ 31.741285984750654, -0.325596083456497 ], [ 31.739039526661479, -0.327857077117179 ], [ 31.736793067565046, -0.330118066331435 ], [ 31.734546607454391, -0.3323790510887 ], [ 31.732300146322586, -0.33464003137841 ], [ 31.730053684162677, -0.336901007190002 ], [ 31.727807515258856, -0.336900712172198 ], [ 31.725561053513434, -0.339161680990419 ], [ 31.723314590726034, -0.341422645302401 ], [ 31.721068426696991, -0.341422344740242 ], [ 31.718822562997957, -0.339160785276001 ], [ 31.716576104579993, -0.341421742031974 ], [ 31.714329946498982, -0.341421439885869 ], [ 31.712083488495551, -0.343682389571411 ], [ 31.709837029436265, -0.345943334701616 ], [ 31.707590569314199, -0.348204275265923 ], [ 31.705344108122389, -0.350465211253766 ], [ 31.703097645853912, -0.352726142654584 ], [ 31.700851182501818, -0.354987069457812 ], [ 31.698604718059158, -0.357247991652887 ], [ 31.696358572236264, -0.357247671078945 ], [ 31.694112428430792, -0.357247349952567 ], [ 31.691865965828008, -0.359508262355248 ], [ 31.68961982551734, -0.359507938084356 ], [ 31.68737368723453, -0.359507613257539 ], [ 31.685127226478585, -0.361768515815319 ], [ 31.682881091707955, -0.361768187826519 ], [ 31.680634958975602, -0.361767859278304 ], [ 31.678388828285001, -0.361767530170677 ], [ 31.676142699639623, -0.361767200503641 ], [ 31.673896573042935, -0.361766870277198 ], [ 31.671650448498426, -0.36176653949135 ], [ 31.669404654391581, -0.359504994629993 ], [ 31.667158534515757, -0.359504664799961 ], [ 31.664912416702521, -0.359504334414029 ], [ 31.662666628929603, -0.357242796178886 ], [ 31.660420187277705, -0.359503671974475 ], [ 31.660420515802414, -0.357242466766267 ], [ 31.662666954834336, -0.354981588874099 ], [ 31.660421166632815, -0.3527200563155 ], [ 31.658175056669101, -0.352719730527686 ], [ 31.655928948781856, -0.352719404194472 ], [ 31.653682842974558, -0.35271907731586 ], [ 31.651436739250677, -0.352718749891853 ], [ 31.649190637613696, -0.352718421922453 ], [ 31.646944863612887, -0.350456900749291 ], [ 31.64469876670012, -0.35045657379869 ], [ 31.642452671884662, -0.350456246306201 ], [ 31.640206579169991, -0.350455918271826 ], [ 31.637960160853744, -0.352716773894647 ], [ 31.635714071811062, -0.352716442652943 ], [ 31.633467653979082, -0.35497729080298 ], [ 31.63122156861882, -0.354976956339972 ], [ 31.628975485376706, -0.354976621328096 ], [ 31.626729404256224, -0.354976285767357 ], [ 31.624482990057913, -0.357237121040249 ], [ 31.62223691264418, -0.357236782237247 ], [ 31.61999083736249, -0.357236442881893 ], [ 31.617744764216329, -0.357236102974189 ], [ 31.615498353676056, -0.359496925285984 ], [ 31.613252284260962, -0.35949658211506 ], [ 31.611006216991818, -0.359496238388297 ], [ 31.608759808534916, -0.361757050379898 ], [ 31.606513398966829, -0.364017857465986 ], [ 31.604266988280607, -0.366278659635997 ], [ 31.602020927957994, -0.366278307157872 ], [ 31.59977451774575, -0.368539101655422 ], [ 31.597528461188983, -0.368538745861667 ], [ 31.595282406802475, -0.368538389498109 ], [ 31.593036354589707, -0.36853803256475 ], [ 31.590790304554147, -0.368537675061592 ], [ 31.588544256699279, -0.368537316988639 ], [ 31.58629821102857, -0.368536958345894 ], [ 31.584052167545483, -0.368536599133358 ], [ 31.581806126253504, -0.368536239351036 ], [ 31.579560087156104, -0.368535878998929 ], [ 31.577314050256742, -0.36853551807704 ], [ 31.575068015558916, -0.368535156585372 ], [ 31.572821983066074, -0.368534794523929 ], [ 31.570575952781699, -0.368534431892712 ], [ 31.568329924709268, -0.368534068691724 ], [ 31.566083898852241, -0.368533704920969 ], [ 31.563837875214112, -0.368533340580449 ], [ 31.561592215443426, -0.366271865714747 ], [ 31.56159185379833, -0.368532975670167 ], [ 31.559346196817696, -0.366271502477143 ], [ 31.559345834608383, -0.368532610190126 ], [ 31.557099817647735, -0.368532244140328 ], [ 31.554853437345873, -0.370792980726509 ], [ 31.552607790428251, -0.368531510331474 ], [ 31.550362144642516, -0.36627004386415 ], [ 31.548116499981717, -0.364008581335096 ], [ 31.545870856438913, -0.361747122754873 ], [ 31.54362521400715, -0.35948566813404 ], [ 31.541379214984808, -0.359485307177634 ], [ 31.53913321821954, -0.359484945665476 ], [ 31.536887223714821, -0.35948458359757 ], [ 31.534641590819682, -0.357223138111613 ], [ 31.532395601396754, -0.3572227772166 ], [ 31.530149972416524, -0.354961337467763 ], [ 31.527904344526455, -0.352699901737966 ], [ 31.525658363016984, -0.352699543775962 ], [ 31.523412383788887, -0.352699185268713 ], [ 31.52116640684563, -0.352698826216221 ], [ 31.518920432190686, -0.35269846661849 ], [ 31.516674459827538, -0.352698106475522 ], [ 31.514428130058985, -0.354958807987359 ], [ 31.512181799200299, -0.357219504310818 ], [ 31.509935467244553, -0.359480195435338 ], [ 31.507689502442894, -0.359479826142958 ], [ 31.505443539950392, -0.359479456294868 ], [ 31.503197579770514, -0.359479085891072 ], [ 31.50095162190674, -0.359478714931573 ], [ 31.49870566636254, -0.359478343416373 ], [ 31.496459713141387, -0.359477971345476 ], [ 31.494213390666296, -0.361738639915884 ], [ 31.491967067080289, -0.363999303224301 ], [ 31.489720742376438, -0.366259961260166 ], [ 31.487474416547801, -0.368520614012922 ], [ 31.485228089587434, -0.370781261472009 ], [ 31.482982147574219, -0.370780874260567 ], [ 31.480735821251489, -0.373041513477489 ], [ 31.478489493783169, -0.375302147372634 ], [ 31.476243165162312, -0.377562775935444 ], [ 31.473996835381989, -0.379823399155359 ], [ 31.471750504435253, -0.382084017021821 ], [ 31.469504172315169, -0.38434462952427 ], [ 31.467257839014799, -0.386605236652147 ], [ 31.467257432329848, -0.388866249305498 ], [ 31.467257023273202, -0.39112726194626 ], [ 31.465010682841118, -0.393387858885239 ], [ 31.462764341200984, -0.395648450421387 ], [ 31.460517998345871, -0.397909036544144 ], [ 31.458271654268827, -0.400169617242954 ], [ 31.456025308962928, -0.402430192507255 ], [ 31.453778962421236, -0.404690762326491 ], [ 31.451532614636804, -0.406951326690102 ], [ 31.449286265602705, -0.409211885587529 ], [ 31.449285830160253, -0.411472878899683 ], [ 31.44703947683653, -0.413733429889807 ], [ 31.447039035958099, -0.415994420757993 ], [ 31.444792678320461, -0.418254963823038 ], [ 31.442546319398453, -0.420515501383081 ], [ 31.440300409214693, -0.420515049872713 ], [ 31.438054501444341, -0.420514597712361 ], [ 31.43580814476654, -0.422775123590957 ], [ 31.433561786790506, -0.425035643929459 ], [ 31.431316340029326, -0.422774211140464 ], [ 31.429070441299924, -0.42277375393502 ], [ 31.42682499891508, -0.420512327160977 ], [ 31.424579105698037, -0.4205118711008 ], [ 31.422333667686051, -0.418250450369749 ], [ 31.420087326580532, -0.420510957030573 ], [ 31.417841894742129, -0.418249539921455 ], [ 31.415596464188013, -0.415988127081141 ], [ 31.413350584478476, -0.415987672710518 ], [ 31.411105158293672, -0.413726265979762 ], [ 31.408858832428034, -0.415986762040419 ], [ 31.406612505285079, -0.418247252487848 ], [ 31.404366634776196, -0.418246793061805 ], [ 31.402120766736264, -0.41824633298933 ], [ 31.399874901168744, -0.418245872270426 ], [ 31.397629038077106, -0.418245410905097 ], [ 31.395383177464833, -0.418244948893347 ], [ 31.393137777986652, -0.415983554442501 ], [ 31.390891922983869, -0.415983093642519 ], [ 31.388646070470859, -0.41598263219962 ], [ 31.386400678526741, -0.413721245831903 ], [ 31.38415528785292, -0.411459863837998 ], [ 31.381909444100334, -0.411459405503524 ], [ 31.379663602851391, -0.411458946533137 ], [ 31.37741776410957, -0.411458486926839 ], [ 31.375171927878334, -0.411458026684635 ], [ 31.372926094161162, -0.411457565806529 ], [ 31.370680262961518, -0.411457104292523 ], [ 31.368434434282882, -0.411456642142621 ], [ 31.366188608128713, -0.411456179356827 ], [ 31.363943243883998, -0.409194816934475 ], [ 31.361697423419102, -0.40919435542693 ], [ 31.359452063592052, -0.406932999376558 ], [ 31.357206248826827, -0.406932539161253 ], [ 31.35496043660342, -0.406932078317061 ], [ 31.352714626925305, -0.406931616843987 ], [ 31.35046881979596, -0.406931154742034 ], [ 31.348223473898212, -0.404669810907513 ], [ 31.34597812924288, -0.402408471579908 ], [ 31.343732785823011, -0.400147136769772 ], [ 31.34148744363166, -0.397885806487662 ], [ 31.339242102661878, -0.395624480744133 ], [ 31.336996313977927, -0.395624027811245 ], [ 31.334750527867019, -0.395623574266973 ], [ 31.332504744332631, -0.395623120111321 ], [ 31.33025896337822, -0.395622665344292 ], [ 31.328013185007272, -0.395622209965889 ], [ 31.325767409223246, -0.395621753976116 ], [ 31.323521636029618, -0.395621297374977 ], [ 31.321275865429858, -0.395620840162474 ], [ 31.319029641053394, -0.397881229753852 ], [ 31.316783415455426, -0.400141613481114 ], [ 31.314537188629028, -0.402401991333705 ], [ 31.314536723213685, -0.404662833466529 ], [ 31.312290491921274, -0.406923202793813 ], [ 31.310044259379616, -0.409183566221744 ], [ 31.307798025581786, -0.411443923739767 ], [ 31.305551790520845, -0.413704275337326 ], [ 31.303305554189862, -0.415964621003865 ], [ 31.301059801485266, -0.415964134490041 ], [ 31.298814051409281, -0.415963647333445 ], [ 31.296567817781572, -0.418223980473664 ], [ 31.294321582869969, -0.420484307647782 ], [ 31.292075346667534, -0.422744628845245 ], [ 31.289829109167336, -0.425004944055498 ], [ 31.287582870362446, -0.427265253267985 ], [ 31.285336630245922, -0.429525556472151 ], [ 31.283090388810837, -0.431785853657442 ], [ 31.280844146050256, -0.434046144813303 ], [ 31.278598414569259, -0.4340456304375 ], [ 31.276352685751608, -0.434045115391016 ], [ 31.274106445652869, -0.436305393796429 ], [ 31.271860204214786, -0.438565666137333 ], [ 31.269613961430419, -0.440825932403172 ], [ 31.267368241286643, -0.440825406583663 ], [ 31.265121999151447, -0.443085663382466 ], [ 31.262875755656108, -0.44534591407811 ], [ 31.260629510793706, -0.447606158660043 ], [ 31.258383264557299, -0.449866397117708 ], [ 31.256137016939959, -0.452126629440552 ], [ 31.253891309506201, -0.452126085945524 ], [ 31.251645604773987, -0.452125541751912 ], [ 31.249399359784025, -0.454385761086235 ], [ 31.247153659769669, -0.454385212767239 ], [ 31.24490796246727, -0.454384663746179 ], [ 31.242662267880306, -0.454384114023059 ], [ 31.240416576012237, -0.454383563597884 ], [ 31.238170886866548, -0.454383012470659 ], [ 31.235925200446701, -0.454382460641386 ], [ 31.233679516756165, -0.454381908110071 ], [ 31.231433835798413, -0.454381354876718 ], [ 31.229188157576917, -0.454380800941331 ], [ 31.226942482095136, -0.454380246303914 ], [ 31.224696809356555, -0.454379690964471 ], [ 31.222451139364637, -0.454379134923008 ], [ 31.220205472122849, -0.454378578179527 ], [ 31.217960360336182, -0.452117295020634 ], [ 31.215715249937237, -0.449856016699191 ], [ 31.215715797813278, -0.44759529373338 ], [ 31.213470686719756, -0.445334023025901 ], [ 31.213471229756454, -0.443073302811462 ], [ 31.211226117944062, -0.4408120397357 ], [ 31.208981007484674, -0.438550781536171 ], [ 31.206735898371335, -0.43628952822343 ], [ 31.204490790597099, -0.434028279808026 ], [ 31.202245684155017, -0.431767036300513 ], [ 31.202246213912225, -0.429506329955545 ], [ 31.202246740888107, -0.427245623596497 ], [ 31.200001631519935, -0.424984390582475 ], [ 31.200002153583661, -0.422723686997057 ], [ 31.197757043382083, -0.420462461710353 ], [ 31.195511934471, -0.418201241373885 ], [ 31.193266311213918, -0.418200721199342 ], [ 31.191020690752012, -0.418200200378721 ], [ 31.188775073088749, -0.418199678912026 ], [ 31.186528937872385, -0.420459843529613 ], [ 31.184283325173322, -0.420459317944773 ], [ 31.182037715283322, -0.420458791710379 ], [ 31.179792108205842, -0.420458264826434 ], [ 31.177547026873516, -0.418197061887583 ], [ 31.17530142607497, -0.418196536544529 ], [ 31.173055828099358, -0.418196010555429 ], [ 31.170810232950139, -0.418195483920287 ], [ 31.168564640630795, -0.418194956639108 ], [ 31.166319574454466, -0.415933767527623 ], [ 31.164074509554649, -0.413672583471328 ], [ 31.161829445924383, -0.411411404480774 ], [ 31.15958438355673, -0.409150230566512 ], [ 31.15958489739754, -0.406889577910829 ], [ 31.157339834060991, -0.404628411937952 ], [ 31.155094262581486, -0.404627898009064 ], [ 31.152848693956109, -0.404627383455121 ], [ 31.150603128188333, -0.404626868276125 ], [ 31.148357051174916, -0.406886990766662 ], [ 31.146111490510137, -0.406886471452205 ], [ 31.143865414489969, -0.409146584016186 ], [ 31.14386489339509, -0.411407216509705 ], [ 31.141618812614816, -0.413667319741107 ], [ 31.139373258675871, -0.413666789853517 ], [ 31.137127178868084, -0.415926883105764 ], [ 31.134881630053002, -0.415926349037347 ], [ 31.132636084123291, -0.415925814326451 ], [ 31.13039054108242, -0.415925278973078 ], [ 31.128145000933859, -0.415924742977234 ], [ 31.12589946368108, -0.415924206338921 ], [ 31.123653929327542, -0.415923669058146 ], [ 31.121408397876721, -0.41592313113491 ], [ 31.119162332583567, -0.418183193013884 ], [ 31.11691680630868, -0.418182650874967 ], [ 31.114671282946922, -0.418182108090111 ], [ 31.112425762501765, -0.41818156465932 ], [ 31.110180244976668, -0.418181020582598 ], [ 31.107934730375106, -0.41818047585995 ], [ 31.105689218700544, -0.418179930491379 ], [ 31.103443709956451, -0.418179384476891 ], [ 31.101198204146296, -0.418178837816488 ], [ 31.098952701273554, -0.418178290510176 ], [ 31.09670720134168, -0.418177742557958 ], [ 31.094461704354156, -0.418177193959839 ], [ 31.092216210314447, -0.418176644715823 ], [ 31.08997071922602, -0.418176094825914 ], [ 31.087725231092339, -0.418175544290116 ], [ 31.085479745916881, -0.418174993108434 ], [ 31.083234263703112, -0.418174441280872 ], [ 31.080988784454494, -0.418173888807434 ], [ 31.078743308174502, -0.418173335688124 ], [ 31.076497282985137, -0.420433326071993 ], [ 31.074251256505715, -0.422693309801886 ], [ 31.072005787862373, -0.422692748743764 ], [ 31.069760322201539, -0.422692187032804 ], [ 31.06751429909319, -0.4249521567808 ], [ 31.065268274680957, -0.427212119839762 ], [ 31.063022816684573, -0.427211550141154 ], [ 31.060776793300771, -0.429471502822655 ], [ 31.058530768599233, -0.431731448787042 ], [ 31.058530193551633, -0.433991968776947 ], [ 31.058529615500699, -0.436252488752519 ], [ 31.060774489766896, -0.43851359483974 ], [ 31.058528450388788, -0.440773528660368 ], [ 31.056282409658269, -0.443033455739056 ], [ 31.054036367568411, -0.445293376065254 ], [ 31.054035773130966, -0.447553889914411 ], [ 31.051789725976207, -0.449813800430731 ], [ 31.05178912482636, -0.45207431121819 ], [ 31.049543072582424, -0.454334211906867 ], [ 31.047297018944505, -0.456594105804267 ], [ 31.045050963905656, -0.458853992899842 ], [ 31.042804907458962, -0.461113873183043 ], [ 31.040558849597499, -0.46337374664332 ], [ 31.038312790314336, -0.465633613270123 ], [ 31.036066729602542, -0.467893473052906 ], [ 31.033821298471615, -0.467892839697488 ], [ 31.031575870382245, -0.467892205619485 ], [ 31.029330445337902, -0.467891570818901 ], [ 31.027085023342057, -0.467890935295742 ], [ 31.024839604398171, -0.467890299050013 ], [ 31.022594188509714, -0.467889662081718 ], [ 31.020348775680159, -0.467889024390863 ], [ 31.018103365912967, -0.467888385977451 ], [ 31.015857959211612, -0.467887746841489 ], [ 31.013611918087772, -0.4701475655695 ], [ 31.011365875521548, -0.472407377369581 ], [ 31.009119831505998, -0.474667182231184 ], [ 31.006873786034213, -0.47692698014376 ], [ 31.004627739099249, -0.479186771096761 ], [ 31.002381690694197, -0.481446555079639 ], [ 31.000135640812118, -0.483706332081847 ], [ 30.997889589446096, -0.485966102092836 ], [ 30.99564353658921, -0.488225865102058 ], [ 30.995642865437052, -0.49048629868863 ], [ 30.993396807227704, -0.492746051546426 ], [ 30.991150747506694, -0.49500579737779 ], [ 30.988904686267105, -0.497265536172174 ], [ 30.986658623502006, -0.499525267919031 ], [ 30.984412559204479, -0.501784992607812 ], [ 30.982166493367593, -0.50404471022797 ], [ 30.979920425984425, -0.506304420768957 ], [ 30.977675059231672, -0.506303715846492 ], [ 30.975429695607261, -0.506303010142227 ], [ 30.97318363137439, -0.508562705724817 ], [ 30.970938273238744, -0.508561995299189 ], [ 30.968692209802725, -0.510821679821012 ], [ 30.966446857166275, -0.510820964660079 ], [ 30.964200794523691, -0.51308063809315 ], [ 30.96195473030717, -0.51534030437695 ], [ 30.95970866450979, -0.517599963500932 ], [ 30.957462597124628, -0.51985961545455 ], [ 30.95521652814476, -0.522119260227256 ], [ 30.952971190473733, -0.522118524405334 ], [ 30.950725855969235, -0.522117787777238 ], [ 30.948479790119169, -0.524377417364244 ], [ 30.946233722660576, -0.526637039735291 ], [ 30.943987653586525, -0.528896654879831 ], [ 30.941741582890103, -0.531156262787319 ], [ 30.939495510564377, -0.533415863447207 ], [ 30.937249436602428, -0.53567545684895 ], [ 30.935003360997335, -0.537935042982 ], [ 30.93275728374217, -0.540194621835812 ], [ 30.932756518027016, -0.542454966268872 ], [ 30.930510435083388, -0.544714534594221 ], [ 30.928264350468911, -0.546974095615669 ], [ 30.926018264176665, -0.54923364932267 ], [ 30.923772176199716, -0.551493195704677 ], [ 30.92152687247302, -0.551492406547169 ], [ 30.919282355532246, -0.549231291553967 ], [ 30.917037840276134, -0.546970182174198 ], [ 30.914792547889888, -0.546969396952469 ], [ 30.912547258729173, -0.546968610886275 ], [ 30.910302753279513, -0.54470751194217 ], [ 30.908058249500595, -0.542446418646553 ], [ 30.905813747385466, -0.540185331009967 ], [ 30.903568473662407, -0.540184551353528 ], [ 30.901323977273655, -0.537923471818556 ], [ 30.899078710866419, -0.537922693763686 ], [ 30.896833447708961, -0.537921914878353 ], [ 30.894588187804736, -0.537921135162563 ], [ 30.89234293115722, -0.537920354616322 ], [ 30.890097677769877, -0.537919573239636 ], [ 30.887853203430506, -0.535658511639305 ], [ 30.885608730734027, -0.533397455771534 ], [ 30.883364259673492, -0.531136405646867 ], [ 30.881119021820595, -0.531135630840675 ], [ 30.87887378724518, -0.531134855214536 ], [ 30.876629325997591, -0.528873815808898 ], [ 30.874384098800299, -0.528873041850753 ], [ 30.872138103218536, -0.531132523416502 ], [ 30.869893654272829, -0.528871491485151 ], [ 30.86764920694911, -0.526610465352903 ], [ 30.865404761240441, -0.524349445030301 ], [ 30.863160317139879, -0.522088430527885 ], [ 30.860915874640469, -0.519827421856201 ], [ 30.858670673747294, -0.51982665551226 ], [ 30.856425476166244, -0.519825888365879 ], [ 30.854180281900785, -0.519825120417063 ], [ 30.851935853328438, -0.517564125197131 ], [ 30.84969142634333, -0.515303135849959 ], [ 30.84744624363265, -0.515302372193331 ], [ 30.845201064251416, -0.515301607741269 ], [ 30.84295588820309, -0.515300842493781 ], [ 30.840710715491134, -0.515300076450873 ], [ 30.838465546119025, -0.51529930961255 ], [ 30.836220380090229, -0.515298541978817 ], [ 30.833975217408199, -0.515297773549682 ], [ 30.831730058076406, -0.51529700432515 ], [ 30.829484902098319, -0.515296234305226 ], [ 30.827239749477407, -0.515295463489917 ], [ 30.824994600217128, -0.515294691879229 ], [ 30.822749454320956, -0.515293919473167 ], [ 30.820504311792352, -0.515293146271738 ], [ 30.818259172634779, -0.515292372274947 ], [ 30.816014036851712, -0.5152915974828 ], [ 30.813768131933873, -0.517550991020754 ], [ 30.811522225428998, -0.519810376934933 ], [ 30.809277098203211, -0.519809592938679 ], [ 30.807031192694058, -0.522068967003701 ], [ 30.804785285584042, -0.52432833341689 ], [ 30.802540166932936, -0.524327540174708 ], [ 30.80029505168061, -0.524326746123258 ], [ 30.798049939830545, -0.524325951262546 ], [ 30.798050728102734, -0.522065806101468 ], [ 30.795805620460523, -0.522065013861476 ], [ 30.793560516227476, -0.522064220815723 ], [ 30.791314624728493, -0.524323561824899 ], [ 30.79131383063379, -0.526583696668003 ], [ 30.789068731621796, -0.52658289512986 ], [ 30.78682283690047, -0.528842220720063 ], [ 30.784577743922071, -0.528841414109063 ], [ 30.782332654370194, -0.528840606681868 ], [ 30.78008676325884, -0.531099916009069 ], [ 30.777841679757923, -0.53109910349161 ], [ 30.775596599693927, -0.531098290154485 ], [ 30.773350712199573, -0.533357583166323 ], [ 30.771105638203895, -0.533356764721528 ], [ 30.768859751702141, -0.535616045664108 ], [ 30.766614683785196, -0.535615222097713 ], [ 30.764369619322512, -0.535614397704707 ], [ 30.762123736444835, -0.537873662241139 ], [ 30.759877851918027, -0.540132918961297 ], [ 30.759877022293136, -0.54239300519532 ], [ 30.759876189203567, -0.544653091411121 ], [ 30.757630294421443, -0.546912333289341 ], [ 30.757629453562341, -0.549172415979165 ], [ 30.757628609235084, -0.551432498650537 ], [ 30.755382704149113, -0.553691725661688 ], [ 30.753136797365539, -0.555950944810665 ], [ 30.753135940925748, -0.558211020437131 ], [ 30.750890028105076, -0.56047022819485 ], [ 30.748644113566026, -0.562729428065742 ], [ 30.746398197301691, -0.564988620039266 ], [ 30.746397324357851, -0.567248685080402 ], [ 30.746396447928465, -0.569508750102464 ], [ 30.746395568013526, -0.571768815105378 ], [ 30.74639468461304, -0.574028880089066 ], [ 30.746393797726988, -0.576288945053454 ], [ 30.744147857911535, -0.578548111471644 ], [ 30.741901916322309, -0.580807269953538 ], [ 30.739655972952395, -0.583066420488597 ], [ 30.737410027794869, -0.585325563066278 ], [ 30.73516498965181, -0.585324650395559 ], [ 30.732919955011674, -0.585323736821586 ], [ 30.73067492387792, -0.585322822344367 ], [ 30.728429896254024, -0.585321906963908 ], [ 30.726184872143445, -0.585320990680216 ], [ 30.723940761333232, -0.583060043866566 ], [ 30.721696652310531, -0.580799103220367 ], [ 30.719452545068393, -0.578538168752158 ], [ 30.717207537721741, -0.57853725951198 ], [ 30.714963436668917, -0.57627633389517 ], [ 30.712719337382751, -0.574015414484405 ], [ 30.710474342405004, -0.574014509691206 ], [ 30.708229350968253, -0.574013604012269 ], [ 30.705984363075974, -0.574012697447601 ], [ 30.703739378731623, -0.574011789997208 ], [ 30.701494397938664, -0.574010881661098 ], [ 30.699250322542394, -0.57174998190349 ], [ 30.697005349740706, -0.571749075379467 ], [ 30.694760380500803, -0.571748167973236 ], [ 30.692515414826143, -0.571747259684802 ], [ 30.690269547366075, -0.574006326695028 ], [ 30.688023678146433, -0.576265385608794 ], [ 30.685777807160282, -0.57852443641556 ], [ 30.683531934400733, -0.580783479104787 ], [ 30.681286059860845, -0.583042513665936 ], [ 30.679041111225636, -0.583041582027409 ], [ 30.676795237592707, -0.585300603935451 ], [ 30.674550295244696, -0.585299666879365 ], [ 30.6723044225153, -0.587558676106341 ], [ 30.670058547984858, -0.589817677159683 ], [ 30.667813614635627, -0.589816730136726 ], [ 30.665568684893266, -0.589815782203755 ], [ 30.663322813960704, -0.592074765984726 ], [ 30.661077890536806, -0.59207381259243 ], [ 30.658832970730188, -0.592072858286654 ], [ 30.656588054544308, -0.592071903067406 ], [ 30.654343141982633, -0.592070946934693 ], [ 30.654342189931711, -0.594330864960424 ], [ 30.656586148636514, -0.596591746398337 ], [ 30.656585190246286, -0.598851668033581 ], [ 30.656584228231846, -0.601111589648578 ], [ 30.654338345451212, -0.603370536861596 ], [ 30.654337375261843, -0.605630454786069 ], [ 30.656581320443067, -0.607891354371309 ], [ 30.654336401444755, -0.607890372690061 ], [ 30.656581320443067, -0.607891354371309 ], [ 30.654337375261843, -0.605630454786069 ], [ 30.652093431936965, -0.603369561549052 ], [ 30.654339312012876, -0.601110618916719 ], [ 30.65434027494684, -0.598850700951513 ], [ 30.65209632349741, -0.596589818613346 ], [ 30.649852373876598, -0.59432894264461 ], [ 30.647608426077472, -0.592068073055841 ], [ 30.645364480093079, -0.589807209857577 ], [ 30.64311958661002, -0.589806252824865 ], [ 30.640875646980561, -0.587545398788403 ], [ 30.638630761693069, -0.587544443610015 ], [ 30.636385880057471, -0.587543487525195 ], [ 30.63414100207725, -0.587542530533949 ], [ 30.631896127755851, -0.587541572636286 ], [ 30.629650302377456, -0.589800491520242 ], [ 30.627405434482004, -0.589799528118148 ], [ 30.625160570255769, -0.589798563806173 ], [ 30.622915709702237, -0.589797598584322 ], [ 30.620670852824855, -0.589796632452605 ], [ 30.618425999627092, -0.589795665411028 ], [ 30.616181150112414, -0.589794697459598 ], [ 30.613936304284284, -0.589793728598323 ], [ 30.611691462146158, -0.589792758827211 ], [ 30.609446623701515, -0.589791788146269 ], [ 30.607201788953802, -0.589790816555504 ], [ 30.604956957906492, -0.589789844054924 ], [ 30.602712130563045, -0.589788870644536 ], [ 30.60046730692693, -0.589787896324348 ], [ 30.5982224870016, -0.589786921094367 ], [ 30.595977670790528, -0.589785944954601 ], [ 30.593732858297177, -0.589784967905058 ], [ 30.591488049525001, -0.589783989945744 ], [ 30.589243244477473, -0.589783011076667 ], [ 30.586998443158052, -0.589782031297835 ], [ 30.584753645570203, -0.589781050609256 ], [ 30.582508851717385, -0.589780069010936 ], [ 30.580264061603064, -0.589779086502884 ], [ 30.578019275230709, -0.589778103085107 ], [ 30.575774492603777, -0.589777118757612 ], [ 30.573529713725723, -0.589776133520407 ], [ 30.571284938600026, -0.5897751473735 ], [ 30.569040167230145, -0.589774160316898 ], [ 30.56679539961954, -0.589773172350609 ], [ 30.564550635771671, -0.589772183474641 ], [ 30.562304890140933, -0.59203095909192 ], [ 30.560060132923578, -0.592029964600412 ], [ 30.557815379479365, -0.59202896919576 ], [ 30.555570629811744, -0.592027972877974 ], [ 30.553325883924185, -0.592026975647061 ], [ 30.551081141820152, -0.592025977503028 ], [ 30.548836403503103, -0.592024978445883 ], [ 30.546591668976514, -0.592023978475634 ], [ 30.544346938243827, -0.592022977592289 ], [ 30.542102211308514, -0.592021975795854 ], [ 30.539857488174047, -0.592020973086339 ], [ 30.537612768843875, -0.59201996946375 ], [ 30.535367053097463, -0.594278684526346 ], [ 30.533121335530133, -0.596537390979563 ], [ 30.530876625812745, -0.596536376934761 ], [ 30.528631919913526, -0.596535361969946 ], [ 30.526387217835939, -0.596534346085125 ], [ 30.524142519583442, -0.596533329280307 ], [ 30.52189681181925, -0.598792008032654 ], [ 30.519651102220386, -0.601050678126691 ], [ 30.517405390779942, -0.603309339551883 ], [ 30.515159677491013, -0.605567992297697 ], [ 30.512914994732821, -0.605566955415367 ], [ 30.510669282504967, -0.607825594664475 ], [ 30.508423568414823, -0.610084225206173 ], [ 30.506178895342448, -0.610083177762445 ], [ 30.503934226126365, -0.61008212937788 ], [ 30.501688516010457, -0.612340741549754 ], [ 30.499442804018468, -0.614599344979221 ], [ 30.497197090143494, -0.616857939655747 ], [ 30.49495137437863, -0.6191165255688 ], [ 30.492705656716957, -0.621375102707845 ], [ 30.490459937151584, -0.623633671062352 ], [ 30.488215289357033, -0.623632592645557 ], [ 30.485970645446532, -0.623631513267082 ], [ 30.483726005423534, -0.623630432926935 ], [ 30.481481369291512, -0.623629351625123 ], [ 30.479236737053917, -0.623628269361655 ], [ 30.476992108714217, -0.62362718613654 ], [ 30.474747484275873, -0.623626101949785 ], [ 30.472502863742346, -0.6236250168014 ], [ 30.470258247117098, -0.623623930691392 ], [ 30.46801363440359, -0.623622843619769 ], [ 30.465769025605287, -0.623621755586541 ], [ 30.463524420725648, -0.623620666591715 ], [ 30.461279819768137, -0.6236195766353 ], [ 30.459035222736212, -0.623618485717304 ], [ 30.456790629633335, -0.623617393837735 ], [ 30.454544952426996, -0.625875879938016 ], [ 30.452299273303378, -0.628134357128231 ], [ 30.450053592255578, -0.630392825397851 ], [ 30.447807909276698, -0.632651284736343 ], [ 30.445562224359819, -0.634909735133176 ], [ 30.443317650084978, -0.634908617596982 ], [ 30.441071966202355, -0.637167054081722 ], [ 30.438826280367941, -0.639425481596777 ], [ 30.436581716011695, -0.639424353147931 ], [ 30.434336031201244, -0.641682766705466 ], [ 30.432090344425223, -0.643941171265292 ], [ 30.4298446556767, -0.646199566816877 ], [ 30.427598964948793, -0.648457953349689 ], [ 30.425353272234585, -0.650716330853198 ], [ 30.423107577527173, -0.652974699316874 ], [ 30.42086188081965, -0.655233058730185 ], [ 30.418616182105122, -0.657491409082602 ], [ 30.416370481376667, -0.659749750363592 ], [ 30.414124778627393, -0.662008082562626 ], [ 30.41187907385039, -0.664266405669173 ], [ 30.409633367038762, -0.666524719672703 ], [ 30.407387658185591, -0.668783024562685 ], [ 30.405141947283987, -0.671041320328589 ], [ 30.402896234327027, -0.673299606959886 ], [ 30.400650519307831, -0.675557884446044 ], [ 30.398404802219481, -0.677816152776535 ], [ 30.396159083055078, -0.680074411940826 ], [ 30.393913361807712, -0.68233266192839 ], [ 30.391667638470487, -0.684590902728695 ], [ 30.3894219130365, -0.686849134331213 ], [ 30.389420684232469, -0.689108596283215 ], [ 30.387174951601182, -0.691366814589034 ], [ 30.384929216852406, -0.693625023672437 ], [ 30.382683479979228, -0.695883223522895 ], [ 30.380437740974756, -0.698141414129877 ], [ 30.378191999832087, -0.700399595482854 ], [ 30.378190741436729, -0.70265903693314 ], [ 30.378189478987402, -0.704918478359223 ], [ 30.378188212484098, -0.707177919761026 ], [ 30.378186941926806, -0.709437361138469 ], [ 30.375941178091374, -0.711695516801201 ], [ 30.375939898334487, -0.713954954047575 ], [ 30.373694127166853, -0.716213096310768 ], [ 30.371448353805704, -0.718471229270525 ], [ 30.369202578244142, -0.720729352916316 ], [ 30.366958100883711, -0.720728046453453 ], [ 30.364713627594636, -0.720726738879592 ], [ 30.362469158380382, -0.720725430194741 ], [ 30.360224693244394, -0.720724120398911 ], [ 30.357980232190144, -0.720722809492113 ], [ 30.355734469285853, -0.722980897725937 ], [ 30.353488704167443, -0.725238976589936 ], [ 30.351242936828008, -0.727497046073582 ], [ 30.348997167260649, -0.729755106166346 ], [ 30.346751395458476, -0.732013156857699 ], [ 30.344505621414569, -0.734271198137113 ], [ 30.344504285316848, -0.7365305776181 ], [ 30.342258503788791, -0.738788605315209 ], [ 30.34225715834604, -0.741047980610847 ], [ 30.340011369309625, -0.743305994707904 ], [ 30.337765577996937, -0.745563999354299 ], [ 30.335519784401079, -0.747821994539503 ], [ 30.33327398851516, -0.75007998025299 ], [ 30.331028190332276, -0.752337956484229 ], [ 30.328782389845518, -0.754595923222695 ], [ 30.326537969357528, -0.754594534381584 ], [ 30.324293553003322, -0.754593144377416 ], [ 30.322050521269368, -0.752332415435922 ], [ 30.319806114346754, -0.752331027274936 ], [ 30.317561711568306, -0.752329637954407 ], [ 30.315317312937495, -0.752328247474346 ], [ 30.313071533360372, -0.754586176911094 ], [ 30.310825751472635, -0.756844096795828 ], [ 30.308581362994872, -0.756842694463879 ], [ 30.306336978678598, -0.756841290965475 ], [ 30.304092598527269, -0.756839886300628 ], [ 30.301848222544354, -0.756838480469349 ], [ 30.299603850733302, -0.756837073471648 ], [ 30.29735948309758, -0.756835665307536 ], [ 30.295115119640649, -0.756834255977024 ], [ 30.292870760365972, -0.756832845480122 ], [ 30.290626405276988, -0.756831433816843 ], [ 30.28838205437718, -0.756830020987195 ], [ 30.286137707670004, -0.756828606991191 ], [ 30.28389336515891, -0.756827191828841 ], [ 30.281649026847361, -0.756825775500156 ], [ 30.279404692738826, -0.756824358005146 ], [ 30.277160362836753, -0.756822939343824 ], [ 30.27491603714461, -0.756821519516199 ], [ 30.272671715665847, -0.756820098522282 ], [ 30.270425982949877, -0.759077917309798 ], [ 30.270424563275512, -0.761337158231165 ], [ 30.270423139380824, -0.763596399126107 ], [ 30.270421711265794, -0.765855639994545 ], [ 30.270420278930416, -0.768114880836401 ], [ 30.270418842374678, -0.770374121651597 ], [ 30.270417401598564, -0.772633362440054 ], [ 30.270415956602072, -0.774892603201694 ], [ 30.270414507385194, -0.777151843936439 ], [ 30.268168729147728, -0.779409618823911 ], [ 30.268167270295145, -0.781668855255223 ], [ 30.268165807218676, -0.783928091659399 ], [ 30.265920015747007, -0.786185848256307 ], [ 30.265918543017477, -0.788445080353077 ], [ 30.265917066060567, -0.790704312422472 ], [ 30.265915584876272, -0.792963544464414 ], [ 30.26591409946457, -0.795222776478824 ], [ 30.26591260982546, -0.797482008465625 ], [ 30.265911115958918, -0.799741240424737 ], [ 30.265909617864942, -0.802000472356083 ], [ 30.265908115543517, -0.804259704259583 ], [ 30.263662278079003, -0.806517416835981 ], [ 30.26590509821828, -0.808778167982734 ], [ 30.26814792083379, -0.811038926364445 ], [ 30.268146402845765, -0.813298162408731 ], [ 30.268144880633699, -0.815557398424784 ], [ 30.270387699781288, -0.817818172473337 ], [ 30.268143354197573, -0.817816634412526 ], [ 30.268141823537377, -0.820075870371877 ], [ 30.270384636747668, -0.822336652862542 ], [ 30.272627452475753, -0.824597442552915 ], [ 30.27038309889992, -0.824595893014371 ], [ 30.272625911671444, -0.826856686922137 ], [ 30.272624366649943, -0.829115931262665 ], [ 30.274867179006932, -0.831376736569833 ], [ 30.274865626825481, -0.833635985095284 ], [ 30.274864070430251, -0.83589523359181 ], [ 30.274862509821237, -0.838154482059333 ], [ 30.274860944998437, -0.840413730497775 ], [ 30.274859375961817, -0.842672978907056 ], [ 30.274857802711381, -0.8449322272871 ], [ 30.27485622524711, -0.847191475637827 ], [ 30.272610271680566, -0.849449129023253 ], [ 30.272608684486435, -0.851708373072529 ], [ 30.272607093074974, -0.853967617092249 ], [ 30.272605497446172, -0.856226861082334 ], [ 30.27260389760001, -0.858486105042706 ], [ 30.27484667197032, -0.860746965122155 ], [ 30.274845065008876, -0.863006213265472 ], [ 30.274843453833501, -0.865265461378846 ], [ 30.272597456041595, -0.867523080585495 ], [ 30.270351455593481, -0.869780689936419 ], [ 30.268105452482267, -0.872038289421093 ], [ 30.265859446701054, -0.874295879028988 ], [ 30.263613438242942, -0.87655345874958 ], [ 30.263611795065451, -0.878812685433624 ], [ 30.261365778345162, -0.881070250965813 ], [ 30.261364125354476, -0.883329473328685 ], [ 30.263610147656635, -0.881071912087152 ], [ 30.263608496016495, -0.883331138710085 ], [ 30.265851216392377, -0.885592033579103 ], [ 30.265849557647002, -0.887851264397199 ], [ 30.265847894673719, -0.89011049518447 ], [ 30.265846227472512, -0.892369725940837 ], [ 30.265844556043376, -0.894628956666222 ], [ 30.263598497316973, -0.896886497800797 ], [ 30.261352435844497, -0.899144029005408 ], [ 30.259106371619065, -0.901401550269529 ], [ 30.256860304633779, -0.903659061582633 ], [ 30.256858606524254, -0.905918275104526 ], [ 30.254612531141806, -0.908175772154054 ], [ 30.254610823156536, -0.910434981342357 ], [ 30.254609110925937, -0.912694190499025 ], [ 30.254607394449987, -0.91495339962398 ], [ 30.256850052348572, -0.917214342240332 ], [ 30.259092713055423, -0.919475291949091 ], [ 30.261335376577488, -0.921736248739733 ], [ 30.263578042921718, -0.923997212601736 ], [ 30.265822442716647, -0.923998953241177 ], [ 30.268066846739682, -0.924000692456703 ], [ 30.270309527198421, -0.926261669034604 ], [ 30.270307795188248, -0.928520907788759 ], [ 30.272550475685126, -0.930781895617042 ], [ 30.272548736659203, -0.933041138552909 ], [ 30.274791417218452, -0.935302137613877 ], [ 30.277034100641544, -0.937563143683069 ], [ 30.279276786935426, -0.939824156749963 ], [ 30.281522972172688, -0.937566657259209 ], [ 30.283767414245954, -0.937568411879933 ], [ 30.286010117463245, -0.93982943329866 ], [ 30.288252823558352, -0.942090461683647 ], [ 30.29049553253823, -0.944351497024367 ], [ 30.290493779785653, -0.946610773609618 ], [ 30.29049202284288, -0.948870050162063 ], [ 30.290490261709916, -0.951129326681623 ], [ 30.290488496386732, -0.953388603168219 ], [ 30.290486726873326, -0.955647879621775 ], [ 30.290484953169674, -0.95790715604221 ], [ 30.290483175275774, -0.960166432429448 ], [ 30.290481393191605, -0.96242570878341 ], [ 30.290479606917149, -0.964684985104017 ], [ 30.288233342834449, -0.966942456265653 ], [ 30.285987075790832, -0.969199917463145 ], [ 30.283740805779431, -0.971457368685965 ], [ 30.283738998276426, -0.973716632206488 ], [ 30.283737186572687, -0.975975895693249 ], [ 30.281490902196595, -0.978233328405399 ], [ 30.279244614825068, -0.980490751114677 ], [ 30.276998324451228, -0.982748163810557 ], [ 30.276996491425344, -0.98500741446418 ], [ 30.274750192321314, -0.987264812862558 ], [ 30.274748349359793, -0.989524059208352 ], [ 30.272502041501369, -0.991781443291472 ], [ 30.272500188590328, -0.994040685325619 ], [ 30.272498331461129, -0.996299927325273 ], [ 30.272496470113758, -0.998559169290353 ], [ 30.272494604548189, -1.000818411220782 ], [ 30.272492734764416, -1.003077653116482 ], [ 30.270246395125561, -1.005335005742204 ], [ 30.270244515364425, -1.007594243321789 ], [ 30.270242631381581, -1.009853480866405 ], [ 30.270240743177016, -1.012112718375972 ], [ 30.272483322571972, -1.014373862071297 ], [ 30.272481427478663, -1.016633103756974 ], [ 30.274724007319598, -1.018894258550938 ], [ 30.276966590280455, -1.02115542022178 ], [ 30.279209176368191, -1.023416588758976 ], [ 30.28145176558975, -1.025677764152001 ], [ 30.283694357952097, -1.027938946390335 ], [ 30.285936953462176, -1.030200135463452 ], [ 30.288179552126937, -1.032461331360827 ], [ 30.290422153953333, -1.034722534071938 ], [ 30.292664758948309, -1.036983743586261 ], [ 30.294907367118824, -1.03924495989327 ], [ 30.297149978471833, -1.041506182982443 ], [ 30.299392593014279, -1.043767412843254 ], [ 30.301635210753119, -1.046028649465178 ], [ 30.30387783169531, -1.048289892837693 ], [ 30.30612045584779, -1.050551142950273 ], [ 30.308363083217529, -1.052812399792392 ], [ 30.310605713811466, -1.055073663353527 ], [ 30.31284834763656, -1.057334933623152 ], [ 30.315090984699765, -1.059596210590743 ], [ 30.317333625008025, -1.061857494245774 ], [ 30.319576268568309, -1.06411878457772 ], [ 30.321818915387553, -1.066380081576056 ], [ 30.324061565472725, -1.068641385230257 ], [ 30.326304218830767, -1.070902695529796 ], [ 30.328546875468639, -1.073164012464148 ], [ 30.330789535393297, -1.075425336022788 ], [ 30.33303219861169, -1.07768666619519 ], [ 30.335274865130771, -1.079948002970828 ], [ 30.337517534957495, -1.082209346339176 ], [ 30.337515561413973, -1.084468708569282 ], [ 30.33751358375207, -1.086728070761932 ], [ 30.337511601971787, -1.088987432917047 ], [ 30.337509616073092, -1.091246795034549 ], [ 30.337507626055984, -1.09350615711436 ], [ 30.337505631920443, -1.095765519156402 ], [ 30.337503633666451, -1.098024881160597 ], [ 30.339746289689053, -1.100286259842345 ], [ 30.339744284884855, -1.102545625912786 ], [ 30.339742275965623, -1.104804991945153 ], [ 30.33974026293134, -1.107064357939366 ], [ 30.339738245781998, -1.109323723895348 ], [ 30.341980895496018, -1.11158512552596 ], [ 30.341978871820558, -1.113844495543967 ], [ 30.341976844033457, -1.116103865523514 ], [ 30.341974812134687, -1.118363235464525 ], [ 30.341972776124233, -1.120622605366921 ], [ 30.341970736002093, -1.122881975230624 ], [ 30.341968691768237, -1.125141345055557 ], [ 30.341966643422658, -1.12740071484164 ], [ 30.341964590965336, -1.129660084588796 ], [ 30.341962534396256, -1.131919454296948 ], [ 30.339715785540541, -1.134176746865601 ], [ 30.339713719009211, -1.136436112356727 ], [ 30.339711648362616, -1.138695477808608 ], [ 30.339709573600736, -1.140954843221168 ], [ 30.339707494723559, -1.143214208594326 ], [ 30.339705411731067, -1.145473573928005 ], [ 30.33970332462324, -1.147732939222127 ], [ 30.339701233400067, -1.149992304476614 ], [ 30.339699138061533, -1.152251669691388 ], [ 30.339697038607614, -1.154511034866371 ], [ 30.339694935038303, -1.156770400001486 ], [ 30.339692827353581, -1.159029765096654 ], [ 30.339690715553424, -1.161289130151797 ], [ 30.339688599637824, -1.163548495166837 ], [ 30.339686479606769, -1.165807860141696 ], [ 30.339684355460239, -1.168067225076296 ], [ 30.339682227198207, -1.17032658997056 ], [ 30.339680094820672, -1.172585954824408 ], [ 30.339677958327609, -1.174845319637765 ], [ 30.339675817719009, -1.17710468441055 ], [ 30.339673672994845, -1.179364049142686 ], [ 30.339671524155104, -1.181623413834095 ], [ 30.339669371199772, -1.1838827784847 ], [ 30.339667214128831, -1.186142143094423 ], [ 30.339665052942266, -1.188401507663184 ], [ 30.33966288764006, -1.190660872190906 ], [ 30.339660718222198, -1.192920236677512 ], [ 30.339658544688657, -1.195179601122923 ], [ 30.339656367039428, -1.197438965527062 ], [ 30.339654185274494, -1.199698329889849 ], [ 30.33965199939383, -1.201957694211208 ], [ 30.339649809397422, -1.204217058491061 ], [ 30.339647615285262, -1.206476422729329 ], [ 30.339645417057316, -1.208735786925934 ], [ 30.339643214713586, -1.210995151080799 ], [ 30.339641008254048, -1.213254515193844 ], [ 30.339638797678678, -1.215513879264994 ], [ 30.339636582987467, -1.217773243294168 ], [ 30.339634364180398, -1.220032607281291 ], [ 30.337387386824041, -1.222289730824562 ], [ 30.335140405723738, -1.22454684415296 ], [ 30.335138170814659, -1.226806199724932 ], [ 30.33513593178272, -1.229065555254526 ], [ 30.335133688627913, -1.231324910741665 ], [ 30.335131441350217, -1.233584266186269 ], [ 30.335129189949612, -1.235843621588262 ], [ 30.335126934426079, -1.238102976947565 ], [ 30.335124674779614, -1.2403623322641 ], [ 30.33512241101019, -1.242621687537789 ], [ 30.335120143117784, -1.244881042768555 ], [ 30.335117871102391, -1.247140397956318 ], [ 30.335115594963991, -1.249399753101002 ], [ 30.335113314702557, -1.251659108202527 ], [ 30.335111030318082, -1.253918463260817 ], [ 30.335108741810537, -1.256177818275793 ], [ 30.332861672594319, -1.258434862684862 ], [ 30.332859373911514, -1.260694213463388 ], [ 30.332857071102136, -1.262953564198358 ], [ 30.332854764166157, -1.265212914889695 ], [ 30.33060767290749, -1.267469936422615 ], [ 30.330605355775347, -1.269729282873352 ], [ 30.330603034513089, -1.271988629280216 ], [ 30.328355927215636, -1.274245632104871 ], [ 30.326108816015083, -1.276502624604592 ], [ 30.323861700904544, -1.278759606768846 ], [ 30.323859357241066, -1.281018940519128 ], [ 30.323857009436999, -1.283278274225125 ], [ 30.321609878197663, -1.285535237620572 ], [ 30.319362743020715, -1.287792190652338 ], [ 30.317115603899254, -1.29004913330989 ], [ 30.314868460826393, -1.292306065582696 ], [ 30.31262131379524, -1.294562987460224 ], [ 30.310374162798912, -1.296819898931943 ], [ 30.308127007830514, -1.299076799987319 ], [ 30.305879848883162, -1.301333690615823 ], [ 30.303632685949964, -1.303590570806921 ], [ 30.301385519024031, -1.305847440550083 ], [ 30.299140763468138, -1.305845012651367 ], [ 30.296893594719943, -1.308101865717843 ], [ 30.294648845523788, -1.308099429584701 ], [ 30.292401674950014, -1.310356265946583 ], [ 30.290156932124059, -1.310353821565149 ], [ 30.287909759721362, -1.312610641194532 ], [ 30.285665023276071, -1.31260818855094 ], [ 30.283417849041118, -1.314864991419918 ], [ 30.281173118986949, -1.314862530500303 ], [ 30.278925942916423, -1.31711931658097 ], [ 30.276681219263839, -1.317116847371468 ], [ 30.274436499824866, -1.317114376131993 ], [ 30.272189324113871, -1.319371139122665 ], [ 30.269942144362176, -1.321627891542997 ], [ 30.267697433544168, -1.321625405712127 ], [ 30.265452726953647, -1.321622917844395 ], [ 30.263208024594078, -1.321620427939821 ], [ 30.260960847411269, -1.323877150895432 ], [ 30.258713666174106, -1.32613386323878 ], [ 30.256466480875712, -1.328390564959334 ], [ 30.254219291509187, -1.330647256046565 ], [ 30.251972098067657, -1.332903936489942 ], [ 30.249724900544233, -1.335160606278934 ], [ 30.247477698932023, -1.337417265403013 ], [ 30.245230493224142, -1.339673913851647 ], [ 30.242983283413714, -1.341930551614309 ], [ 30.240736069493845, -1.344187178680467 ], [ 30.238488851457646, -1.346443795039592 ], [ 30.236241629298238, -1.348700400681154 ], [ 30.233994403008733, -1.350956995594623 ], [ 30.231747172582249, -1.353213579769471 ], [ 30.229499938011898, -1.355470153195167 ], [ 30.227252699290787, -1.357726715861183 ], [ 30.225005456412049, -1.359983267756989 ], [ 30.22276079590376, -1.359980667743637 ], [ 30.220513551073605, -1.362237202438951 ], [ 30.218268897078985, -1.362234593906706 ], [ 30.216024247388372, -1.362231983275341 ], [ 30.213777002823598, -1.364488494308636 ], [ 30.211532359664055, -1.364485875141078 ], [ 30.209287720818939, -1.364483253870976 ], [ 30.207043086291701, -1.364480630498351 ], [ 30.204798456085818, -1.364478005023224 ], [ 30.202553830204735, -1.364475377445613 ], [ 30.200309208651916, -1.36447274776554 ], [ 30.198064591430835, -1.364470115983025 ], [ 30.195819978544947, -1.364467482098087 ], [ 30.19357536999771, -1.364464846110748 ], [ 30.191330765792586, -1.364462208021026 ], [ 30.189088788074379, -1.362200491974828 ], [ 30.186844194650995, -1.362197854056719 ], [ 30.184599605580097, -1.362195214039771 ], [ 30.182357644908375, -1.359933509161706 ], [ 30.18011568840042, -1.357671810910845 ], [ 30.177873736049261, -1.35541011929771 ], [ 30.1756291706632, -1.355407484066736 ], [ 30.173384609646874, -1.35540484674747 ], [ 30.173387228904765, -1.353145801410732 ], [ 30.171145291289157, -1.350884125420472 ], [ 30.171147903866949, -1.348625084389873 ], [ 30.168905968073357, -1.346363419432854 ], [ 30.166664036401745, -1.344101761166166 ], [ 30.164422108845159, -1.34184010960033 ], [ 30.162180185396632, -1.339578464745867 ], [ 30.159938266049199, -1.337316826613297 ], [ 30.157696350795906, -1.335055195213141 ], [ 30.155454439629782, -1.332793570555919 ], [ 30.153209938670766, -1.332790958727684 ], [ 30.153212532543876, -1.330531952652152 ], [ 30.150970629531209, -1.328270341512359 ], [ 30.150973216627523, -1.326011339775664 ], [ 30.150975799316292, -1.32375233799255 ], [ 30.150978377597539, -1.321493336163095 ], [ 30.150980951471279, -1.319234334287379 ], [ 30.150983520937551, -1.31697533236548 ], [ 30.150986085996355, -1.314716330397478 ], [ 30.148744172720782, -1.312454752366965 ], [ 30.14650226346301, -1.310193181142735 ], [ 30.144260358216073, -1.30793161673531 ], [ 30.142013341691655, -1.310188027888381 ], [ 30.139766321156475, -1.31244442808218 ], [ 30.137521869318565, -1.312441841956374 ], [ 30.135279992202612, -1.31018028286918 ], [ 30.1330381190973, -1.307918730633663 ], [ 30.133040682527962, -1.305659764061997 ], [ 30.13304324152358, -1.303400797444562 ], [ 30.130801367541689, -1.301139260906079 ], [ 30.12855694343768, -1.301136689026382 ], [ 30.126312523775603, -1.301134115142364 ], [ 30.124068108558916, -1.301131539254046 ], [ 30.121823697791076, -1.301128961361449 ], [ 30.119576724956175, -1.303385321296635 ], [ 30.117332321103355, -1.303382734911507 ], [ 30.115087921709783, -1.303380146518678 ], [ 30.112843526778921, -1.303377556118167 ], [ 30.110601710805728, -1.301116041834954 ], [ 30.108354750319176, -1.30337236929418 ], [ 30.106112947274642, -1.301110859995089 ], [ 30.103865991751782, -1.303367174439706 ], [ 30.101624201649681, -1.301105670138739 ], [ 30.099377251104432, -1.303361971554904 ], [ 30.09713029656994, -1.305618261890485 ], [ 30.097127701140053, -1.307877156633899 ], [ 30.094883338039327, -1.307874541134958 ], [ 30.092636375505702, -1.3101308092778 ], [ 30.092633767081551, -1.312389694887981 ], [ 30.090386794030525, -1.314645947346687 ], [ 30.08813981695582, -1.31690218867914 ], [ 30.085895463818002, -1.316899546991301 ], [ 30.083651115187994, -1.316896903275158 ], [ 30.08140413906786, -1.319153120338183 ], [ 30.079159797446909, -1.319150468022242 ], [ 30.076918096379419, -1.316888959957112 ], [ 30.074676399342295, -1.314627458914339 ], [ 30.072434706328576, -1.31236596490444 ], [ 30.070193017331295, -1.310104477937931 ], [ 30.067951332343501, -1.307842998025329 ], [ 30.065709651358226, -1.30558152517715 ], [ 30.063467974368525, -1.303320059403911 ], [ 30.061226301367423, -1.301058600716129 ], [ 30.058984632347975, -1.298797149124318 ], [ 30.056740354090895, -1.29879451769426 ], [ 30.054496080386439, -1.298791884264001 ], [ 30.052254428421531, -1.296530444944704 ], [ 30.050012780424272, -1.294269012756354 ], [ 30.047771136387706, -1.292007587709469 ], [ 30.045529496304866, -1.289746169814563 ], [ 30.04328786016881, -1.287484759082152 ], [ 30.041046227972569, -1.285223355522752 ], [ 30.038804599709188, -1.282961959146877 ], [ 30.036562975371712, -1.280700569965043 ], [ 30.034321354953178, -1.278439187987764 ], [ 30.03207714470912, -1.278436576102665 ], [ 30.029835534747299, -1.276175203991463 ], [ 30.029838125845121, -1.273916445688934 ], [ 30.027596517141678, -1.271655085388412 ], [ 30.029843294259052, -1.269398928948932 ], [ 30.032090067492181, -1.267142761267117 ], [ 30.032092638277547, -1.264883998165406 ], [ 30.029851012425979, -1.262622653502764 ], [ 30.027609390437902, -1.260361316093942 ], [ 30.025365209512408, -1.260358735315712 ], [ 30.023123597908079, -1.2580974078605 ], [ 30.020881990153281, -1.255836087687105 ], [ 30.018637826889762, -1.255833510360629 ], [ 30.016393668237281, -1.255830931100402 ], [ 30.014149514199307, -1.255828349906444 ], [ 30.011905364779292, -1.255825766778776 ], [ 30.009661219980689, -1.255823181717417 ], [ 30.007417079806963, -1.255820594722386 ], [ 30.005170368761583, -1.258076713408852 ], [ 30.002926235925113, -1.258074117885191 ], [ 30.000679523739475, -1.260330218668863 ], [ 29.998432807697778, -1.262586308134201 ], [ 29.996188684921492, -1.262583697455737 ], [ 29.993947161203259, -1.26032240064889 ], [ 29.991703049651488, -1.260319790761228 ], [ 29.989458942752297, -1.260317178933096 ], [ 29.987217436051026, -1.258055894982152 ], [ 29.984975933198644, -1.255794618424547 ], [ 29.98273443418822, -1.253533349270795 ], [ 29.982737019583304, -1.251274688336691 ], [ 29.984983683636592, -1.249018621544393 ], [ 29.982737019583304, -1.251274688336691 ], [ 29.98273443418822, -1.253533349270795 ], [ 29.982731844126786, -1.255792010160449 ], [ 29.982729249398979, -1.258050671005572 ], [ 29.982726650004778, -1.260309331806086 ], [ 29.984968140794486, -1.262570614903999 ], [ 29.987209635446881, -1.264831905395135 ], [ 29.987207025926455, -1.267090575443233 ], [ 29.989448521728971, -1.2693518779579 ], [ 29.989445904832895, -1.271610552601834 ], [ 29.989443283280679, -1.273869227200699 ], [ 29.991684777551797, -1.276130546358363 ], [ 29.993926275727215, -1.278391872867081 ], [ 29.996167777813909, -1.28065320671634 ], [ 29.99840928381882, -1.282914547895627 ], [ 29.998406646842732, -1.285173240976338 ], [ 29.998404005224209, -1.287431934011532 ], [ 29.998401358963246, -1.289690627001131 ], [ 30.000642860879736, -1.291951989368387 ], [ 30.000640207311978, -1.294210686934984 ], [ 30.000637549105168, -1.296469384455753 ], [ 30.000634886259295, -1.298728081930614 ], [ 30.002876384166754, -1.300989465453418 ], [ 30.005117886054801, -1.303250856253451 ], [ 30.007359391930407, -1.3055122543202 ], [ 30.007356716524907, -1.307770965595188 ], [ 30.007354036490604, -1.310029676823893 ], [ 30.007351351827488, -1.312288388006234 ], [ 30.009592853828881, -1.314549807153824 ], [ 30.00959016192089, -1.316808522897791 ], [ 30.009587465387487, -1.319067238595163 ], [ 30.009584764228634, -1.321325954245859 ], [ 30.009582058444327, -1.3235846698498 ], [ 30.009579348034531, -1.325843385406906 ], [ 30.009576632999227, -1.328102100917098 ], [ 30.011818123419719, -1.330363554925831 ], [ 30.011815401170409, -1.332622274993123 ], [ 30.014056893080006, -1.334883740805695 ], [ 30.016298389074173, -1.337145213807496 ], [ 30.018539889159843, -1.339406693988012 ], [ 30.020781393343999, -1.341668181336729 ], [ 30.020778656201561, -1.343926919737542 ], [ 30.020775914450741, -1.346185658090841 ], [ 30.020773168091527, -1.348444396396548 ], [ 30.020770417123888, -1.350703134654581 ], [ 30.020767661547811, -1.352961872864862 ], [ 30.020764901363272, -1.355220611027311 ], [ 30.020762136570244, -1.357479349141846 ], [ 30.020759367168719, -1.359738087208391 ], [ 30.020756593158666, -1.361996825226862 ], [ 30.018509555070832, -1.364252763286118 ], [ 30.016262512808421, -1.366508689918157 ], [ 30.014015466364562, -1.368764605112458 ], [ 30.01176841573238, -1.3710205088585 ], [ 30.009521360905001, -1.373276401145762 ], [ 30.009518548729243, -1.375535115652286 ], [ 30.007271482967599, -1.377790991766761 ], [ 30.007268659430206, -1.380049701521037 ], [ 30.007265831263336, -1.382308411226474 ], [ 30.00501874779718, -1.38456426644316 ], [ 30.005015908251274, -1.386822971392349 ], [ 30.005013064072369, -1.389081676292449 ], [ 30.005010215260441, -1.39134038114338 ], [ 30.00500736181548, -1.393599085945063 ], [ 30.005004503737446, -1.395857790697417 ], [ 30.005001641026332, -1.398116495400363 ], [ 30.004998773682118, -1.400375200053821 ], [ 30.00724016943164, -1.402636796364394 ], [ 30.007237294968839, -1.40489550557703 ], [ 30.007234415876322, -1.407154214739948 ], [ 30.00947581096419, -1.409415827364727 ], [ 30.009472924770282, -1.411674541082908 ], [ 30.009470033950048, -1.413933254751138 ], [ 30.01171142842464, -1.416194883665156 ], [ 30.011708530520206, -1.418453601884733 ], [ 30.011705627992839, -1.420712320054128 ], [ 30.011702720842518, -1.422971038173263 ], [ 30.011699809069231, -1.425229756242055 ], [ 30.009452591874687, -1.427485535707082 ], [ 30.007205370312029, -1.429741303616979 ], [ 30.004961076584426, -1.429738356008991 ], [ 30.00271678749025, -1.42973540619948 ], [ 30.000475434981016, -1.427473759513047 ], [ 29.998234086839716, -1.425212119912439 ], [ 29.995992743059386, -1.422950487408168 ], [ 29.998239931888438, -1.420694739647002 ], [ 30.000484202983415, -1.420697675183833 ] ] } },
{ "type": "Feature", "properties": { "line": "Northern direct", "corridor": "kampala_elegu" }, "geometry": { "type": "LineString", "coordinates": [ [ 32.581919771574604, 0.313161157727871 ], [ 32.579673111894877, 0.313161067279428 ], [ 32.577426361972236, 0.315422742156451 ], [ 32.57517961107969, 0.317684415218333 ], [ 32.575179518387664, 0.319946180348374 ], [ 32.575179425038023, 0.322207945468376 ], [ 32.57517933103076, 0.324469710578267 ], [ 32.575179236365877, 0.326731475677977 ], [ 32.575179141043378, 0.328993240767434 ], [ 32.575179045063258, 0.331255005846567 ], [ 32.577425611274528, 0.333516868275579 ], [ 32.575178851130154, 0.33577853597358 ], [ 32.572932089953291, 0.338040201817287 ], [ 32.572931990821225, 0.340301966190646 ], [ 32.570685227418863, 0.342563629491536 ], [ 32.570685126436182, 0.344825393176194 ], [ 32.568438360783993, 0.347087053916477 ], [ 32.566191594064541, 0.349348712763601 ], [ 32.563944930863862, 0.349348608077835 ], [ 32.561698268338191, 0.349348502851351 ], [ 32.55945160649101, 0.34934839708415 ], [ 32.557205050849873, 0.34708653119044 ], [ 32.554958390905476, 0.347086425033585 ], [ 32.552711731650007, 0.347086318339517 ], [ 32.550465073086947, 0.347086211108235 ], [ 32.54821841521975, 0.347086103339741 ], [ 32.54597175805192, 0.347085995034035 ], [ 32.543725101586922, 0.347085886191119 ], [ 32.541478336556615, 0.349347531480819 ], [ 32.539231570452117, 0.351609174789775 ], [ 32.539231459218598, 0.353870928721312 ], [ 32.539231347271809, 0.356132682641739 ], [ 32.539231234611748, 0.358394436550986 ], [ 32.539231121238423, 0.360656190448981 ], [ 32.536984348995645, 0.362917828842612 ], [ 32.534737575636939, 0.365179465220062 ], [ 32.534737458997434, 0.367441217640802 ], [ 32.534737341637694, 0.369702970050007 ], [ 32.53249056457885, 0.371964602923981 ], [ 32.532490445205042, 0.37422635458311 ], [ 32.532490325107517, 0.37648810623049 ], [ 32.530243544299864, 0.37874973557584 ], [ 32.527996762327604, 0.381011362858999 ], [ 32.525749979183779, 0.383272988069394 ], [ 32.523503320217806, 0.383272862538954 ], [ 32.521256536042095, 0.385534484328503 ], [ 32.519009750680929, 0.38779610401714 ], [ 32.516762964127338, 0.390057721594292 ], [ 32.514516176374379, 0.392319337049385 ], [ 32.514516045647909, 0.39458108265984 ], [ 32.514515914169891, 0.396842828257904 ], [ 32.516762442144916, 0.399104707030386 ], [ 32.516762309779153, 0.401366453358254 ], [ 32.519008838852116, 0.403628333745281 ], [ 32.519008705612507, 0.40589008079917 ], [ 32.519008571628319, 0.408151827840314 ], [ 32.519008436899533, 0.41041357486864 ], [ 32.519008301426155, 0.412675321884078 ], [ 32.519008165208191, 0.414937068886557 ], [ 32.519008028245629, 0.417198815876007 ], [ 32.516761223922622, 0.41946042352148 ], [ 32.516761084824239, 0.421722169733353 ], [ 32.514514277813255, 0.423983774442277 ], [ 32.512267469498589, 0.426245376968553 ], [ 32.512267326841851, 0.428507121627372 ], [ 32.510020515800953, 0.430768721185162 ], [ 32.50777370343549, 0.433030318535585 ], [ 32.505526889738526, 0.435291913668067 ], [ 32.503280074703099, 0.437553506572035 ], [ 32.503279925573388, 0.439815248094617 ], [ 32.503279775674727, 0.442076989603384 ], [ 32.501032956396656, 0.44433857868894 ], [ 32.498786135752312, 0.44660016551769 ], [ 32.496539313734729, 0.44886175007906 ], [ 32.49429249033696, 0.451123332362476 ], [ 32.492045665552062, 0.453384912357366 ], [ 32.489798839373059, 0.455646490053157 ], [ 32.487552011793021, 0.457908065439274 ], [ 32.4897985195934, 0.460169963444121 ], [ 32.489798358518833, 0.462431700117954 ], [ 32.489798196654441, 0.46469343677726 ], [ 32.489798034000216, 0.466955173421967 ], [ 32.489797870556167, 0.469216910052005 ], [ 32.487551033950574, 0.471478480569815 ], [ 32.489797541298579, 0.473740383267789 ], [ 32.489797375485033, 0.476002119853392 ], [ 32.487550534319695, 0.478263687936082 ], [ 32.485303691683775, 0.480525253666372 ], [ 32.485303522019692, 0.48278698860975 ], [ 32.485303351558827, 0.48504872353796 ], [ 32.485303180301159, 0.48731045845093 ], [ 32.485303008246696, 0.489572193348592 ], [ 32.483056157949221, 0.491833753439497 ], [ 32.48305598354326, 0.494095487502495 ], [ 32.483055808337028, 0.496357221549971 ], [ 32.483055632330512, 0.498618955581851 ], [ 32.485302136022405, 0.500880867604761 ], [ 32.48530195918714, 0.503142602409071 ], [ 32.485301781555073, 0.505404337197573 ], [ 32.485301603126196, 0.507666071970197 ], [ 32.485301423900516, 0.509927806726871 ], [ 32.487547929067347, 0.512189722700647 ], [ 32.487547749037248, 0.514451458225542 ], [ 32.489794255778349, 0.516713375768326 ], [ 32.492040764108289, 0.518975294085302 ], [ 32.494287274034036, 0.521237213165898 ], [ 32.496533785562534, 0.523499132999541 ], [ 32.498780298700737, 0.525761053575657 ], [ 32.501026993385317, 0.525761234728312 ], [ 32.503273509722753, 0.528023155998409 ], [ 32.50327332983413, 0.530284896913016 ], [ 32.505519847843232, 0.532546819653113 ], [ 32.507766367489886, 0.53480874309339 ], [ 32.505519485865491, 0.537070302943431 ], [ 32.507766005632554, 0.539332227887707 ], [ 32.510012527058031, 0.541594153514448 ], [ 32.512259050148892, 0.543856079813081 ], [ 32.510012345058676, 0.543855896634556 ], [ 32.507765640727037, 0.543855712614269 ], [ 32.507765457131192, 0.546117454951964 ], [ 32.507765272773298, 0.548379197272509 ], [ 32.507765087653354, 0.55064093957583 ], [ 32.51001160947547, 0.55290286894348 ], [ 32.512258132997751, 0.555164798965168 ], [ 32.514504658227139, 0.557426729630321 ], [ 32.514504472635274, 0.559688474149547 ], [ 32.516750999689357, 0.561950406184849 ], [ 32.518997528471431, 0.564212338838898 ], [ 32.521244058988458, 0.566474272101121 ], [ 32.523490591247381, 0.568736205960944 ], [ 32.523490405402036, 0.570997953389919 ], [ 32.523490218818964, 0.573259700800966 ], [ 32.52349003149817, 0.575521448194013 ], [ 32.523489843439648, 0.577783195568989 ], [ 32.523489654643399, 0.580044942925823 ], [ 32.523489465109414, 0.582306690264444 ], [ 32.523489274837708, 0.584568437584781 ], [ 32.521242358482276, 0.586829991774757 ], [ 32.521242165831104, 0.589091738313976 ], [ 32.521241972438716, 0.591353484834696 ], [ 32.521241778305125, 0.593615231336848 ], [ 32.521241583430303, 0.595876977820361 ], [ 32.518994658654748, 0.598138526525668 ], [ 32.518994461376117, 0.600400272223847 ], [ 32.51674753309171, 0.602661817715201 ], [ 32.516747333395344, 0.604923562624259 ], [ 32.516747132950783, 0.60718530751432 ], [ 32.51674693175805, 0.609447052385314 ], [ 32.516746729817136, 0.611708797237171 ], [ 32.516746527128028, 0.613970542069819 ], [ 32.516746323690739, 0.616232286883187 ], [ 32.516746119505264, 0.618494031677204 ], [ 32.518992652356758, 0.620755982650539 ], [ 32.518992447631064, 0.62301772815699 ], [ 32.518992242160657, 0.625279473643878 ], [ 32.51899203594553, 0.627541219111132 ], [ 32.518991828985683, 0.62980296455868 ], [ 32.518991621281131, 0.632064709986453 ], [ 32.518991412831845, 0.634326455394377 ], [ 32.518991203637846, 0.636588200782384 ], [ 32.516744248167257, 0.638849733940853 ], [ 32.514497290732187, 0.641111264584247 ], [ 32.514497077329068, 0.643373008405863 ], [ 32.514496863174273, 0.645634752207275 ], [ 32.514496648267787, 0.647896495988412 ], [ 32.51224968362294, 0.65015802177026 ], [ 32.512249466211699, 0.652419764752276 ], [ 32.512249248045286, 0.654681507713804 ], [ 32.512249029123701, 0.656943250654772 ], [ 32.510002057189077, 0.659204771542415 ], [ 32.507755083227352, 0.66146628986182 ], [ 32.507754860002713, 0.663728031213456 ], [ 32.505507882222567, 0.665989546164339 ], [ 32.503260902394459, 0.668251058522262 ], [ 32.50101392051144, 0.670512568276651 ], [ 32.50101369114023, 0.672774307227376 ], [ 32.50101346099644, 0.675036046156971 ], [ 32.501013230080076, 0.677297785065363 ], [ 32.501012998391126, 0.679559523952482 ], [ 32.498766007190468, 0.681821027890323 ], [ 32.498765772906289, 0.68408276595531 ], [ 32.498765537846047, 0.686344503998809 ], [ 32.498765302009744, 0.688606242020751 ], [ 32.498765065397372, 0.690867980021064 ], [ 32.498764828008923, 0.693129717999677 ], [ 32.498764589844413, 0.69539145595652 ], [ 32.50101111706644, 0.697653434275091 ], [ 32.501010878424182, 0.699915172967558 ], [ 32.501010639009337, 0.702176911638043 ], [ 32.501010398821883, 0.704438650286473 ], [ 32.501010157861835, 0.706700388912778 ], [ 32.501009916129171, 0.708962127516887 ], [ 32.498762900962653, 0.711223621038872 ], [ 32.498762656589498, 0.713485358818992 ], [ 32.498762411440261, 0.715747096576702 ], [ 32.496515390333499, 0.718008585802593 ], [ 32.494268367018776, 0.720270072325333 ], [ 32.494268117322882, 0.72253180844611 ], [ 32.492021089897548, 0.724793291442536 ], [ 32.492020837519398, 0.727055026727961 ], [ 32.489773805959089, 0.729316506180281 ], [ 32.487527028353497, 0.72931624924119 ], [ 32.485279994220868, 0.731577724022268 ], [ 32.483032957838574, 0.733839196043748 ], [ 32.480785919199654, 0.736100665295056 ], [ 32.478538878297158, 0.738362131765616 ], [ 32.476291835124137, 0.740623595444855 ], [ 32.474044789673641, 0.742885056322197 ], [ 32.474044521851432, 0.745146784977709 ], [ 32.474044253214849, 0.747408513609809 ], [ 32.47179720155281, 0.749669969984968 ], [ 32.469550147585466, 0.751931423529936 ], [ 32.469549874189994, 0.754193150445049 ], [ 32.467302815927717, 0.756454600297139 ], [ 32.467302539724741, 0.75871632633637 ], [ 32.467302262696933, 0.760978052351759 ], [ 32.467301984844298, 0.763239778343237 ], [ 32.465054918266027, 0.765501222772924 ], [ 32.465054637584998, 0.767762947884445 ], [ 32.462807566642219, 0.770024388578376 ], [ 32.462807283118863, 0.772286112806151 ], [ 32.462806998763718, 0.774547837009657 ], [ 32.462806713576768, 0.776809561188822 ], [ 32.462806427558021, 0.779071285343576 ], [ 32.462806140707464, 0.781333009473846 ], [ 32.462805853025102, 0.783594733579563 ], [ 32.462805564510937, 0.785856457660655 ], [ 32.462805275164968, 0.78811818171705 ], [ 32.462804984987173, 0.790379905748679 ], [ 32.462804693977567, 0.792641629755469 ], [ 32.46280440213615, 0.794903353737351 ], [ 32.460557306403444, 0.797164782041854 ], [ 32.458310208219373, 0.799426207406111 ], [ 32.45830991142067, 0.801687929631472 ], [ 32.458309613783186, 0.803949651831637 ], [ 32.460556122461661, 0.806211674262502 ], [ 32.460555824387946, 0.8084733972545 ], [ 32.462802335955139, 0.810735420907095 ], [ 32.465048850015464, 0.812997444953746 ], [ 32.467295366575875, 0.815259469383882 ], [ 32.469541885643338, 0.817521494186926 ], [ 32.469541588428008, 0.81978322038593 ], [ 32.471788110450305, 0.822045246350487 ], [ 32.474034635000542, 0.824307272663234 ], [ 32.476281162085662, 0.826569299313599 ], [ 32.476280865402686, 0.828831027873453 ], [ 32.476280567908724, 0.831092756407268 ], [ 32.476280269603784, 0.83335448491497 ], [ 32.474033141150002, 0.835615911242261 ], [ 32.471786010126543, 0.837877334610556 ], [ 32.474032537908542, 0.840139366490587 ], [ 32.47627936982304, 0.840139670280696 ], [ 32.478525902293178, 0.842401701987426 ], [ 32.476278765914252, 0.844663127059319 ], [ 32.476278462743366, 0.846924855408859 ], [ 32.474031321651943, 0.849186276669907 ], [ 32.47178417794909, 0.851447694950513 ], [ 32.469537341164546, 0.851447384434946 ], [ 32.467290194353829, 0.853708797578219 ], [ 32.46504304491777, 0.855970207712901 ], [ 32.462796207982663, 0.855969891572839 ], [ 32.460549055428331, 0.858231296524537 ], [ 32.458301900234765, 0.860492698439492 ], [ 32.456054742395011, 0.862754097307129 ], [ 32.453807581902119, 0.865015493116873 ], [ 32.451560418749132, 0.867276885858149 ], [ 32.449313252929102, 0.869538275520382 ], [ 32.447066413930862, 0.86953794494656 ], [ 32.444819575788877, 0.869537613026888 ], [ 32.442572738506605, 0.869537279761369 ], [ 32.440325568575574, 0.871798659695531 ], [ 32.438078395963601, 0.874060036508498 ], [ 32.435831558600462, 0.874059697450503 ], [ 32.433584382828585, 0.876321068897884 ], [ 32.431337545870548, 0.876320726249736 ], [ 32.429090366935277, 0.878582092303456 ], [ 32.426843185298232, 0.880843455190256 ], [ 32.424596000952448, 0.88310481489956 ], [ 32.422348813890977, 0.885366171420794 ], [ 32.422348463407559, 0.887627878683115 ], [ 32.42234811202961, 0.889889585917523 ], [ 32.420100917719864, 0.892150937380237 ], [ 32.417853720666606, 0.894412285626582 ], [ 32.415606520862902, 0.896673630645984 ], [ 32.413359318301772, 0.898934972427868 ], [ 32.411112112976284, 0.901196310961659 ], [ 32.408864904879472, 0.903457646236782 ], [ 32.406617694004396, 0.905718978242662 ], [ 32.404370480344092, 0.907980306968725 ], [ 32.402123263891617, 0.910241632404396 ], [ 32.399876044640024, 0.9125029545391 ], [ 32.397628822582341, 0.914764273362261 ], [ 32.395381597711626, 0.917025588863306 ], [ 32.393134370020931, 0.91928690103166 ], [ 32.390887139503299, 0.921548209856748 ], [ 32.388639906151788, 0.923809515327994 ], [ 32.386392669959427, 0.926070817434824 ], [ 32.384145430919276, 0.928332116166664 ], [ 32.381898189024383, 0.930593411512939 ], [ 32.379650944267802, 0.932854703463073 ], [ 32.37740369664256, 0.935115992006492 ], [ 32.375156446141723, 0.937377277132621 ], [ 32.372909192758343, 0.939638558830887 ], [ 32.372908788981704, 0.941900244750614 ], [ 32.370661530287698, 0.944161522001756 ], [ 32.36841426869028, 0.946422795800309 ], [ 32.3661670041825, 0.948684066135698 ], [ 32.363919736757403, 0.95094533299735 ], [ 32.361672466408038, 0.953206596374688 ], [ 32.361672049467685, 0.955468277185244 ], [ 32.359424773727717, 0.957729536041065 ], [ 32.357177495042613, 0.959990791387848 ], [ 32.357177072181003, 0.962252470111349 ], [ 32.357176648323865, 0.964514148804556 ], [ 32.3571762234712, 0.966775827467401 ], [ 32.357175797623, 0.96903750609981 ], [ 32.35717537077926, 0.971299184701713 ], [ 32.357174942939977, 0.973560863273039 ], [ 32.357174514105154, 0.975822541813717 ], [ 32.357174084274774, 0.978084220323675 ], [ 32.357173653448854, 0.980345898802843 ], [ 32.357173221627377, 0.982607577251149 ], [ 32.354925915065621, 0.984868818736545 ], [ 32.354925479736977, 0.987130496119342 ], [ 32.354925043409288, 0.989392173471062 ], [ 32.352677728778296, 0.99165340931415 ], [ 32.352677288926024, 0.993915085596426 ], [ 32.352676848071219, 0.996176761847411 ], [ 32.350429525322276, 0.998437992023026 ], [ 32.350429080925473, 1.000699667200633 ], [ 32.350428635522661, 1.002961342346733 ], [ 32.350428189113806, 1.005223017461255 ], [ 32.350427741698937, 1.00748469254413 ], [ 32.350427293278024, 1.009746367595284 ], [ 32.350426843851075, 1.012008042614647 ], [ 32.35042639341809, 1.014269717602149 ], [ 32.350425941979061, 1.016531392557717 ], [ 32.350425489533983, 1.018793067481279 ], [ 32.350425036082861, 1.021054742372767 ], [ 32.350424581625681, 1.023316417232107 ], [ 32.350424126162444, 1.02557809205923 ], [ 32.35042366969315, 1.027839766854063 ], [ 32.350423212217791, 1.030101441616536 ], [ 32.35042275373636, 1.032363116346577 ], [ 32.350422294248865, 1.034624791044115 ], [ 32.350421833755291, 1.03688646570908 ], [ 32.350421372255632, 1.039148140341399 ], [ 32.3504209097499, 1.041409814941002 ], [ 32.350420446238083, 1.043671489507817 ], [ 32.350419981720165, 1.045933164041774 ], [ 32.350419516196169, 1.048194838542801 ], [ 32.350419049666073, 1.050456513010827 ], [ 32.350418582129869, 1.05271818744578 ], [ 32.350418113587573, 1.054979861847591 ], [ 32.350417644039162, 1.057241536216187 ], [ 32.350417173484644, 1.059503210551497 ], [ 32.350416701924011, 1.06176488485345 ], [ 32.350416229357258, 1.064026559121976 ], [ 32.35041575578439, 1.066288233357001 ], [ 32.350415281205393, 1.068549907558457 ], [ 32.350414805620268, 1.070811581726271 ], [ 32.350414329029014, 1.073073255860372 ], [ 32.350413851431618, 1.07533492996069 ], [ 32.352660309582042, 1.077597085442334 ], [ 32.352659831631073, 1.079858760485501 ], [ 32.352659352677428, 1.08212043549467 ], [ 32.352658872721108, 1.084382110469773 ], [ 32.35265839176212, 1.086643785410738 ], [ 32.352657909800449, 1.088905460317493 ], [ 32.352657426836096, 1.091167135189967 ], [ 32.352656942869061, 1.09342881002809 ], [ 32.352656457899329, 1.095690484831789 ], [ 32.352655971926907, 1.097952159600995 ], [ 32.352655484951789, 1.100213834335635 ], [ 32.352654996973968, 1.102475509035639 ], [ 32.352654507993442, 1.104737183700934 ], [ 32.352654018010213, 1.106998858331451 ], [ 32.352653527024273, 1.109260532927118 ], [ 32.352653035035608, 1.111522207487864 ], [ 32.352652542044225, 1.113783882013618 ], [ 32.352652048050125, 1.116045556504308 ], [ 32.352651553053292, 1.118307230959863 ], [ 32.352651057053734, 1.120568905380213 ], [ 32.352650560051437, 1.122830579765285 ], [ 32.352650062046401, 1.12509225411501 ], [ 32.352649563038618, 1.127353928429315 ], [ 32.352649063028096, 1.129615602708129 ], [ 32.352648562014821, 1.131877276951383 ], [ 32.352648059998792, 1.134138951159003 ], [ 32.352647556980003, 1.136400625330919 ], [ 32.352647052958446, 1.13866229946706 ], [ 32.352646547934128, 1.140923973567355 ], [ 32.35264604190705, 1.143185647631732 ], [ 32.35264553487719, 1.145447321660121 ], [ 32.352645026844556, 1.14770899565245 ], [ 32.352644517809139, 1.149970669608648 ], [ 32.352644007770927, 1.152232343528644 ], [ 32.352643496729939, 1.154494017412367 ], [ 32.352642984686156, 1.156755691259745 ], [ 32.35264247163957, 1.159017365070707 ], [ 32.352641957590187, 1.161279038845183 ], [ 32.352641442537994, 1.163540712583101 ], [ 32.350393922461187, 1.165801865453551 ], [ 32.348146398799031, 1.168063014458046 ], [ 32.34589887154457, 1.170324159586007 ], [ 32.343651340690855, 1.172585300826861 ], [ 32.341403806230929, 1.174846438170031 ], [ 32.339156268157851, 1.177107571604941 ], [ 32.336908726464657, 1.179368701121014 ], [ 32.334661181144398, 1.181629826707675 ], [ 32.332413632190125, 1.183890948354346 ], [ 32.330166079594882, 1.186152066050454 ], [ 32.32791852335172, 1.18841317978542 ], [ 32.325670963453682, 1.190674289548669 ], [ 32.323423399893827, 1.192935395329625 ], [ 32.32117583266519, 1.195196497117712 ], [ 32.318928261760824, 1.197457594902354 ], [ 32.316680687173786, 1.199718688672974 ], [ 32.314433108897099, 1.201979778418996 ], [ 32.312185526923841, 1.204240864129845 ], [ 32.309937941247043, 1.206501945794944 ], [ 32.307690351859755, 1.208763023403718 ], [ 32.305442758755028, 1.211024096945589 ], [ 32.303195161925906, 1.213285166409983 ], [ 32.303194582723975, 1.215546816242718 ], [ 32.303194002442567, 1.21780846603715 ], [ 32.303193421081687, 1.220070115793208 ], [ 32.30094581165968, 1.222331177791156 ], [ 32.298698198478505, 1.224592235679745 ], [ 32.296450581531197, 1.226853289448399 ], [ 32.296449990187504, 1.229114935776455 ], [ 32.296449397753868, 1.231376582065776 ], [ 32.296448804230295, 1.233638228316291 ], [ 32.29644820961677, 1.235899874527929 ], [ 32.29644761391328, 1.238161520700617 ], [ 32.296447017119846, 1.240423166834286 ], [ 32.296446419236446, 1.242684812928864 ], [ 32.296445820263074, 1.244946458984279 ], [ 32.296445220199736, 1.247208105000461 ], [ 32.294197572518598, 1.249469144402932 ], [ 32.291949920994774, 1.251730179632129 ], [ 32.289702265621322, 1.253991210677478 ], [ 32.287454606391286, 1.2562522375284 ], [ 32.285206943297716, 1.258513260174322 ], [ 32.282959276333656, 1.260774278604665 ], [ 32.280711605492158, 1.263035292808853 ], [ 32.278463930766272, 1.265296302776311 ], [ 32.276216252149034, 1.267557308496462 ], [ 32.27396856963351, 1.26981830995873 ], [ 32.271720883212744, 1.272079307152538 ], [ 32.269473192879779, 1.27434030006731 ], [ 32.26722549862766, 1.276601288692471 ], [ 32.264977800449451, 1.278862273017443 ], [ 32.262730098338189, 1.281123253031651 ], [ 32.260482392286917, 1.283384228724516 ], [ 32.258234682288702, 1.285645200085466 ], [ 32.255986968336579, 1.287906167103922 ], [ 32.2537392504236, 1.290167129769307 ], [ 32.251491528542815, 1.292428088071047 ], [ 32.249243802687275, 1.294689041998566 ], [ 32.246996072850024, 1.296949991541285 ], [ 32.244748339024106, 1.29921093668863 ], [ 32.242500601202586, 1.301471877430023 ], [ 32.240252859378508, 1.303732813754889 ], [ 32.238005113544908, 1.305993745652652 ], [ 32.235757363694844, 1.308254673112735 ], [ 32.233509609821375, 1.310515596124562 ], [ 32.231261851917537, 1.312776514677557 ], [ 32.229014089976374, 1.315037428761143 ], [ 32.226766323990958, 1.317298338364745 ], [ 32.224518553954319, 1.319559243477785 ], [ 32.222270779859507, 1.321820144089688 ], [ 32.22002300169958, 1.324081040189878 ], [ 32.217775219467583, 1.326341931767778 ], [ 32.215527433156574, 1.328602818812813 ], [ 32.213279642759581, 1.330863701314405 ], [ 32.211031848269677, 1.333124579261979 ], [ 32.208784049679899, 1.335385452644958 ], [ 32.206536246983298, 1.337646321452767 ], [ 32.204288440172924, 1.339907185674829 ], [ 32.202040629241829, 1.342168045300567 ], [ 32.199792814183063, 1.344428900319406 ], [ 32.19754499498967, 1.346689750720769 ], [ 32.195297171654708, 1.348950596494081 ], [ 32.193049344171222, 1.351211437628765 ], [ 32.190801512532261, 1.353472274114244 ], [ 32.188553676730876, 1.355733105939943 ], [ 32.186305836760113, 1.357993933095286 ], [ 32.184057992613035, 1.360254755569696 ], [ 32.181810144282679, 1.362515573352597 ], [ 32.179562291762096, 1.364776386433413 ], [ 32.177314435044345, 1.367037194801567 ], [ 32.175066574122468, 1.369297998446484 ], [ 32.172818708989517, 1.371558797357587 ], [ 32.170570839638543, 1.373819591524302 ], [ 32.168322966062597, 1.376080380936049 ], [ 32.166075088254729, 1.378341165582255 ], [ 32.163827206207991, 1.380601945452343 ], [ 32.161579319915425, 1.382862720535735 ], [ 32.159331429370091, 1.385123490821858 ], [ 32.157083534565039, 1.387384256300133 ], [ 32.154835635493313, 1.389645016959987 ], [ 32.152587732147964, 1.391905772790841 ], [ 32.15033982452205, 1.394166523782119 ], [ 32.150339013039996, 1.396428088371467 ], [ 32.148091097661002, 1.398688833142434 ], [ 32.148090281393316, 1.400950396317398 ], [ 32.145842358236884, 1.403211134850249 ], [ 32.143594430765113, 1.405471868504642 ], [ 32.143593606211404, 1.407733428883963 ], [ 32.143592780330636, 1.40999498921877 ], [ 32.141344841546243, 1.412255715221972 ], [ 32.141344010838012, 1.414517274131006 ], [ 32.139096064203102, 1.416777993842676 ], [ 32.136848113211116, 1.419038708633426 ], [ 32.134600157855104, 1.421299418492679 ], [ 32.132352198128117, 1.42356012340986 ], [ 32.130104234023214, 1.425820823374393 ], [ 32.130103384360588, 1.428082375278718 ], [ 32.127855412325147, 1.430343068877297 ], [ 32.125607435890927, 1.432603757498496 ], [ 32.123359455050981, 1.434864441131741 ], [ 32.121111469798358, 1.437125119766455 ], [ 32.118863480126087, 1.43938579339206 ], [ 32.11661548602725, 1.441646461997982 ], [ 32.114367487494881, 1.443907125573644 ], [ 32.11211948452204, 1.44616778410847 ], [ 32.109871477101777, 1.448428437591884 ], [ 32.109870593898229, 1.450689976697009 ], [ 32.109869709315277, 1.452951515756224 ], [ 32.109868823352926, 1.455213054769457 ], [ 32.109867936011163, 1.457474593736637 ], [ 32.109867047289981, 1.459736132657692 ], [ 32.107619017321447, 1.461996773903357 ], [ 32.107618123591593, 1.464258311342841 ], [ 32.105370085490719, 1.466518946059097 ], [ 32.103122042879797, 1.468779575670745 ], [ 32.103121140480681, 1.471041110182255 ], [ 32.103120236691652, 1.473302644647204 ], [ 32.103119331512723, 1.47556417906552 ], [ 32.100871273413489, 1.477824799223209 ], [ 32.100870363180547, 1.480086332148414 ], [ 32.100869451554203, 1.482347865026768 ], [ 32.100868538534435, 1.484609397858201 ], [ 32.100867624121243, 1.48687093064264 ], [ 32.100866708314619, 1.489132463380014 ], [ 32.098618627280437, 1.491393071150544 ], [ 32.09637054165966, 1.493653673756109 ], [ 32.094122451445337, 1.495914271186134 ], [ 32.091874356630527, 1.498174863430042 ], [ 32.091873424634727, 1.500436390297388 ], [ 32.091872491231527, 1.502697917117229 ], [ 32.091871556420919, 1.504959443889493 ], [ 32.09187062020289, 1.507220970614109 ], [ 32.091869682577446, 1.509482497291004 ], [ 32.091868743544566, 1.511744023920108 ], [ 32.09186780310425, 1.514005550501349 ], [ 32.089619677594357, 1.516266127294322 ], [ 32.089618732005832, 1.518527652362439 ], [ 32.087370598085087, 1.520788222454326 ], [ 32.087369647334405, 1.523049746005521 ], [ 32.085121504978439, 1.525310309378513 ], [ 32.082873357931526, 1.527570867490875 ], [ 32.08062520618671, 1.529831420332033 ], [ 32.080624242715707, 1.532092939406781 ], [ 32.08062327781979, 1.534354458433009 ], [ 32.078375113801521, 1.536615003025848 ], [ 32.076126945057531, 1.53887554231917 ], [ 32.073878771580866, 1.5411360763024 ], [ 32.071630593364581, 1.54339660496496 ], [ 32.06938241040173, 1.545657128296273 ], [ 32.067134222685361, 1.547917646285763 ], [ 32.064886030208527, 1.550178158922854 ], [ 32.062637832964271, 1.552438666196968 ], [ 32.060389630945657, 1.554699168097529 ], [ 32.058141424145731, 1.556959664613961 ], [ 32.05589321255755, 1.559220155735686 ], [ 32.055892204168856, 1.561481658199316 ], [ 32.05589119431685, 1.563743160613462 ], [ 32.05589018300153, 1.566004662978054 ], [ 32.055889170222883, 1.568266165293017 ], [ 32.055888155980909, 1.570527667558282 ], [ 32.058134361782557, 1.572790191453443 ], [ 32.058133347034122, 1.575051695088871 ], [ 32.058132330825821, 1.57731319867439 ], [ 32.058131313157638, 1.579574702209926 ], [ 32.05813029402956, 1.581836205695409 ], [ 32.05812927344158, 1.584097709130767 ], [ 32.058128251393697, 1.586359212515928 ], [ 32.058127227885905, 1.58862071585082 ], [ 32.058126202918181, 1.590882219135373 ], [ 32.058125176490535, 1.593143722369513 ], [ 32.058124148602957, 1.595405225553171 ], [ 32.058123119255427, 1.597666728686274 ], [ 32.058122088447945, 1.59992823176875 ], [ 32.058121056180497, 1.602189734800529 ], [ 32.058120022453082, 1.604451237781538 ], [ 32.058118987265694, 1.606712740711706 ], [ 32.05811795061831, 1.608974243590961 ], [ 32.05811691251094, 1.611235746419232 ], [ 32.058115872943574, 1.613497249196447 ], [ 32.058114831916193, 1.615758751922535 ], [ 32.058113789428795, 1.618020254597423 ], [ 32.058112745481367, 1.620281757221041 ], [ 32.058111700073916, 1.622543259793317 ], [ 32.058110653206413, 1.624804762314179 ], [ 32.058109604878872, 1.627066264783555 ], [ 32.058108555091266, 1.629327767201375 ], [ 32.058107503843594, 1.631589269567566 ], [ 32.058106451135849, 1.633850771882056 ], [ 32.058105396968024, 1.636112274144775 ], [ 32.058104341340112, 1.638373776355651 ], [ 32.058103284252098, 1.640635278514612 ], [ 32.058102225703976, 1.642896780621586 ], [ 32.058101165695739, 1.645158282676502 ], [ 32.058100104227385, 1.647419784679289 ], [ 32.058099041298895, 1.649681286629874 ], [ 32.058097976910268, 1.651942788528187 ], [ 32.058096911061497, 1.654204290374155 ], [ 32.058095843752568, 1.656465792167707 ], [ 32.058094774983473, 1.658727293908771 ], [ 32.058093704754206, 1.660988795597277 ], [ 32.058092633064767, 1.663250297233152 ], [ 32.058091559915141, 1.665511798816324 ], [ 32.058090485305307, 1.667773300346723 ], [ 32.058089409235272, 1.670034801824276 ], [ 32.058088331705022, 1.672296303248912 ], [ 32.058087252714557, 1.674557804620559 ], [ 32.058086172263856, 1.676819305939146 ], [ 32.058085090352925, 1.679080807204602 ], [ 32.058084006981744, 1.681342308416854 ], [ 32.058082922150305, 1.683603809575831 ], [ 32.058081835858601, 1.685865310681462 ], [ 32.058080748106633, 1.688126811733674 ], [ 32.058079658894378, 1.690388312732397 ], [ 32.058078568221845, 1.692649813677559 ], [ 32.058077476089004, 1.694911314569088 ], [ 32.058076382495862, 1.697172815406912 ], [ 32.058075287442406, 1.699434316190961 ], [ 32.058074190928629, 1.701695816921162 ], [ 32.05807309295453, 1.703957317597443 ], [ 32.05807199352008, 1.706218818219735 ], [ 32.058070892625288, 1.708480318787964 ], [ 32.060317167244591, 1.71074292799629 ], [ 32.062563447125783, 1.713005537432367 ], [ 32.06480973227584, 1.715268147085619 ], [ 32.067056022701742, 1.717530756945471 ], [ 32.069302318410472, 1.719793367001345 ], [ 32.071548619409015, 1.722055977242668 ], [ 32.073794925704355, 1.724318587658861 ], [ 32.0737938317017, 1.726580097983883 ], [ 32.073792736262995, 1.728841608254222 ], [ 32.07379163938824, 1.731103118469806 ], [ 32.073790541077436, 1.733364628630564 ], [ 32.073789441330554, 1.735626138736423 ], [ 32.073788340147601, 1.737887648787313 ], [ 32.073787237528563, 1.740149158783162 ], [ 32.07378613347344, 1.742410668723898 ], [ 32.073785027982211, 1.74467217860945 ], [ 32.073783921054869, 1.746933688439746 ], [ 32.073782812691412, 1.749195198214716 ], [ 32.073781702891836, 1.751456707934286 ], [ 32.073780591656117, 1.753718217598386 ], [ 32.076026919400306, 1.755980846208366 ], [ 32.076025807994689, 1.75824235720333 ], [ 32.076024695156406, 1.760503868142613 ], [ 32.07602358088544, 1.762765379026143 ], [ 32.076022465181772, 1.765026889853848 ], [ 32.07826880344102, 1.767289524102124 ], [ 32.078267687591769, 1.7695510362565 ], [ 32.078266570313289, 1.77181254835484 ], [ 32.07826545160556, 1.774074060397072 ], [ 32.078264331468581, 1.776335572383125 ], [ 32.078263209902339, 1.778597084312928 ], [ 32.080509560102954, 1.780859725538024 ], [ 32.080508438418903, 1.783121238790163 ], [ 32.080507315309049, 1.785382751985841 ], [ 32.080506190773377, 1.787644265124985 ], [ 32.080505064811888, 1.789905778207524 ], [ 32.080503937424567, 1.792167291233387 ], [ 32.080502808611413, 1.794428804202503 ], [ 32.08274917225274, 1.796691453731219 ], [ 32.084995541420874, 1.79895410328205 ], [ 32.084994413867406, 1.801215618940144 ], [ 32.087240789922539, 1.803478269870062 ], [ 32.08948717152542, 1.805740920797374 ], [ 32.091733558683018, 1.808003571711502 ], [ 32.091732433801624, 1.810265091404309 ], [ 32.093978827898532, 1.812527743651456 ], [ 32.096226349690333, 1.812528873457901 ], [ 32.098473872883673, 1.81253000045914 ], [ 32.100720280935001, 1.814792649868618 ], [ 32.102966694569012, 1.817055299215597 ], [ 32.105213113792701, 1.819317948489495 ], [ 32.107460650936623, 1.819319068449043 ], [ 32.109708189464676, 1.819320185592831 ], [ 32.109707079941181, 1.821581716213106 ], [ 32.10745842490531, 1.823842126852798 ], [ 32.107457309813441, 1.826103655968148 ], [ 32.107456193337406, 1.828365185025718 ], [ 32.107455075477205, 1.830626714025437 ], [ 32.105206402236192, 1.832887114649149 ], [ 32.105205278786642, 1.83514864213985 ], [ 32.105204153949423, 1.837410169572481 ], [ 32.107450590194546, 1.839672829444369 ], [ 32.109697032099064, 1.841935489193487 ], [ 32.109695908768607, 1.844197019234209 ], [ 32.107447211698378, 1.846457415397627 ], [ 32.107446082764532, 1.848718943931962 ], [ 32.107444952446428, 1.850980472407802 ], [ 32.107443820744081, 1.853242000825077 ], [ 32.107442687657468, 1.855503529183714 ], [ 32.107441553186582, 1.857765057483642 ], [ 32.107440417331418, 1.860026585724789 ], [ 32.107439280091967, 1.862288113907085 ], [ 32.107438141468215, 1.864549642030457 ], [ 32.1096845995217, 1.86681231642048 ], [ 32.109683461002582, 1.869073845815441 ], [ 32.109682321102632, 1.871335375151267 ], [ 32.109681179821827, 1.873596904427887 ], [ 32.109680037160167, 1.87585843364523 ], [ 32.109678893117646, 1.878119962803225 ], [ 32.109677747694249, 1.8803814919018 ], [ 32.109676600889969, 1.882643020940883 ], [ 32.109675452704792, 1.884904549920403 ], [ 32.109674303138718, 1.887166078840289 ], [ 32.109673152191732, 1.889427607700468 ], [ 32.109671999863835, 1.891689136500871 ], [ 32.109670846155005, 1.893950665241425 ], [ 32.109669691065235, 1.896212193922058 ], [ 32.109668534594526, 1.8984737225427 ], [ 32.109667376742863, 1.900735251103278 ], [ 32.109666217510231, 1.902996779603722 ], [ 32.109665056896631, 1.90525830804396 ], [ 32.109663894902042, 1.907519836423921 ], [ 32.109662731526477, 1.909781364743532 ], [ 32.109661566769901, 1.912042893002724 ], [ 32.109660400632322, 1.914304421201424 ], [ 32.109659233113724, 1.91656594933956 ], [ 32.109658064214102, 1.918827477417062 ], [ 32.109656893933447, 1.921089005433857 ], [ 32.109655722271746, 1.923350533389875 ], [ 32.109654549228999, 1.925612061285044 ], [ 32.109653374805177, 1.927873589119292 ], [ 32.111899880211475, 1.930136299142277 ], [ 32.11189870599636, 1.932397828240713 ], [ 32.114145218937622, 1.934660539305826 ], [ 32.116391737831073, 1.936923250077309 ], [ 32.116390565445755, 1.939184781754136 ], [ 32.116389391689786, 1.941446313369624 ], [ 32.116388216563138, 1.943707844923703 ], [ 32.118634746268661, 1.945970559334002 ], [ 32.120881281961275, 1.94823327341881 ], [ 32.120880108720101, 1.950494807536252 ], [ 32.1231266520453, 1.952757522592062 ], [ 32.12537320137853, 1.955020237297657 ], [ 32.127619756726773, 1.957282951642458 ], [ 32.129867484742235, 1.957284126291561 ], [ 32.13211405047506, 1.959546838590234 ], [ 32.134360622236898, 1.961809550499941 ], [ 32.136607200034739, 1.964072262010104 ], [ 32.138853783875568, 1.966334973110145 ], [ 32.138852623937851, 1.968596517584269 ], [ 32.141099215522964, 1.970859229542137 ], [ 32.143345813172026, 1.973121941065157 ], [ 32.143344655300929, 1.975383488030408 ], [ 32.143343496100847, 1.977645034933218 ], [ 32.143342335571795, 1.979906581773519 ], [ 32.143341173713743, 1.982168128551238 ], [ 32.145587784301497, 1.984430844713732 ], [ 32.147834400995066, 1.986693560405947 ], [ 32.150081023801441, 1.988956275617303 ], [ 32.150079865812209, 1.991217826134835 ], [ 32.150078706504395, 1.993479376589437 ], [ 32.152325338927142, 1.995742093829992 ], [ 32.152324180054251, 1.998003645481813 ], [ 32.152323019866238, 2.000265197070494 ], [ 32.154569661954135, 2.002527916315126 ], [ 32.154568502218432, 2.004789469097112 ], [ 32.154567341171067, 2.007051021815746 ], [ 32.154566178812033, 2.00931257447096 ], [ 32.154565015141316, 2.011574127062682 ], [ 32.154563850158922, 2.01383567959084 ], [ 32.152314861726069, 2.016096056417375 ], [ 32.154561516259037, 2.01835878445618 ], [ 32.156808177002461, 2.02062151194314 ], [ 32.156807009883707, 2.022883065532649 ], [ 32.159053678650324, 2.025145793706088 ], [ 32.15905251203251, 2.027407348480516 ], [ 32.161299188846741, 2.029670077322649 ], [ 32.1612980227438, 2.031931633278221 ], [ 32.161296855339565, 2.034193189169597 ], [ 32.15904783251343, 2.036453566936955 ], [ 32.159046659371654, 2.038715121390389 ], [ 32.159045484925052, 2.04097667577941 ], [ 32.159044309173616, 2.043238230103948 ], [ 32.159043132117354, 2.045499784363929 ], [ 32.15904195375623, 2.047761338559284 ], [ 32.159040774090258, 2.050022892689942 ], [ 32.15903959311941, 2.052284446755829 ], [ 32.156790532851218, 2.054544809042052 ], [ 32.154541466260945, 2.056805165453855 ], [ 32.154540275042926, 2.059066716695757 ], [ 32.156786968695911, 2.061329466716815 ], [ 32.159033668691883, 2.063592216111228 ], [ 32.161280375037833, 2.065854964868413 ], [ 32.163527087740761, 2.068117712977792 ], [ 32.16352590269809, 2.070379269138226 ], [ 32.163524716357443, 2.072640825233256 ], [ 32.163523528718819, 2.074902381262809 ], [ 32.163522339782197, 2.077163937226816 ], [ 32.16352114954757, 2.079425493125204 ], [ 32.163519958014938, 2.081687048957904 ], [ 32.163518765184278, 2.083948604724841 ], [ 32.163517571055593, 2.086210160425947 ], [ 32.165764305333816, 2.088472917770869 ], [ 32.165763111824162, 2.090734474642507 ], [ 32.168009854453175, 2.092997232522785 ], [ 32.170256603522922, 2.095259989691401 ], [ 32.17250335904037, 2.097522746137774 ], [ 32.172502170039635, 2.099784306631069 ], [ 32.174748933960238, 2.102047063566714 ], [ 32.176995704349522, 2.104309819755386 ], [ 32.176994517975459, 2.106571382622852 ], [ 32.176993330324201, 2.108832945423795 ], [ 32.176992141395736, 2.111094508158142 ], [ 32.176990951190049, 2.113356070825823 ], [ 32.176989759707141, 2.115617633426766 ], [ 32.17698856694701, 2.117879195960899 ], [ 32.179235355659372, 2.120141958680356 ], [ 32.181482150896258, 2.122404720610267 ], [ 32.183728952664659, 2.124667481740051 ], [ 32.183727764608435, 2.126929047840059 ], [ 32.183726575285398, 2.129190613872911 ], [ 32.18147738304679, 2.13145097977809 ], [ 32.181476187908636, 2.133712544401971 ], [ 32.181474991500153, 2.135974108958479 ], [ 32.183721805324907, 2.138236877331348 ], [ 32.183720609667652, 2.140498443027356 ], [ 32.183719412743521, 2.142760008655783 ], [ 32.183718214552513, 2.145021574216555 ], [ 32.183717015094615, 2.147283139709603 ], [ 32.183715814369812, 2.149544705134853 ], [ 32.183714612378111, 2.151806270492237 ], [ 32.185961445006662, 2.154069045252224 ], [ 32.188208284264427, 2.156331819148101 ], [ 32.190455130158384, 2.158594592169287 ], [ 32.190453933068945, 2.160856161056934 ], [ 32.19045273472301, 2.163117729876369 ], [ 32.190451535120573, 2.165379298627518 ], [ 32.190450334261634, 2.167640867310312 ], [ 32.190449132146178, 2.169902435924679 ], [ 32.190447928774191, 2.172164004470548 ], [ 32.190446724145666, 2.174425572947846 ], [ 32.190445518260603, 2.176687141356505 ], [ 32.190444311118981, 2.17894870969645 ], [ 32.190443102720785, 2.181210277967613 ], [ 32.19044189306603, 2.183471846169922 ], [ 32.190440682154687, 2.185733414303303 ], [ 32.192687559765616, 2.187996200741923 ], [ 32.194934444110466, 2.190258986241866 ], [ 32.194933236173704, 2.192520556685587 ], [ 32.197180129385508, 2.194783342420586 ], [ 32.197178922328625, 2.197044913979352 ], [ 32.199425824431827, 2.199307699931619 ], [ 32.20167273330388, 2.201570484906326 ], [ 32.203919648951789, 2.203833268892887 ], [ 32.206166571382553, 2.206096051880719 ], [ 32.20841350060315, 2.208358833859241 ], [ 32.2106604366206, 2.210621614817869 ], [ 32.212907379441887, 2.21288439474602 ], [ 32.215154329074004, 2.215147173633108 ], [ 32.217401285523948, 2.217409951468553 ], [ 32.215151945880073, 2.21967033523196 ], [ 32.215150752455578, 2.221931915926382 ], [ 32.215149557812722, 2.224193496550706 ], [ 32.217396523066782, 2.226456278994002 ], [ 32.219643495173578, 2.228719060360794 ], [ 32.22189047414011, 2.230981840640501 ], [ 32.224138645749377, 2.230983034612183 ], [ 32.226385636222211, 2.233245811548381 ], [ 32.228632633568793, 2.235508587369313 ], [ 32.230879637796122, 2.237771362064391 ], [ 32.233126648911195, 2.240034135623035 ], [ 32.235373666920992, 2.24229690803466 ], [ 32.237621862915333, 2.242298087235566 ], [ 32.239868892463051, 2.24456085620516 ], [ 32.237619519566181, 2.24682127127102 ], [ 32.23761834611625, 2.249082863182515 ], [ 32.235370139753606, 2.24908168041005 ], [ 32.233120753018348, 2.251342083611664 ], [ 32.233119570268109, 2.253603672996691 ], [ 32.230870171942605, 2.255864068981691 ], [ 32.228620766673529, 2.258124459004517 ], [ 32.226371354453917, 2.260384843054582 ], [ 32.226370156499797, 2.262646428551746 ], [ 32.226368957344597, 2.264908013977548 ], [ 32.226367756988296, 2.267169599331917 ], [ 32.2263665554309, 2.269431184614784 ], [ 32.226365352672396, 2.271692769826077 ], [ 32.224115910034996, 2.273953141494884 ], [ 32.224114701372812, 2.276214725354725 ], [ 32.224113491506003, 2.278476309142774 ], [ 32.224112280434547, 2.280737892858959 ], [ 32.226359320862855, 2.283000694806429 ], [ 32.226358110897479, 2.28526227958678 ], [ 32.228605160670774, 2.287525081472997 ], [ 32.228603951825413, 2.289786667313737 ], [ 32.230851010968138, 2.292049469120913 ], [ 32.233098077166105, 2.294312269706 ], [ 32.233096871793315, 2.296573857728611 ], [ 32.233095665229769, 2.298835445678805 ], [ 32.233094457475467, 2.301097033556509 ], [ 32.235341537782936, 2.303359836273784 ], [ 32.23534033119391, 2.305621425200413 ], [ 32.235339123417582, 2.307883014054344 ], [ 32.23308961455043, 2.310143384341015 ], [ 32.23084009857218, 2.312403748586516 ], [ 32.230838880112323, 2.314665334830157 ], [ 32.23083766045815, 2.316926921000807 ], [ 32.230836439609639, 2.319188507098395 ], [ 32.230835217566806, 2.32145009312285 ], [ 32.233082314438434, 2.323712908331007 ], [ 32.23308109358512, 2.325974495406636 ], [ 32.233079871540937, 2.328236082408924 ], [ 32.23307864830587, 2.330497669337797 ], [ 32.233077423879912, 2.332759256193184 ], [ 32.233076198263049, 2.335020842975016 ], [ 32.233074971455274, 2.337282429683219 ], [ 32.233073743456579, 2.339544016317725 ], [ 32.233072514266951, 2.34180560287846 ], [ 32.233071283886375, 2.344067189365355 ], [ 32.233070052314858, 2.346328775778338 ], [ 32.233068819552379, 2.348590362117337 ], [ 32.233067585598924, 2.350851948382282 ], [ 32.2330663504545, 2.353113534573101 ], [ 32.233065114119086, 2.355375120689724 ], [ 32.233063876592666, 2.357636706732078 ], [ 32.23306263787525, 2.359898292700095 ], [ 32.233061397966807, 2.362159878593701 ], [ 32.233060156867339, 2.364421464412824 ], [ 32.233058914576844, 2.366683050157397 ], [ 32.233057671095295, 2.368944635827345 ], [ 32.233056426422692, 2.371206221422599 ], [ 32.235303581386361, 2.37346905887452 ], [ 32.235302337986653, 2.3757306455144 ], [ 32.237549502727859, 2.377993482717539 ], [ 32.235299847624454, 2.380253818569377 ], [ 32.235298600661935, 2.382515404984331 ], [ 32.235297352511807, 2.384776991324166 ], [ 32.235296103174036, 2.387038577588814 ], [ 32.237543280322186, 2.38930142037006 ], [ 32.239790464825823, 2.391564261754702 ], [ 32.239789219291069, 2.393825850171359 ], [ 32.23978797257562, 2.396087438512548 ], [ 32.239786724679476, 2.398349026778201 ], [ 32.239785475602631, 2.400610614968245 ], [ 32.239784225345062, 2.402872203082609 ], [ 32.239782973906763, 2.405133791121224 ], [ 32.239781721287741, 2.407395379084015 ], [ 32.239780467487968, 2.409656966970915 ], [ 32.242027679497966, 2.411919815812726 ], [ 32.24427489893332, 2.414182663208206 ], [ 32.244273649027072, 2.416444253231055 ], [ 32.244272397947036, 2.418705843177735 ], [ 32.246519629913458, 2.420968691317437 ], [ 32.246518380214191, 2.423230282288343 ], [ 32.246517129344575, 2.425491873182871 ], [ 32.246515877304617, 2.427753464000947 ], [ 32.246514624094296, 2.430015054742502 ], [ 32.246513369713611, 2.432276645407464 ], [ 32.246512114162556, 2.434538235995762 ], [ 32.246510857441102, 2.436799826507325 ], [ 32.246509599549256, 2.439061416942081 ], [ 32.24875685955903, 2.441324272380448 ], [ 32.251004127084997, 2.443587126305032 ], [ 32.253251402134161, 2.445849978705245 ], [ 32.253250150861128, 2.448111572341497 ], [ 32.253248898428126, 2.450373165900598 ], [ 32.253247644835142, 2.452634759382477 ], [ 32.253246390082168, 2.454896352787063 ], [ 32.253245134169198, 2.457157946114285 ], [ 32.25549242983525, 2.459420802407129 ], [ 32.255491175390056, 2.461682396742232 ], [ 32.255489919788332, 2.463943990999761 ], [ 32.255488663030064, 2.466205585179646 ], [ 32.255487405115232, 2.468467179281815 ], [ 32.255486146043843, 2.470728773306197 ], [ 32.255484885815882, 2.472990367252722 ], [ 32.255483624431335, 2.475251961121317 ], [ 32.253233778750946, 2.477512282566182 ], [ 32.253232511237464, 2.479773875115856 ], [ 32.250982652949766, 2.482034189072875 ], [ 32.253229972730161, 2.484297059980694 ], [ 32.255477300159491, 2.486559929292876 ], [ 32.255476031835236, 2.488821522692405 ], [ 32.255474762354325, 2.491083116013508 ], [ 32.255473491716764, 2.493344709256115 ], [ 32.255472219922517, 2.495606302420152 ], [ 32.255470946971592, 2.497867895505549 ], [ 32.255469672863981, 2.500129488512235 ], [ 32.255468397599671, 2.502391081440139 ], [ 32.25546712117864, 2.50465267428919 ], [ 32.255465843600895, 2.506914267059318 ], [ 32.255464564866415, 2.50917585975045 ], [ 32.253214644233118, 2.511436162573617 ], [ 32.253213359317016, 2.513697753943637 ], [ 32.253212073240668, 2.515959345234446 ], [ 32.255459438361001, 2.518222229723605 ], [ 32.255458153842717, 2.520483822018695 ], [ 32.255456868167656, 2.522745414234364 ], [ 32.255455581335781, 2.525007006370539 ], [ 32.255454293347107, 2.52726859842715 ], [ 32.255453004201605, 2.529530190404128 ], [ 32.257700390737114, 2.531793078636397 ], [ 32.257699103177522, 2.534054671613327 ], [ 32.259946500258422, 2.536317559237051 ], [ 32.26219390514899, 2.538580445161983 ], [ 32.264441317856225, 2.540843329377533 ], [ 32.26444003742386, 2.543104925491979 ], [ 32.264438755848573, 2.545366521526308 ], [ 32.264437473130364, 2.547628117480448 ], [ 32.264436189269219, 2.549889713354329 ], [ 32.264434904265123, 2.55215130914788 ], [ 32.264433618118076, 2.554412904861029 ], [ 32.264432330828058, 2.556674500493706 ], [ 32.266679770851283, 2.558937390445072 ], [ 32.266678485216843, 2.561198987062049 ], [ 32.266677198442899, 2.563460583598344 ], [ 32.266675910529443, 2.565722180053886 ], [ 32.266674621476469, 2.567983776428604 ], [ 32.266673331283954, 2.570245372722427 ], [ 32.266672039951906, 2.572506968935285 ], [ 32.266670747480298, 2.574768565067107 ], [ 32.266669453869135, 2.577030161117819 ], [ 32.266668159118396, 2.579291757087352 ], [ 32.268915632396464, 2.581554654832212 ], [ 32.268914339343034, 2.583816251781164 ], [ 32.271161823414459, 2.586079148784858 ], [ 32.27116053207228, 2.588340746709454 ], [ 32.271159239597466, 2.590602344552522 ], [ 32.271157945990019, 2.592863942313993 ], [ 32.271156651249903, 2.595125539993794 ], [ 32.27115535537714, 2.597387137591856 ], [ 32.271154058371685, 2.599648735108108 ], [ 32.271152760233555, 2.601910332542477 ], [ 32.273400272322078, 2.60417323510657 ], [ 32.273398975929993, 2.606434833511978 ], [ 32.273397678408678, 2.608696431835295 ], [ 32.271147556353988, 2.610956721459717 ], [ 32.271146252552285, 2.613218318483611 ], [ 32.271144947617842, 2.615479915425198 ], [ 32.271143641550637, 2.617741512284406 ], [ 32.271142334350671, 2.620003109061164 ], [ 32.271141026017936, 2.6222647057554 ], [ 32.271139716552412, 2.624526302367045 ], [ 32.2733872575851, 2.626789215458028 ], [ 32.275634806707075, 2.629052126665309 ], [ 32.27788236392535, 2.631315035978299 ], [ 32.280129929246932, 2.633577943386409 ], [ 32.280128630344869, 2.635839544103249 ], [ 32.280127330323936, 2.638101144737086 ], [ 32.280126029184132, 2.64036274528785 ], [ 32.280124726925429, 2.642624345755469 ], [ 32.280123423547835, 2.644885946139871 ], [ 32.280122119051335, 2.647147546440987 ], [ 32.280120813435921, 2.649409146658746 ], [ 32.280119506701574, 2.651670746793075 ], [ 32.280118198848292, 2.653932346843904 ], [ 32.280116889876062, 2.656193946811164 ], [ 32.280115579784869, 2.65845554669478 ], [ 32.280114268574714, 2.660717146494683 ], [ 32.280112956245574, 2.662978746210804 ], [ 32.280111642797458, 2.665240345843068 ], [ 32.280110328230336, 2.667501945391408 ], [ 32.280109012544202, 2.669763544855749 ], [ 32.280107695739055, 2.672025144236023 ], [ 32.282355319650996, 2.674288067366204 ], [ 32.28010505877166, 2.676548342744083 ], [ 32.280103738609398, 2.678809941871727 ], [ 32.280102417328074, 2.68107154091502 ], [ 32.280101094927673, 2.683333139873888 ], [ 32.280099771408203, 2.685594738748263 ], [ 32.280098446769635, 2.687856337538073 ], [ 32.282346091760211, 2.690119267925136 ], [ 32.282344769027716, 2.692380867666739 ], [ 32.282343445179606, 2.694642467323568 ], [ 32.282342120215851, 2.696904066895552 ], [ 32.284589782598452, 2.699166998369244 ], [ 32.284588459561682, 2.701428598888969 ], [ 32.284587135412728, 2.70369019932364 ], [ 32.284585810151604, 2.705951799673187 ], [ 32.286833490006558, 2.708214732200893 ], [ 32.286832166693301, 2.71047633349413 ], [ 32.286830842271335, 2.712737934702031 ], [ 32.284580497985068, 2.714998200218702 ], [ 32.284579167162882, 2.717259800141557 ], [ 32.282328809216132, 2.719520057933291 ], [ 32.280078442893412, 2.721780309189137 ], [ 32.280077100348009, 2.724041906616251 ], [ 32.280075756683345, 2.726303503957592 ], [ 32.282323453575863, 2.728566451954833 ], [ 32.282322111876347, 2.730828050245622 ], [ 32.28232076906103, 2.733089648450428 ], [ 32.282319425129906, 2.735351246569183 ], [ 32.282318080082959, 2.737612844601814 ], [ 32.282316733920183, 2.739874442548253 ], [ 32.282315386641564, 2.742136040408425 ], [ 32.282314038247094, 2.744397638182262 ], [ 32.282312688736752, 2.746659235869692 ], [ 32.282311338110553, 2.748920833470644 ], [ 32.28230998636846, 2.751182430985047 ], [ 32.282308633510475, 2.75344402841283 ], [ 32.284556373004214, 2.75570698568286 ], [ 32.286804120985821, 2.757969940830582 ], [ 32.289051877462292, 2.760232893845405 ], [ 32.289050532898656, 2.762494494268733 ], [ 32.289049187229566, 2.7647560946051 ], [ 32.289047840455012, 2.767017694854431 ], [ 32.289046492574982, 2.76927929501666 ], [ 32.291294270177211, 2.771542249968673 ], [ 32.293542056316312, 2.773805202752321 ], [ 32.295791189374768, 2.773806550145284 ], [ 32.298040323528248, 2.773807893242607 ], [ 32.295791189374768, 2.773806550145284 ], [ 32.293540713667142, 2.77606680486381 ], [ 32.291290229408638, 2.778327052991827 ], [ 32.289041089999856, 2.778325694793104 ], [ 32.286790594008366, 2.780585930906625 ], [ 32.284541452533496, 2.780584562988384 ], [ 32.282292312171158, 2.780583190764033 ], [ 32.282290944805595, 2.782844787059297 ], [ 32.282289576324004, 2.785106383266949 ], [ 32.280039054617184, 2.78736659949256 ], [ 32.277788524324642, 2.789626809067677 ], [ 32.275537985439406, 2.791887011981704 ], [ 32.275536599588747, 2.794148604463714 ], [ 32.273286046672183, 2.796408799486229 ], [ 32.273284654259783, 2.798670390660359 ], [ 32.273283260717278, 2.80093198174636 ], [ 32.271032688299258, 2.803192167635956 ], [ 32.271031288177461, 2.805453757410121 ], [ 32.271029886922037, 2.807715347095944 ], [ 32.27102848453297, 2.809976936693351 ], [ 32.268777887101329, 2.812237112197407 ], [ 32.266527281007143, 2.814497280976466 ], [ 32.264276666243447, 2.816757443019934 ], [ 32.262026042803249, 2.819017598317213 ], [ 32.2620246173718, 2.821279182894807 ], [ 32.262023190792647, 2.823540767383543 ], [ 32.262021763065789, 2.825802351783351 ], [ 32.259771114447602, 2.82806249659822 ], [ 32.257520457117998, 2.830322634634947 ], [ 32.255269791069999, 2.832582765882936 ], [ 32.255268345658862, 2.834844346456905 ], [ 32.25526689908947, 2.837105926941575 ], [ 32.255265451361808, 2.839367507336879 ], [ 32.255264002475876, 2.841629087642743 ], [ 32.255262552431653, 2.843890667859098 ], [ 32.255261101229131, 2.846152247985871 ], [ 32.255259648868289, 2.848413828022994 ], [ 32.255258195349136, 2.850675407970392 ], [ 32.253007476268117, 2.852935522394633 ], [ 32.2507567483988, 2.855195629980241 ], [ 32.250755282605823, 2.857457207327476 ], [ 32.250753815647485, 2.859718784584696 ], [ 32.250752347523772, 2.86198036175183 ], [ 32.248501594143946, 2.864240458706286 ], [ 32.246250831940898, 2.866500548790151 ], [ 32.246249351487272, 2.868762123341955 ], [ 32.246247869861236, 2.871023697803378 ], [ 32.246246387062776, 2.873285272174352 ], [ 32.246244903091871, 2.875546846454803 ], [ 32.246243417948527, 2.877808420644662 ], [ 32.246241931632717, 2.880069994743858 ], [ 32.246240444144441, 2.882331568752318 ], [ 32.246238955483669, 2.884593142669974 ], [ 32.246237465650417, 2.886854716496753 ], [ 32.243986644156024, 2.889114788285005 ], [ 32.241735813761501, 2.891374853149183 ], [ 32.239484974459863, 2.893634911078689 ], [ 32.237234126244147, 2.895894962062927 ], [ 32.234983269107367, 2.898155006091297 ], [ 32.234981749909934, 2.900416573448012 ], [ 32.234980229522435, 2.902678140713331 ], [ 32.234978707944862, 2.904939707887181 ], [ 32.232727824891555, 2.907199741089098 ], [ 32.232726296454032, 2.909461306884597 ], [ 32.232724766822905, 2.911722872588411 ], [ 32.232723235998144, 2.913984438200469 ], [ 32.232721703979749, 2.9162460037207 ], [ 32.232720170767713, 2.918507569149034 ], [ 32.232718636362009, 2.920769134485398 ], [ 32.232717100762642, 2.923030699729722 ], [ 32.232715563969585, 2.925292264881936 ], [ 32.232714025982844, 2.927553829941967 ], [ 32.232712486802384, 2.929815394909746 ], [ 32.232710946428206, 2.9320769597852 ], [ 32.232709404860294, 2.934338524568259 ], [ 32.23270786209865, 2.936600089258854 ], [ 32.232706318143251, 2.93886165385691 ], [ 32.232704772994083, 2.941123218362357 ], [ 32.232703226651132, 2.943384782775127 ], [ 32.232701679114392, 2.945646347095146 ], [ 32.232700130383847, 2.947907911322345 ], [ 32.232698580459498, 2.950169475456649 ], [ 32.232697029341317, 2.952431039497993 ], [ 32.232695477029296, 2.954692603446301 ], [ 32.232693923523428, 2.956954167301504 ], [ 32.232692368823692, 2.959215731063532 ], [ 32.232690812930088, 2.961477294732312 ], [ 32.232689255842601, 2.963738858307773 ], [ 32.232687697561204, 2.966000421789845 ], [ 32.23268613808591, 2.968261985178458 ], [ 32.230435091569454, 2.970521976525127 ], [ 32.230433525128589, 2.972783538527763 ], [ 32.230431957490282, 2.975045100436721 ], [ 32.230430388654511, 2.97730666225193 ], [ 32.230428818621277, 2.979568223973319 ], [ 32.230427247390551, 2.981829785600817 ], [ 32.230425674962341, 2.984091347134354 ], [ 32.230424101336624, 2.986352908573856 ], [ 32.230422526513387, 2.988614469919255 ], [ 32.230420950492615, 2.99087603117048 ], [ 32.230419373274302, 2.993137592327458 ], [ 32.23041779485844, 2.995399153390119 ], [ 32.230416215245, 2.997660714358392 ], [ 32.230414634433991, 2.999922275232207 ], [ 32.230413052425384, 3.00218383601149 ], [ 32.230411469219177, 3.004445396696173 ], [ 32.230409884815352, 3.006706957286184 ], [ 32.228158736267346, 3.008966920791907 ], [ 32.228157144831066, 3.01122847998993 ], [ 32.228155552193627, 3.013490039093062 ], [ 32.22815395835503, 3.015751598101234 ], [ 32.228152363315253, 3.018013157014375 ], [ 32.22815076707429, 3.020274715832412 ], [ 32.228149169632118, 3.022536274555275 ], [ 32.228147570988739, 3.024797833182893 ], [ 32.228145971144123, 3.027059391715196 ], [ 32.228144370098278, 3.029320950152112 ], [ 32.228142767851175, 3.031582508493571 ], [ 32.228141164402807, 3.033844066739499 ], [ 32.225889942130642, 3.036104008768531 ], [ 32.225888331600537, 3.038365565617192 ], [ 32.225886719865628, 3.040627122370106 ], [ 32.223635476460167, 3.042887054575121 ], [ 32.223633857625948, 3.045148609926808 ], [ 32.223632237583395, 3.047410165182531 ], [ 32.223630616332485, 3.049671720342218 ], [ 32.22362899387322, 3.051933275405799 ], [ 32.221377717464883, 3.054193195143157 ], [ 32.221376087881687, 3.056454748801258 ], [ 32.22137445708659, 3.058716302363035 ], [ 32.221372825079577, 3.060977855828416 ], [ 32.219121521482258, 3.063237764370707 ], [ 32.21687020844616, 3.065497665635465 ], [ 32.214618885964292, 3.067757559612091 ], [ 32.212367554029704, 3.070017446289984 ], [ 32.210116212635391, 3.072277325658544 ], [ 32.207864861774404, 3.07453719770717 ], [ 32.20561350143975, 3.076797062425263 ], [ 32.203363811264111, 3.076795376941714 ], [ 32.201112437946797, 3.079055228308702 ], [ 32.201110752321561, 3.081316769827447 ], [ 32.198859363524065, 3.083576612490337 ], [ 32.196607965225006, 3.085836447780291 ], [ 32.196606266357009, 3.088097986507434 ], [ 32.194354852539306, 3.090357813061241 ], [ 32.192105140094284, 3.090356096198991 ], [ 32.189853713248674, 3.092615909306537 ], [ 32.189851996329345, 3.094877443965075 ], [ 32.187600553923161, 3.0971372482939 ], [ 32.185349101973515, 3.099397045193197 ], [ 32.183097640473456, 3.101656834652366 ], [ 32.185345640191905, 3.103920108756231 ], [ 32.185343907398817, 3.106181640390938 ], [ 32.185342173337524, 3.108443171927679 ], [ 32.183090687621842, 3.110702955903831 ], [ 32.180839192320747, 3.112962732414891 ], [ 32.178587687427274, 3.115222501450257 ], [ 32.178585933888691, 3.117484028765354 ], [ 32.178584179071315, 3.119745555982112 ], [ 32.176332652407567, 3.122005314767675 ], [ 32.174081116123475, 3.124265066049162 ], [ 32.171829570212068, 3.126524809815971 ], [ 32.171827795822708, 3.128786332777939 ], [ 32.169576234165262, 3.131046067626827 ], [ 32.167324662859549, 3.133305794936246 ], [ 32.165073081898591, 3.135565514695591 ], [ 32.165071287853102, 3.137827033369922 ], [ 32.165069492507719, 3.140088551945242 ], [ 32.162817889608483, 3.142348261336855 ], [ 32.160566277026049, 3.144607963150013 ], [ 32.158314654753426, 3.146867657374112 ], [ 32.158312839657214, 3.149129171628645 ], [ 32.156061201523123, 3.151388856838667 ], [ 32.153809553677902, 3.153648534434838 ], [ 32.151557896114568, 3.155908204406556 ], [ 32.149306228826141, 3.158167866743219 ], [ 32.147054551805653, 3.160427521434225 ], [ 32.147052704489802, 3.162689028480991 ], [ 32.144801011527427, 3.164948674083289 ], [ 32.142549308812036, 3.167208312015136 ], [ 32.142547447748385, 3.169469816093417 ], [ 32.142545585349609, 3.171731320071639 ], [ 32.142543721615688, 3.173992823949731 ], [ 32.142541856546615, 3.176254327727622 ], [ 32.142539990142367, 3.178515831405239 ], [ 32.144787999611111, 3.180779210581976 ], [ 32.144786135439261, 3.183040715395006 ], [ 32.144784269935698, 3.185302220107555 ], [ 32.144782403100415, 3.187563724719554 ], [ 32.144780534933389, 3.189825229230929 ], [ 32.144778665434615, 3.192086733641611 ], [ 32.14477679460407, 3.194348237951528 ], [ 32.144774922441748, 3.196609742160609 ], [ 32.144773048947627, 3.198871246268783 ], [ 32.142521252662519, 3.201130862650779 ], [ 32.140269446512349, 3.203390471297845 ], [ 32.140267559147176, 3.20565197242691 ], [ 32.140265670443149, 3.207913473454771 ], [ 32.138013841857159, 3.210173071467322 ], [ 32.13576200337814, 3.212432661716555 ], [ 32.135760100753913, 3.214694159750335 ], [ 32.135758196783755, 3.216955657682617 ], [ 32.135756291467658, 3.219217155513329 ], [ 32.135754384805615, 3.221478653242401 ], [ 32.133502511200788, 3.223738229910086 ], [ 32.133500596877532, 3.225999726085348 ], [ 32.131248707015445, 3.228259293498449 ], [ 32.13124678501692, 3.230520788116082 ], [ 32.131244861665358, 3.232782282631709 ], [ 32.131242936960746, 3.235043777045255 ], [ 32.128991018140802, 3.23730333226696 ], [ 32.126739089343864, 3.239562879654196 ], [ 32.12448715056297, 3.241822419196364 ], [ 32.122235201791142, 3.244081950882862 ], [ 32.122233250318111, 3.24634343933434 ], [ 32.119981285177005, 3.248602961680599 ], [ 32.119979325961957, 3.250864448555511 ], [ 32.119977365376222, 3.253125935327745 ], [ 32.119975403419787, 3.255387421997233 ], [ 32.119973440092643, 3.257648908563901 ], [ 32.119971475394756, 3.259910395027679 ], [ 32.117719468297175, 3.262169902104545 ], [ 32.115467451145676, 3.264429401272374 ], [ 32.115465472271097, 3.266690884673566 ], [ 32.115463492018726, 3.268952367971573 ], [ 32.117711570179047, 3.271215841016812 ], [ 32.115459527380516, 3.273475334257743 ], [ 32.113207474493066, 3.275734819564663 ], [ 32.113205483679636, 3.277996301067174 ], [ 32.113203491484832, 3.280257782466139 ], [ 32.113201497908634, 3.282519263761483 ], [ 32.115449591672458, 3.284782748162433 ], [ 32.115447600397147, 3.28704423063239 ], [ 32.115445607743894, 3.28930571299852 ], [ 32.115443613712699, 3.291567195260753 ], [ 32.115441618303535, 3.293828677419019 ], [ 32.115439621516387, 3.296090159473243 ], [ 32.115437623351241, 3.298351641423358 ], [ 32.115435623808082, 3.30061312326929 ], [ 32.115433622886897, 3.30287460501097 ], [ 32.115431620587664, 3.305136086648325 ], [ 32.115429616910369, 3.307397568181285 ], [ 32.115427611855004, 3.309659049609779 ], [ 32.115425605421549, 3.311920530933735 ], [ 32.11542359760999, 3.314182012153083 ], [ 32.113171428487888, 3.316441470709032 ], [ 32.113169412807288, 3.318702950336803 ], [ 32.11316739574503, 3.320964429859746 ], [ 32.113165377301101, 3.323225909277789 ], [ 32.113163357475479, 3.325487388590862 ], [ 32.113161336268156, 3.327748867798894 ], [ 32.11315931367912, 3.330010346901814 ], [ 32.11315728970834, 3.332271825899551 ], [ 32.110905064804783, 3.33453126601115 ], [ 32.110903032929684, 3.336792743412601 ], [ 32.110900999669298, 3.339054220708648 ], [ 32.10864875142498, 3.34131364978587 ], [ 32.108646710242674, 3.343575125481664 ], [ 32.108644667671527, 3.345836601071837 ], [ 32.108642623711525, 3.348098076556316 ], [ 32.108640578362653, 3.350359551935029 ], [ 32.108638531624891, 3.352621027207907 ], [ 32.108636483498231, 3.354882502374878 ], [ 32.108634433982644, 3.357143977435872 ], [ 32.108632383078131, 3.359405452390817 ], [ 32.106380072087106, 3.36166486141605 ], [ 32.104127750733923, 3.363924262339083 ], [ 32.104125685289858, 3.366185734186333 ], [ 32.104123618449783, 3.368447205927235 ], [ 32.104121550213677, 3.370708677561722 ], [ 32.104119480581538, 3.37297014908972 ], [ 32.104117409553339, 3.375231620511159 ], [ 32.104115337129066, 3.377493091825968 ], [ 32.104113263308705, 3.379754563034075 ], [ 32.104111188092247, 3.38201603413541 ], [ 32.104109111479659, 3.384277505129901 ], [ 32.104107033470939, 3.386538976017476 ], [ 32.104104954066074, 3.388800446798067 ], [ 32.104102873265035, 3.3910619174716 ], [ 32.104100791067808, 3.393323388038005 ], [ 32.104098707474378, 3.395584858497211 ], [ 32.104096622484739, 3.397846328849147 ], [ 32.104094536098863, 3.400107799093741 ], [ 32.104092448316742, 3.402369269230923 ], [ 32.104090359138354, 3.404630739260621 ], [ 32.104088268563686, 3.406892209182764 ], [ 32.104086176592723, 3.409153678997281 ], [ 32.104084083225437, 3.4114151487041 ], [ 32.104081988461836, 3.413676618303152 ], [ 32.104079892301876, 3.415938087794365 ], [ 32.104077794745564, 3.418199557177668 ], [ 32.104075695792865, 3.420461026452989 ], [ 32.104073595443772, 3.422722495620258 ], [ 32.104071493698271, 3.424983964679402 ], [ 32.101818982922701, 3.427243316795667 ], [ 32.099566461581716, 3.429502660691475 ], [ 32.099564345070945, 3.431764126622296 ], [ 32.097311806462621, 3.434023460771583 ], [ 32.095059257267899, 3.436282786675606 ], [ 32.095057125949701, 3.438544249463344 ], [ 32.095054993220948, 3.440805712142436 ], [ 32.09505285908164, 3.44306717471281 ], [ 32.092800279145507, 3.445326487792557 ], [ 32.095048586571238, 3.44759009952712 ], [ 32.095046448200122, 3.449851561770914 ], [ 32.095044308418373, 3.452113023905705 ], [ 32.092791701568864, 3.454372330893165 ], [ 32.09053908406991, 3.45663162958898 ], [ 32.090536929396187, 3.458893088564572 ], [ 32.090534773304761, 3.461154547430864 ], [ 32.090532615795595, 3.463416006187785 ], [ 32.090530456868692, 3.465677464835264 ], [ 32.090528296524013, 3.467938923373231 ], [ 32.092776636363418, 3.470202552114179 ], [ 32.092774478534189, 3.472464011850584 ], [ 32.092772319290646, 3.474725471477269 ], [ 32.092770158632788, 3.476986930994162 ], [ 32.090517473533602, 3.479246214417879 ], [ 32.090515304681993, 3.481507672297274 ], [ 32.090513134412504, 3.483769130066658 ], [ 32.090510962725119, 3.486030587725962 ], [ 32.090508789619818, 3.488292045275112 ], [ 32.090506615096587, 3.490553502714037 ], [ 32.090504439155403, 3.492814960042668 ], [ 32.09050226179626, 3.495076417260932 ], [ 32.09050008301913, 3.497337874368759 ], [ 32.090497902824012, 3.499599331366078 ], [ 32.090495721210871, 3.501860788252817 ], [ 32.090493538179693, 3.504122245028905 ], [ 32.090491353730471, 3.506383701694271 ], [ 32.090489167863183, 3.508645158248844 ], [ 32.090486980577808, 3.510906614692554 ], [ 32.090484791874339, 3.513168071025328 ], [ 32.090482601752754, 3.515429527247096 ], [ 32.090480410213033, 3.517690983357787 ], [ 32.088227598538836, 3.519950232401802 ], [ 32.088225398734629, 3.522211686868794 ], [ 32.085972569354261, 3.524470925966726 ], [ 32.085970361271485, 3.526732378786194 ], [ 32.085968151763467, 3.528993831494218 ], [ 32.085965940830199, 3.531255284090723 ], [ 32.085963728471661, 3.53351673657564 ], [ 32.085961514687838, 3.535778188948898 ], [ 32.085959299478716, 3.538039641210425 ], [ 32.085957082844267, 3.540301093360151 ], [ 32.085954864784483, 3.542562545398004 ], [ 32.085952645299344, 3.544823997323913 ], [ 32.085950424388834, 3.547085449137808 ], [ 32.085948202052933, 3.549346900839617 ], [ 32.085945978291626, 3.551608352429268 ], [ 32.0859437531049, 3.553869803906692 ], [ 32.085941526492732, 3.556131255271817 ], [ 32.085939298455102, 3.55839270652457 ], [ 32.085937068991996, 3.560654157664882 ], [ 32.085934838103405, 3.562915608692683 ], [ 32.085932605789303, 3.565177059607898 ], [ 32.083679641452612, 3.567436262553024 ], [ 32.081426666115817, 3.56969545699867 ], [ 32.079173679771941, 3.571954642934229 ], [ 32.079171425229184, 3.57421608910234 ] ] } },
{ "type": "Feature", "properties": { "line": "Albertine", "corridor": "kampala_hoima" }, "geometry": { "type": "LineString", "coordinates": [ [ 32.582413509575822, 0.314132772274274 ], [ 32.580166849546416, 0.314132681652068 ], [ 32.577920099098847, 0.316394356494225 ], [ 32.575673347678396, 0.318656029521246 ], [ 32.575673254811932, 0.320917794792399 ], [ 32.57567316128862, 0.323179560053482 ], [ 32.57567306710844, 0.325441325304423 ], [ 32.57567297227142, 0.327703090545153 ], [ 32.575672876777539, 0.3299648557756 ], [ 32.57791944332795, 0.332226717866313 ], [ 32.577919347032875, 0.334488483735481 ], [ 32.575672586354763, 0.336750151404532 ], [ 32.573425824641156, 0.339011817219293 ], [ 32.571179061885118, 0.341273481169192 ], [ 32.571178961397223, 0.343535245006946 ], [ 32.568932196398073, 0.345796906400625 ], [ 32.566685430335617, 0.348058565904721 ], [ 32.564438663202921, 0.350320223508662 ], [ 32.562192000297543, 0.350320118108691 ], [ 32.559945443233566, 0.348058251746328 ], [ 32.557698782223987, 0.348058145949423 ], [ 32.555452121899094, 0.3480580396138 ], [ 32.553205462262355, 0.348057932739458 ], [ 32.550958803317265, 0.3480578253264 ], [ 32.548712145067284, 0.348057717374625 ], [ 32.546465487515896, 0.348057608884135 ], [ 32.54421883066658, 0.34805749985493 ], [ 32.541972065064272, 0.350319145109092 ], [ 32.539725298384781, 0.352580788382514 ], [ 32.539725186964382, 0.354842542467014 ], [ 32.539725074831473, 0.357104296540374 ], [ 32.537478304544777, 0.3593659363621 ], [ 32.537478190432616, 0.36162768969395 ], [ 32.535231417767207, 0.363889326772773 ], [ 32.535231301661881, 0.366151079359328 ], [ 32.535231184837087, 0.368412831934387 ], [ 32.535231067292827, 0.37067458449788 ], [ 32.532984289645654, 0.372936217340766 ], [ 32.530737510851758, 0.375197848139184 ], [ 32.530737389991927, 0.377459599212009 ], [ 32.528490608735851, 0.379721227210511 ], [ 32.526243826312196, 0.381982853139825 ], [ 32.52399704271398, 0.384244476989379 ], [ 32.521750257934272, 0.386506098748598 ], [ 32.519503471966111, 0.388767718406909 ], [ 32.51725668480254, 0.391029335953739 ], [ 32.515009896436609, 0.393290951378515 ], [ 32.515009765520574, 0.395552697149848 ], [ 32.515009633853751, 0.397814442908759 ], [ 32.517256162069359, 0.400076322030205 ], [ 32.517256029517817, 0.40233806851809 ], [ 32.519502558836599, 0.40459994925021 ], [ 32.519502425414238, 0.406861696463286 ], [ 32.519502291248052, 0.409123443663586 ], [ 32.519502156338035, 0.411385190851038 ], [ 32.519502020684193, 0.413646938025572 ], [ 32.517255218515196, 0.415908547177587 ], [ 32.517255080732518, 0.418170293575538 ], [ 32.517254942202541, 0.420432039960357 ], [ 32.515008135967278, 0.422693645416616 ], [ 32.512761328432298, 0.424955248693803 ], [ 32.512761186350225, 0.427216993527229 ], [ 32.510514376095735, 0.429478593840317 ], [ 32.508267564520651, 0.431740191949615 ], [ 32.508267418844746, 0.434001935217 ], [ 32.506020604511903, 0.436263530330262 ], [ 32.506020456641082, 0.438525272802274 ], [ 32.503773639526145, 0.440786864901711 ], [ 32.501526821055847, 0.443048454758492 ], [ 32.499280001223234, 0.445310042362044 ], [ 32.497033180021354, 0.447571627701792 ], [ 32.49478635744326, 0.449833210767163 ], [ 32.492539533481988, 0.452094791547585 ], [ 32.490292708130603, 0.454356370032483 ], [ 32.488045881382135, 0.456617946211285 ], [ 32.485799214316671, 0.456617784797856 ], [ 32.483552548047228, 0.456617622677706 ], [ 32.481305720082737, 0.45887919351679 ], [ 32.479059054712003, 0.458879029173146 ], [ 32.476812390147721, 0.458878864119283 ], [ 32.474565560974177, 0.461140429566075 ], [ 32.472318730382703, 0.463401992647048 ], [ 32.470071898366349, 0.465663553351629 ], [ 32.467825064918173, 0.467925111669244 ], [ 32.465578230031205, 0.470186667589321 ], [ 32.46333139369851, 0.472448221101285 ], [ 32.461084555913125, 0.474709772194563 ], [ 32.4588377166681, 0.476971320858583 ], [ 32.456590875956479, 0.479232867082771 ], [ 32.454344033771321, 0.481494410856553 ], [ 32.452097190105661, 0.483755952169358 ], [ 32.449850344952544, 0.48601749101061 ], [ 32.447603498305028, 0.488279027369738 ], [ 32.445356835931221, 0.488278841159577 ], [ 32.443110174416049, 0.488278654193709 ], [ 32.440863513762977, 0.488278466472135 ], [ 32.438616853975489, 0.488278277994856 ], [ 32.436370006272355, 0.490539805353178 ], [ 32.434123347474063, 0.490539614484421 ], [ 32.431876689551785, 0.490539422856465 ], [ 32.42963003250901, 0.490539230469309 ], [ 32.427383183668418, 0.492800750357535 ], [ 32.425136527639189, 0.492800555557909 ], [ 32.422889872499887, 0.492800359995588 ], [ 32.420643218253993, 0.492800163670573 ], [ 32.418396564904974, 0.492799966582867 ], [ 32.416149912456333, 0.492799768732469 ], [ 32.413903260911525, 0.492799570119383 ], [ 32.411656610274036, 0.492799370743609 ], [ 32.409409960547336, 0.492799170605149 ], [ 32.407163311734912, 0.492798969704005 ], [ 32.40491666384024, 0.492798768040177 ], [ 32.402670016866793, 0.492798565613669 ], [ 32.400423370818054, 0.49279836242448 ], [ 32.398176725697496, 0.492798158472613 ], [ 32.395930081508595, 0.49279795375807 ], [ 32.393683438254833, 0.492797748280851 ], [ 32.391436795939683, 0.492797542040959 ], [ 32.389190154566634, 0.492797335038395 ], [ 32.386943514139155, 0.492797127273161 ], [ 32.384696874660712, 0.492796918745258 ], [ 32.382450236134801, 0.492796709454688 ], [ 32.380203598564883, 0.492796499401452 ], [ 32.377956961954453, 0.492796288585552 ], [ 32.375710326306979, 0.49279607700699 ], [ 32.373463691625936, 0.492795864665767 ], [ 32.371217057914805, 0.492795651561886 ], [ 32.368970425177061, 0.492795437695347 ], [ 32.366723793416178, 0.492795223066152 ], [ 32.36447737648048, 0.490533320997055 ], [ 32.362230747439604, 0.490533105834643 ], [ 32.35998411938602, 0.490532889913081 ], [ 32.35773749232321, 0.490532673232369 ], [ 32.355490866254662, 0.490532455792511 ], [ 32.35324424118383, 0.490532237593508 ], [ 32.350997617114203, 0.490532018635361 ], [ 32.348750994049261, 0.490531798918072 ], [ 32.346504371992481, 0.490531578441642 ], [ 32.344257750947335, 0.490531357206074 ], [ 32.342011130917307, 0.490531135211369 ], [ 32.339764511905869, 0.490530912457528 ], [ 32.337517893916505, 0.490530688944554 ], [ 32.335271276952682, 0.490530464672449 ], [ 32.33302466101788, 0.490530239641213 ], [ 32.330778046115583, 0.490530013850849 ], [ 32.328531432249264, 0.490529787301358 ], [ 32.326284819422398, 0.490529559992742 ], [ 32.324038207638459, 0.490529331925003 ], [ 32.321791596900937, 0.490529103098143 ], [ 32.319544987213298, 0.490528873512164 ], [ 32.317298148861994, 0.492790308275372 ], [ 32.315051540528756, 0.492790076105563 ], [ 32.312804933255848, 0.492789843173139 ], [ 32.310558093995034, 0.495051271363593 ], [ 32.308311253212189, 0.49731269662364 ], [ 32.306064410900383, 0.49957411894271 ], [ 32.306064173107451, 0.501835778625486 ], [ 32.303817327412304, 0.50409719689409 ], [ 32.303817086694238, 0.506358855462062 ], [ 32.303816844898464, 0.508620514014074 ], [ 32.301569993934315, 0.510881927111791 ], [ 32.299323141399483, 0.513143337226095 ], [ 32.297076287287005, 0.515404744346415 ], [ 32.294829431589953, 0.517666148462179 ], [ 32.294829181215512, 0.519927802565904 ], [ 32.292582322034292, 0.522189202549543 ], [ 32.292582068672118, 0.52445085551981 ], [ 32.292581814214834, 0.526712508473544 ], [ 32.292581558662427, 0.528974161410673 ], [ 32.290334692156158, 0.531235555002899 ], [ 32.290334433595135, 0.533497206802494 ], [ 32.288087563535171, 0.535758596219725 ], [ 32.285840691828042, 0.538019982572247 ], [ 32.283593818466805, 0.540281365849487 ], [ 32.281346943444497, 0.542542746040874 ], [ 32.281346676047448, 0.544804393304202 ], [ 32.279099797405394, 0.54706576926037 ], [ 32.27685291708142, 0.549327142105967 ], [ 32.27460603506858, 0.551588511830422 ], [ 32.274605760672479, 0.553850155649253 ], [ 32.272358874987738, 0.556111521092407 ], [ 32.270111987593275, 0.558372883389703 ], [ 32.26786509848214, 0.560634242530568 ], [ 32.265618207647378, 0.562895598504429 ], [ 32.263371315082047, 0.565156951300716 ], [ 32.26112442077919, 0.567418300908856 ], [ 32.258877524731872, 0.569679647318277 ], [ 32.256630917332622, 0.569679355996309 ], [ 32.254384311084166, 0.569679063792774 ], [ 32.252137413835598, 0.571940402906023 ], [ 32.249890514828657, 0.574201738785412 ], [ 32.247643910295096, 0.57420144159594 ], [ 32.245397306926236, 0.574201143517911 ], [ 32.243150704725558, 0.574200844551326 ], [ 32.240904103696536, 0.574200544696189 ], [ 32.238657204066428, 0.576461869059421 ], [ 32.236410302664076, 0.578723190139656 ], [ 32.234163399482533, 0.580984507926321 ], [ 32.234163094380818, 0.583246130598684 ], [ 32.234162788093528, 0.585507753252639 ], [ 32.234162480620668, 0.587769375888112 ], [ 32.234162171962211, 0.590030998505033 ], [ 32.234161862118171, 0.59229262110333 ], [ 32.231914946696364, 0.594553929517427 ], [ 32.229668029446707, 0.596815234598945 ], [ 32.227421110362222, 0.599076536337314 ], [ 32.22517418943599, 0.60133783472196 ], [ 32.222927266661031, 0.603599129742312 ], [ 32.222926945055555, 0.60586074621667 ], [ 32.222926622247094, 0.6081223626719 ], [ 32.222926298235635, 0.610383979107931 ], [ 32.222925973021184, 0.612645595524691 ], [ 32.220679039825562, 0.61490688224267 ], [ 32.218432104739513, 0.617168165560919 ], [ 32.216185167756095, 0.619429445468866 ], [ 32.213938228868351, 0.621690721955939 ], [ 32.211691288069325, 0.623951995011568 ], [ 32.209444345352082, 0.626213264625179 ], [ 32.207197400709667, 0.628474530786202 ], [ 32.20495045413513, 0.630735793484066 ], [ 32.202703505621521, 0.632997052708198 ], [ 32.200456555161892, 0.635258308448027 ], [ 32.198209602749294, 0.637519560692981 ], [ 32.195962648376785, 0.639780809432489 ], [ 32.193715692037408, 0.64204205465598 ], [ 32.191468733724214, 0.644303296352881 ], [ 32.189221773430262, 0.646564534512622 ], [ 32.186974811148588, 0.648825769124631 ], [ 32.184727846872256, 0.651087000178336 ], [ 32.182480880594319, 0.653348227663166 ], [ 32.180233912307827, 0.65560945156855 ], [ 32.177986942005816, 0.657870671883916 ], [ 32.175739969681359, 0.660131888598692 ], [ 32.173492995327493, 0.662393101702308 ], [ 32.171246018937282, 0.664654311184191 ], [ 32.171245641311536, 0.666915898340211 ], [ 32.171245262402749, 0.66917748547515 ], [ 32.168998279345949, 0.671438688696164 ], [ 32.166751294225001, 0.673699888267157 ], [ 32.168997513042072, 0.675961860273656 ], [ 32.168997127960345, 0.678223446030387 ], [ 32.168996741592089, 0.680485031765677 ], [ 32.16899635393731, 0.682746617479457 ], [ 32.166749357162495, 0.685007810459896 ], [ 32.164502358281801, 0.687268999761874 ], [ 32.162255357288288, 0.689530185374819 ], [ 32.160008354174998, 0.69179136728816 ], [ 32.157761348934983, 0.694052545491326 ], [ 32.1555143415613, 0.696313719973744 ], [ 32.153267332047001, 0.698574890724845 ], [ 32.151020320385136, 0.700836057734056 ], [ 32.148773306568756, 0.703097220990807 ], [ 32.146526290590913, 0.705358380484526 ], [ 32.144279272444663, 0.707619536204641 ], [ 32.142032668289623, 0.707619118481735 ], [ 32.139786065462872, 0.707618699663908 ], [ 32.13753946396789, 0.707618279751163 ], [ 32.135292863808161, 0.707617858743502 ], [ 32.133046264987144, 0.707617436640931 ], [ 32.130799667508334, 0.70761701344345 ], [ 32.128553071375194, 0.707616589151065 ], [ 32.126306052798824, 0.70987772397834 ], [ 32.12405945827809, 0.709877296132972 ], [ 32.121812865113455, 0.709876867189209 ], [ 32.119565844884811, 0.712137993239104 ], [ 32.11731882246697, 0.714399115420706 ], [ 32.115071797852984, 0.716660233723444 ], [ 32.11282477103591, 0.718921348136746 ], [ 32.110577742008793, 0.721182458650043 ], [ 32.108331151554864, 0.721182016177562 ], [ 32.106084120581009, 0.723443120273225 ], [ 32.103837087383233, 0.725704220440742 ], [ 32.101590051954588, 0.727965316669543 ], [ 32.099343014288117, 0.730226408949058 ], [ 32.097095974376884, 0.732487497268715 ], [ 32.094848932213935, 0.734748581617943 ], [ 32.092601887792334, 0.737009661986171 ], [ 32.090354841105118, 0.73927073836283 ], [ 32.088107792145351, 0.741531810737347 ], [ 32.085860740906085, 0.743792879099153 ], [ 32.083613687380371, 0.746053943437676 ], [ 32.081366631561266, 0.748315003742345 ], [ 32.079119573441815, 0.750576060002591 ], [ 32.076872513015076, 0.752837112207842 ], [ 32.074625450274105, 0.755098160347527 ], [ 32.072378385211948, 0.757359204411076 ], [ 32.070131317821669, 0.759620244387919 ], [ 32.067884248096313, 0.761881280267484 ], [ 32.067883761347069, 0.764142803342234 ], [ 32.065636686660348, 0.766403833635528 ], [ 32.065636195845151, 0.768665355207565 ], [ 32.065635703583361, 0.770926876755241 ], [ 32.063388621277674, 0.773187899962331 ], [ 32.061141536595215, 0.77544891902971 ], [ 32.058894449529042, 0.777709933946807 ], [ 32.056647360072191, 0.779970944703051 ], [ 32.054400268217734, 0.782231951287871 ], [ 32.052153173958715, 0.784492953690697 ], [ 32.049906077288185, 0.78675395190096 ], [ 32.047659491721802, 0.786753436317624 ], [ 32.045412907629867, 0.786752919517033 ], [ 32.043165809071354, 0.789013908114724 ], [ 32.04091870808746, 0.791274892484717 ], [ 32.038671604671237, 0.79353587261644 ], [ 32.036424498815741, 0.795796848499325 ], [ 32.034177917283607, 0.79579631959966 ], [ 32.03193133724681, 0.795795789468766 ], [ 32.029684758708811, 0.795795258106647 ], [ 32.027437651229, 0.798056221505798 ], [ 32.025190541296041, 0.80031718061398 ], [ 32.022943964822197, 0.800316642516781 ], [ 32.02069792549586, 0.798054611776351 ], [ 32.018451353279232, 0.798054072730456 ], [ 32.016204782582278, 0.798053532449862 ], [ 32.013957674088829, 0.800314477745953 ], [ 32.013957133242556, 0.802575964531932 ], [ 32.01395659086964, 0.804837451292439 ], [ 32.011709474388915, 0.807098389124561 ], [ 32.009462355427303, 0.809359322602445 ], [ 32.007215233977838, 0.811620251715522 ], [ 32.004968110033587, 0.813881176453222 ], [ 32.002721539856807, 0.813880617899018 ], [ 32.000474413702257, 0.816141535435885 ], [ 31.998227285039039, 0.818402448569238 ], [ 31.995980153860206, 0.820663357288507 ], [ 31.99373302015881, 0.822924261583123 ], [ 31.991485883927908, 0.825185161442514 ], [ 31.989239316769865, 0.825184587467292 ], [ 31.986992178297477, 0.827445480027532 ], [ 31.984745037281705, 0.829706368124413 ], [ 31.982497893715596, 0.831967251747364 ], [ 31.980250747592205, 0.834228130885817 ], [ 31.978004183192926, 0.834227544164577 ], [ 31.975757034803806, 0.836488415923125 ], [ 31.973509883843516, 0.838749283169039 ], [ 31.971263321630502, 0.838748689373537 ], [ 31.969016761010248, 0.838748094280441 ], [ 31.966770201986233, 0.838747497889757 ], [ 31.964523049364239, 0.841008351895024 ], [ 31.962275894157223, 0.84326920134553 ], [ 31.96002873635824, 0.845530046230707 ], [ 31.957782179871248, 0.845529439783043 ], [ 31.9555356249979, 0.845528832027316 ], [ 31.953289071741661, 0.845528222963532 ], [ 31.951041912291583, 0.84778905446096 ], [ 31.948794750235674, 0.850049881350932 ], [ 31.946547585567, 0.852310703622881 ], [ 31.944300418278612, 0.854571521266236 ], [ 31.942053867934614, 0.854570899075341 ], [ 31.939807319228606, 0.85457027556242 ], [ 31.937560772164073, 0.854569650727479 ], [ 31.935313603228284, 0.856830454804432 ], [ 31.933067058142075, 0.856829825664741 ], [ 31.9308198869061, 0.859090622081248 ], [ 31.928572713029624, 0.861351413809474 ], [ 31.926326170269075, 0.861350777350836 ], [ 31.926325536505693, 0.863612200838849 ], [ 31.924078994082038, 0.863611561372999 ], [ 31.921831815240616, 0.865872340678746 ], [ 31.91958463373787, 0.868133115257508 ], [ 31.917337449566855, 0.870393885098718 ], [ 31.915090909830198, 0.870393235222798 ], [ 31.912844371773286, 0.870392584000418 ], [ 31.910597185611365, 0.872653343012641 ], [ 31.908349996767306, 0.874914097252183 ], [ 31.906102805234166, 0.877174846708474 ], [ 31.903855611005007, 0.879435591370946 ], [ 31.901608414072882, 0.88169633122903 ], [ 31.899361214430847, 0.883957066272156 ], [ 31.897114012071956, 0.886217796489756 ], [ 31.894866806989278, 0.88847852187126 ], [ 31.892619599175863, 0.8907392424061 ], [ 31.890372388624758, 0.892999958083706 ], [ 31.888125175329041, 0.895260668893509 ], [ 31.885877959281757, 0.897521374824941 ], [ 31.883630740475962, 0.899782075867432 ], [ 31.881383518904723, 0.902042772010414 ], [ 31.879136294561082, 0.904303463243317 ], [ 31.87688906743811, 0.906564149555574 ], [ 31.874641837528863, 0.908824830936614 ], [ 31.872394604826393, 0.911085507375869 ], [ 31.870147369323757, 0.913346178862771 ], [ 31.867900131014018, 0.915606845386749 ], [ 31.865652889890235, 0.917867506937237 ], [ 31.863406360813578, 0.917866788940479 ], [ 31.861159833496743, 0.91786606952391 ], [ 31.858913307943205, 0.917865348687537 ], [ 31.856666784156438, 0.917864626431364 ], [ 31.854420262139925, 0.917863902755397 ], [ 31.852173741897136, 0.917863177659642 ], [ 31.849927223431543, 0.917862451144103 ], [ 31.84768070674663, 0.917861723208788 ], [ 31.845434191845875, 0.9178609938537 ], [ 31.843187678732754, 0.917860263078847 ], [ 31.840941167410733, 0.917859530884234 ], [ 31.838694657883302, 0.917858797269865 ], [ 31.836447418339478, 0.920119415295157 ], [ 31.834200910999485, 0.920118677026575 ], [ 31.83195366901726, 0.922379286731856 ], [ 31.831952930761506, 0.924640636099517 ], [ 31.829707163875156, 0.922378543795087 ], [ 31.827460660545032, 0.922377799431594 ], [ 31.825214159030367, 0.922377053641383 ], [ 31.822967659334623, 0.922376306424461 ], [ 31.820720416110095, 0.924636898004895 ], [ 31.818473918643569, 0.924636146095352 ], [ 31.816227423006417, 0.924635392755616 ], [ 31.813980929202103, 0.924634637985693 ], [ 31.811734437234101, 0.924633881785589 ], [ 31.809488699552382, 0.922371793162303 ], [ 31.807242964705285, 0.920109706792794 ], [ 31.804997232685832, 0.917847622687631 ], [ 31.802751503487066, 0.915585540857377 ], [ 31.800505777102018, 0.913323461312599 ], [ 31.798258551186159, 0.915584027676957 ], [ 31.796012831329115, 0.913321949044758 ], [ 31.793766361237072, 0.913321190791869 ], [ 31.791519893012602, 0.913320431126343 ], [ 31.789272668939692, 0.915580984322396 ], [ 31.78702620305571, 0.915580219943431 ], [ 31.784778976638595, 0.91784076461343 ], [ 31.784779739049739, 0.915579454148348 ], [ 31.782534038859982, 0.913317378337977 ], [ 31.780287580025522, 0.913316611609351 ], [ 31.778041123079493, 0.913315843468122 ], [ 31.775793901875453, 0.915576376806952 ], [ 31.77354744731166, 0.915575603931366 ], [ 31.775793133830149, 0.917837679670328 ], [ 31.778038823169169, 0.920099757775199 ], [ 31.780284515335687, 0.922361838235414 ], [ 31.782530979811273, 0.922362612558755 ], [ 31.784777446171834, 0.922363385455495 ], [ 31.784776678116202, 0.924624695832333 ], [ 31.782530210336663, 0.924623921040406 ], [ 31.780282971660068, 0.926884451371784 ], [ 31.780282196989567, 0.929145757895551 ], [ 31.778035730135109, 0.929144976439061 ], [ 31.775788485754845, 0.93140549623167 ], [ 31.775787704441658, 0.933666798888067 ], [ 31.775786921233038, 0.935928101514606 ], [ 31.773539667323508, 0.938188612143809 ], [ 31.771292410530886, 0.940449117470058 ], [ 31.769045150848235, 0.942709617482788 ], [ 31.766797888268616, 0.944970112171429 ], [ 31.764550622785084, 0.947230601525415 ], [ 31.762303354390703, 0.949491085534179 ], [ 31.760056083078538, 0.951751564187151 ], [ 31.757808808841645, 0.954012037473767 ], [ 31.755561531673074, 0.956272505383458 ], [ 31.753314251565907, 0.958532967905656 ], [ 31.751066968513182, 0.960793425029796 ], [ 31.748819682507975, 0.963053876745309 ], [ 31.748818856880266, 0.965315155835594 ], [ 31.748818029315323, 0.967576434894981 ], [ 31.746570733502889, 0.969836877227027 ], [ 31.744323434710186, 0.972097314122162 ], [ 31.742076970792997, 0.972096472467678 ], [ 31.744322598342805, 0.974358589182504 ], [ 31.742076132930272, 0.974357745569818 ], [ 31.742075293119864, 0.976619018640762 ], [ 31.739827984895818, 0.978879442637397 ], [ 31.73758152038106, 0.978878592080425 ], [ 31.7353359040859, 0.976616472865464 ], [ 31.733089444986195, 0.976615621252847 ], [ 31.730842987848085, 0.976614768129815 ], [ 31.728595681903332, 0.978875174713344 ], [ 31.726350079470567, 0.976613057352533 ], [ 31.724102774461908, 0.97887345694638 ], [ 31.721855466445295, 0.981133851019097 ], [ 31.719608155413805, 0.983394239560117 ], [ 31.717360841360481, 0.985654622558873 ], [ 31.71735997513381, 0.987915873701488 ], [ 31.715112654546171, 0.99017624911556 ], [ 31.712866204160616, 0.990175371887325 ], [ 31.710618881000187, 0.992435738195888 ], [ 31.70837155479018, 0.99469609891992 ], [ 31.706124225523659, 0.996956454048853 ], [ 31.70387777855111, 0.996955564642224 ], [ 31.701630446694523, 0.999215910602492 ], [ 31.699383111767549, 1.001476250939538 ], [ 31.697135773763264, 1.003736585642794 ], [ 31.697134877753619, 1.005997818402272 ], [ 31.697133979726672, 1.008259051129488 ], [ 31.694886631505362, 1.010519376060398 ], [ 31.692640185349102, 1.010518466733659 ], [ 31.690393741217108, 1.010517555844161 ], [ 31.688147299112856, 1.010516643391911 ], [ 31.68590085903983, 1.010515729376915 ], [ 31.683654421001489, 1.01051481379918 ], [ 31.681407985001329, 1.010513896658715 ], [ 31.679161551042807, 1.010512977955525 ], [ 31.676915119129411, 1.010512057689618 ], [ 31.674668689264614, 1.010511135861001 ], [ 31.672422261451892, 1.010510212469681 ], [ 31.670175835694717, 1.010509287515665 ], [ 31.667929411996568, 1.01050836099896 ], [ 31.665682990360921, 1.010507432919574 ], [ 31.663436570791252, 1.010506503277512 ], [ 31.661190153291031, 1.010505572072784 ], [ 31.658943737863748, 1.010504639305395 ], [ 31.656697324512855, 1.010503704975354 ], [ 31.654450913241856, 1.010502769082666 ], [ 31.6522045040542, 1.01050183162734 ], [ 31.649959029563274, 1.008239703314668 ], [ 31.64771355817021, 1.00597757761727 ], [ 31.645468089868046, 1.00371545454571 ], [ 31.643221693690101, 1.003714517176319 ], [ 31.640976232112799, 1.001452397304682 ], [ 31.638729841679964, 1.001451458950203 ], [ 31.636483453354785, 1.001450519047126 ], [ 31.634237067140742, 1.001449577595457 ], [ 31.631990683041298, 1.001448634595204 ], [ 31.629744301059937, 1.001447690046373 ], [ 31.627497921200131, 1.001446743948973 ], [ 31.625251543465364, 1.001445796303011 ], [ 31.623005167859102, 1.001444847108493 ], [ 31.620758794384823, 1.001443896365427 ], [ 31.618512423046003, 1.001442944073821 ], [ 31.616266053846115, 1.001441990233681 ], [ 31.614019686788641, 1.001441034845015 ], [ 31.611773321877052, 1.001440077907831 ], [ 31.609526959114813, 1.001439119422135 ], [ 31.607280598505419, 1.001438159387936 ], [ 31.605034240052333, 1.001437197805241 ], [ 31.602787883759028, 1.001436234674056 ], [ 31.600541529628988, 1.001435269994389 ], [ 31.598295177665683, 1.001434303766248 ], [ 31.596048827872593, 1.001433335989641 ], [ 31.593802480253181, 1.001432366664574 ], [ 31.591556134810936, 1.001431395791055 ], [ 31.589309791549329, 1.001430423369092 ], [ 31.587063450471828, 1.001429449398691 ], [ 31.58481711158192, 1.001428473879862 ], [ 31.58257077488307, 1.00142749681261 ], [ 31.580324440378753, 1.001426518196944 ], [ 31.578078108072454, 1.001425538032871 ], [ 31.575831777967643, 1.001424556320399 ], [ 31.573585450067792, 1.001423573059535 ], [ 31.571339124376376, 1.001422588250286 ], [ 31.569093780464549, 0.999160490456902 ], [ 31.566848439622255, 0.996898395545001 ], [ 31.564603101842529, 0.994636303525146 ], [ 31.562357767118407, 0.992374214407897 ], [ 31.560112435442921, 0.990112128203818 ], [ 31.557867106809113, 0.987850044923469 ], [ 31.555619828235205, 0.990110160924283 ], [ 31.553373527983915, 0.990109174988251 ], [ 31.551127229972291, 0.990108187521386 ], [ 31.548881916366536, 0.987846107132664 ], [ 31.548882896282635, 0.985585015709766 ], [ 31.548883873952121, 0.983323924255077 ], [ 31.548884849375014, 0.981062832768668 ], [ 31.548885822551313, 0.978801741250614 ], [ 31.548886793481028, 0.976540649700986 ], [ 31.548887762164167, 0.974279558119859 ], [ 31.546642447134058, 0.972017494078591 ], [ 31.544397135089937, 0.969755433031549 ], [ 31.542151826024838, 0.967493374989297 ], [ 31.539906519931794, 0.965231319962394 ], [ 31.539907483305459, 0.962970237295648 ], [ 31.539908444418693, 0.960709154597829 ], [ 31.537663139721086, 0.95844710708763 ], [ 31.535417837967721, 0.956185062621029 ], [ 31.535418795233511, 0.953923984386776 ], [ 31.533173495613482, 0.951661945226964 ], [ 31.530928198916811, 0.949399909135438 ], [ 31.528682905136527, 0.947137876122758 ], [ 31.526437614265685, 0.944875846199484 ], [ 31.524192326297314, 0.942613819376177 ], [ 31.521947041224436, 0.940351795663398 ], [ 31.52194799127426, 0.938090730968005 ], [ 31.519702708240843, 0.935828712650396 ], [ 31.51745742808205, 0.933566697468 ], [ 31.51521215079093, 0.931304685431377 ], [ 31.512966876360512, 0.929042676551088 ], [ 31.512967820670269, 0.926781620943387 ], [ 31.510721604783836, 0.926780670837694 ], [ 31.510722548213238, 0.924519617518398 ], [ 31.510723489337174, 0.922258564169231 ], [ 31.508477278596047, 0.922257617274427 ], [ 31.506232011811715, 0.919995620222035 ], [ 31.503986747853286, 0.917733626371781 ], [ 31.501740546875276, 0.917732679864267 ], [ 31.499494348216615, 0.917731731937974 ], [ 31.497248151880768, 0.917730782592909 ], [ 31.49949528946286, 0.915470690143749 ], [ 31.497249094534737, 0.915469743137995 ], [ 31.499496228386299, 0.913209648319932 ], [ 31.50174335943284, 0.910949547385453 ], [ 31.499497164986924, 0.910948606466596 ], [ 31.497250972863814, 0.910947664139456 ], [ 31.495005720139378, 0.908685683203361 ], [ 31.49275953406957, 0.90868474040597 ], [ 31.490512410466003, 0.91094482870841 ], [ 31.490513350332971, 0.908683796203814 ], [ 31.49276047020604, 0.906423705522203 ], [ 31.490514287863242, 0.906422763669835 ], [ 31.49276047020604, 0.906423705522203 ], [ 31.490513350332971, 0.908683796203814 ], [ 31.490512410466003, 0.91094482870841 ], [ 31.492758595599877, 0.910945775260356 ], [ 31.492757654796968, 0.913206810085287 ], [ 31.495004783066975, 0.910946720404041 ], [ 31.495003843664811, 0.91320775757527 ], [ 31.492756711660828, 0.915467844880691 ], [ 31.490510523721984, 0.915466893629155 ], [ 31.488263389835101, 0.917726971025082 ], [ 31.486016253129378, 0.919987042262506 ], [ 31.483769113597873, 0.922247107330865 ], [ 31.481521971233665, 0.924507166219597 ], [ 31.479274826029819, 0.92676721891814 ], [ 31.477027677979404, 0.929027265415932 ], [ 31.474780527075474, 0.931287305702411 ], [ 31.477025736684688, 0.933549301514876 ], [ 31.477024762500907, 0.935810319519076 ], [ 31.477023785959517, 0.938071337492998 ], [ 31.477022807060496, 0.940332355436568 ], [ 31.477021825803838, 0.942593373349714 ], [ 31.477020842189543, 0.944854391232361 ], [ 31.477019856217591, 0.947115409084438 ], [ 31.477018867887985, 0.949376426905871 ], [ 31.477017877200716, 0.951637444696586 ], [ 31.47701688415577, 0.953898462456511 ], [ 31.479262088488824, 0.956160482602859 ], [ 31.479261092198687, 0.958421502671811 ], [ 31.479260093554338, 0.960682522709756 ], [ 31.479259092555754, 0.96294354271662 ], [ 31.479258089202929, 0.965204562692332 ], [ 31.479257083495867, 0.967465582636818 ], [ 31.479256075434542, 0.969726602550004 ], [ 31.479255065018968, 0.971987622431818 ], [ 31.479254052249118, 0.974248642282186 ], [ 31.479253037124991, 0.976509662101036 ], [ 31.479252019646587, 0.978770681888294 ], [ 31.479250999813885, 0.981031701643887 ], [ 31.479249977626885, 0.983292721367742 ], [ 31.47924895308558, 0.985553741059785 ], [ 31.477002733966572, 0.985552707821514 ], [ 31.474755487279054, 0.987812687974599 ], [ 31.472508237557399, 0.990072661816433 ], [ 31.470260984794667, 0.992332629336455 ], [ 31.470259944733034, 0.994593639396045 ], [ 31.470258902303158, 0.996854649423447 ], [ 31.470257857505029, 0.999115659418586 ], [ 31.470256810338647, 1.00137666938139 ], [ 31.47025576080399, 1.003637679311785 ], [ 31.470254708901056, 1.005898689209699 ], [ 31.47025365462984, 1.008159699075058 ], [ 31.472498826885147, 1.010421772911827 ], [ 31.470251538982524, 1.012681718707819 ], [ 31.470250477606406, 1.014942728475074 ], [ 31.470249413861975, 1.017203738209482 ], [ 31.470248347749219, 1.019464747910968 ], [ 31.470247279268126, 1.021725757579462 ], [ 31.470246208418697, 1.023986767214889 ], [ 31.470245135200912, 1.026247776817175 ], [ 31.470244059614778, 1.028508786386249 ], [ 31.47024298166027, 1.030769795922036 ], [ 31.470241901337392, 1.033030805424463 ], [ 31.470240818646129, 1.035291814893458 ], [ 31.470239733586475, 1.037552824328947 ], [ 31.470238646158425, 1.039813833730858 ], [ 31.470237556361965, 1.042074843099116 ], [ 31.47023646419709, 1.044335852433649 ], [ 31.470235369663794, 1.046596861734383 ], [ 31.47023427276206, 1.048857871001246 ], [ 31.470233173491884, 1.051118880234165 ], [ 31.470232071853264, 1.053379889433066 ], [ 31.470230967846181, 1.055640898597876 ], [ 31.470229861470639, 1.057901907728521 ], [ 31.470228752726609, 1.06016291682493 ], [ 31.470227641614105, 1.062423925887028 ], [ 31.470226528133107, 1.064684934914743 ], [ 31.470225412283607, 1.066945943908 ], [ 31.470224294065599, 1.069206952866729 ], [ 31.470223173479067, 1.071467961790854 ], [ 31.470222050524015, 1.073728970680303 ], [ 31.467974652211023, 1.075988844806006 ], [ 31.465727250592948, 1.07824871246005 ], [ 31.46572611721675, 1.080509716471572 ], [ 31.465724981465044, 1.082770720448118 ], [ 31.46572384333782, 1.085031724389616 ], [ 31.465722702835063, 1.087292728295992 ], [ 31.465721559956769, 1.089553732167174 ], [ 31.463474134808202, 1.091813581203464 ], [ 31.46122670630594, 1.094073423729088 ], [ 31.461225552936867, 1.096334422706753 ], [ 31.461224397185266, 1.098595421648925 ], [ 31.461223239051144, 1.100856420555528 ], [ 31.46122207853448, 1.103117419426492 ], [ 31.463467203274575, 1.105379589122201 ], [ 31.461220915635263, 1.105378418261741 ], [ 31.458973463397321, 1.10763824209293 ], [ 31.45897229403009, 1.109899238457521 ], [ 31.458971122276811, 1.112160234786176 ], [ 31.458969948137476, 1.11442123107882 ], [ 31.458968771612067, 1.116682227335382 ], [ 31.458967592700585, 1.118943223555786 ], [ 31.458966411403015, 1.121204219739962 ], [ 31.45896522771935, 1.123465215887834 ], [ 31.458964041649583, 1.125726211999332 ], [ 31.4589628531937, 1.127987208074379 ], [ 31.456715360596345, 1.130247003407108 ], [ 31.45446786452721, 1.132506792147415 ], [ 31.454466665430729, 1.134767783304089 ], [ 31.454465463941151, 1.137028774424014 ], [ 31.454464260058455, 1.139289765507117 ], [ 31.45446305378265, 1.141550756553324 ], [ 31.454461845113716, 1.143811747562564 ], [ 31.454460634051639, 1.146072738534761 ], [ 31.452213109625553, 1.148332505993187 ], [ 31.452211892011768, 1.150593494481519 ], [ 31.452210672001339, 1.152854482932586 ], [ 31.454455765871803, 1.155116702051672 ], [ 31.456700863290479, 1.157378924163306 ], [ 31.456699639648715, 1.159639917317799 ], [ 31.456698413617225, 1.161900910434741 ], [ 31.456697185195992, 1.164161903514061 ], [ 31.456695954385015, 1.166422896555683 ], [ 31.456694721184288, 1.168683889559536 ], [ 31.456693485593792, 1.170944882525546 ], [ 31.456692247613525, 1.173205875453641 ], [ 31.456691007243467, 1.175466868343745 ], [ 31.45668976448362, 1.177727861195787 ], [ 31.456688519333969, 1.179988854009694 ], [ 31.456687271794511, 1.182249846785391 ], [ 31.45668602186522, 1.184510839522807 ], [ 31.456684769546104, 1.186771832221868 ], [ 31.456683514837145, 1.1890328248825 ], [ 31.456682257738336, 1.191293817504631 ], [ 31.456680998249659, 1.193554810088187 ], [ 31.454433385203473, 1.195814530403463 ], [ 31.454432119096648, 1.198075520503505 ], [ 31.452184498141921, 1.200335231667206 ], [ 31.449936873499997, 1.202594936113633 ], [ 31.447689245163954, 1.204854633832223 ], [ 31.447687963926775, 1.207115616537177 ], [ 31.445440327630109, 1.209375305058116 ], [ 31.445439039726054, 1.21163628526464 ], [ 31.445437749414669, 1.213897265431912 ], [ 31.445436456695951, 1.216158245559858 ], [ 31.445435161569886, 1.218419225648405 ], [ 31.445433864036474, 1.220680205697481 ], [ 31.445432564095686, 1.222941185707012 ], [ 31.44543126174753, 1.225202165676923 ], [ 31.44542995699199, 1.227463145607144 ], [ 31.445428649829054, 1.229724125497599 ], [ 31.443180971261981, 1.231983785097078 ], [ 31.443179657390274, 1.234244762484096 ], [ 31.443178341107664, 1.236505739831127 ], [ 31.443177022414147, 1.238766717138096 ], [ 31.44092932712725, 1.241026362540515 ], [ 31.44092800170403, 1.243287337339942 ], [ 31.4409266738664, 1.245548312099084 ], [ 31.440925343614339, 1.247809286817867 ], [ 31.440924010947843, 1.250070261496218 ], [ 31.440922675866901, 1.252331236134065 ], [ 31.440921338371503, 1.254592210731335 ], [ 31.440919998461631, 1.256853185287952 ], [ 31.440918656137288, 1.259114159803845 ], [ 31.440917311398458, 1.261375134278941 ], [ 31.440915964245121, 1.263636108713165 ], [ 31.438668221731916, 1.265895722585668 ], [ 31.43642047533007, 1.268155329595237 ], [ 31.434172725032656, 1.270414929731308 ], [ 31.431924970832739, 1.272674522983319 ], [ 31.429677212723398, 1.274934109340706 ], [ 31.427429450697687, 1.277193688792905 ], [ 31.425181684748694, 1.279453261329352 ], [ 31.422933914869478, 1.281712826939483 ], [ 31.420686141053118, 1.283972385612735 ], [ 31.418438363292676, 1.286231937338545 ], [ 31.416190581581226, 1.288491482106349 ], [ 31.416189183664674, 1.290752429113531 ], [ 31.416187783295257, 1.293013376078846 ], [ 31.416186380472965, 1.29527432300222 ], [ 31.416184975197783, 1.297535269883578 ], [ 31.416183567469702, 1.299796216722848 ], [ 31.416182157288713, 1.302057163519958 ], [ 31.413934344944774, 1.304316686251359 ], [ 31.411686528594263, 1.306576201982161 ], [ 31.411685107037478, 1.308837143710304 ], [ 31.409437282201601, 1.311096649911209 ], [ 31.409435853709567, 1.31335758907808 ], [ 31.409434422754131, 1.315618528202336 ], [ 31.409432989335286, 1.317879467283906 ], [ 31.409431553453011, 1.320140406322715 ], [ 31.409430115107305, 1.32240134531869 ], [ 31.409428674298148, 1.324662284271759 ], [ 31.409427231025543, 1.326923223181847 ], [ 31.407179370712957, 1.3291827046991 ], [ 31.404931506317411, 1.331442179155439 ], [ 31.404930051560967, 1.333703112973032 ], [ 31.40492859433407, 1.335964046747344 ], [ 31.404927134636711, 1.3382249804783 ], [ 31.404925672468877, 1.340485914165827 ], [ 31.404924207830557, 1.342746847809851 ], [ 31.407169167206792, 1.345009258197959 ], [ 31.407167699695012, 1.347270194238091 ], [ 31.407166229716193, 1.349531130234505 ], [ 31.407164757270312, 1.351792066187127 ], [ 31.407163282357363, 1.354053002095885 ], [ 31.407161804977335, 1.356313937960705 ], [ 31.407160325130221, 1.358574873781514 ], [ 31.407158842816003, 1.360835809558238 ], [ 31.407157358034677, 1.363096745290805 ], [ 31.40715587078622, 1.365357680979141 ], [ 31.407154381070633, 1.367618616623172 ], [ 31.407152888887897, 1.369879552222826 ], [ 31.407151394238003, 1.372140487778029 ], [ 31.407149897120942, 1.374401423288708 ], [ 31.409394855750904, 1.376663868181377 ], [ 31.409393355815684, 1.378924806082684 ], [ 31.407145390966612, 1.381184229552864 ], [ 31.404897421874683, 1.383443645879827 ], [ 31.402649448532969, 1.385703055053007 ], [ 31.400401470934536, 1.38796245706184 ], [ 31.39815348907246, 1.390221851895761 ], [ 31.395905502939812, 1.392481239544207 ], [ 31.395903972915107, 1.394742162198783 ], [ 31.393655977876339, 1.397001540104999 ], [ 31.39365444073486, 1.399262460168025 ], [ 31.393652901105206, 1.401523380185621 ], [ 31.393651358987377, 1.403784300157711 ], [ 31.391403345729572, 1.406043663203969 ], [ 31.38915532815259, 1.408303019018744 ], [ 31.386907306249519, 1.410562367591473 ], [ 31.38465928001342, 1.41282170891159 ], [ 31.382411249437379, 1.415081042968533 ], [ 31.380164784612802, 1.41507946513335 ], [ 31.377919892058266, 1.412816982971829 ], [ 31.37567343442705, 1.412815403290776 ], [ 31.37342855089662, 1.410552924302324 ], [ 31.371182100469149, 1.410551342789429 ], [ 31.36893407664359, 1.41281065114439 ], [ 31.36668604847825, 1.415069952187282 ], [ 31.364438015966208, 1.417329245907542 ], [ 31.362191569136733, 1.417327648023603 ], [ 31.35994353262944, 1.419586929666468 ], [ 31.357697088698767, 1.419585324844049 ], [ 31.355449048192831, 1.421844594381503 ], [ 31.355447446526306, 1.424105470889401 ], [ 31.355445842312385, 1.426366347350982 ], [ 31.35319778796288, 1.428625604299624 ], [ 31.350949729225107, 1.430884853862253 ] ] } }
]
}
