corridor,piece,km_start,place,road_type,schools_300m,markets_200m,stops_100m,ped_crossings,signals,people_300m,truck_kmh,trucks_per_day,crossings,exposure
kampala_bwera,0,0.0,Busega,town,1,3,0,1,0,2957.0,43.3,400,1,0.6652469374899008
kampala_bwera,1,0.5,Busega,town,0,1,0,0,0,489.0,50.0,400,0,0.1956
kampala_bwera,2,1.0,Bulenga A,town,0,0,0,0,0,1092.0,42.1,400,0,0.21954876359969291
kampala_bwera,3,1.5,Bulenga A,town,0,0,0,0,0,2122.0,38.7,400,0,0.30462757524506884
kampala_bwera,4,2.0,Bulenga,town,0,0,0,0,0,2232.0,40.0,400,0,0.36569088000000005
kampala_bwera,5,2.5,Bulenga,town,0,0,0,0,0,2248.0,38.7,400,0,0.3227157347553792
kampala_bwera,6,3.0,Bulenga B,roadside settlement,0,0,0,0,0,2199.0,40.0,400,0,0.3602841600000001
kampala_bwera,7,3.5,Bulenga B,town,0,0,0,0,0,2077.0,38.7,400,0,0.2981675182771008
kampala_bwera,8,4.0,Nakabugo,town,1,0,0,0,0,2169.0,39.4,400,0,0.3345217910055934
kampala_bwera,9,4.5,Bulaga Kalambi,town,1,0,0,0,0,2053.0,41.4,400,0,0.3859848757711871
kampala_bwera,10,5.0,Bulaga Kalambi,roadside settlement,0,0,0,0,0,2207.0,40.0,400,0,0.36159488000000006
kampala_bwera,11,5.5,Bulaga Kalambi,roadside settlement,0,0,0,0,0,2184.0,40.0,400,0,0.35782656000000007
kampala_bwera,12,6.0,Kalambi Kiwumu,roadside settlement,0,0,0,0,0,1963.0,44.2,400,0,0.47950081644574727
kampala_bwera,13,6.5,Kalambi Kiwumu,town,0,0,0,0,0,2014.0,41.4,400,0,0.3786524792027135
kampala_bwera,14,7.0,Kalambi Kiwumu,town,0,0,0,0,0,1705.0,46.5,400,0,0.5101714708200001
kampala_bwera,15,7.5,Kalambi Kiwumu,roadside settlement,0,0,0,0,0,1564.0,40.7,400,0,0.2746593320855297
kampala_bwera,16,8.0,Kasero Kirimamboga Ttomi,town,0,0,0,0,0,1619.0,38.7,400,0,0.23241849402533762
kampala_bwera,17,8.5,Kasero Kirimamboga Ttomi,town,0,0,0,0,0,1311.0,42.5,400,0,0.27374007749999996
kampala_bwera,18,9.0,Kasero Kirimamboga Ttomi,roadside settlement,0,0,0,0,0,1313.0,42.6,400,0,0.2767471113618432
kampala_bwera,19,9.5,Buloba Bunwa Kapeeka,town,0,0,0,0,0,1794.0,38.7,400,0,0.25754093778965764
kampala_bwera,20,10.0,Buloba Bunwa Kapeeka,town,0,0,0,0,0,1886.0,38.7,400,0,0.2707481653686144
kampala_bwera,21,10.5,Buloba Bunwa Kapeeka,roadside settlement,0,0,0,0,0,1324.0,41.4,400,0,0.24892546299125753
kampala_bwera,22,11.0,Buloba Bunwa Kapeeka,roadside settlement,0,0,0,0,0,1025.0,49.7,400,0,0.40024820629136015
kampala_bwera,23,11.5,Bwotansimbi Kiweesa Serug,roadside settlement,0,0,0,0,0,1055.0,50.9,400,0,0.453214256715872
kampala_bwera,24,12.0,Bwotansimbi Kiweesa Serug,roadside settlement,0,0,0,0,0,916.0,53.0,400,0,0.46257155814400014
kampala_bwera,25,12.5,Bwotansimbi Kiweesa Serug,roadside settlement,0,0,0,0,0,98.0,69.2,400,0,0.14382369016709126
kampala_bwera,26,13.0,Buyala,roadside settlement,0,0,0,0,0,406.0,32.8,400,0,0.03007470543831038
kampala_bwera,27,13.5,Buyala,roadside settlement,1,0,0,0,0,549.0,42.1,400,0,0.11037753774380166
kampala_bwera,28,14.0,Buyala,roadside settlement,1,0,0,0,0,450.0,47.9,400,0,0.15161233674528
kampala_bwera,29,14.5,Lugyo,roadside settlement,0,0,0,0,0,276.0,60.0,400,0,0.22892543999999998
kampala_bwera,30,15.0,Lugyo,roadside settlement,0,0,0,0,0,177.0,63.1,400,0,0.1795852556801088
kampala_bwera,31,15.5,Lugyo,roadside settlement,0,0,0,0,0,63.0,69.3,400,0,0.09299368592680317
kampala_bwera,32,16.0,Lugyo,roadside settlement,0,0,0,0,0,300.0,38.0,400,0,0.0400346112
kampala_bwera,33,16.5,Lugyo,roadside settlement,0,0,0,0,0,190.0,57.7,400,0,0.13478353035385607
kampala_bwera,34,17.0,Nalya Nansesa,open road,0,0,0,0,0,8.0,68.3,400,0,0.011141733740595195
kampala_bwera,35,17.5,Nalya Nansesa,roadside settlement,1,0,0,0,0,177.0,55.9,400,0,0.11061154840894076
kampala_bwera,36,18.0,Nalya Nansesa,roadside settlement,1,0,0,0,0,597.0,40.7,400,0,0.10484119006078084
kampala_bwera,37,18.5,Nalya Nansesa,roadside settlement,0,0,0,0,0,335.0,53.2,400,0,0.17173994133094403
kampala_bwera,38,19.0,Bujuko,roadside settlement,0,0,0,0,0,187.0,62.3,400,0,0.1802908835831488
kampala_bwera,39,19.5,Bujuko,open road,0,0,0,0,0,11.0,69.7,400,0,0.01661513106746241
kampala_bwera,40,20.0,Bujuko,roadside settlement,0,0,0,0,0,75.0,31.9,400,0,0.00497054453808
kampala_bwera,41,20.5,Bujuko,roadside settlement,0,0,0,0,0,226.0,42.9,400,0,0.0489911441145984
kampala_bwera,42,21.0,Nkambo,roadside settlement,0,0,0,0,0,206.0,51.4,400,0,0.09202369562685442
kampala_bwera,43,21.5,Nkambo,roadside settlement,0,0,0,0,0,220.0,63.8,400,0,0.233284223653888
kampala_bwera,44,22.0,Nkambo,roadside settlement,0,0,0,0,0,198.0,63.0,400,0,0.19962152179200002
kampala_bwera,45,22.5,Nswanjere,open road,0,0,0,0,0,38.0,69.6,400,0,0.057069035008819186
kampala_bwera,46,23.0,Nswanjere,roadside settlement,0,0,0,0,0,210.0,44.2,400,0,0.051296572314624006
kampala_bwera,47,23.5,Nswanjere,roadside settlement,0,0,0,0,0,63.0,66.8,400,0,0.08028351401656315
kampala_bwera,48,24.0,Nswanjere,open road,0,0,0,0,0,84.0,32.6,400,0,0.006071970603417602
kampala_bwera,49,24.5,Nswanjere,roadside settlement,1,0,0,0,0,192.0,44.9,400,0,0.0499420731813888
kampala_bwera,50,25.0,Nswanjere,open road,0,0,0,0,0,82.0,67.9,400,0,0.11155086017178882
kampala_bwera,51,25.5,Muduuma,roadside settlement,0,0,0,0,0,153.0,41.0,400,0,0.027669851711999992
kampala_bwera,52,26.0,Muduuma,roadside settlement,1,0,0,0,0,241.0,51.0,400,0,0.104346460224
kampala_bwera,53,26.5,Muduuma,roadside settlement,1,0,0,0,0,330.0,53.4,400,0,0.17173505043763204
kampala_bwera,54,27.0,Muduuma,roadside settlement,0,0,0,0,0,330.0,53.4,400,0,0.17173505043763204
kampala_bwera,55,27.5,Muduuma,roadside settlement,1,0,0,0,0,240.0,54.4,400,0,0.13451998632345605
kampala_bwera,56,28.0,Muduuma,roadside settlement,3,0,0,0,0,315.0,53.0,400,0,0.15907209696000005
kampala_bwera,57,28.5,Jjeza B,roadside settlement,2,0,0,0,0,252.0,50.0,400,0,0.1008
kampala_bwera,58,29.0,Jjeza B,roadside settlement,0,0,0,0,0,223.0,65.2,400,0,0.25791417991659527
kampala_bwera,59,29.5,Jjeza B,open road,0,0,0,0,0,95.0,68.7,400,0,0.13543488007228804
kampala_bwera,60,30.0,Jjeza B,roadside settlement,0,0,0,0,0,170.0,63.9,400,0,0.181397930476608
kampala_bwera,61,30.5,Jjeza B,roadside settlement,0,0,0,0,0,210.0,57.8,400,0,0.15000668801126396
kampala_bwera,62,31.0,Jezza,roadside settlement,0,0,0,0,0,235.0,56.0,400,0,0.14791081984000007
kampala_bwera,63,31.5,Jezza,roadside settlement,1,0,0,0,0,398.0,40.0,400,0,0.06520832000000001
kampala_bwera,64,32.0,Jezza,roadside settlement,1,0,0,0,0,405.0,51.3,400,0,0.179516535278112
kampala_bwera,65,32.5,St. Josephs,roadside settlement,1,0,0,0,0,143.0,32.6,400,0,0.010336807098675203
kampala_bwera,66,33.0,Kamuli,roadside settlement,1,0,0,0,0,357.0,41.1,400,0,0.06519517832983682
kampala_bwera,67,33.5,Kamuli,roadside settlement,0,0,0,0,0,414.0,42.1,400,0,0.08323552026581764
kampala_bwera,68,34.0,Buwalula A,roadside settlement,1,0,0,0,0,281.0,49.5,400,0,0.107970991524
kampala_bwera,69,34.5,Buwalula A,roadside settlement,1,0,0,0,0,205.0,66.9,400,0,0.2628078335219521
kampala_bwera,70,35.0,Kasiba,roadside settlement,0,0,0,0,0,218.0,58.6,400,0,0.16452311804088315
kampala_bwera,71,35.5,Kiwawu,roadside settlement,1,0,0,0,0,247.0,58.6,400,0,0.18640922089953274
kampala_bwera,72,36.0,Kiwawu,roadside settlement,1,0,0,0,0,382.0,39.5,400,0,0.05951572376800001
kampala_bwera,73,36.5,Kiwawu,roadside settlement,0,0,0,0,0,220.0,61.6,400,0,0.202733493157888
kampala_bwera,74,37.0,Kayunga (kiwawu),roadside settlement,0,0,0,0,0,168.0,65.9,400,0,0.20278270598046724
kampala_bwera,75,37.5,Ssese,open road,1,0,0,0,0,24.0,68.3,400,0,0.03342520122178559
kampala_bwera,76,38.0,Ssese,roadside settlement,1,0,0,0,0,152.0,27.5,400,0,0.005563580000000002
kampala_bwera,77,38.5,Kikonge,roadside settlement,1,0,0,0,0,210.0,47.5,400,0,0.068418525
kampala_bwera,78,39.0,Kikonge,roadside settlement,2,0,0,0,0,310.0,57.6,400,0,0.21838942332518413
kampala_bwera,79,39.5,Kikonge,roadside settlement,3,0,0,0,0,393.0,44.1,400,0,0.09513205586478721
kampala_bwera,80,40.0,Kikonge,roadside settlement,1,0,0,0,0,249.0,35.0,400,0,0.023913959999999995
kampala_bwera,81,40.5,Kyengeza,roadside settlement,2,0,0,0,0,235.0,64.5,400,0,0.26030750814000003
kampala_bwera,82,41.0,Kyengeza,roadside settlement,3,0,0,0,0,204.0,29.3,400,0,0.0096223383257856
kampala_bwera,83,41.5,Kyengeza,roadside settlement,3,0,0,0,0,352.0,54.1,400,0,0.19297973153198086
kampala_bwera,84,42.0,Zigoti East,roadside settlement,0,0,0,0,0,219.0,57.1,400,0,0.14899391152728966
kampala_bwera,85,42.5,Zigoti East,roadside settlement,4,0,0,0,0,305.0,58.1,400,0,0.22242538086339195
kampala_bwera,86,43.0,Zigoti,roadside settlement,5,0,0,0,0,369.0,42.8,400,0,0.0792467419447296
kampala_bwera,87,43.5,Zigoti,town,2,0,0,0,0,449.0,41.4,400,0,0.08441656562165759
kampala_bwera,88,44.0,Nakaseta,roadside settlement,1,0,0,0,0,154.0,32.4,400,0,0.0108612731437056
kampala_bwera,89,44.5,Nakaseta,roadside settlement,1,0,0,0,0,150.0,59.7,400,0,0.12194628026975997
kampala_bwera,90,45.0,Nakaseta,roadside settlement,2,0,0,0,0,295.0,51.9,400,0,0.13698449763004802
kampala_bwera,91,45.5,Zigoti,roadside settlement,1,0,0,0,0,119.0,42.6,400,0,0.025082182979481598
kampala_bwera,92,46.0,Nakitolo (ttanda),roadside settlement,0,0,0,0,0,128.0,61.3,400,0,0.11567295804293119
kampala_bwera,93,46.5,Nakitolo (ttanda),roadside settlement,1,0,0,0,0,231.0,35.2,400,0,0.02269669427773441
kampala_bwera,94,47.0,Nakitolo (ttanda),roadside settlement,1,0,0,0,0,149.0,58.5,400,0,0.11168367771599996
kampala_bwera,95,47.5,Ttanda,roadside settlement,0,0,0,0,0,121.0,66.3,400,0,0.14963026942131832
kampala_bwera,96,48.0,Nakanyenya,roadside settlement,1,0,0,0,0,203.0,56.5,400,0,0.13239445713199996
kampala_bwera,97,48.5,Nakanyenya,roadside settlement,1,0,0,0,0,163.0,59.0,400,0,0.12640830995199998
kampala_bwera,98,49.0,Nakanyenya,roadside settlement,0,0,0,0,0,157.0,61.0,400,0,0.13912301036799998
kampala_bwera,99,49.5,Kiwambya,roadside settlement,0,0,0,0,0,233.0,53.7,400,0,0.12400324145608323
kampala_bwera,100,50.0,Kiwambya,roadside settlement,0,0,0,0,0,101.0,68.3,400,0,0.14066438847501433
kampala_bwera,101,50.5,Busere B,roadside settlement,0,0,0,0,0,223.0,43.6,400,0,0.051573997409075194
kampala_bwera,102,51.0,Ttamu A,roadside settlement,2,0,0,0,0,310.0,52.4,400,0,0.14957768787558404
kampala_bwera,103,51.5,Tamu,roadside settlement,2,0,0,0,0,280.0,53.3,400,0,0.14462615537843193
kampala_bwera,104,52.0,Ttamu C,roadside settlement,0,0,0,0,0,129.0,34.1,400,0,0.011163161305401603
kampala_bwera,105,52.5,Kiweebya,roadside settlement,0,0,0,0,0,101.0,48.0,400,0,0.034313601023999996
kampala_bwera,106,53.0,Ndibulungi,roadside settlement,0,0,0,0,0,242.0,41.1,400,0,0.04419393040846081
kampala_bwera,107,53.5,Ndibulungi,roadside settlement,0,0,0,0,0,254.0,39.4,400,0,0.03917405943541759
kampala_bwera,108,54.0,Kitinkola B,roadside settlement,0,0,0,0,0,229.0,50.0,400,0,0.0916
kampala_bwera,109,54.5,Kitinkola B,roadside settlement,1,0,0,0,0,485.0,51.5,400,0,0.21834870914
kampala_bwera,110,55.0,Kiweesa,roadside settlement,1,0,0,0,0,464.0,44.0,400,0,0.111303458816
kampala_bwera,111,55.5,Kiweesa,roadside settlement,4,0,0,0,0,749.0,42.1,400,0,0.15058793400748166
kampala_bwera,112,56.0,Wabigalo,roadside settlement,9,0,0,0,0,774.0,42.8,400,0,0.1662248733474816
kampala_bwera,113,56.5,Wabigalo,roadside settlement,9,0,0,0,0,769.0,40.7,400,0,0.13504669205484163
kampala_bwera,114,57.0,Musalaba,town,5,0,0,0,0,730.0,38.7,400,0,0.10479647970259201
kampala_bwera,115,57.5,Kibibi-garage B,roadside settlement,2,0,0,0,0,792.0,40.0,400,0,0.12976128000000003
kampala_bwera,116,58.0,Busimbi Gombolola,roadside settlement,5,0,0,0,0,848.0,41.4,400,0,0.15943262282219517
kampala_bwera,117,58.5,Busimbi Gombolola,roadside settlement,6,0,0,0,0,887.0,41.4,400,0,0.1667650193906688
kampala_bwera,118,59.0,Buswa-bulongo,roadside settlement,2,0,0,0,0,827.0,43.5,400,0,0.189514529388
kampala_bwera,119,59.5,Buswa-bulongo,roadside settlement,1,0,0,0,0,640.0,54.1,400,0,0.3508722391490561
kampala_bwera,120,60.0,Kikumbi,roadside settlement,2,0,0,0,0,354.0,63.6,400,0,0.3706907069546497
kampala_bwera,121,60.5,Kikumbi,roadside settlement,3,0,0,0,0,421.0,42.4,400,0,0.0870814187782144
kampala_bwera,122,61.0,Bamunanika-kyetume,roadside settlement,2,0,0,0,0,461.0,47.7,400,0,0.15274057300928645
kampala_bwera,123,61.5,Bamunanika-kyetume,roadside settlement,0,0,0,0,0,269.0,58.3,400,0,0.19888703484383358
kampala_bwera,124,62.0,Bamunanika-kyetume,roadside settlement,0,0,0,0,0,141.0,66.3,400,0,0.1743625453587263
kampala_bwera,125,62.5,Bamunanika-kyetume,roadside settlement,0,0,0,0,0,134.0,65.8,400,0,0.16076383097384953
kampala_bwera,126,63.0,Bamunanika-kyetume,open road,0,0,0,0,0,16.0,69.5,400,0,0.023891266623999992
kampala_bwera,127,63.5,Naama A,open road,0,0,0,0,0,36.0,60.9,400,0,0.031692145803494394
kampala_bwera,128,64.0,Naama A,roadside settlement,2,0,0,0,0,274.0,42.6,400,0,0.057752253246873594
kampala_bwera,129,64.5,Naama A,roadside settlement,4,0,0,0,0,445.0,42.8,400,0,0.09556856413388799
kampala_bwera,130,65.0,Mujjumbula,roadside settlement,3,0,0,0,0,404.0,48.2,400,0,0.13955631458754564
kampala_bwera,131,65.5,Naama,roadside settlement,3,0,0,0,0,435.0,45.8,400,0,0.12249860497766396
kampala_bwera,132,66.0,Naama,roadside settlement,1,0,0,0,0,464.0,47.5,400,0,0.15117235999999998
kampala_bwera,133,66.5,Lusundo,roadside settlement,0,0,0,0,0,373.0,56.7,400,0,0.24672947882325133
kampala_bwera,134,67.0,Lusundo,roadside settlement,2,0,0,0,0,238.0,64.8,400,0,0.26856966318981124
kampala_bwera,135,67.5,Busundo-mpanga,roadside settlement,2,0,0,0,0,240.0,41.6,400,0,0.04600071035289601
kampala_bwera,136,68.0,Busundo-mpanga,roadside settlement,2,0,0,0,0,127.0,67.2,400,0,0.16575276704071687
kampala_bwera,137,68.5,Busundo-mpanga,open road,0,0,0,0,0,6.0,69.7,400,0,0.009062798764070403
kampala_bwera,138,69.0,Busundo-mpanga,open road,0,0,0,0,0,3.0,69.7,400,0,0.004531399382035201
kampala_bwera,139,69.5,Kyengeza (kigalama),roadside settlement,0,0,0,0,0,101.0,42.7,400,0,0.021488833845382412
kampala_bwera,140,70.0,Kyengeza (kigalama),roadside settlement,1,0,0,0,0,313.0,42.0,400,0,0.06233349427199999
kampala_bwera,141,70.5,Kyengeza (kigalama),roadside settlement,2,0,0,0,0,469.0,46.2,400,0,0.13674791675381762
kampala_bwera,142,71.0,Kyengeza (kigalama),roadside settlement,2,0,0,0,0,315.0,58.4,400,0,0.23449949739417594
kampala_bwera,143,71.5,Kyengeza (kigalama),open road,0,0,0,0,0,120.0,68.1,400,0,0.16517703561292793
kampala_bwera,144,72.0,Luswa,roadside settlement,0,0,0,0,0,168.0,50.1,400,0,0.06773921495147521
kampala_bwera,145,72.5,Luswa,roadside settlement,0,0,0,0,0,185.0,50.0,400,0,0.074
kampala_bwera,146,73.0,Luswa,roadside settlement,0,0,0,0,0,253.0,60.8,400,0,0.2212660649132032
kampala_bwera,147,73.5,Myanzi,open road,0,0,0,0,0,41.0,68.1,400,0,0.056435487167750376
kampala_bwera,148,74.0,Myanzi,roadside settlement,0,0,0,0,0,32.0,68.4,400,0,0.044828515683532806
kampala_bwera,149,74.5,Myanzi,roadside settlement,1,0,1,0,0,447.0,27.2,400,0,0.015658967157964804
kampala_bwera,150,75.0,Kiswera,roadside settlement,2,0,0,0,0,260.0,41.5,400,0,0.049356653839999994
kampala_bwera,151,75.5,Kiswera,roadside settlement,2,0,0,0,0,241.0,61.0,400,0,0.21355825158399996
kampala_bwera,152,76.0,Kiswera,roadside settlement,0,0,0,0,0,218.0,62.8,400,0,0.2170076492890112
kampala_bwera,153,76.5,Kiswera,roadside settlement,0,0,0,0,0,168.0,68.3,400,0,0.2339764085524991
kampala_bwera,154,77.0,Kalama (Myanzi),roadside settlement,0,0,0,0,0,130.0,67.2,400,0,0.16966818673459205
kampala_bwera,155,77.5,Kalama (Myanzi),roadside settlement,1,0,0,0,0,167.0,39.5,400,0,0.026018654108000007
kampala_bwera,156,78.0,Kalama (Myanzi),roadside settlement,2,0,0,0,0,226.0,47.5,400,0,0.07363136499999999
kampala_bwera,157,78.5,,roadside settlement,1,0,0,0,0,210.0,61.2,400,0,0.188540631465984
kampala_bwera,158,79.0,,roadside settlement,0,0,0,0,0,114.0,65.2,400,0,0.13184850453135363
kampala_bwera,159,79.5,,roadside settlement,0,0,0,0,0,58.0,59.1,400,0,0.045285366935923194
kampala_bwera,160,80.0,,roadside settlement,0,0,0,0,0,221.0,61.0,400,0,0.19583557510399996
kampala_bwera,161,80.5,,roadside settlement,0,0,0,0,0,81.0,65.1,400,0,0.09310841789235834
kampala_bwera,162,81.0,Katuugo (Kyanamugeera),open road,0,0,0,0,0,64.0,65.0,400,0,0.07311616000000001
kampala_bwera,163,81.5,Katuugo (Kyanamugeera),open road,0,0,0,0,0,7.0,68.7,400,0,0.009979412215852803
kampala_bwera,164,82.0,Katuugo (Kyanamugeera),open road,0,0,0,0,0,11.0,69.3,400,0,0.016236992780870395
kampala_bwera,165,82.5,Katuugo (Kyanamugeera),roadside settlement,0,0,0,0,0,178.0,40.4,400,0,0.03034767585771519
kampala_bwera,166,83.0,Katuugo (Kyanamugeera),roadside settlement,1,0,0,0,0,343.0,38.3,400,0,0.04723557320513917
kampala_bwera,167,83.5,Kakungube,roadside settlement,1,0,0,0,0,336.0,50.8,400,0,0.1432102492176384
kampala_bwera,168,84.0,Kakungube,roadside settlement,0,0,0,0,0,257.0,55.2,400,0,0.15271067902279684
kampala_bwera,169,84.5,Kakungube,roadside settlement,0,0,0,0,0,288.0,59.8,400,0,0.23570956028805118
kampala_bwera,170,85.0,Kakungube,roadside settlement,0,0,0,0,0,181.0,63.4,400,0,0.18716109628426242
kampala_bwera,171,85.5,Kakungube,roadside settlement,1,0,0,0,0,206.0,56.5,400,0,0.13435102546399993
kampala_bwera,172,86.0,,open road,1,0,0,0,0,85.0,69.0,400,0,0.12330913823999996
kampala_bwera,173,86.5,,open road,0,0,0,0,0,94.0,69.5,400,0,0.14036119141599995
kampala_bwera,174,87.0,,roadside settlement,0,0,0,0,0,199.0,51.4,400,0,0.08889667684341762
kampala_bwera,175,87.5,Namuganga II,roadside settlement,0,0,0,0,0,202.0,32.9,400,0,0.015146592283916793
kampala_bwera,176,88.0,Namuganga II,roadside settlement,0,0,0,0,0,173.0,53.2,400,0,0.08868958164254721
kampala_bwera,177,88.5,Namuganga II,roadside settlement,0,0,0,0,0,266.0,57.0,400,0,0.17970536102399995
kampala_bwera,178,89.0,Kyakatebe,roadside settlement,0,0,0,0,0,268.0,53.2,400,0,0.1373919530647552
kampala_bwera,179,89.5,Kyakatebe,roadside settlement,0,0,0,0,0,215.0,51.9,400,0,0.09983615928969601
kampala_bwera,180,90.0,Kyakatebe,roadside settlement,1,0,0,0,0,395.0,44.8,400,0,0.10183313771724796
kampala_bwera,181,90.5,Kyakatebe,roadside settlement,1,0,0,0,0,243.0,56.1,400,0,0.15404148355432326
kampala_bwera,182,91.0,Kyakatebe,open road,0,0,0,0,0,106.0,68.1,400,0,0.14590638145808635
kampala_bwera,183,91.5,,open road,0,0,0,0,0,116.0,68.3,400,0,0.16155513923863032
kampala_bwera,184,92.0,,roadside settlement,0,0,0,0,0,139.0,66.1,400,0,0.16982460463039353
kampala_bwera,185,92.5,Lugoba,open road,0,0,0,0,0,26.0,53.2,400,0,0.013329070073446402
kampala_bwera,186,93.0,Lugoba,open road,0,0,0,0,0,11.0,46.4,400,0,0.003263206680166399
kampala_bwera,187,93.5,Lugoba,open road,0,0,0,0,0,17.0,69.9,400,0,0.02597392596746881
kampala_bwera,188,94.0,Lugoba,roadside settlement,0,0,0,0,0,86.0,67.8,400,0,0.11630468267274235
kampala_bwera,189,94.5,Lugoba,roadside settlement,0,0,0,0,0,118.0,66.4,400,0,0.14680278638264324
kampala_bwera,190,95.0,Kasambya,roadside settlement,1,0,0,0,0,180.0,60.8,400,0,0.157422496776192
kampala_bwera,191,95.5,Kasambya,roadside settlement,1,0,0,0,0,139.0,58.0,400,0,0.10067154841599997
kampala_bwera,192,96.0,Kisolooza B,roadside settlement,0,0,0,0,0,149.0,65.0,400,0,0.17022356000000002
kampala_bwera,193,96.5,Kisolooza B,roadside settlement,0,0,0,0,0,213.0,36.0,400,0,0.022896525312
kampala_bwera,194,97.0,Kisolooza A,roadside settlement,1,0,0,0,0,240.0,65.6,400,0,0.2844504159682558
kampala_bwera,195,97.5,Kasambya (kinoni),roadside settlement,1,0,0,0,0,271.0,57.1,400,0,0.18437146129632648
kampala_bwera,196,98.0,Kinyerera,roadside settlement,1,0,0,0,0,220.0,60.3,400,0,0.18615379887244796
kampala_bwera,197,98.5,Kinyerera,roadside settlement,0,0,0,0,0,351.0,55.6,400,0,0.21467736537661447
kampala_bwera,198,99.0,Kinyerera,roadside settlement,0,0,0,0,0,223.0,57.8,400,0,0.15929281631672315
kampala_bwera,199,99.5,Nakiduduma,roadside settlement,0,0,0,0,0,279.0,62.5,400,0,0.2724609375
kampala_bwera,200,100.0,Nakiduduma,roadside settlement,1,0,0,0,0,417.0,42.1,400,0,0.08383867620977284
kampala_bwera,201,100.5,Kalamba,roadside settlement,2,0,0,0,0,563.0,44.1,400,0,0.13628332684955521
kampala_bwera,202,101.0,Nasulu,roadside settlement,4,0,0,0,0,340.0,57.3,400,0,0.23457265255641593
kampala_bwera,203,101.5,Nasulu,roadside settlement,3,0,0,0,0,362.0,47.6,400,0,0.11893682897223684
kampala_bwera,204,102.0,Mpumudde (kawungera),roadside settlement,2,0,0,0,0,494.0,47.5,400,0,0.16094643499999997
kampala_bwera,205,102.5,Mpumudde (kawungera),roadside settlement,2,0,0,0,0,323.0,55.9,400,0,0.2018504527462591
kampala_bwera,206,103.0,Kawungera,roadside settlement,2,0,0,0,0,363.0,46.1,400,0,0.10492773558453122
kampala_bwera,207,103.5,Kyamusota,roadside settlement,2,0,0,0,0,294.0,54.0,400,0,0.15999350169600002
kampala_bwera,208,104.0,Kyamusota,roadside settlement,2,0,0,0,0,253.0,60.1,400,0,0.21125081015969918
kampala_bwera,209,104.5,Gayaza (kigalama)),roadside settlement,0,0,0,0,0,193.0,62.8,400,0,0.19212145097605118
kampala_bwera,210,105.0,Gayaza (kigalama)),open road,0,0,0,0,0,249.0,67.7,400,0,0.33476033656325765
kampala_bwera,211,105.5,Gayaza (kigalama)),roadside settlement,0,0,0,0,0,179.0,44.9,400,0,0.046560578643065606
kampala_bwera,212,106.0,Gayaza (kigalama)),roadside settlement,0,0,0,0,0,134.0,60.9,400,0,0.11796520937967359
kampala_bwera,213,106.5,Gayaza (kigalama)),roadside settlement,0,0,0,0,0,294.0,50.3,400,0,0.12044790335880959
kampala_bwera,214,107.0,Kyamwero,roadside settlement,0,0,0,0,0,308.0,53.2,400,0,0.1578982147162112
kampala_bwera,215,107.5,Kyamwero,roadside settlement,0,0,0,0,0,271.0,57.3,400,0,0.18696820247879034
kampala_bwera,216,108.0,Kyamwero,roadside settlement,0,0,0,0,0,142.0,66.5,400,0,0.17772760952800004
kampala_bwera,217,108.5,Kyamwero,open road,0,0,0,0,0,30.0,66.6,400,0,0.03777444962611198
kampala_bwera,218,109.0,Bwakago,roadside settlement,0,0,0,0,0,213.0,30.7,400,0,0.0121091338381632
kampala_bwera,219,109.5,Bwakago,roadside settlement,0,0,0,0,0,155.0,67.0,400,0,0.19989912032000004
kampala_bwera,220,110.0,Bwakago,roadside settlement,0,0,0,0,0,188.0,66.3,400,0,0.2324833938116351
kampala_bwera,221,110.5,Bwakago,roadside settlement,0,0,0,0,0,208.0,63.3,400,0,0.2137263893885952
kampala_bwera,222,111.0,Kalonga A (kalonga),open road,0,0,0,0,0,12.0,69.8,400,0,0.018229842248908796
kampala_bwera,223,111.5,Kalonga A (kalonga),open road,0,0,0,0,0,128.0,52.3,400,0,0.06129099885854721
kampala_bwera,224,112.0,Kalonga A (kalonga),open road,0,0,0,0,0,183.0,42.0,400,0,0.03644418355199999
kampala_bwera,225,112.5,Kalonga B(kalonga),roadside settlement,0,0,0,0,0,188.0,42.2,400,0,0.03815817778257922
kampala_bwera,226,113.0,Kalonga B(kalonga),roadside settlement,0,0,0,0,0,483.0,49.4,400,0,0.18409199340779517
kampala_bwera,227,113.5,Kalonga B(kalonga),roadside settlement,0,0,0,0,0,441.0,56.6,400,0,0.2896571733156865
kampala_bwera,228,114.0,Kyakatule,roadside settlement,0,0,0,0,0,370.0,63.9,400,0,0.394807260449088
kampala_bwera,229,114.5,Kyakatule,roadside settlement,0,0,0,0,0,199.0,66.7,400,0,0.25207883674802567
kampala_bwera,230,115.0,Kyakatule,roadside settlement,0,0,0,0,0,135.0,66.7,400,0,0.17100825608534403
kampala_bwera,231,115.5,Kalembe,roadside settlement,0,0,0,0,0,249.0,57.5,400,0,0.17420102249999994
kampala_bwera,232,116.0,Kalembe,roadside settlement,0,0,0,0,0,119.0,49.9,400,0,0.0472203408775616
kampala_bwera,233,116.5,Kalembe,open road,0,0,0,0,0,95.0,42.0,400,0,0.01891911168
kampala_bwera,234,117.0,Kalembe,roadside settlement,0,0,0,0,0,199.0,65.0,400,0,0.22734556000000006
kampala_bwera,235,117.5,Kalembe,roadside settlement,0,0,0,0,0,194.0,67.0,400,0,0.25019631833600003
kampala_bwera,236,118.0,Kalembe,open road,0,0,0,0,0,53.0,69.5,400,0,0.07913982069199998
kampala_bwera,237,118.5,Kigguya,open road,0,0,0,0,0,30.0,68.7,400,0,0.042768909496512006
kampala_bwera,238,119.0,Kigguya,open road,0,0,0,0,0,207.0,69.5,400,0,0.30909326194799996
kampala_bwera,239,119.5,Kigguya,roadside settlement,0,0,0,0,0,224.0,62.8,400,0,0.22298033688412158
kampala_bwera,240,120.0,Kigguya,roadside settlement,0,0,0,0,0,166.0,60.5,400,0,0.142334296984
kampala_bwera,241,120.5,Mijunwa,roadside settlement,0,0,0,0,0,195.0,65.4,400,0,0.22831033886668806
kampala_bwera,242,121.0,Mijunwa,roadside settlement,0,0,0,0,0,160.0,62.1,400,0,0.15228823642214398
kampala_bwera,243,121.5,Mijunwa,roadside settlement,0,0,0,0,0,214.0,67.3,400,0,0.2809661524145535
kampala_bwera,244,122.0,Kyenda,roadside settlement,0,0,0,0,0,398.0,37.4,400,0,0.0498367203817472
kampala_bwera,245,122.5,Kyenda,roadside settlement,0,0,0,0,0,448.0,49.1,400,0,0.1666418032340992
kampala_bwera,246,123.0,Kyenda,roadside settlement,0,0,0,0,0,469.0,47.2,400,0,0.14897754430504964
kampala_bwera,247,123.5,Kyenda,roadside settlement,0,0,0,0,0,436.0,52.1,400,0,0.20559727606858244
kampala_bwera,248,124.0,Kitenga,roadside settlement,0,0,0,0,0,372.0,62.6,400,0,0.3656118359543808
kampala_bwera,249,124.5,Kiwuniulo,roadside settlement,0,0,0,0,0,329.0,59.8,400,0,0.2692654351901696
kampala_bwera,250,125.0,Kagoma,roadside settlement,0,0,0,0,0,220.0,62.4,400,0,0.21347204648140797
kampala_bwera,251,125.5,Kagoma,roadside settlement,0,0,0,0,0,224.0,64.9,400,0,0.2543353808500736
kampala_bwera,252,126.0,Kagoma,roadside settlement,0,0,0,0,0,269.0,59.7,400,0,0.21869032928376955
kampala_bwera,253,126.5,Kagoma,roadside settlement,0,0,0,0,0,262.0,65.5,400,0,0.3086359172080001
kampala_bwera,254,127.0,Kagoma,open road,0,0,0,0,0,59.0,59.6,400,0,0.04764496635330558
kampala_bwera,255,127.5,,open road,0,0,0,0,0,3.0,46.5,400,0,0.0008976624120000002
kampala_bwera,256,128.0,,open road,0,0,0,0,0,66.0,52.7,400,0,0.03258114707907841
kampala_bwera,257,128.5,,open road,0,0,0,0,0,30.0,67.8,400,0,0.04057140093235199
kampala_bwera,258,129.0,Katabalanga B,open road,0,0,0,0,0,29.0,69.9,400,0,0.04430846194450561
kampala_bwera,259,129.5,Kyelima,open road,0,0,0,0,0,108.0,67.5,400,0,0.14348907000000002
kampala_bwera,260,130.0,Kyelima,open road,0,0,0,0,0,99.0,68.1,400,0,0.13627105438066556
kampala_bwera,261,130.5,Kyelima,roadside settlement,0,0,0,0,0,282.0,58.6,400,0,0.21282348297031675
kampala_bwera,262,131.0,Katabalanga B,roadside settlement,0,0,0,0,0,359.0,50.7,400,0,0.1518120552701376
kampala_bwera,263,131.5,Katabalanga B,roadside settlement,0,0,0,0,0,485.0,42.1,400,0,0.09751021093942405
kampala_bwera,264,132.0,Katabalanga A,roadside settlement,0,0,0,0,0,340.0,55.3,400,0,0.20349765839065592
kampala_bwera,265,132.5,Nakabale,roadside settlement,0,0,0,0,0,121.0,65.8,400,0,0.14516733990922231
kampala_bwera,266,133.0,Nakabale,open road,0,0,0,0,0,157.0,48.0,400,0,0.05333896396799999
kampala_bwera,267,133.5,Nakabale,open road,0,0,0,0,0,80.0,59.8,400,0,0.06547487785779199
kampala_bwera,268,134.0,Bakijulula,roadside settlement,1,0,0,0,0,351.0,44.2,400,0,0.08573855658301441
kampala_bwera,269,134.5,Bakijulula,roadside settlement,3,0,0,0,0,457.0,50.7,400,0,0.1932537862352448
kampala_bwera,270,135.0,Bakijulula,roadside settlement,2,0,0,0,0,437.0,52.8,400,0,0.21736874657710087
kampala_bwera,271,135.5,Nkanaga,roadside settlement,2,0,0,0,0,530.0,49.3,400,0,0.200374993232192
kampala_bwera,272,136.0,Kisekende A,roadside settlement,1,0,0,0,0,690.0,46.8,400,0,0.21184219953561598
kampala_bwera,273,136.5,Kisekende A,roadside settlement,0,0,0,0,0,771.0,47.2,400,0,0.24490764746096647
kampala_bwera,274,137.0,Kisekende Central,town,1,0,0,0,0,810.0,38.7,400,0,0.11628102542342401
kampala_bwera,275,137.5,Kisekende Central,town,4,0,0,0,0,974.0,38.7,400,0,0.13982434415112963
kampala_bwera,276,138.0,Kasaana A,town,5,0,0,0,0,1173.0,39.4,400,0,0.1809101248730111
kampala_bwera,277,138.5,Kabasojjo,roadside settlement,2,0,0,0,0,873.0,51.8,400,0,0.4022659348227073
kampala_bwera,278,139.0,Kabasojjo,roadside settlement,1,0,0,0,0,594.0,52.8,400,0,0.29546232372264963
kampala_bwera,279,139.5,Kasenyi,roadside settlement,1,0,0,0,0,383.0,58.7,400,0,0.2910255729693634
kampala_bwera,280,140.0,Kikona Kyabatagi,roadside settlement,0,0,0,0,0,315.0,52.3,400,0,0.15083331750345602
kampala_bwera,281,140.5,Kikona Kyabatagi,roadside settlement,0,0,0,0,0,309.0,45.8,400,0,0.08701625043240957
kampala_bwera,282,141.0,Kikona Kyabatagi,roadside settlement,0,0,0,0,0,322.0,59.6,400,0,0.26002846043668476
kampala_bwera,283,141.5,Buliisa,roadside settlement,0,0,0,0,0,258.0,65.4,400,0,0.30207214065438726
kampala_bwera,284,142.0,Bagezza,roadside settlement,0,0,0,0,0,275.0,65.2,400,0,0.31805560303616004
kampala_bwera,285,142.5,Bagezza,roadside settlement,0,0,0,0,0,260.0,60.4,400,0,0.22146294785638398
kampala_bwera,286,143.0,Delphi,roadside settlement,1,0,0,0,0,267.0,61.0,400,0,0.23659773100799997
kampala_bwera,287,143.5,Delphi,roadside settlement,1,0,0,0,0,310.0,47.5,400,0,0.10099877499999999
kampala_bwera,288,144.0,Delphi,roadside settlement,2,0,0,0,0,169.0,54.3,400,0,0.09402990491756155
kampala_bwera,289,144.5,Delphi,roadside settlement,1,0,0,0,0,252.0,59.4,400,0,0.20078270214266875
kampala_bwera,290,145.0,Buwanga,roadside settlement,1,0,0,0,0,134.0,65.0,400,0,0.15308696000000002
kampala_bwera,291,145.5,Buwanga,roadside settlement,0,0,0,0,0,189.0,64.8,400,0,0.21327590900367366
kampala_bwera,292,146.0,Kisujja,roadside settlement,0,0,0,0,0,245.0,61.5,400,0,0.22430890817999996
kampala_bwera,293,146.5,Kisujja,roadside settlement,0,0,0,0,0,70.0,59.7,400,0,0.05690826412588799
kampala_bwera,294,147.0,Kisujja,roadside settlement,0,0,0,0,0,191.0,65.8,400,0,0.2291484456418303
kampala_bwera,295,147.5,Nabibungo,roadside settlement,0,0,0,0,0,197.0,61.3,400,0,0.1780279119879488
kampala_bwera,296,148.0,Nabibungo,roadside settlement,0,0,0,0,0,124.0,64.7,400,0,0.1390653015375616
kampala_bwera,297,148.5,Kiterredde,open road,0,0,0,0,0,110.0,69.1,400,0,0.16050362617414396
kampala_bwera,298,149.0,Kiterredde,roadside settlement,0,0,0,0,0,228.0,64.5,400,0,0.25255366747200003
kampala_bwera,299,149.5,Kiterredde,roadside settlement,0,0,0,0,0,218.0,66.7,400,0,0.27614666538225924
kampala_bwera,300,150.0,Kiterredde,open road,0,0,0,0,0,76.0,69.6,400,0,0.11413807001763837
kampala_bwera,301,150.5,,roadside settlement,0,0,0,0,0,202.0,47.1,400,0,0.06362312137447682
kampala_bwera,302,151.0,Lusalira,roadside settlement,0,0,0,0,0,337.0,64.6,400,0,0.37561242226862057
kampala_bwera,303,151.5,Lusalira,roadside settlement,0,0,0,0,0,341.0,62.1,400,0,0.32456430387469437
kampala_bwera,304,152.0,Lusalira,roadside settlement,2,0,0,0,0,567.0,44.1,400,0,0.1372515920491968
kampala_bwera,305,152.5,Lusalira,roadside settlement,4,0,0,0,0,540.0,45.4,400,0,0.14682403165593594
kampala_bwera,306,153.0,Lusalira,roadside settlement,1,0,0,0,0,278.0,45.6,400,0,0.0769279466668032
kampala_bwera,307,153.5,Lusalira,roadside settlement,0,0,0,0,0,283.0,46.2,400,0,0.0825152674655232
kampala_bwera,308,154.0,Lusalira,open road,0,0,0,0,0,147.0,34.1,400,0,0.012720811720108804
kampala_bwera,309,154.5,Lusalira,roadside settlement,0,0,0,0,0,279.0,50.2,400,0,0.11339634219816962
kampala_bwera,310,155.0,Lwobwana,roadside settlement,0,0,0,0,0,206.0,65.8,400,0,0.24714439687024628
kampala_bwera,311,155.5,Lwobwana,roadside settlement,0,0,0,0,0,253.0,59.6,400,0,0.20430807605739515
kampala_bwera,312,156.0,Lwobwana,roadside settlement,0,0,0,0,0,402.0,52.9,400,0,0.20147850293095684
kampala_bwera,313,156.5,Lwobwana,roadside settlement,0,0,0,0,0,227.0,66.6,400,0,0.2858266688375807
kampala_bwera,314,157.0,Lwobwana,roadside settlement,0,0,0,0,0,291.0,63.2,400,0,0.29712642397962236
kampala_bwera,315,157.5,Lwobwana,roadside settlement,0,0,0,0,0,137.0,66.5,400,0,0.17146959510800003
kampala_bwera,316,158.0,Lwemivubo,open road,0,0,0,0,0,104.0,67.7,400,0,0.13981957832360964
kampala_bwera,317,158.5,Lwemivubo,open road,0,0,0,0,0,131.0,68.1,400,0,0.18031826387744632
kampala_bwera,318,159.0,Lwemivubo,roadside settlement,1,0,0,0,0,253.0,38.2,400,0,0.0344789432660992
kampala_bwera,319,159.5,Gwanika,roadside settlement,1,0,0,0,0,380.0,53.7,400,0,0.20223704615155202
kampala_bwera,320,160.0,Gwanika,roadside settlement,0,0,0,0,0,179.0,63.9,400,0,0.1910013503253696
kampala_bwera,321,160.5,Gwanika,roadside settlement,0,0,0,0,0,310.0,62.8,400,0,0.308588859080704
kampala_bwera,322,161.0,Lwemivubo (Nabingoola),open road,0,0,0,0,0,169.0,67.2,400,0,0.22056864275496965
kampala_bwera,323,161.5,Lwemivubo (Nabingoola),open road,0,0,0,0,0,172.0,69.3,400,0,0.2538875234827007
kampala_bwera,324,162.0,Lwemivubo (Nabingoola),open road,1,0,0,0,0,238.0,43.8,400,0,0.05606003609579517
kampala_bwera,325,162.5,Lwemivubo (Nabingoola),open road,1,0,0,0,0,276.0,57.3,400,0,0.19041780031050234
kampala_bwera,326,163.0,Lwemivubo (Nabingoola),open road,0,0,0,0,0,59.0,69.7,400,0,0.08911752118002564
kampala_bwera,327,163.5,Rwensama,open road,0,0,0,0,0,122.0,42.7,400,0,0.02595680919937281
kampala_bwera,328,164.0,Rwensama,roadside settlement,0,0,0,0,0,299.0,57.1,400,0,0.2034209111719617
kampala_bwera,329,164.5,Nabingoola,roadside settlement,1,0,0,0,0,368.0,43.0,400,0,0.08051960115199999
kampala_bwera,330,165.0,Nabingoola,roadside settlement,1,0,0,0,0,629.0,42.8,400,0,0.1350845546971136
kampala_bwera,331,165.5,Nabingoola,roadside settlement,0,0,0,0,0,336.0,61.4,400,0,0.3056277160280064
kampala_bwera,332,166.0,Nabingoola,roadside settlement,0,0,0,0,0,298.0,64.8,400,0,0.33627630096875527
kampala_bwera,333,166.5,Lwamazzi,roadside settlement,1,0,0,0,0,247.0,65.7,400,0,0.29453601422494086
kampala_bwera,334,167.0,Lwamazzi,open road,1,0,0,0,0,128.0,68.5,400,0,0.18036498483200006
kampala_bwera,335,167.5,Lwamazzi,open road,0,0,0,0,0,160.0,68.9,400,0,0.23076866850918407
kampala_bwera,336,168.0,Kibaale,roadside settlement,0,0,0,0,0,177.0,36.4,400,0,0.019886519250124798
kampala_bwera,337,168.5,Kibaale,roadside settlement,0,0,0,0,0,267.0,62.2,400,0,0.25577186729441276
kampala_bwera,338,169.0,Kibaale,roadside settlement,0,0,0,0,0,317.0,55.3,400,0,0.1897316403230527
kampala_bwera,339,169.5,Kibaale,roadside settlement,0,0,0,0,0,147.0,50.0,400,0,0.0588
kampala_bwera,340,170.0,Kibaale,open road,0,0,0,0,0,82.0,39.3,400,0,0.012518838241804796
kampala_bwera,341,170.5,Butooke,open road,0,0,0,0,0,184.0,59.7,400,0,0.14958743713090558
kampala_bwera,342,171.0,Butooke,open road,0,0,0,0,0,205.0,58.6,400,0,0.154712106414592
kampala_bwera,343,171.5,Butooke,roadside settlement,0,0,0,0,0,151.0,63.0,400,0,0.15223661510400002
kampala_bwera,344,172.0,Butooke,roadside settlement,1,0,0,0,0,166.0,67.7,400,0,0.22317355770883845
kampala_bwera,345,172.5,Lunyongoli,roadside settlement,2,0,0,0,0,173.0,46.7,400,0,0.05266154535893121
kampala_bwera,346,173.0,Lunyongoli,roadside settlement,1,0,0,0,0,334.0,57.9,400,0,0.24023744242594555
kampala_bwera,347,173.5,Lunyongoli,roadside settlement,0,0,0,0,0,206.0,64.4,400,0,0.22677264407920641
kampala_bwera,348,174.0,Ngaija,open road,0,0,0,0,0,126.0,68.2,400,0,0.17445684644720647
kampala_bwera,349,174.5,Ngaija,open road,0,0,0,0,0,196.0,45.4,400,0,0.05329168556400638
kampala_bwera,350,175.0,Ngaija,open road,0,0,0,0,0,234.0,67.2,400,0,0.3054027361222657
kampala_bwera,351,175.5,Ngaija,open road,1,0,0,0,0,224.0,57.9,400,0,0.16111732665692155
kampala_bwera,352,176.0,Nyanga,roadside settlement,1,0,0,0,0,199.0,37.5,400,0,0.0251859375
kampala_bwera,353,176.5,Nyanga,open road,0,0,0,0,0,137.0,68.4,400,0,0.19192208277012485
kampala_bwera,354,177.0,Kyakakwanzi,open road,0,0,0,0,0,177.0,68.5,400,0,0.24941095558800008
kampala_bwera,355,177.5,Kyakakwanzi,roadside settlement,0,0,0,0,0,307.0,52.1,400,0,0.14476688934186882
kampala_bwera,356,178.0,Kako,roadside settlement,1,0,0,0,0,208.0,37.0,400,0,0.024948831231999997
kampala_bwera,357,178.5,Kako,roadside settlement,1,0,0,0,0,383.0,32.4,400,0,0.027012127363891202
kampala_bwera,358,179.0,Kako,roadside settlement,2,0,0,0,0,441.0,65.0,400,0,0.5038160400000001
kampala_bwera,359,179.5,Haisaza,roadside settlement,2,0,0,0,0,412.0,58.7,400,0,0.313061451862605
kampala_bwera,360,180.0,Kyegegwa,roadside settlement,2,0,0,0,0,556.0,42.8,400,0,0.1194070149627904
kampala_bwera,361,180.5,Kyegegwa,roadside settlement,3,0,1,0,0,652.0,42.8,400,0,0.1400240535175168
kampala_bwera,362,181.0,Humura,roadside settlement,2,0,0,0,0,232.0,60.8,400,0,0.2029001069559808
kampala_bwera,363,181.5,Humura,roadside settlement,1,0,0,0,0,173.0,67.7,400,0,0.23258449086523528
kampala_bwera,364,182.0,Rwera,roadside settlement,0,0,0,0,0,281.0,44.4,400,0,0.0698905043288064
kampala_bwera,365,182.5,Rwera,roadside settlement,0,0,0,0,0,232.0,56.4,400,0,0.15023958483271674
kampala_bwera,366,183.0,Rwera,open road,1,0,0,0,0,52.0,70.0,400,0,0.07990527999999998
kampala_bwera,367,183.5,Byeba,open road,0,0,0,0,0,62.0,33.5,400,0,0.004997478008000001
kampala_bwera,368,184.0,Byeba,roadside settlement,0,0,0,0,0,193.0,65.7,400,0,0.23014352528507526
kampala_bwera,369,184.5,Byeba,roadside settlement,0,0,0,0,0,151.0,64.8,400,0,0.17039503841034243
kampala_bwera,370,185.0,Nsondaitano,roadside settlement,0,0,0,0,0,202.0,65.4,400,0,0.23650609462087685
kampala_bwera,371,185.5,Nsondaitano,roadside settlement,0,0,0,0,0,234.0,67.2,400,0,0.3054027361222657
kampala_bwera,372,186.0,Nsondaitano,roadside settlement,0,0,0,0,0,195.0,66.1,400,0,0.2382431503807679
kampala_bwera,373,186.5,Kisamura,roadside settlement,0,0,0,0,0,141.0,66.1,400,0,0.17226812412147832
kampala_bwera,374,187.0,Kisamura,open road,0,0,0,0,0,139.0,68.5,400,0,0.19586510071600005
kampala_bwera,375,187.5,Kyatega,open road,0,0,0,0,0,137.0,68.8,400,0,0.19645102272020473
kampala_bwera,376,188.0,Kyatega,roadside settlement,0,0,0,0,0,102.0,66.5,400,0,0.12766349416800002
kampala_bwera,377,188.5,Kyatega,roadside settlement,1,0,0,0,0,250.0,61.2,400,0,0.2244531326976
kampala_bwera,378,189.0,Kyatega,open road,1,0,0,0,0,155.0,68.1,400,0,0.21335367100003194
kampala_bwera,379,189.5,Kyatega,open road,0,0,0,0,0,31.0,69.9,400,0,0.04736421794067842
kampala_bwera,380,190.0,Kinona,open road,0,0,0,0,0,92.0,57.5,400,0,0.06436342999999999
kampala_bwera,381,190.5,Kisiita,roadside settlement,0,0,0,0,0,202.0,64.3,400,0,0.22099132973697283
kampala_bwera,382,191.0,Kisiita,roadside settlement,0,0,0,0,0,196.0,67.4,400,0,0.2588663686303745
kampala_bwera,383,191.5,Kisiita,open road,0,0,0,0,0,172.0,44.4,400,0,0.04277995282759681
kampala_bwera,384,192.0,Misenyi,open road,0,0,0,0,0,141.0,69.0,400,0,0.20454809990399994
kampala_bwera,385,192.5,Misenyi,open road,0,0,0,0,0,99.0,53.8,400,0,0.053081632540569565
kampala_bwera,386,193.0,Misenyi,roadside settlement,0,0,0,0,0,335.0,28.4,400,0,0.013947556880383995
kampala_bwera,387,193.5,Misenyi,roadside settlement,2,0,0,0,0,572.0,46.9,400,0,0.17711990624007676
kampala_bwera,388,194.0,Misenyi,roadside settlement,2,0,0,0,0,390.0,65.1,400,0,0.44829978985209573
kampala_bwera,389,194.5,Misenyi,open road,0,0,0,0,0,214.0,68.5,400,0,0.3015477090160001
kampala_bwera,390,195.0,Misenyi,open road,0,0,0,0,0,127.0,68.9,400,0,0.18317263062916486
kampala_bwera,391,195.5,Kikyedo,roadside settlement,1,0,0,0,0,207.0,57.6,400,0,0.14582777622036489
kampala_bwera,392,196.0,Kikyedo,roadside settlement,1,0,0,0,0,294.0,62.9,400,0,0.29453023653768956
kampala_bwera,393,196.5,Kikyedo,open road,0,0,0,0,0,155.0,68.9,400,0,0.22355714761827206
kampala_bwera,394,197.0,Kikyedo,open road,0,0,0,0,0,127.0,69.9,400,0,0.19404050575697285
kampala_bwera,395,197.5,Kikyedo,open road,0,0,0,0,0,193.0,68.5,400,0,0.2719565786920001
kampala_bwera,396,198.0,Kyeema,open road,0,0,0,0,0,215.0,68.4,400,0,0.30119158974873605
kampala_bwera,397,198.5,Kyeema,open road,0,0,0,0,0,144.0,69.3,400,0,0.21255699640412154
kampala_bwera,398,199.0,Kyeema,open road,0,0,0,0,0,196.0,66.7,400,0,0.24827865327946244
kampala_bwera,399,199.5,Kyeema,roadside settlement,1,0,0,0,0,292.0,59.7,400,0,0.23738875892513275
kampala_bwera,400,200.0,Kakongorano,roadside settlement,1,0,0,0,0,184.0,60.3,400,0,0.15569226814786558
kampala_bwera,401,200.5,Kakongorano,open road,0,0,0,0,0,245.0,66.3,400,0,0.30297038023324785
kampala_bwera,402,201.0,Kakongorano,open road,0,0,0,0,0,180.0,68.4,400,0,0.25216040071987206
kampala_bwera,403,201.5,Kakongorano,open road,0,0,0,0,0,164.0,69.3,400,0,0.24207880146024952
kampala_bwera,404,202.0,Kisoila,open road,0,0,0,0,0,170.0,67.4,400,0,0.22452695238348805
kampala_bwera,405,202.5,Kisoila,roadside settlement,0,0,0,0,0,186.0,64.5,400,0,0.20603062346400003
kampala_bwera,406,203.0,Kisoila,roadside settlement,0,0,0,0,0,146.0,66.3,400,0,0.1805456143430783
kampala_bwera,407,203.5,Kisoila,roadside settlement,0,0,0,0,0,211.0,49.4,400,0,0.0804211399773184
kampala_bwera,408,204.0,Kisoila,roadside settlement,0,0,0,0,0,226.0,40.3,400,0,0.038151234697638384
kampala_bwera,409,204.5,Lwebali,open road,0,0,0,0,0,212.0,67.8,400,0,0.2867045665886207
kampala_bwera,410,205.0,Lwebali,roadside settlement,2,0,0,0,0,177.0,62.2,400,0,0.1695566311277568
kampala_bwera,411,205.5,Lwebali,roadside settlement,2,0,0,0,0,341.0,50.0,400,0,0.1364
kampala_bwera,412,206.0,Lwebali,open road,0,0,0,0,0,261.0,66.9,400,0,0.3345992417035585
kampala_bwera,413,206.5,Lwebali,open road,0,0,0,0,0,18.0,70.0,400,0,0.027659519999999993
kampala_bwera,414,207.0,Lwebali,open road,0,0,0,0,0,0.0,64.8,400,0,0.0
kampala_bwera,415,207.5,Lwebali,open road,0,0,0,0,0,0.0,70.0,400,0,0.0
kampala_bwera,416,208.0,Lwebali,open road,0,0,0,0,0,0.0,50.0,400,0,0.0
kampala_bwera,417,208.5,,open road,0,0,0,0,0,0.0,70.0,400,0,0.0
kampala_bwera,418,209.0,,open road,0,0,0,0,0,0.0,70.0,400,0,0.0
kampala_bwera,419,209.5,Mukono - Mura,open road,0,0,0,0,0,0.0,70.0,400,0,0.0
kampala_bwera,420,210.0,Mukono - Mura,open road,0,0,0,0,0,20.0,56.6,400,0,0.013136379742208004
kampala_bwera,421,210.5,Mukono - Mura,open road,0,0,0,0,0,50.0,61.7,400,0,0.04637571671072
kampala_bwera,422,211.0,Mukono - Mura,roadside settlement,0,0,0,0,0,79.0,54.4,400,0,0.04427949549813762
kampala_bwera,423,211.5,Mukono - Mura,roadside settlement,0,0,0,0,0,127.0,55.9,400,0,0.07936534829342078
kampala_bwera,424,212.0,Mukono - Mura,roadside settlement,0,0,0,0,0,90.0,42.9,400,0,0.019509747656256002
kampala_bwera,425,212.5,Mukono - Mura,open road,0,0,0,0,0,1.0,70.0,400,0,0.0015366399999999997
kampala_bwera,426,213.0,Mukono - Mura,open road,0,0,0,0,0,0.0,70.0,400,0,0.0
kampala_bwera,427,213.5,Matiri,open road,0,0,0,0,0,0.0,50.0,400,0,0.0
kampala_bwera,428,214.0,Matiri,open road,0,0,0,0,0,21.0,59.6,400,0,0.016958377854566397
kampala_bwera,429,214.5,Matiri,open road,0,0,0,0,0,103.0,34.9,400,0,0.009779550789779198
kampala_bwera,430,215.0,Matiri,roadside settlement,0,0,0,0,0,280.0,54.1,400,0,0.15350660462771204
kampala_bwera,431,215.5,Matiri,roadside settlement,0,0,0,0,0,223.0,51.8,400,0,0.10275521588254721
kampala_bwera,432,216.0,Matiri,roadside settlement,0,0,0,0,0,167.0,53.5,400,0,0.08756117346800002
kampala_bwera,433,216.5,Matiri,roadside settlement,0,0,0,0,0,103.0,66.0,400,0,0.12508145971200002
kampala_bwera,434,217.0,Matiri,open road,0,0,0,0,0,28.0,67.6,400,0,0.03742180997201919
kampala_bwera,435,217.5,Matiri,open road,0,0,0,0,0,4.0,66.7,400,0,0.005066911291417601
kampala_bwera,436,218.0,Matiri,open road,0,0,0,0,0,20.0,66.8,400,0,0.02548682984652799
kampala_bwera,437,218.5,Murongo,open road,0,0,0,0,0,18.0,68.3,400,0,0.02506890091633919
kampala_bwera,438,219.0,Murongo,open road,0,0,0,0,0,65.0,29.1,400,0,0.0029830826525760017
kampala_bwera,439,219.5,Murongo,open road,0,0,0,0,0,50.0,69.9,400,0,0.07639389990432004
kampala_bwera,440,220.0,Murongo,open road,0,0,0,0,0,22.0,68.7,400,0,0.03136386696410881
kampala_bwera,441,220.5,Kihura,open road,0,0,0,0,0,37.0,47.2,400,0,0.011753025883340804
kampala_bwera,442,221.0,Kihura,roadside settlement,0,0,0,0,0,103.0,38.3,400,0,0.014184443265683192
kampala_bwera,443,221.5,Kihuura Trading Centre,roadside settlement,0,0,0,0,0,256.0,57.9,400,0,0.18413408760791036
kampala_bwera,444,222.0,Kihuura Trading Centre,roadside settlement,0,0,0,0,0,156.0,50.0,400,0,0.0624
kampala_bwera,445,222.5,Kicwamba,open road,0,0,0,0,0,195.0,67.2,400,0,0.2545022801018881
kampala_bwera,446,223.0,Kicwamba,open road,0,0,0,0,0,62.0,63.2,400,0,0.0633052862087168
kampala_bwera,447,223.5,Kicwamba,open road,0,0,0,0,0,35.0,69.0,400,0,0.050774351039999985
kampala_bwera,448,224.0,Kicwamba,open road,0,0,0,0,0,35.0,44.9,400,0,0.009104023757024
kampala_bwera,449,224.5,Kicwamba,open road,1,0,0,0,0,120.0,66.6,400,0,0.15109779850444793
kampala_bwera,450,225.0,Kicwamba,open road,1,0,0,0,0,169.0,67.5,400,0,0.22453382250000006
kampala_bwera,451,225.5,,open road,0,0,0,0,0,149.0,65.7,400,0,0.17767557133407363
kampala_bwera,452,226.0,,open road,0,0,0,0,0,121.0,70.0,400,0,0.18593343999999998
kampala_bwera,453,226.5,,open road,0,0,0,0,0,147.0,50.0,400,0,0.0588
kampala_bwera,454,227.0,,open road,0,0,0,0,0,92.0,63.8,400,0,0.09755522080071681
kampala_bwera,455,227.5,,open road,0,0,0,0,0,113.0,66.6,400,0,0.14228376025835515
kampala_bwera,456,228.0,,open road,0,0,0,0,0,115.0,67.9,400,0,0.15644327950921605
kampala_bwera,457,228.5,,open road,0,0,0,0,0,138.0,41.2,400,0,0.025447664153395208
kampala_bwera,458,229.0,,roadside settlement,0,0,0,0,0,153.0,63.4,400,0,0.15820799851653122
kampala_bwera,459,229.5,,open road,0,0,0,0,0,103.0,46.2,400,0,0.0300320584768512
kampala_bwera,460,230.0,,open road,0,0,0,0,0,33.0,55.1,400,0,0.019467057392851206
kampala_bwera,461,230.5,,open road,0,0,0,0,0,123.0,43.1,400,0,0.027164027788051198
kampala_bwera,462,231.0,,roadside settlement,0,0,0,0,0,266.0,50.9,400,0,0.1142701348686464
kampala_bwera,463,231.5,Kyenjojo,roadside settlement,0,0,0,0,0,288.0,58.3,400,0,0.21293481797406716
kampala_bwera,464,232.0,Kyenjojo,roadside settlement,0,0,0,0,0,235.0,40.6,400,0,0.04086504397158401
kampala_bwera,465,232.5,Kyenjojo,roadside settlement,0,0,0,0,0,358.0,55.6,400,0,0.2189586803556353
kampala_bwera,466,233.0,Kyenjojo,roadside settlement,3,0,0,0,0,476.0,45.6,400,0,0.1317183547244544
kampala_bwera,467,233.5,Kyenjojo,roadside settlement,5,0,0,0,0,576.0,42.1,400,0,0.11580594123939845
kampala_bwera,468,234.0,Kyenjojo,roadside settlement,3,0,0,0,0,422.0,51.0,400,0,0.182714548608
kampala_bwera,469,234.5,Kyenjojo,roadside settlement,1,0,0,0,0,320.0,53.6,400,0,0.16903985482956804
kampala_bwera,470,235.0,Kyenjojo,roadside settlement,1,0,0,0,0,127.0,66.1,400,0,0.15516348768388474
kampala_bwera,471,235.5,,open road,0,0,0,0,0,10.0,68.7,400,0,0.014256303165504004
kampala_bwera,472,236.0,,roadside settlement,0,0,0,0,0,173.0,42.0,400,0,0.034452698111999996
kampala_bwera,473,236.5,,roadside settlement,0,0,0,0,0,255.0,61.9,400,0,0.23959775833507202
kampala_bwera,474,237.0,,roadside settlement,0,0,0,0,0,209.0,61.3,400,0,0.1888722518044736
kampala_bwera,475,237.5,,roadside settlement,0,0,0,1,0,164.0,64.2,400,1,0.17830516937564161
kampala_bwera,476,238.0,Kirima,open road,0,0,0,1,0,56.0,68.7,400,1,0.07983529772682242
kampala_bwera,477,238.5,Kirima,open road,0,0,0,0,0,11.0,69.9,400,0,0.016806657978950406
kampala_bwera,478,239.0,Kirima,open road,0,0,0,0,0,34.0,51.1,400,0,0.014836876837081599
kampala_bwera,479,239.5,Kirima,open road,0,0,0,0,0,111.0,53.0,400,0,0.056053977024000015
kampala_bwera,480,240.0,Kirima,open road,0,0,0,0,0,57.0,68.1,400,0,0.07845909191614077
kampala_bwera,481,240.5,Mukono,open road,0,0,0,0,0,74.0,68.4,400,0,0.10366594251816963
kampala_bwera,482,241.0,Kaihura Central,roadside settlement,1,0,0,0,0,222.0,42.6,400,0,0.0467919716087808
kampala_bwera,483,241.5,Kaihura Central,roadside settlement,1,0,0,0,0,233.0,61.5,400,0,0.21332234941199998
kampala_bwera,484,242.0,Kaihura Central,roadside settlement,1,0,0,0,0,275.0,50.0,400,0,0.11
kampala_bwera,485,242.5,Kaihura Central,roadside settlement,2,0,0,0,0,264.0,53.1,400,0,0.13432658852828164
kampala_bwera,486,243.0,Kaihura Central,open road,0,0,0,0,0,99.0,69.7,400,0,0.14953617960716167
kampala_bwera,487,243.5,Nyakagongo,open road,0,0,0,0,0,85.0,42.3,400,0,0.017416479350303996
kampala_bwera,488,244.0,Nyakagongo,open road,0,0,0,0,0,19.0,69.8,400,0,0.028863916894105595
kampala_bwera,489,244.5,Miranga,open road,0,0,0,0,0,54.0,67.8,400,0,0.07302852167823358
kampala_bwera,490,245.0,Miranga,open road,1,0,0,0,0,203.0,56.8,400,0,0.13522884999249915
kampala_bwera,491,245.5,Miranga,roadside settlement,1,0,0,0,0,309.0,63.7,400,0,0.32560883673951363
kampala_bwera,492,246.0,Miranga,roadside settlement,2,0,0,0,0,194.0,62.0,400,0,0.18346298777599995
kampala_bwera,493,246.5,Mukunyu Central,roadside settlement,1,0,0,0,0,290.0,32.1,400,0,0.019705982895936003
kampala_bwera,494,247.0,Mukunyu Central,roadside settlement,1,0,0,0,0,268.0,45.8,400,0,0.07547040490577916
kampala_bwera,495,247.5,Mukunyu Central,roadside settlement,0,0,0,0,0,270.0,39.7,400,0,0.04292455141036801
kampala_bwera,496,248.0,Mukunyu,roadside settlement,0,0,0,0,0,286.0,63.3,400,0,0.2938737854093184
kampala_bwera,497,248.5,Birenga,roadside settlement,0,0,0,0,0,160.0,34.5,400,0,0.014506957439999994
kampala_bwera,498,249.0,Kisamura,roadside settlement,0,0,0,0,0,70.0,64.0,400,0,0.07516192768
kampala_bwera,499,249.5,Kisamura,roadside settlement,0,0,0,0,0,133.0,65.4,400,0,0.15571935932958722
kampala_bwera,500,250.0,Kisamura,roadside settlement,0,0,0,0,0,171.0,27.3,400,0,0.006078923422790402
kampala_bwera,501,250.5,Kisamura,roadside settlement,0,0,0,0,0,126.0,28.1,400,0,0.005027774589734402
kampala_bwera,502,251.0,Rugombe Kasozi,open road,0,0,0,0,0,13.0,31.1,400,0,0.0007783319931711998
kampala_bwera,503,251.5,Rugombe Kasozi,open road,0,0,0,0,0,71.0,68.6,400,0,0.10063169446615036
kampala_bwera,504,252.0,Rugombe Kasozi,roadside settlement,0,0,0,0,0,342.0,44.1,400,0,0.0827866745693568
kampala_bwera,505,252.5,Mahangwe,roadside settlement,1,0,0,0,0,244.0,49.9,400,0,0.0968215392783616
kampala_bwera,506,253.0,Rugombe Nyamasobya,roadside settlement,1,0,0,0,0,217.0,62.8,400,0,0.2160122013564928
kampala_bwera,507,253.5,Mihondo,roadside settlement,0,0,0,0,0,319.0,48.1,400,0,0.10928258579455363
kampala_bwera,508,254.0,Mihondo,roadside settlement,0,0,0,0,0,287.0,63.3,400,0,0.2949013161275328
kampala_bwera,509,254.5,Nyanjaetagera,roadside settlement,0,0,0,0,0,172.0,67.4,400,0,0.22716844594094085
kampala_bwera,510,255.0,Nyanjaetagera,roadside settlement,1,0,0,0,0,226.0,60.7,400,0,0.1963555483252864
kampala_bwera,511,255.5,Kyabagonza,roadside settlement,2,0,0,0,0,218.0,65.8,400,0,0.2615411578529791
kampala_bwera,512,256.0,Bukoiko,roadside settlement,1,0,0,0,0,230.0,61.9,400,0,0.216107782027712
kampala_bwera,513,256.5,Bukoiko,roadside settlement,0,0,0,0,0,192.0,60.9,400,0,0.1690247776186368
kampala_bwera,514,257.0,Kagorogoro,roadside settlement,1,0,0,0,0,216.0,58.3,400,0,0.15970111348055036
kampala_bwera,515,257.5,Kagorogoro,roadside settlement,1,0,0,0,0,205.0,60.0,400,0,0.17003519999999997
kampala_bwera,516,258.0,Kagorogoro,open road,0,0,0,0,0,148.0,68.7,400,0,0.21099328684945926
kampala_bwera,517,258.5,Kyeragira,roadside settlement,0,0,0,0,0,202.0,66.1,400,0,0.2467954685995647
kampala_bwera,518,259.0,Kyeragira,roadside settlement,2,0,0,0,0,198.0,61.7,400,0,0.1836478381744512
kampala_bwera,519,259.5,Ntoroko Road,roadside settlement,2,0,0,0,0,237.0,61.4,400,0,0.2155766925554688
kampala_bwera,520,260.0,Ntoroko Road,roadside settlement,0,0,0,0,0,271.0,52.9,400,0,0.13582257287136643
kampala_bwera,521,260.5,Ntoroko Road,roadside settlement,0,0,0,0,0,114.0,64.9,400,0,0.12943854203976962
kampala_bwera,522,261.0,Kyakiroro,roadside settlement,0,0,0,0,0,134.0,67.8,400,0,0.18121892416450552
kampala_bwera,523,261.5,Kyakiroro,roadside settlement,1,0,0,0,0,135.0,61.2,400,0,0.12120469165670399
kampala_bwera,524,262.0,Hiima,roadside settlement,1,0,0,0,0,159.0,50.4,400,0,0.0656597529133056
kampala_bwera,525,262.5,Hiima,roadside settlement,0,0,0,0,0,228.0,63.9,400,0,0.24328663616862722
kampala_bwera,526,263.0,Hiima,roadside settlement,0,0,0,0,0,150.0,67.7,400,0,0.20166285335136006
kampala_bwera,527,263.5,Hiima,open road,0,0,0,0,0,4.0,70.0,400,0,0.006146559999999999
kampala_bwera,528,264.0,Hiima,open road,0,0,0,0,0,0.0,70.0,400,0,0.0
kampala_bwera,529,264.5,Sebitoli A,open road,0,0,0,0,0,0.0,70.0,400,0,0.0
kampala_bwera,530,265.0,Sebitoli A,open road,0,0,0,0,0,0.0,70.0,400,0,0.0
kampala_bwera,531,265.5,Sebitoli A,open road,0,0,0,0,0,0.0,70.0,400,0,0.0
kampala_bwera,532,266.0,Sebitoli A,open road,0,0,0,0,0,0.0,50.0,400,0,0.0
kampala_bwera,533,266.5,Sebitoli A,open road,0,0,0,0,0,0.0,38.8,400,0,0.0
kampala_bwera,534,267.0,Sebitoli A,open road,0,0,0,0,0,57.0,62.8,400,0,0.056740532153548795
kampala_bwera,535,267.5,Sebitoli B,open road,0,0,0,0,0,17.0,50.0,400,0,0.0068
kampala_bwera,536,268.0,Sebitoli B,roadside settlement,1,0,0,0,0,95.0,41.6,400,0,0.01820861451468801
kampala_bwera,537,268.5,Sebitoli B,roadside settlement,1,0,0,0,0,171.0,42.3,400,0,0.03503785845767039
kampala_bwera,538,269.0,Kanyankukuru,roadside settlement,1,0,0,0,0,56.0,66.7,400,0,0.07093675807984642
kampala_bwera,539,269.5,Sebitoli B,open road,0,0,0,0,0,72.0,69.8,400,0,0.10937905349345277
kampala_bwera,540,270.0,Kiamara B,open road,0,0,0,0,0,75.0,36.6,400,0,0.00861322076928
kampala_bwera,541,270.5,Kanyankukuru,open road,0,0,0,0,0,140.0,66.0,400,0,0.17001363456000004
kampala_bwera,542,271.0,Kiamara C,open road,1,0,0,0,0,87.0,66.7,400,0,0.11020532058833282
kampala_bwera,543,271.5,Kiamara C,open road,1,0,0,0,0,63.0,65.0,400,0,0.07197372000000002
kampala_bwera,544,272.0,Kiamara C,open road,0,0,0,0,0,0.0,70.0,400,0,0.0
kampala_bwera,545,272.5,Kaswa A LC1,roadside settlement,0,0,0,0,0,86.0,66.1,400,0,0.10507133811664635
kampala_bwera,546,273.0,Kaswa B LCI,roadside settlement,0,0,0,0,0,373.0,44.8,400,0,0.09616141865451516
kampala_bwera,547,273.5,Kaswa B,roadside settlement,0,0,0,0,0,185.0,50.2,400,0,0.075191122962944
kampala_bwera,548,274.0,Kaswa B,open road,0,0,0,0,0,111.0,69.0,400,0,0.16102722758399995
kampala_bwera,549,274.5,Buzirasagama,open road,0,0,0,0,0,20.0,65.6,400,0,0.023704201330687985
kampala_bwera,550,275.0,Buzirasagama,open road,0,0,0,0,0,56.0,50.0,400,0,0.0224
kampala_bwera,551,275.5,Busoro,open road,0,0,0,0,0,69.0,67.9,400,0,0.09386596770552962
kampala_bwera,552,276.0,Busoro,open road,0,0,0,0,0,63.0,66.6,400,0,0.07932634421483516
kampala_bwera,553,276.5,Kabegira,roadside settlement,1,0,0,0,0,243.0,57.3,400,0,0.16765045462120315
kampala_bwera,554,277.0,Kabegira,roadside settlement,1,0,0,0,0,289.0,52.7,400,0,0.14266593190687366
kampala_bwera,555,277.5,Kyogya,roadside settlement,0,0,0,0,0,375.0,44.1,400,0,0.09077486246640001
kampala_bwera,556,278.0,Nyabinamba,roadside settlement,2,0,0,0,0,423.0,50.8,400,0,0.1802914744614912
kampala_bwera,557,278.5,Kaihokwa,roadside settlement,2,0,0,0,0,421.0,53.7,400,0,0.22405735902579846
kampala_bwera,558,279.0,Kitumba A Trc,roadside settlement,1,0,0,0,0,403.0,43.9,400,0,0.09579505720270719
kampala_bwera,559,279.5,Kitumba,roadside settlement,1,0,0,0,0,630.0,46.1,400,0,0.18210598737811204
kampala_bwera,560,280.0,Binanata A,roadside settlement,2,0,0,0,0,596.0,47.1,400,0,0.18771970464944646
kampala_bwera,561,280.5,Kitebutura B,roadside settlement,2,0,0,0,0,568.0,45.1,400,0,0.15039537371499523
kampala_bwera,562,281.0,Njara C,roadside settlement,2,0,0,0,0,576.0,53.7,400,0,0.3065487857455105
kampala_bwera,563,281.5,Nyakabale B,roadside settlement,1,0,0,0,0,449.0,59.4,400,0,0.35774378278594554
kampala_bwera,564,282.0,Boma East,roadside settlement,1,2,0,0,0,422.0,60.0,400,0,0.35002368
kampala_bwera,565,282.5,Fort Portal,town,3,2,0,0,0,525.0,49.2,400,0,0.19687913312256008
kampala_bwera,566,283.0,Rukiidi Ruhandika A,town,9,2,2,3,0,677.0,42.5,400,3,0.14135929249999998
kampala_bwera,567,283.5,Nyarurara A,town,8,0,2,0,0,610.0,36.1,400,0,0.06630383011206399
kampala_bwera,568,284.0,Nyarurara B,town,3,0,0,0,0,526.0,48.3,400,0,0.18321213731869437
kampala_bwera,569,284.5,Harukooto K Se A,roadside settlement,2,0,0,0,0,504.0,50.6,400,0,0.21145238003957761
kampala_bwera,570,285.0,Virika,roadside settlement,5,0,0,0,0,475.0,49.3,400,0,0.17958136185903997
kampala_bwera,571,285.5,Virika,roadside settlement,6,0,0,0,0,438.0,56.5,400,0,0.2856589764719999
kampala_bwera,572,286.0,Kacwamba A,roadside settlement,2,0,1,0,0,467.0,43.5,400,0,0.10701727354799999
kampala_bwera,573,286.5,Kidukuru-Kihembo A,town,1,0,1,0,0,476.0,46.4,400,0,0.14120785270538236
kampala_bwera,574,287.0,Kasusu B,roadside settlement,1,0,0,0,0,470.0,43.5,400,0,0.10770475067999999
kampala_bwera,575,287.5,Kasusu C,roadside settlement,1,0,0,0,0,381.0,47.2,400,0,0.12102440166359044
kampala_bwera,576,288.0,Kasusu C,roadside settlement,0,0,0,0,0,282.0,58.3,400,0,0.20849867593294077
kampala_bwera,577,288.5,Karambi I,roadside settlement,1,0,0,0,0,365.0,53.0,400,0,0.18432163616000005
kampala_bwera,578,289.0,Karambi I,roadside settlement,2,0,0,0,0,355.0,52.8,400,0,0.17658101838643206
kampala_bwera,579,289.5,Nyansozi,roadside settlement,2,0,0,0,0,250.0,55.1,400,0,0.14747770752160005
kampala_bwera,580,290.0,Karambi Ii,roadside settlement,2,0,0,0,0,289.0,57.5,400,0,0.20218512249999995
kampala_bwera,581,290.5,Karambi,roadside settlement,1,0,0,0,0,267.0,54.7,400,0,0.15298207268369285
kampala_bwera,582,291.0,Birayobora,roadside settlement,0,0,0,0,0,285.0,56.6,400,0,0.18719341132646405
kampala_bwera,583,291.5,Birayobora,roadside settlement,0,0,0,0,0,310.0,38.7,400,0,0.04450261466822401
kampala_bwera,584,292.0,Busokwa,roadside settlement,1,0,0,0,0,297.0,47.6,400,0,0.09758076852142084
kampala_bwera,585,292.5,Busokwa,roadside settlement,0,0,0,0,0,257.0,58.3,400,0,0.19001475076158078
kampala_bwera,586,293.0,Kirugu,roadside settlement,0,0,0,0,0,289.0,58.7,400,0,0.21959893103954573
kampala_bwera,587,293.5,Mugusu Trc,roadside settlement,0,0,0,0,0,155.0,64.0,400,0,0.16642998272
kampala_bwera,588,294.0,Mugusu,roadside settlement,1,0,0,0,0,229.0,34.3,400,0,0.020285790521785592
kampala_bwera,589,294.5,Mugusu Kibeede,roadside settlement,1,0,0,0,0,409.0,50.0,400,0,0.1636
kampala_bwera,590,295.0,Mugusu Kibeede,roadside settlement,0,0,0,0,0,277.0,50.0,400,0,0.1108
kampala_bwera,591,295.5,Kibeede,roadside settlement,0,0,0,0,0,281.0,59.6,400,0,0.22691924653015036
kampala_bwera,592,296.0,Nyansozi,roadside settlement,0,0,0,0,0,229.0,64.8,400,0,0.2584136675229696
kampala_bwera,593,296.5,Kibeede,roadside settlement,0,0,0,0,0,147.0,65.7,400,0,0.17529066433630083
kampala_bwera,594,297.0,Kibeede,open road,0,0,0,0,0,40.0,68.3,400,0,0.05570866870297598
kampala_bwera,595,297.5,Ibaale,roadside settlement,0,0,0,0,0,178.0,38.9,400,0,0.026085452910707206
kampala_bwera,596,298.0,Ibaale,roadside settlement,2,0,0,0,0,200.0,32.1,400,0,0.013590333031680002
kampala_bwera,597,298.5,Nyakagongo,roadside settlement,2,0,0,0,0,330.0,54.4,400,0,0.18496498119475208
kampala_bwera,598,299.0,Nyakagongo,roadside settlement,1,0,0,0,0,295.0,54.0,400,0,0.16053769728000003
kampala_bwera,599,299.5,Kyekumburwa A,roadside settlement,0,0,0,0,0,279.0,60.8,400,0,0.24400487000309756
kampala_bwera,600,300.0,Kyekumburwa A,roadside settlement,0,0,0,0,0,247.0,64.1,400,0,0.2668757084913086
kampala_bwera,601,300.5,Rubona Ii,open road,0,0,0,0,0,132.0,57.9,400,0,0.09494413892282877
kampala_bwera,602,301.0,Rubona Ii,roadside settlement,0,0,0,0,0,148.0,35.5,400,0,0.015043715151999999
kampala_bwera,603,301.5,Rubona Ii,roadside settlement,0,0,0,0,0,268.0,32.2,400,0,0.018439037807411202
kampala_bwera,604,302.0,Rubona Ii,roadside settlement,0,0,0,0,0,292.0,50.0,400,0,0.1168
kampala_bwera,605,302.5,Rubona Town,roadside settlement,1,0,0,0,0,359.0,49.1,400,0,0.1335366235737536
kampala_bwera,606,303.0,Rubona,roadside settlement,2,0,0,0,0,314.0,44.1,400,0,0.0760088181718656
kampala_bwera,607,303.5,Rubona,roadside settlement,1,0,0,0,0,290.0,44.7,400,0,0.074098269308736
kampala_bwera,608,304.0,Bulegeya,roadside settlement,0,0,0,0,0,225.0,64.0,400,0,0.2415919104
kampala_bwera,609,304.5,Bulegeya,open road,0,0,0,0,0,119.0,50.0,400,0,0.0476
kampala_bwera,610,305.0,Bulegeya,open road,0,0,0,0,0,80.0,68.3,400,0,0.11141733740595196
kampala_bwera,611,305.5,Kisomoro I,open road,0,0,0,0,0,80.0,50.0,400,0,0.032
kampala_bwera,612,306.0,Kisomoro Ii,roadside settlement,0,0,0,0,0,102.0,67.0,400,0,0.13154651788800004
kampala_bwera,613,306.5,Kisomoro Ii,roadside settlement,0,0,0,0,0,276.0,50.0,400,0,0.1104
kampala_bwera,614,307.0,Nyakigumba,roadside settlement,0,0,0,0,0,193.0,62.1,400,0,0.1836976851842112
kampala_bwera,615,307.5,Nyakigumba,roadside settlement,1,0,0,0,0,422.0,43.5,400,0,0.096705116568
kampala_bwera,616,308.0,Nyakigumba,roadside settlement,1,0,0,0,0,209.0,62.8,400,0,0.2080486178963456
kampala_bwera,617,308.5,Busiita,roadside settlement,0,0,0,0,0,263.0,62.4,400,0,0.25519612829368316
kampala_bwera,618,309.0,Busiita,roadside settlement,1,0,0,0,0,246.0,64.4,400,0,0.27080616720138245
kampala_bwera,619,309.5,Busiita,roadside settlement,1,0,0,0,0,164.0,65.7,400,0,0.19556237381736963
kampala_bwera,620,310.0,Busiita,roadside settlement,0,0,0,0,0,235.0,64.1,400,0,0.2539100870261438
kampala_bwera,621,310.5,Kicuucu,roadside settlement,0,0,0,0,0,300.0,36.9,400,0,0.03559645040832
kampala_bwera,622,311.0,Kicuucu,roadside settlement,0,0,0,0,0,307.0,60.5,400,0,0.263232705868
kampala_bwera,623,311.5,Kicuucu,roadside settlement,0,0,0,0,0,172.0,50.0,400,0,0.0688
kampala_bwera,624,312.0,Kisolire,roadside settlement,0,0,0,0,0,179.0,50.0,400,0,0.0716
kampala_bwera,625,312.5,Kisolire,roadside settlement,0,0,0,0,0,252.0,64.0,400,0,0.270582939648
kampala_bwera,626,313.0,Kasaali B,roadside settlement,2,0,0,0,0,282.0,65.4,400,0,0.33017187466874887
kampala_bwera,627,313.5,Central,roadside settlement,3,0,0,0,0,343.0,50.0,400,0,0.1372
kampala_bwera,628,314.0,Central,roadside settlement,0,0,0,0,0,437.0,47.6,400,0,0.14357843718471683
kampala_bwera,629,314.5,Kibiito,roadside settlement,1,0,0,0,0,525.0,49.0,400,0,0.19369731359999998
kampala_bwera,630,315.0,Kibiito,roadside settlement,1,0,0,0,0,387.0,60.7,400,0,0.3362371557605568
kampala_bwera,631,315.5,Nkimbiri,roadside settlement,0,0,0,0,0,258.0,50.0,400,0,0.1032
kampala_bwera,632,316.0,Nkimbiri,roadside settlement,0,0,0,0,0,239.0,50.0,400,0,0.0956
kampala_bwera,633,316.5,Nkimbiri,roadside settlement,0,0,0,0,0,236.0,59.6,400,0,0.19057986541322233
kampala_bwera,634,317.0,Maligo,roadside settlement,1,0,0,0,0,288.0,61.8,400,0,0.2688601038815232
kampala_bwera,635,317.5,Kabale,roadside settlement,2,0,0,0,0,390.0,45.5,400,0,0.10697693916000002
kampala_bwera,636,318.0,Kabale,roadside settlement,1,0,0,0,0,264.0,56.8,400,0,0.17586412018728956
kampala_bwera,637,318.5,Kangoma,roadside settlement,0,0,0,0,0,254.0,66.2,400,0,0.3122091654281217
kampala_bwera,638,319.0,Kangoma,roadside settlement,0,0,0,0,0,102.0,62.0,400,0,0.096459921408
kampala_bwera,639,319.5,Kasunganyanja,roadside settlement,0,0,0,0,0,126.0,66.8,400,0,0.1605670280331263
kampala_bwera,640,320.0,Kasunganyanja,roadside settlement,0,0,0,0,0,339.0,50.0,400,0,0.1356
kampala_bwera,641,320.5,Kasunganyanja,roadside settlement,0,0,0,0,0,218.0,50.0,400,0,0.0872
kampala_bwera,642,321.0,Kasunganyanja,roadside settlement,0,0,0,0,0,254.0,50.0,400,0,0.1016
kampala_bwera,643,321.5,Kasunganyanja,roadside settlement,1,0,0,0,0,383.0,50.6,400,0,0.1606870268951552
kampala_bwera,644,322.0,Kasunganyanja,roadside settlement,3,0,0,0,0,416.0,43.6,400,0,0.09620978888867839
kampala_bwera,645,322.5,Kasunganyanja,roadside settlement,2,0,0,0,0,379.0,56.6,400,0,0.2489343961148417
kampala_bwera,646,323.0,Rweihara,roadside settlement,1,0,0,0,0,351.0,62.1,400,0,0.3340823186510784
kampala_bwera,647,323.5,Kaburaisoke North,roadside settlement,0,0,0,0,0,220.0,66.6,400,0,0.27701263059148784
kampala_bwera,648,324.0,Kaburaisoke North,roadside settlement,0,0,0,0,0,256.0,63.5,400,0,0.266388112384
kampala_bwera,649,324.5,Kaburaisoke North,roadside settlement,1,0,0,0,0,331.0,60.9,400,0,0.29139167391546233
kampala_bwera,650,325.0,Kaburaisoke,roadside settlement,1,0,0,0,0,349.0,56.8,400,0,0.2324870376718335
kampala_bwera,651,325.5,Kaburaisoke,roadside settlement,1,0,0,0,0,341.0,61.2,400,0,0.3061540729995264
kampala_bwera,652,326.0,Kyeibumba,roadside settlement,1,0,0,0,0,385.0,57.6,400,0,0.27122557412966414
kampala_bwera,653,326.5,Rwimi Centre A,roadside settlement,1,0,0,0,0,500.0,45.5,400,0,0.137149922
kampala_bwera,654,327.0,Rwimi,roadside settlement,1,0,1,0,0,676.0,42.8,400,0,0.1451783131561984
kampala_bwera,655,327.5,Rwimi Centre B,roadside settlement,0,0,1,0,0,331.0,61.2,400,0,0.29717594769162237
kampala_bwera,656,328.0,Rwimi Centre B,roadside settlement,0,0,0,0,0,173.0,66.1,400,0,0.21136443597883509
kampala_bwera,657,328.5,Gatyanga I,roadside settlement,1,0,0,1,0,427.0,27.6,400,1,0.015857845316812804
kampala_bwera,658,329.0,Gatyanga I,roadside settlement,1,0,0,0,0,390.0,45.7,400,0,0.10887029038329601
kampala_bwera,659,329.5,Rwesande,roadside settlement,0,0,0,0,0,504.0,52.8,400,0,0.25069530497679365
kampala_bwera,660,330.0,Rwesande,roadside settlement,0,0,0,0,0,648.0,44.1,400,0,0.15685896234193922
kampala_bwera,661,330.5,Rwesande,roadside settlement,1,0,0,1,0,794.0,42.8,400,1,0.17052008971304958
kampala_bwera,662,331.0,Rwesande,roadside settlement,1,0,0,1,0,569.0,51.4,400,1,0.2541819553965057
kampala_bwera,663,331.5,Rwesande,roadside settlement,0,0,0,0,0,333.0,53.8,400,0,0.1785473094546431
kampala_bwera,664,332.0,Rwesande,roadside settlement,0,0,0,0,0,179.0,64.3,400,0,0.19582895060850564
kampala_bwera,665,332.5,,open road,0,0,0,0,0,66.0,68.9,400,0,0.09519207576003842
kampala_bwera,666,333.0,,roadside settlement,1,0,0,0,0,113.0,64.2,400,0,0.12285661060638721
kampala_bwera,667,333.5,,roadside settlement,1,0,0,0,0,106.0,43.3,400,0,0.0238472016820864
kampala_bwera,668,334.0,,roadside settlement,0,0,0,0,0,193.0,63.0,400,0,0.19458057427200004
kampala_bwera,669,334.5,Lower Kendahi,roadside settlement,0,0,0,0,0,187.0,42.9,400,0,0.040536920130220803
kampala_bwera,670,335.0,Lower Kendahi,open road,0,0,0,0,0,69.0,68.1,400,0,0.09497679547743357
kampala_bwera,671,335.5,Lower Kendahi,open road,0,0,0,0,0,104.0,68.2,400,0,0.14399612722626565
kampala_bwera,672,336.0,Lower Kendahi,roadside settlement,0,0,0,0,0,272.0,60.8,400,0,0.2378828840173568
kampala_bwera,673,336.5,Lower Kendahi,roadside settlement,3,0,0,2,0,425.0,48.8,400,2,0.15425817608192
kampala_bwera,674,337.0,Kikonzo,roadside settlement,4,0,0,2,0,565.0,45.2,400,2,0.150932289888256
kampala_bwera,675,337.5,Hima,roadside settlement,2,0,0,1,0,698.0,49.5,400,1,0.26819840599199996
kampala_bwera,676,338.0,Market Square,roadside settlement,0,0,0,2,0,762.0,48.6,400,2,0.27206960266874874
kampala_bwera,677,338.5,Market Square,roadside settlement,0,0,0,2,0,534.0,51.8,400,2,0.24605957525237762
kampala_bwera,678,339.0,Kinyamwenge,roadside settlement,0,0,0,0,0,361.0,59.5,400,0,0.28957098192399994
kampala_bwera,679,339.5,Kinyamwenge,roadside settlement,0,0,0,0,0,223.0,39.4,400,0,0.03439297344133118
kampala_bwera,680,340.0,Kinyamwenge,open road,0,0,0,0,0,84.0,46.0,400,0,0.024070803456
kampala_bwera,681,340.5,Karungibate Upper,open road,0,0,0,0,0,162.0,44.6,400,0,0.0410236618180608
kampala_bwera,682,341.0,Karungibate Upper,open road,0,0,0,0,0,54.0,66.7,400,0,0.06840330243413761
kampala_bwera,683,341.5,Karungibate Upper,open road,0,0,0,0,0,41.0,69.0,400,0,0.059478525503999985
kampala_bwera,684,342.0,Karungibate Upper,open road,0,0,0,0,0,19.0,69.0,400,0,0.027563219135999992
kampala_bwera,685,342.5,Karungibate Upper,open road,0,0,0,0,0,42.0,68.7,400,0,0.05987647329511682
kampala_bwera,686,343.0,Karungibate Upper,open road,0,0,0,0,0,96.0,37.6,400,0,0.0122801193222144
kampala_bwera,687,343.5,,open road,0,0,0,0,0,126.0,46.1,400,0,0.036421197475622405
kampala_bwera,688,344.0,Mubuku,open road,0,0,0,0,0,12.0,41.9,400,0,0.0023671038505728
kampala_bwera,689,344.5,Mubuku,open road,0,0,0,0,0,34.0,59.4,400,0,0.027089729654169593
kampala_bwera,690,345.0,Mubuku,roadside settlement,0,0,0,0,0,197.0,59.6,400,0,0.15908573511188479
kampala_bwera,691,345.5,Mubuku,roadside settlement,0,0,1,0,0,541.0,48.1,400,0,0.18533504362023046
kampala_bwera,692,346.0,Mubuku,roadside settlement,0,0,1,0,0,488.0,48.2,400,0,0.16857297405624325
kampala_bwera,693,346.5,Mubuku,roadside settlement,0,0,0,0,0,327.0,64.4,400,0,0.3599740515237888
kampala_bwera,694,347.0,Kabukelo West,roadside settlement,0,0,0,3,0,493.0,58.5,400,3,0.3695305578119999
kampala_bwera,695,347.5,Kabukelo West,roadside settlement,0,0,0,0,0,526.0,54.0,400,0,0.28624687718400005
kampala_bwera,696,348.0,Kabukelo West,roadside settlement,1,0,0,0,0,441.0,54.6,400,0,0.25083557702461445
kampala_bwera,697,348.5,Kabukelo West,roadside settlement,2,0,0,0,0,374.0,57.9,400,0,0.26900839361468154
kampala_bwera,698,349.0,Kabukelo West,roadside settlement,1,0,0,0,0,340.0,60.2,400,0,0.28578857045401596
kampala_bwera,699,349.5,,roadside settlement,0,0,0,0,0,372.0,52.1,400,0,0.1754178593979648
kampala_bwera,700,350.0,,roadside settlement,0,0,0,0,0,519.0,46.2,400,0,0.15132658591733764
kampala_bwera,701,350.5,,roadside settlement,0,0,0,0,0,412.0,59.1,400,0,0.32168226168276476
kampala_bwera,702,351.0,,roadside settlement,0,0,0,0,0,488.0,54.2,400,0,0.2695236889321473
kampala_bwera,703,351.5,Rukoki,roadside settlement,0,0,0,0,0,533.0,50.5,400,0,0.221856774932
kampala_bwera,704,352.0,Rukoki,roadside settlement,0,0,0,0,0,432.0,51.3,400,0,0.1914843042966528
kampala_bwera,705,352.5,Rukoki,roadside settlement,0,0,0,0,0,472.0,52.1,400,0,0.22257319794580482
kampala_bwera,706,353.0,Rukoki,roadside settlement,0,0,0,0,0,471.0,54.1,400,0,0.25822003849875846
kampala_bwera,707,353.5,Rukoki,roadside settlement,0,0,0,0,0,604.0,56.6,400,0,0.3967186682146817
kampala_bwera,708,354.0,Rukoki,roadside settlement,0,0,0,0,0,335.0,52.4,400,0,0.16164040463974402
kampala_bwera,709,354.5,Nyakasanga Lower,roadside settlement,0,0,0,0,0,268.0,61.3,400,0,0.24219025590238719
kampala_bwera,710,355.0,Nyakasanga Lower,roadside settlement,3,0,0,0,0,647.0,59.5,400,0,0.518981787548
kampala_bwera,711,355.5,Nyakasanga Lower,roadside settlement,5,0,0,0,0,1061.0,49.2,400,0,0.39788335284387855
kampala_bwera,712,356.0,Nyakasanga Lower,roadside settlement,4,0,0,0,0,1016.0,51.7,400,0,0.46455362606935047
kampala_bwera,713,356.5,Kikonzo,town,4,0,0,0,0,1171.0,48.6,400,0,0.4181017122376704
kampala_bwera,714,357.0,Kasese,town,5,0,0,0,0,1219.0,48.9,400,0,0.4460865367640256
kampala_bwera,715,357.5,Kasese,town,4,0,0,1,0,892.0,47.8,400,1,0.29802755151585275
kampala_bwera,716,358.0,Nyakatonzi,town,4,0,0,0,0,911.0,50.0,400,0,0.3644
kampala_bwera,717,358.5,Kilembe Quarters,roadside settlement,3,0,0,0,0,970.0,56.7,400,0,0.6416289395671684
kampala_bwera,718,359.0,Industrial Zone,roadside settlement,2,0,0,0,0,897.0,62.2,400,0,0.8592785204610047
kampala_bwera,719,359.5,Kamaiba Main,roadside settlement,1,0,0,0,0,403.0,61.0,400,0,0.35711193107199996
kampala_bwera,720,360.0,Kamaiba Main,roadside settlement,0,0,0,0,0,269.0,65.0,400,0,0.30731636000000007
kampala_bwera,721,360.5,Kamaiba Main,roadside settlement,0,0,0,0,0,328.0,65.5,400,0,0.38638389635200004
kampala_bwera,722,361.0,Kamaiba Main,open road,0,0,0,0,0,35.0,51.7,400,0,0.016003323732704
kampala_bwera,723,361.5,Kamaiba Main,open road,0,0,0,0,0,19.0,55.6,400,0,0.011620712085913604
kampala_bwera,724,362.0,Kirembe II,open road,0,0,0,0,0,2.0,70.0,400,0,0.0030732799999999994
kampala_bwera,725,362.5,Kirembe II,open road,0,0,0,0,0,38.0,69.0,400,0,0.055126438271999985
kampala_bwera,726,363.0,Kirembe II,open road,0,0,0,0,0,185.0,67.8,400,0,0.2501903057495039
kampala_bwera,727,363.5,Kirembe II,open road,0,0,0,0,0,37.0,70.0,400,0,0.056855679999999985
kampala_bwera,728,364.0,Kirembe II,open road,0,0,0,0,0,7.0,64.7,400,0,0.0078504605706688
kampala_bwera,729,364.5,Kirembe II,open road,0,0,0,0,0,159.0,65.6,400,0,0.1884484005789695
kampala_bwera,730,365.0,Kirembe II,open road,0,0,0,0,0,50.0,67.9,400,0,0.06801881717792002
kampala_bwera,731,365.5,Kirembe II,open road,0,0,0,0,0,68.0,69.0,400,0,0.09864731059199996
kampala_bwera,732,366.0,Muhokya,open road,0,0,0,0,0,130.0,67.9,400,0,0.17684892466259203
kampala_bwera,733,366.5,Muhokya,open road,0,0,0,0,0,176.0,69.0,400,0,0.2553224509439999
kampala_bwera,734,367.0,Muhokya,open road,0,0,0,0,0,45.0,70.0,400,0,0.06914879999999998
kampala_bwera,735,367.5,Muhokya,roadside settlement,0,0,0,0,0,313.0,63.5,400,0,0.3257010905320001
kampala_bwera,736,368.0,Muhokya,roadside settlement,1,0,0,3,0,702.0,48.5,400,3,0.24859022104799997
kampala_bwera,737,368.5,Muhokya,roadside settlement,1,0,0,1,0,285.0,66.9,400,1,0.36536698806710405
kampala_bwera,738,369.0,Muhokya,open road,0,0,0,0,0,47.0,67.9,400,0,0.06393768814724482
kampala_bwera,739,369.5,Muhokya,open road,0,0,0,0,0,20.0,70.0,400,0,0.030732799999999994
kampala_bwera,740,370.0,,open road,0,0,0,0,0,14.0,69.0,400,0,0.020309740415999995
kampala_bwera,741,370.5,,open road,0,0,0,0,0,93.0,67.7,400,0,0.12503096907784322
kampala_bwera,742,371.0,,open road,0,0,0,0,0,8.0,68.8,400,0,0.011471592567603196
kampala_bwera,743,371.5,,open road,0,0,0,0,0,12.0,69.0,400,0,0.017408348927999997
kampala_bwera,744,372.0,,open road,0,0,0,0,0,7.0,67.9,400,0,0.009522634404908801
kampala_bwera,745,372.5,,open road,0,0,0,0,0,15.0,69.9,400,0,0.022918169971296008
kampala_bwera,746,373.0,,open road,0,0,0,0,0,3.0,70.0,400,0,0.004609919999999999
kampala_bwera,747,373.5,,open road,0,0,0,0,0,8.0,67.9,400,0,0.010883010748467203
kampala_bwera,748,374.0,,open road,0,0,0,0,0,0.0,69.0,400,0,0.0
kampala_bwera,749,374.5,,open road,0,0,0,0,0,0.0,70.0,400,0,0.0
kampala_bwera,750,375.0,,open road,0,0,0,0,0,4.0,63.2,400,0,0.0040842120134655996
kampala_bwera,751,375.5,,open road,0,0,0,0,0,9.0,62.1,400,0,0.008566213298745599
kampala_bwera,752,376.0,,open road,0,0,0,0,0,1.0,70.0,400,0,0.0015366399999999997
kampala_bwera,753,376.5,,open road,0,0,0,0,0,4.0,58.3,400,0,0.0029574280274175992
kampala_bwera,754,377.0,,open road,0,0,0,0,0,1.0,69.0,400,0,0.0014506957439999997
kampala_bwera,755,377.5,Kikorongo,open road,0,0,0,0,0,2.0,69.0,400,0,0.0029013914879999995
kampala_bwera,756,378.0,Kikorongo,open road,0,0,0,0,0,54.0,69.9,400,0,0.08250541189666562
kampala_bwera,757,378.5,Kikorongo,open road,0,0,0,0,0,98.0,68.9,400,0,0.14134580946187525
kampala_bwera,758,379.0,Kikorongo,roadside settlement,0,0,0,0,0,388.0,63.9,400,0,0.4140141001466112
kampala_bwera,759,379.5,Kikorongo,town,0,0,0,0,0,305.0,40.7,400,0,0.05356208202435201
kampala_bwera,760,380.0,Kikorongo,open road,0,0,0,0,0,58.0,30.0,400,0,0.0030067199999999996
kampala_bwera,761,380.5,Kikorongo,open road,0,0,0,0,0,39.0,26.9,400,0,0.0013069341345215992
kampala_bwera,762,381.0,Kikorongo,open road,0,0,0,0,0,152.0,43.2,400,0,0.03388118170337282
kampala_bwera,763,381.5,Kikorongo,open road,0,0,0,0,0,25.0,56.5,400,0,0.016304736099999995
kampala_bwera,764,382.0,Kikorongo,open road,0,0,0,0,0,6.0,69.0,400,0,0.008704174463999998
kampala_bwera,765,382.5,,open road,0,0,0,0,0,7.0,31.2,400,0,0.00042451827425279997
kampala_bwera,766,383.0,,open road,0,0,0,0,0,7.0,30.4,400,0,0.0003826241241088
kampala_bwera,767,383.5,,open road,0,0,0,0,0,10.0,38.3,400,0,0.0013771304141439993
kampala_bwera,768,384.0,,open road,0,0,0,0,0,10.0,70.0,400,0,0.015366399999999997
kampala_bwera,769,384.5,,open road,0,0,0,0,0,6.0,42.0,400,0,0.0011948912639999998
kampala_bwera,770,385.0,,open road,0,0,0,0,0,63.0,66.9,400,0,0.08076533420430722
kampala_bwera,771,385.5,,open road,0,0,0,0,0,13.0,68.3,400,0,0.018105317328467194
kampala_bwera,772,386.0,,open road,0,0,0,0,0,36.0,69.5,400,0,0.05375534990399999
kampala_bwera,773,386.5,,open road,0,0,0,0,0,52.0,68.6,400,0,0.07370208608788477
kampala_bwera,774,387.0,,open road,0,0,0,0,0,5.0,70.0,400,0,0.0076831999999999985
kampala_bwera,775,387.5,,open road,0,0,0,0,0,2.0,70.0,400,0,0.0030732799999999994
kampala_bwera,776,388.0,,open road,1,0,0,0,0,82.0,68.8,400,0,0.11758382381793275
kampala_bwera,777,388.5,,open road,1,0,0,0,0,18.0,68.6,400,0,0.02551226056888319
kampala_bwera,778,389.0,,open road,0,0,0,0,0,172.0,68.5,400,0,0.24236544836800006
kampala_bwera,779,389.5,,open road,0,0,0,0,0,61.0,68.9,400,0,0.08798055486912643
kampala_bwera,780,390.0,,open road,0,0,0,0,0,15.0,69.7,400,0,0.022656996910176006
kampala_bwera,781,390.5,Kiburara,open road,0,0,0,0,0,39.0,69.8,400,0,0.059246987308953586
kampala_bwera,782,391.0,Kiburara,open road,0,0,0,0,0,62.0,68.7,400,0,0.08838907962612483
kampala_bwera,783,391.5,Kiburara,open road,0,0,0,0,0,111.0,66.5,400,0,0.13892792012400002
kampala_bwera,784,392.0,Kiburara,town,0,0,0,0,0,611.0,44.0,400,0,0.14656554598399998
kampala_bwera,785,392.5,Kiburara,roadside settlement,0,0,0,0,0,470.0,53.5,400,0,0.24642964988000005
kampala_bwera,786,393.0,Kiburara,roadside settlement,0,0,0,0,0,251.0,65.8,400,0,0.30113225055549425
kampala_bwera,787,393.5,Kiburara,roadside settlement,1,0,0,0,0,261.0,64.9,400,0,0.2963461357226304
kampala_bwera,788,394.0,Kiburara,roadside settlement,1,0,0,0,0,317.0,65.3,400,0,0.3688858200580929
kampala_bwera,789,394.5,,roadside settlement,0,0,0,0,0,297.0,60.8,400,0,0.2597471196807168
kampala_bwera,790,395.0,,roadside settlement,0,0,0,0,0,67.0,68.1,400,0,0.09222384488388477
kampala_bwera,791,395.5,,roadside settlement,0,0,0,0,0,381.0,58.7,400,0,0.28950585718362254
kampala_bwera,792,396.0,,roadside settlement,0,0,0,0,0,334.0,66.0,400,0,0.4056039567360001
kampala_bwera,793,396.5,,roadside settlement,0,0,0,0,0,347.0,64.8,400,0,0.39157005515489285
kampala_bwera,794,397.0,,roadside settlement,0,0,0,0,0,315.0,64.4,400,0,0.346763994587136
kampala_bwera,795,397.5,Omunkunyu,roadside settlement,0,0,0,0,0,244.0,66.9,400,0,0.31280542136271366
kampala_bwera,796,398.0,Omunkunyu,roadside settlement,0,0,0,0,0,345.0,66.4,400,0,0.4292115364577281
kampala_bwera,797,398.5,Omunkunyu,roadside settlement,0,0,0,0,0,480.0,62.5,400,0,0.46875
kampala_bwera,798,399.0,Omunkunyu,roadside settlement,0,0,0,0,0,788.0,49.8,400,0,0.31018697858949124
kampala_bwera,799,399.5,Omunkunyu,roadside settlement,0,0,0,0,0,567.0,61.1,400,0,0.5057406633359808
kampala_bwera,800,400.0,Omunkunyu,roadside settlement,0,0,0,0,0,496.0,63.3,400,0,0.5096552362343425
kampala_bwera,801,400.5,Omunkunyu,roadside settlement,0,0,0,0,0,418.0,65.0,400,0,0.4775399200000001
kampala_bwera,802,401.0,Omunkunyu,roadside settlement,0,0,0,0,0,461.0,58.6,400,0,0.3479135661323263
kampala_bwera,803,401.5,,roadside settlement,1,0,0,0,0,593.0,54.8,400,0,0.34226059521720303
kampala_bwera,804,402.0,,roadside settlement,1,0,0,0,0,356.0,63.8,400,0,0.3774962891853824
kampala_bwera,805,402.5,,roadside settlement,0,0,0,0,0,289.0,65.0,400,0,0.33016516
kampala_bwera,806,403.0,,open road,0,0,0,0,0,256.0,68.2,400,0,0.35445200548003847
kampala_bwera,807,403.5,,open road,1,0,0,0,0,205.0,68.1,400,0,0.2821774358387519
kampala_bwera,808,404.0,,roadside settlement,1,0,0,0,0,256.0,63.6,400,0,0.2680701157638144
kampala_bwera,809,404.5,Katojo,open road,0,0,0,0,0,105.0,68.6,400,0,0.14882151998515195
kampala_bwera,810,405.0,Katojo,open road,0,0,0,0,0,191.0,68.4,400,0,0.26757020298608647
kampala_bwera,811,405.5,Katojo,open road,0,0,0,0,0,236.0,67.7,400,0,0.31728288927280646
kampala_bwera,812,406.0,Katojo,roadside settlement,0,0,0,0,0,438.0,63.9,400,0,0.4673664326397312
kampala_bwera,813,406.5,Katojo,roadside settlement,0,0,0,0,0,350.0,66.1,400,0,0.42761591093983986
kampala_bwera,814,407.0,Katojo,open road,0,0,0,0,0,85.0,63.6,400,0,0.08900765562470402
kampala_bwera,815,407.5,Katojo,open road,0,0,0,0,0,28.0,44.6,400,0,0.007090509450035201
kampala_bwera,816,408.0,Harukungu B,open road,0,0,0,0,0,72.0,29.7,400,0,0.003585405395404799
kampala_bwera,817,408.5,Harukungu B,roadside settlement,1,0,0,0,0,311.0,38.3,400,0,0.04282875587987838
kampala_bwera,818,409.0,Harukungu B,roadside settlement,1,0,0,0,0,468.0,53.0,400,0,0.23633568691200008
kampala_bwera,819,409.5,Harukungu,roadside settlement,1,0,0,0,0,500.0,46.4,400,0,0.14832757637119995
kampala_bwera,820,410.0,Kyempara I,roadside settlement,1,0,0,0,0,589.0,55.2,400,0,0.34998673130127367
kampala_bwera,821,410.5,Kyempara I,roadside settlement,0,0,0,0,0,581.0,57.3,400,0,0.4008432680449343
kampala_bwera,822,411.0,Kyempara I,roadside settlement,0,0,0,0,0,581.0,43.0,400,0,0.127124696384
kampala_bwera,823,411.5,Kyanduli II,roadside settlement,3,0,0,0,0,597.0,53.1,400,0,0.3037612626946369
kampala_bwera,824,412.0,Nyabutundu,roadside settlement,5,0,0,0,0,908.0,44.7,400,0,0.2320042363183872
kampala_bwera,825,412.5,Bwera,roadside settlement,7,0,0,0,0,1188.0,41.4,400,0,0.22335608008581118
kampala_bwera,826,413.0,Bwera,roadside settlement,4,0,0,0,0,755.0,51.1,400,0,0.329465941529312
kampala_bwera,827,413.5,Karughe,roadside settlement,2,0,0,0,0,876.0,56.8,400,0,0.5835491260760062
kampala_bwera,828,414.0,Karughe,roadside settlement,0,0,0,0,0,722.0,55.6,400,0,0.441587059264717
kampala_bwera,829,414.5,Nyabugando,roadside settlement,0,0,0,0,0,756.0,44.6,400,0,0.19144375515095044
kampala_bwera,830,415.0,Nyabugando,roadside settlement,0,0,0,0,0,639.0,45.9,400,0,0.18152296398898551
kampala_bwera,831,415.5,Kyandobokerya,roadside settlement,0,0,0,0,0,489.0,56.3,400,0,0.31442886824914545
kampala_bwera,832,416.0,Mpondwe,roadside settlement,1,0,0,0,0,709.0,50.0,400,0,0.2836
kampala_bwera,833,416.5,Mpondwe,roadside settlement,1,0,0,0,0,885.0,42.1,400,0,0.1779310034667841
kampala_bwera,834,417.0,Mpondwe,roadside settlement,0,0,0,0,0,953.0,41.4,400,0,0.17917369050654716
kampala_bwera,835,417.5,Mpondwe,roadside settlement,0,0,0,0,0,517.0,50.0,400,0,0.2068
kampala_elegu,0,0.0,Bishop-mukwaya,town,9,0,0,0,0,5258.0,38.7,600,0,1.132232651252525
kampala_elegu,1,0.5,Katale,town,12,2,1,0,1,3481.0,38.7,600,1,0.7495819435165536
kampala_elegu,2,1.0,Kiyindi,town,20,4,0,0,0,3273.0,38.7,600,0,0.7047922152053089
kampala_elegu,3,1.5,Kazo,town,22,3,0,1,0,3887.0,38.7,600,1,0.8370080478163873
kampala_elegu,4,2.0,Ketifalawo,town,11,2,0,0,0,3603.0,38.7,600,0,0.7758528418529569
kampala_elegu,5,2.5,Kalule,town,6,0,0,0,0,3512.0,41.4,600,0,0.9904375672492031
kampala_elegu,6,3.0,Corner,town,8,0,0,0,0,3197.0,39.4,600,0,0.7396031575690749
kampala_elegu,7,3.5,Kisowera,town,12,7,2,0,0,2673.0,38.7,600,0,0.5755910758459489
kampala_elegu,8,4.0,Ssebaggala,town,8,7,2,0,0,2680.0,38.7,600,0,0.577098422471808
kampala_elegu,9,4.5,Kawempe B,town,4,0,0,0,0,2381.0,41.4,600,0,0.6714783165206015
kampala_elegu,10,5.0,Kawempe B,town,2,0,0,0,0,2458.0,38.7,600,0,0.5292940009088448
kampala_elegu,11,5.5,Maganjo B,town,1,0,0,0,0,2369.0,41.4,600,0,0.6680941334889983
kampala_elegu,12,6.0,Maganjo A,town,0,0,2,0,0,2484.0,42.1,600,0,0.7491196823923588
kampala_elegu,13,6.5,Kagoma,town,0,0,2,0,0,2286.0,40.0,600,0,0.5618073600000001
kampala_elegu,14,7.0,Kagoma,town,0,0,0,0,0,2053.0,42.1,600,0,0.6191395764700132
kampala_elegu,15,7.5,Kagoma,town,0,0,0,0,0,726.0,50.0,600,0,0.4356
kampala_elegu,16,8.0,Kawanda,town,0,0,1,0,0,998.0,49.0,600,0,0.552314054208
kampala_elegu,17,8.5,Kawanda,town,0,0,1,0,0,2139.0,38.7,600,0,0.4606020618161184
kampala_elegu,18,9.0,Kawanda,town,1,0,0,0,0,2095.0,46.9,600,0,0.9730757086703518
kampala_elegu,19,9.5,Kaayi,roadside settlement,1,0,0,0,0,1338.0,59.4,600,0,1.5990908063505405
kampala_elegu,20,10.0,Kaayi,town,0,0,0,0,0,1447.0,50.0,600,0,0.8682
kampala_elegu,21,10.5,Wattuba,roadside settlement,0,0,1,0,0,1374.0,58.5,600,0,1.5448326159239996
kampala_elegu,22,11.0,Wattuba,roadside settlement,0,0,0,0,0,1482.0,55.2,600,0,1.3209176632983557
kampala_elegu,23,11.5,Katalemwa,roadside settlement,0,0,0,0,0,1081.0,57.7,600,0,1.1502710235198823
kampala_elegu,24,12.0,Katalemwa,roadside settlement,0,0,0,0,0,1157.0,54.9,600,0,1.0090065135432666
kampala_elegu,25,12.5,Kabonza,town,0,0,0,0,0,1656.0,38.7,600,0,0.35659514463183367
kampala_elegu,26,13.0,Kabonza,town,0,0,0,0,0,1598.0,38.7,600,0,0.3441057011604288
kampala_elegu,27,13.5,Lwadda B,town,0,2,0,0,0,1713.0,40.7,600,0,0.4512385893822049
kampala_elegu,28,14.0,Matugga,town,0,2,0,0,0,2119.0,40.7,600,0,0.5581871400472226
kampala_elegu,29,14.5,Matugga,town,0,1,1,0,0,1901.0,40.0,600,0,0.46718976000000006
kampala_elegu,30,15.0,Mabanda,town,0,1,1,0,0,1776.0,40.0,600,0,0.43646976000000004
kampala_elegu,31,15.5,Mabanda,town,0,0,0,0,0,1690.0,43.5,600,0,0.5809181765399999
kampala_elegu,32,16.0,Mabanda,roadside settlement,0,0,0,0,0,861.0,51.6,600,0,0.5859670438895617
kampala_elegu,33,16.5,Buwuzuume,roadside settlement,0,0,0,0,0,562.0,62.4,600,0,0.8179860690173951
kampala_elegu,34,17.0,Kiryamuli,roadside settlement,0,0,0,0,0,869.0,63.1,600,0,1.3225388744577502
kampala_elegu,35,17.5,Kiryamuli,roadside settlement,0,0,0,0,0,634.0,65.5,600,0,1.1202776994840002
kampala_elegu,36,18.0,Kungu,roadside settlement,0,0,0,0,0,651.0,62.6,600,0,0.9597310693802497
kampala_elegu,37,18.5,Kungu,town,0,0,0,0,0,902.0,50.0,600,0,0.5412
kampala_elegu,38,19.0,Kigoogwa,roadside settlement,0,0,0,0,0,1477.0,48.9,600,0,0.8107503873672671
kampala_elegu,39,19.5,Kigoogwa,roadside settlement,0,0,0,0,0,1323.0,61.4,600,0,1.8051136977904128
kampala_elegu,40,20.0,Kigoogwa,roadside settlement,0,0,0,0,0,1717.0,44.1,600,0,0.6234417554192352
kampala_elegu,41,20.5,Kigoogwa,roadside settlement,0,0,0,0,0,1266.0,56.8,600,0,1.265022591801753
kampala_elegu,42,21.0,Namakonkome,roadside settlement,0,0,0,0,0,1023.0,35.2,600,0,0.15077089770209287
kampala_elegu,43,21.5,Namakonkome,roadside settlement,0,0,0,0,0,709.0,61.4,600,0,0.9673662976065023
kampala_elegu,44,22.0,Migadde,roadside settlement,0,0,0,0,0,617.0,65.3,600,0,1.0769836796964196
kampala_elegu,45,22.5,Kakerenge,open road,0,0,0,0,0,285.0,68.2,600,0,0.5919071575887361
kampala_elegu,46,23.0,Kakerenge,roadside settlement,0,0,0,0,0,728.0,59.5,600,0,0.8759321669279999
kampala_elegu,47,23.5,Kakerenge,roadside settlement,0,0,0,0,0,989.0,55.2,600,0,0.8815030829973506
kampala_elegu,48,24.0,Kakerenge,roadside settlement,0,0,0,0,0,720.0,62.2,600,0,1.034582833999872
kampala_elegu,49,24.5,Kakerenge,roadside settlement,0,0,0,0,0,378.0,65.7,600,0,0.676121133868589
kampala_elegu,50,25.0,Kakerenge,roadside settlement,0,0,0,0,0,209.0,50.5,600,0,0.130491742854
kampala_elegu,51,25.5,,roadside settlement,0,2,0,0,0,330.0,61.2,600,0,0.44441720274124796
kampala_elegu,52,26.0,,roadside settlement,2,2,0,0,0,432.0,61.0,600,0,0.5742147179519999
kampala_elegu,53,26.5,Bombo,roadside settlement,1,0,0,0,0,198.0,64.3,600,0,0.32492289570238087
kampala_elegu,54,27.0,Bombo,roadside settlement,1,0,0,0,0,509.0,61.3,600,0,0.6899711208263903
kampala_elegu,55,27.5,Bombo,roadside settlement,1,0,0,0,0,522.0,55.4,600,0,0.47204216650782693
kampala_elegu,56,28.0,Bombo,roadside settlement,3,0,0,0,0,492.0,55.7,600,0,0.4546289804591233
kampala_elegu,57,28.5,Bombo,roadside settlement,4,0,0,1,0,491.0,49.6,600,1,0.2852853242658816
kampala_elegu,58,29.0,Bombo,town,2,1,0,0,0,805.0,42.8,600,0,0.259323688071168
kampala_elegu,59,29.5,Bombo,town,0,0,0,0,0,562.0,43.5,600,0,0.193181074092
kampala_elegu,60,30.0,,town,0,0,0,0,0,642.0,49.4,600,0,0.3670405582851072
kampala_elegu,61,30.5,Nyimbwa,roadside settlement,0,0,0,0,0,386.0,58.6,600,0,0.4369673639709695
kampala_elegu,62,31.0,Nyimbwa,roadside settlement,0,0,0,0,0,339.0,47.4,600,0,0.16427985011389437
kampala_elegu,63,31.5,Nyimbwa,roadside settlement,0,0,0,0,0,320.0,62.2,600,0,0.459814592888832
kampala_elegu,64,32.0,Nyimbwa,roadside settlement,1,0,0,0,0,363.0,64.0,600,0,0.584652423168
kampala_elegu,65,32.5,Nyimbwa,roadside settlement,5,0,0,1,0,242.0,55.8,600,1,0.2252285260803071
kampala_elegu,66,33.0,Nyimbwa,roadside settlement,4,0,0,2,0,348.0,49.0,600,2,0.19259047180799999
kampala_elegu,67,33.5,Nyimbwa,roadside settlement,2,0,0,0,0,352.0,62.7,600,0,0.5222567476380672
kampala_elegu,68,34.0,Kalule,roadside settlement,0,0,0,0,0,141.0,50.7,600,0,0.0894380214195936
kampala_elegu,69,34.5,Kalule,roadside settlement,1,0,0,0,0,597.0,36.1,600,0,0.09733619650057919
kampala_elegu,70,35.0,Kalule,roadside settlement,1,0,0,0,0,649.0,50.2,600,0,0.39566788218608645
kampala_elegu,71,35.5,Kalule,roadside settlement,0,0,0,0,0,248.0,36.7,600,0,0.04319039449735682
kampala_elegu,72,36.0,Kalule,roadside settlement,0,0,0,0,0,222.0,66.5,600,0,0.4167837603720001
kampala_elegu,73,36.5,Kalule,open road,0,0,0,0,0,164.0,69.3,600,0,0.36311820219037433
kampala_elegu,74,37.0,,roadside settlement,3,0,0,0,0,262.0,42.2,600,0,0.07976682908805123
kampala_elegu,75,37.5,,roadside settlement,2,0,0,0,0,273.0,63.4,600,0,0.4234390548530688
kampala_elegu,76,38.0,Busuula,roadside settlement,0,0,0,0,0,110.0,35.1,600,0,0.016028481639456006
kampala_elegu,77,38.5,Busuula,roadside settlement,0,0,0,0,0,370.0,64.3,600,0,0.6071791485347521
kampala_elegu,78,39.0,Busuula,roadside settlement,0,0,0,0,0,412.0,61.7,600,0,0.5732038585444993
kampala_elegu,79,39.5,Busuula,town,1,0,1,0,0,596.0,41.4,600,0,0.16808109056962559
kampala_elegu,80,40.0,Busuula,town,1,0,0,0,0,506.0,42.1,600,0,0.1525984538206657
kampala_elegu,81,40.5,Busuula,roadside settlement,0,0,0,0,0,464.0,51.0,600,0,0.301349113344
kampala_elegu,82,41.0,Kikoma,roadside settlement,0,1,0,0,0,330.0,56.8,600,0,0.3297452253511679
kampala_elegu,83,41.5,Kikoma,roadside settlement,0,0,0,0,0,460.0,52.7,600,0,0.3406210830994561
kampala_elegu,84,42.0,Kikoma,roadside settlement,1,0,0,0,0,500.0,57.9,600,0,0.5394553347887999
kampala_elegu,85,42.5,Kikoma,roadside settlement,2,0,0,0,0,582.0,54.6,600,0,0.4965520606405634
kampala_elegu,86,43.0,Kikoma,town,3,2,0,0,0,529.0,50.0,600,0,0.3174
kampala_elegu,87,43.5,Wobulenzi,town,4,4,0,0,0,575.0,47.6,600,0,0.2833784944435201
kampala_elegu,88,44.0,Wobulenzi,town,4,3,0,0,0,815.0,41.4,600,0,0.22984243089638398
kampala_elegu,89,44.5,Wobulenzi,town,2,0,0,0,0,602.0,50.0,600,0,0.3612
kampala_elegu,90,45.0,Katikamu,roadside settlement,0,0,0,0,0,406.0,49.1,600,0,0.22652870127135358
kampala_elegu,91,45.5,Katikamu,roadside settlement,0,0,0,0,0,559.0,48.6,600,0,0.29938367695242235
kampala_elegu,92,46.0,Katikamu,roadside settlement,0,0,0,0,0,543.0,47.8,600,0,0.27213390214087674
kampala_elegu,93,46.5,Katikamu,roadside settlement,0,0,0,0,0,204.0,63.3,600,0,0.3144243997736064
kampala_elegu,94,47.0,Butanza,roadside settlement,0,0,0,0,0,312.0,60.5,600,0,0.40127982523199995
kampala_elegu,95,47.5,Butanza,roadside settlement,0,0,0,0,0,392.0,55.7,600,0,0.3622247161381633
kampala_elegu,96,48.0,Butanza,roadside settlement,2,0,0,1,0,458.0,43.9,600,1,0.16330323647210881
kampala_elegu,97,48.5,Butanza,roadside settlement,2,0,0,0,0,375.0,54.6,600,0,0.3199433380416001
kampala_elegu,98,49.0,Lukomera,roadside settlement,1,0,0,0,0,134.0,63.6,600,0,0.2104769268301824
kampala_elegu,99,49.5,Lukomera,roadside settlement,4,0,0,0,0,451.0,49.9,600,0,0.2684416857451296
kampala_elegu,100,50.0,Lukomera,roadside settlement,5,0,0,1,0,502.0,46.8,600,1,0.23118431340625917
kampala_elegu,101,50.5,Lukomera,roadside settlement,2,0,0,0,0,304.0,58.4,600,0,0.33946593908490236
kampala_elegu,102,51.0,Navulule,roadside settlement,0,0,0,0,0,218.0,60.7,600,0,0.2841073641697728
kampala_elegu,103,51.5,Navulule,roadside settlement,2,0,0,1,0,264.0,58.5,600,1,0.2968237340639999
kampala_elegu,104,52.0,Navulule,roadside settlement,2,0,0,0,0,248.0,60.8,600,0,0.3253398266707968
kampala_elegu,105,52.5,Navulule,open road,0,0,0,0,0,17.0,69.6,600,0,0.03829632612433919
kampala_elegu,106,53.0,Navulule,open road,0,0,0,0,0,173.0,54.6,600,0,0.14760052661652484
kampala_elegu,107,53.5,Navulule,roadside settlement,0,0,0,0,0,286.0,52.8,600,0,0.21338945602191364
kampala_elegu,108,54.0,,roadside settlement,0,0,0,0,0,244.0,67.4,600,0,0.4833933210138625
kampala_elegu,109,54.5,,roadside settlement,0,0,0,0,0,371.0,54.1,600,0,0.3050943766975777
kampala_elegu,110,55.0,Bukuma,roadside settlement,1,0,0,1,0,521.0,55.8,600,1,0.48489281854479344
kampala_elegu,111,55.5,Bukuma,roadside settlement,1,0,0,1,0,587.0,50.9,600,1,0.3782513298941472
kampala_elegu,112,56.0,Kasana,roadside settlement,1,0,0,0,0,639.0,48.6,600,0,0.3422292836719104
kampala_elegu,113,56.5,Kasana,town,3,0,1,2,0,800.0,42.8,600,2,0.25771298193408
kampala_elegu,114,57.0,Kasana,town,4,2,2,1,0,841.0,38.7,600,1,0.1810969303353696
kampala_elegu,115,57.5,Kasana,town,9,2,2,0,0,906.0,38.7,600,0,0.19509372043263362
kampala_elegu,116,58.0,Luweero,town,9,0,1,1,0,686.0,50.0,600,1,0.4116
kampala_elegu,117,58.5,Luweero,town,9,0,0,0,0,739.0,49.3,600,0,0.41908618867525443
kampala_elegu,118,59.0,Luweero,town,4,1,0,0,0,865.0,42.1,600,0,0.26086494576062413
kampala_elegu,119,59.5,Kizito,town,1,2,1,0,0,932.0,42.1,600,0,0.2810706698831233
kampala_elegu,120,60.0,Kizito,roadside settlement,3,1,0,0,0,639.0,52.7,600,0,0.4731671132620705
kampala_elegu,121,60.5,Kizito,roadside settlement,2,0,0,1,0,480.0,66.3,600,1,0.8903619337466875
kampala_elegu,122,61.0,Kyevunze,roadside settlement,2,0,0,0,0,290.0,60.5,600,0,0.37298445294
kampala_elegu,123,61.5,Kyevunze,roadside settlement,1,0,0,0,0,82.0,66.4,600,0,0.15302324343275522
kampala_elegu,124,62.0,Kyevunze,roadside settlement,1,0,0,0,0,183.0,53.7,600,0,0.14608965570684482
kampala_elegu,125,62.5,Kyevunze,roadside settlement,2,0,0,0,0,283.0,60.2,600,0,0.35681543575802877
kampala_elegu,126,63.0,Kasaala,roadside settlement,0,0,1,0,0,353.0,51.6,600,0,0.24023968233799683
kampala_elegu,127,63.5,Kasaala,roadside settlement,0,0,1,0,0,268.0,61.1,600,0,0.3585674544286847
kampala_elegu,128,64.0,Kasaala,roadside settlement,0,0,0,0,0,290.0,55.2,600,0,0.2584791648829441
kampala_elegu,129,64.5,Kasaala,roadside settlement,0,0,0,0,0,186.0,60.8,600,0,0.24400487000309756
kampala_elegu,130,65.0,Kasaala,roadside settlement,1,0,0,0,0,240.0,51.9,600,0,0.167167522531584
kampala_elegu,131,65.5,,roadside settlement,1,0,0,0,0,412.0,40.6,600,0,0.10746637095505923
kampala_elegu,132,66.0,,roadside settlement,0,0,0,0,0,291.0,51.0,600,0,0.188992655136
kampala_elegu,133,66.5,,roadside settlement,0,0,0,0,0,153.0,62.8,600,0,0.22845530051297278
kampala_elegu,134,67.0,Kakinzi,roadside settlement,0,0,0,0,0,146.0,44.2,600,0,0.05349499684239361
kampala_elegu,135,67.5,Kakinzi,roadside settlement,2,0,0,0,0,292.0,56.6,600,0,0.28768671635435533
kampala_elegu,136,68.0,Kakinzi,roadside settlement,2,0,0,0,0,217.0,65.1,600,0,0.374157901530403
kampala_elegu,137,68.5,Kakinzi,roadside settlement,0,0,0,0,0,78.0,64.4,600,0,0.12879805513236484
kampala_elegu,138,69.0,Kakinzi,roadside settlement,1,0,0,1,0,208.0,60.5,600,1,0.267519883488
kampala_elegu,139,69.5,Kakinzi,roadside settlement,1,0,0,0,0,157.0,60.1,600,0,0.19663859997078717
kampala_elegu,140,70.0,Kakinzi,roadside settlement,1,0,0,0,0,120.0,66.1,600,0,0.2199167541976319
kampala_elegu,141,70.5,Nalongo,roadside settlement,2,0,0,1,0,131.0,65.1,600,1,0.22587412488701747
kampala_elegu,142,71.0,Nalongo,roadside settlement,1,0,0,1,0,200.0,61.4,600,1,0.27288188931072
kampala_elegu,143,71.5,Nalongo,roadside settlement,3,0,0,0,0,298.0,44.1,600,0,0.1082036360599488
kampala_elegu,144,72.0,Nalongo,roadside settlement,3,0,0,1,0,91.0,62.1,600,1,0.1299209016976416
kampala_elegu,145,72.5,Nalongo,open road,0,0,0,0,0,6.0,70.0,600,0,0.013829759999999997
kampala_elegu,146,73.0,Nalongo,roadside settlement,0,0,0,0,0,154.0,45.8,600,0,0.06505098333296637
kampala_elegu,147,73.5,Nalongo,roadside settlement,0,0,0,0,0,202.0,62.9,600,0,0.30354646826843523
kampala_elegu,148,74.0,,roadside settlement,0,0,0,0,0,211.0,64.4,600,0,0.3484152517042176
kampala_elegu,149,74.5,,roadside settlement,1,0,0,0,0,166.0,57.9,600,0,0.17909917114988155
kampala_elegu,150,75.0,,roadside settlement,2,0,0,0,0,198.0,58.8,600,0,0.22721956684922875
kampala_elegu,151,75.5,,roadside settlement,1,0,0,0,0,200.0,64.4,600,0,0.3302514234163201
kampala_elegu,152,76.0,,open road,0,0,0,0,0,39.0,69.1,600,0,0.08535874664715838
kampala_elegu,153,76.5,,roadside settlement,0,0,0,0,0,53.0,52.1,600,0,0.037488494145532805
kampala_elegu,154,77.0,,roadside settlement,0,0,0,0,0,138.0,64.3,600,0,0.22646141215620483
kampala_elegu,155,77.5,Namunkanga,roadside settlement,0,0,0,0,0,66.0,68.0,600,0,0.13547239833600005
kampala_elegu,156,78.0,Namunkanga,open road,0,0,0,0,0,11.0,68.9,600,0,0.023798018940009606
kampala_elegu,157,78.5,Namunkanga,open road,0,0,0,0,0,1.0,70.0,600,0,0.0023049599999999996
kampala_elegu,158,79.0,Namunkanga,open road,0,0,0,0,0,1.0,70.0,600,0,0.0023049599999999996
kampala_elegu,159,79.5,Namunkanga,open road,0,0,0,0,0,7.0,70.0,600,0,0.016134719999999998
kampala_elegu,160,80.0,Namunkanga,open road,0,0,0,0,0,32.0,68.9,600,0,0.06923060055275522
kampala_elegu,161,80.5,Namunsaala,open road,0,0,0,0,0,137.0,65.9,600,0,0.24804670285110722
kampala_elegu,162,81.0,Namunsaala,roadside settlement,1,0,0,0,0,92.0,68.7,600,0,0.19673698368395526
kampala_elegu,163,81.5,Kakooge,roadside settlement,3,0,0,0,0,276.0,55.0,600,0,0.24245496000000008
kampala_elegu,164,82.0,Kakooge,roadside settlement,4,0,0,0,0,395.0,54.3,600,0,0.3296610571813918
kampala_elegu,165,82.5,Kakooge,town,1,0,0,0,0,485.0,43.5,600,0,0.16671320451
kampala_elegu,166,83.0,Haji Yasi,roadside settlement,2,0,0,0,0,371.0,54.4,600,0,0.3119182182875137
kampala_elegu,167,83.5,Haji Yasi,roadside settlement,3,0,0,1,0,92.0,66.7,600,1,0.17480843955390724
kampala_elegu,168,84.0,Nakaseeta-kalungi,roadside settlement,1,0,0,1,0,107.0,66.8,600,1,0.2045318095183871
kampala_elegu,169,84.5,Nakaseeta-kalungi,open road,0,0,0,0,0,64.0,68.9,600,0,0.13846120110551044
kampala_elegu,170,85.0,Kyabutaika,open road,0,0,0,0,0,10.0,69.8,600,0,0.022787302811135994
kampala_elegu,171,85.5,Kyabutaika,open road,0,0,0,0,0,39.0,68.7,600,0,0.08339937351819843
kampala_elegu,172,86.0,Kyabutaika,roadside settlement,0,0,0,0,0,161.0,58.9,600,0,0.18601942098048954
kampala_elegu,173,86.5,Kyabutayika,roadside settlement,1,0,0,0,0,150.0,66.5,600,0,0.28161064890000004
kampala_elegu,174,87.0,Kyabutayika,open road,1,0,0,0,0,84.0,67.0,600,0,0.16249863974400006
kampala_elegu,175,87.5,Kyabutayika,open road,0,0,0,0,0,34.0,69.2,600,0,0.07484702243389442
kampala_elegu,176,88.0,Kyampisi,open road,0,0,0,0,0,125.0,50.5,600,0,0.07804530074999999
kampala_elegu,177,88.5,Kyampisi,open road,0,0,0,0,0,47.0,69.0,600,0,0.10227404995199997
kampala_elegu,178,89.0,Kyampisi,open road,0,0,0,0,0,1.0,70.0,600,0,0.0023049599999999996
kampala_elegu,179,89.5,Bamusuuta,open road,0,0,0,0,0,0.0,66.0,600,0,0.0
kampala_elegu,180,90.0,Bamusuuta,roadside settlement,1,0,0,0,0,196.0,54.4,600,0,0.16478698324623364
kampala_elegu,181,90.5,Bamusuuta,roadside settlement,0,0,0,0,0,78.0,65.4,600,0,0.13698620332001282
kampala_elegu,182,91.0,Bamusuuta,open road,0,0,0,0,0,0.0,70.0,600,0,0.0
kampala_elegu,183,91.5,Kakira Fr,open road,0,0,0,0,0,11.0,51.9,600,0,0.0076618447826976
kampala_elegu,184,92.0,Kakira Fr,open road,0,0,0,0,0,14.0,69.7,600,0,0.03171979567424641
kampala_elegu,185,92.5,Kakira Fr,open road,0,0,0,0,0,30.0,70.0,600,0,0.06914879999999998
kampala_elegu,186,93.0,Katuugo,open road,0,0,0,0,0,28.0,69.0,600,0,0.06092922124799998
kampala_elegu,187,93.5,Katuugo,roadside settlement,2,0,0,0,0,243.0,55.4,600,0,0.21974376716743668
kampala_elegu,188,94.0,Katuugo,roadside settlement,3,0,0,1,0,602.0,47.9,600,1,0.30423542240219514
kampala_elegu,189,94.5,Katuugo,roadside settlement,3,0,0,0,0,454.0,54.7,600,0,0.39019023032807054
kampala_elegu,190,95.0,Kaleire,open road,1,0,0,0,0,110.0,68.4,600,0,0.23114703399321607
kampala_elegu,191,95.5,Kasanga,open road,0,0,0,0,0,125.0,69.5,600,0,0.2799757807499999
kampala_elegu,192,96.0,Kasanga,open road,0,0,0,0,0,103.0,60.7,600,0,0.1342342133462688
kampala_elegu,193,96.5,Kasanga,open road,0,0,0,0,0,148.0,69.0,600,0,0.3220544551679999
kampala_elegu,194,97.0,Kasanga,roadside settlement,0,0,0,0,0,103.0,56.7,600,0,0.10219759913724485
kampala_elegu,195,97.5,Kasanga,roadside settlement,0,0,0,0,0,172.0,64.2,600,0,0.2805044737738752
kampala_elegu,196,98.0,Kasanga,open road,0,0,0,0,0,110.0,68.1,600,0,0.22711842396777593
kampala_elegu,197,98.5,,roadside settlement,0,0,0,0,0,152.0,64.4,600,0,0.2509910817964032
kampala_elegu,198,99.0,Kyaluweza,roadside settlement,0,0,0,0,0,95.0,63.9,600,0,0.15205414760539201
kampala_elegu,199,99.5,Kyaluweza,open road,0,0,0,0,0,1.0,70.0,600,0,0.0023049599999999996
kampala_elegu,200,100.0,Kyaluweza,open road,0,0,0,0,0,33.0,57.9,600,0,0.03560405209606079
kampala_elegu,201,100.5,Kyaluweza,open road,0,0,0,0,0,37.0,67.5,600,0,0.07373743875000001
kampala_elegu,202,101.0,Kyaluweza,open road,1,0,0,0,0,24.0,69.6,600,0,0.05406540158730238
kampala_elegu,203,101.5,Kyaluweza,open road,1,0,0,0,0,57.0,69.7,600,0,0.12914488238800326
kampala_elegu,204,102.0,Kyaluweza,open road,0,0,0,0,0,141.0,69.4,600,0,0.3139989729209857
kampala_elegu,205,102.5,Kyaluweza,open road,0,0,0,0,0,179.0,60.5,600,0,0.23022143819399998
kampala_elegu,206,103.0,Wabigalo,open road,0,0,0,0,0,150.0,68.4,600,0,0.3152005008998401
kampala_elegu,207,103.5,Wabigalo,open road,0,0,0,0,0,63.0,44.8,600,0,0.02436261142855679
kampala_elegu,208,104.0,Wabigalo,open road,0,0,0,0,0,134.0,57.1,600,0,0.13674783660723847
kampala_elegu,209,104.5,Wabigalo,roadside settlement,0,0,1,0,0,324.0,59.7,600,0,0.39510594807402233
kampala_elegu,210,105.0,Wabigalo,roadside settlement,0,0,1,0,0,155.0,62.5,600,0,0.22705078125
kampala_elegu,211,105.5,Wabigalo,open road,0,0,0,0,0,32.0,64.7,600,0,0.0538317296274432
kampala_elegu,212,106.0,Namayonjo,open road,0,0,0,0,0,71.0,61.8,600,0,0.0994222259145216
kampala_elegu,213,106.5,Namayonjo,open road,0,0,0,0,0,51.0,69.4,600,0,0.11357409658844164
kampala_elegu,214,107.0,Namayonjo,open road,0,0,0,0,0,44.0,70.0,600,0,0.10141823999999998
kampala_elegu,215,107.5,Namayonjo,open road,0,0,0,0,0,118.0,61.7,600,0,0.1641700371559488
kampala_elegu,216,108.0,Namayonjo,open road,0,0,0,0,0,164.0,46.3,600,0,0.07235008491267837
kampala_elegu,217,108.5,Kirembo,open road,0,0,0,0,0,181.0,50.9,600,0,0.11663286322119361
kampala_elegu,218,109.0,Kirembo,open road,1,0,0,0,0,124.0,69.8,600,0,0.28256255485808635
kampala_elegu,219,109.5,Kiwongoire,open road,1,0,0,0,0,128.0,67.8,600,0,0.2596569659670527
kampala_elegu,220,110.0,Wabulime,open road,0,0,1,0,0,53.0,69.3,600,0,0.11734917509810877
kampala_elegu,221,110.5,Wabulime,open road,0,0,1,0,0,45.0,69.8,600,0,0.10254286265011198
kampala_elegu,222,111.0,Wabulime,open road,0,0,0,0,0,5.0,69.8,600,0,0.011393651405567997
kampala_elegu,223,111.5,Kakondi,open road,0,0,0,0,0,46.0,69.5,600,0,0.10303108731599997
kampala_elegu,224,112.0,Kakondi,open road,0,0,0,0,0,143.0,61.5,600,0,0.196384737978
kampala_elegu,225,112.5,Kakondi,open road,0,0,0,0,0,156.0,68.0,600,0,0.32020748697600016
kampala_elegu,226,113.0,Kakondi,open road,0,0,0,0,0,58.0,68.4,600,0,0.12187752701460483
kampala_elegu,227,113.5,Sasira,open road,0,0,0,0,0,110.0,40.4,600,0,0.028131272564735993
kampala_elegu,228,114.0,Sasira,roadside settlement,4,0,0,0,0,259.0,52.3,600,0,0.1860277582542624
kampala_elegu,229,114.5,Sasira,roadside settlement,5,0,0,0,0,393.0,57.7,600,0,0.41818363759788496
kampala_elegu,230,115.0,Sasira,open road,1,0,0,0,0,168.0,67.7,600,0,0.3387935936302849
kampala_elegu,231,115.5,Sasira,open road,0,0,0,1,0,123.0,65.9,600,1,0.22269886460354885
kampala_elegu,232,116.0,Sasira,open road,0,0,0,0,0,131.0,69.5,600,0,0.29341461822599996
kampala_elegu,233,116.5,Sasira,open road,0,0,0,0,0,33.0,69.9,600,0,0.07562996090527682
kampala_elegu,234,117.0,,open road,0,0,0,0,0,80.0,53.8,600,0,0.06434137277644796
kampala_elegu,235,117.5,,open road,0,0,0,0,0,63.0,46.1,600,0,0.027315898106716807
kampala_elegu,236,118.0,,open road,0,0,0,0,0,106.0,67.4,600,0,0.20999873781749764
kampala_elegu,237,118.5,,open road,0,0,0,0,0,55.0,69.6,600,0,0.12389987863756796
kampala_elegu,238,119.0,,open road,0,0,0,0,0,69.0,69.8,600,0,0.15723238939683834
kampala_elegu,239,119.5,Namansa,open road,0,0,0,0,0,57.0,69.8,600,0,0.12988762602347517
kampala_elegu,240,120.0,Namansa,open road,0,0,0,0,0,37.0,69.7,600,0,0.08383088856765122
kampala_elegu,241,120.5,Namansa,open road,0,0,0,0,0,34.0,67.5,600,0,0.06775872750000002
kampala_elegu,242,121.0,Namansa,roadside settlement,2,0,0,0,0,183.0,59.2,600,0,0.21577898687201294
kampala_elegu,243,121.5,Namansa,roadside settlement,2,0,0,0,0,173.0,59.4,600,0,0.20675837780167675
kampala_elegu,244,122.0,Namansa,roadside settlement,0,0,0,0,0,133.0,66.1,600,0,0.2437410692357087
kampala_elegu,245,122.5,Namansa,open road,0,0,0,0,0,11.0,70.0,600,0,0.025354559999999995
kampala_elegu,246,123.0,Namansa,open road,0,0,0,0,0,17.0,69.4,600,0,0.037858032196147216
kampala_elegu,247,123.5,,open road,0,0,0,0,0,31.0,69.4,600,0,0.06903523518120962
kampala_elegu,248,124.0,,open road,0,0,0,0,0,9.0,63.2,600,0,0.013784215545446399
kampala_elegu,249,124.5,,open road,0,0,0,0,0,43.0,68.0,600,0,0.08826232012800003
kampala_elegu,250,125.0,,open road,0,0,0,0,0,2.0,70.0,600,0,0.004609919999999999
kampala_elegu,251,125.5,,open road,0,0,0,0,0,10.0,70.0,600,0,0.023049599999999996
kampala_elegu,252,126.0,,open road,0,0,0,0,0,2.0,70.0,600,0,0.004609919999999999
kampala_elegu,253,126.5,,open road,0,0,0,0,0,23.0,69.9,600,0,0.05271179093398082
kampala_elegu,254,127.0,,open road,0,0,0,0,0,7.0,69.9,600,0,0.016042718979907205
kampala_elegu,255,127.5,,open road,0,0,0,0,0,8.0,70.0,600,0,0.018439679999999996
kampala_elegu,256,128.0,,open road,0,0,0,0,0,4.0,70.0,600,0,0.009219839999999998
kampala_elegu,257,128.5,,open road,0,0,0,0,0,0.0,57.1,600,0,0.0
kampala_elegu,258,129.0,,open road,0,0,0,0,0,1.0,67.8,600,0,0.002028570046617599
kampala_elegu,259,129.5,,open road,0,0,0,0,0,44.0,69.3,600,0,0.09742195668522238
kampala_elegu,260,130.0,,roadside settlement,0,0,0,0,0,227.0,58.7,600,0,0.25873161252237137
kampala_elegu,261,130.5,,roadside settlement,0,0,0,0,0,50.0,67.9,600,0,0.10202822576688003
kampala_elegu,262,131.0,,open road,0,0,0,0,0,38.0,48.6,600,0,0.020351663191756797
kampala_elegu,263,131.5,,open road,0,0,0,0,0,9.0,64.7,600,0,0.015140173957718401
kampala_elegu,264,132.0,,open road,0,0,0,0,0,54.0,68.5,600,0,0.11413721696400003
kampala_elegu,265,132.5,,open road,0,0,0,0,0,106.0,67.7,600,0,0.21376262455244163
kampala_elegu,266,133.0,Kyakala,open road,0,0,0,0,0,127.0,67.7,600,0,0.25611182375622726
kampala_elegu,267,133.5,Kyakala,roadside settlement,0,0,0,0,0,178.0,65.8,600,0,0.32032793186580466
kampala_elegu,268,134.0,Migyera,roadside settlement,0,0,0,0,0,304.0,53.3,600,0,0.23553402447344626
kampala_elegu,269,134.5,Migyera,roadside settlement,0,0,0,0,0,660.0,43.5,600,0,0.22686745355999996
kampala_elegu,270,135.0,Migyera,town,2,0,0,0,0,640.0,42.8,600,0,0.206170385547264
kampala_elegu,271,135.5,Migyera,roadside settlement,3,0,0,0,0,463.0,52.5,600,0,0.33766763625
kampala_elegu,272,136.0,Migyera,roadside settlement,2,0,0,0,0,205.0,64.0,600,0,0.33017561087999997
kampala_elegu,273,136.5,Migyera,open road,0,0,0,0,0,39.0,69.3,600,0,0.08635127978917437
kampala_elegu,274,137.0,Migyera,open road,0,0,0,0,0,46.0,69.5,600,0,0.10303108731599997
kampala_elegu,275,137.5,,open road,0,0,0,0,0,33.0,63.8,600,0,0.0524889503221248
kampala_elegu,276,138.0,,open road,0,0,0,0,0,3.0,70.0,600,0,0.006914879999999998
kampala_elegu,277,138.5,,open road,0,0,0,0,0,0.0,70.0,600,0,0.0
kampala_elegu,278,139.0,,open road,0,0,0,0,0,0.0,70.0,600,0,0.0
kampala_elegu,279,139.5,,open road,0,0,0,0,0,2.0,48.3,600,0,0.0010449361444032
kampala_elegu,280,140.0,,open road,0,0,0,0,0,10.0,68.9,600,0,0.021634562672736005
kampala_elegu,281,140.5,Kyamukonda,open road,0,0,0,0,0,0.0,70.0,600,0,0.0
kampala_elegu,282,141.0,Kyamukonda,open road,0,0,0,0,0,0.0,70.0,600,0,0.0
kampala_elegu,283,141.5,Kyamukonda,open road,0,0,0,0,0,1.0,69.0,600,0,0.0021760436159999996
kampala_elegu,284,142.0,Kyamukonda,roadside settlement,0,0,0,0,0,141.0,59.2,600,0,0.1662559407046657
kampala_elegu,285,142.5,Kyamukonda,roadside settlement,1,0,0,0,0,219.0,58.3,600,0,0.24287877675167036
kampala_elegu,286,143.0,Kyamukonda,roadside settlement,1,0,0,0,0,92.0,68.0,600,0,0.18884031283200006
kampala_elegu,287,143.5,Kyamukonda,open road,0,0,0,0,0,94.0,68.2,600,0,0.19522551864330245
kampala_elegu,288,144.0,Kyamukonda,open road,0,0,0,0,0,24.0,69.9,600,0,0.05500360793111042
kampala_elegu,289,144.5,,open road,0,0,0,0,0,30.0,70.0,600,0,0.06914879999999998
kampala_elegu,290,145.0,,open road,0,0,0,0,0,1.0,70.0,600,0,0.0023049599999999996
kampala_elegu,291,145.5,,open road,0,0,0,0,0,0.0,70.0,600,0,0.0
kampala_elegu,292,146.0,,open road,0,0,0,0,0,3.0,68.9,600,0,0.006490368801820802
kampala_elegu,293,146.5,,open road,0,0,0,0,0,0.0,70.0,600,0,0.0
kampala_elegu,294,147.0,Lwambogo,open road,1,0,0,0,0,7.0,64.4,600,0,0.011558799819571202
kampala_elegu,295,147.5,Lwambogo,open road,1,0,0,0,0,83.0,53.0,600,0,0.06287135260800002
kampala_elegu,296,148.0,Lwambogo,open road,0,0,0,0,0,2.0,69.8,600,0,0.004557460562227199
kampala_elegu,297,148.5,Lwambogo,open road,0,0,0,0,0,4.0,69.6,600,0,0.009010900264550398
kampala_elegu,298,149.0,Lwambogo,open road,0,0,0,0,0,2.0,70.0,600,0,0.004609919999999999
kampala_elegu,299,149.5,Lwambogo,open road,0,0,0,0,0,13.0,69.2,600,0,0.028617979165900812
kampala_elegu,300,150.0,Lwambogo,open road,0,0,0,0,0,24.0,69.2,600,0,0.05283319230627842
kampala_elegu,301,150.5,,open road,0,0,0,0,0,2.0,70.0,600,0,0.004609919999999999
kampala_elegu,302,151.0,,open road,0,0,0,0,0,1.0,70.0,600,0,0.0023049599999999996
kampala_elegu,303,151.5,,open road,0,0,0,0,0,1.0,70.0,600,0,0.0023049599999999996
kampala_elegu,304,152.0,,open road,0,0,0,0,0,0.0,70.0,600,0,0.0
kampala_elegu,305,152.5,,open road,0,0,0,0,0,8.0,69.8,600,0,0.018229842248908796
kampala_elegu,306,153.0,,open road,0,0,0,0,0,3.0,66.2,600,0,0.005531264741836801
kampala_elegu,307,153.5,,open road,0,0,0,0,0,0.0,69.0,600,0,0.0
kampala_elegu,308,154.0,,open road,0,0,0,0,0,8.0,68.3,600,0,0.016712600610892796
kampala_elegu,309,154.5,,roadside settlement,0,0,0,0,0,126.0,64.1,600,0,0.20420853807634545
kampala_elegu,310,155.0,,open road,0,0,0,0,0,104.0,68.9,600,0,0.22499945179645447
kampala_elegu,311,155.5,,open road,0,0,0,0,0,73.0,69.1,600,0,0.15977406423698876
kampala_elegu,312,156.0,,open road,0,0,0,0,0,65.0,69.3,600,0,0.14391879964862397
kampala_elegu,313,156.5,Nakitoma,open road,0,0,0,0,0,122.0,68.8,600,0,0.2624126799839231
kampala_elegu,314,157.0,Nakitoma,open road,0,0,0,0,0,68.0,45.4,600,0,0.02773342820167679
kampala_elegu,315,157.5,Nakitoma,roadside settlement,0,0,0,0,0,195.0,59.2,600,0,0.22992842863411211
kampala_elegu,316,158.0,Nakitoma,roadside settlement,0,0,0,0,0,366.0,51.4,600,0,0.24524761601525763
kampala_elegu,317,158.5,Nakitoma,roadside settlement,0,0,0,0,0,189.0,63.3,600,0,0.2913049586137824
kampala_elegu,318,159.0,Nakitoma,roadside settlement,0,0,0,0,0,119.0,66.7,600,0,0.22611091637951045
kampala_elegu,319,159.5,Nakitoma,open road,0,0,0,0,0,111.0,68.2,600,0,0.23053226137666566
kampala_elegu,320,160.0,Bujabe,open road,0,0,0,0,0,98.0,68.1,600,0,0.20234186862583675
kampala_elegu,321,160.5,Bujabe,open road,0,0,0,0,0,88.0,67.2,600,0,0.17227846653050885
kampala_elegu,322,161.0,Bujabe,open road,0,0,0,0,0,10.0,69.8,600,0,0.022787302811135994
kampala_elegu,323,161.5,Bujabe,open road,0,0,0,0,0,5.0,70.0,600,0,0.011524799999999998
kampala_elegu,324,162.0,Bujabe,roadside settlement,0,0,0,0,0,123.0,61.0,600,0,0.16349169052799997
kampala_elegu,325,162.5,Bujabe,roadside settlement,1,0,0,0,0,124.0,63.2,600,0,0.1899158586261504
kampala_elegu,326,163.0,Bujaabe,open road,1,0,0,0,0,111.0,69.1,600,0,0.2429441250726815
kampala_elegu,327,163.5,Bujaabe,open road,0,0,0,0,0,5.0,70.0,600,0,0.011524799999999998
kampala_elegu,328,164.0,Bujaabe,open road,0,0,0,0,0,12.0,69.5,600,0,0.026877674951999993
kampala_elegu,329,164.5,Bujaabe,open road,0,0,0,0,0,23.0,68.6,600,0,0.04889849942369278
kampala_elegu,330,165.0,Kafu,roadside settlement,0,0,0,0,0,232.0,67.6,600,0,0.46509963822366707
kampala_elegu,331,165.5,Kafu,roadside settlement,1,0,0,0,0,413.0,45.1,600,0,0.16403157397260482
kampala_elegu,332,166.0,Kyani-Kafu,roadside settlement,2,0,0,0,0,275.0,54.1,600,0,0.22614812288904007
kampala_elegu,333,166.5,Kyani-Kafu,roadside settlement,1,0,0,0,0,96.0,67.2,600,0,0.18794014530600966
kampala_elegu,334,167.0,Kyani-Kafu,roadside settlement,0,0,0,0,0,227.0,65.5,600,0,0.4011088924020001
kampala_elegu,335,167.5,Kyani-Kafu,roadside settlement,1,0,0,0,0,319.0,51.5,600,0,0.21542238623400004
kampala_elegu,336,168.0,,roadside settlement,1,0,0,0,0,110.0,65.8,600,0,0.19795546351257592
kampala_elegu,337,168.5,Kyamujumi,open road,0,0,0,0,0,24.0,70.0,600,0,0.055319039999999986
kampala_elegu,338,169.0,Kyamujumi,open road,0,0,0,0,0,2.0,70.0,600,0,0.004609919999999999
kampala_elegu,339,169.5,Kyamujumi,open road,0,0,0,0,0,0.0,70.0,600,0,0.0
kampala_elegu,340,170.0,Kyamujumi,open road,0,0,0,0,0,36.0,67.8,600,0,0.07302852167823358
kampala_elegu,341,170.5,Kyamujumi,open road,0,0,0,0,0,2.0,69.0,600,0,0.004352087231999999
kampala_elegu,342,171.0,Kyamujumi,open road,0,0,0,0,0,0.0,70.0,600,0,0.0
kampala_elegu,343,171.5,Kyamujumi,open road,0,0,0,0,0,0.0,70.0,600,0,0.0
kampala_elegu,344,172.0,Kyamujumi,open road,0,0,0,0,0,6.0,70.0,600,0,0.013829759999999997
kampala_elegu,345,172.5,,open road,0,0,0,0,0,3.0,70.0,600,0,0.006914879999999998
kampala_elegu,346,173.0,,open road,0,0,0,0,0,24.0,70.0,600,0,0.055319039999999986
kampala_elegu,347,173.5,,open road,0,0,0,0,0,2.0,70.0,600,0,0.004609919999999999
kampala_elegu,348,174.0,,open road,0,0,0,0,0,3.0,68.9,600,0,0.006490368801820802
kampala_elegu,349,174.5,,open road,0,0,0,0,0,1.0,70.0,600,0,0.0023049599999999996
kampala_elegu,350,175.0,,open road,0,0,0,0,0,1.0,70.0,600,0,0.0023049599999999996
kampala_elegu,351,175.5,,open road,0,0,0,0,0,0.0,70.0,600,0,0.0
kampala_elegu,352,176.0,,open road,0,0,0,0,0,0.0,70.0,600,0,0.0
kampala_elegu,353,176.5,,open road,0,0,0,0,0,0.0,70.0,600,0,0.0
kampala_elegu,354,177.0,,open road,0,0,0,0,0,0.0,69.0,600,0,0.0
kampala_elegu,355,177.5,,open road,1,0,0,0,0,26.0,67.7,600,0,0.052432341871353615
kampala_elegu,356,178.0,,roadside settlement,1,0,0,0,0,112.0,63.0,600,0,0.169375836672
kampala_elegu,357,178.5,,roadside settlement,1,0,0,0,0,164.0,62.9,600,0,0.2464436673070464
kampala_elegu,358,179.0,,open road,0,0,0,0,0,21.0,69.3,600,0,0.046496842963401584
kampala_elegu,359,179.5,,open road,0,0,0,0,0,4.0,69.3,600,0,0.008856541516838397
kampala_elegu,360,180.0,,open road,0,0,0,0,0,35.0,69.5,600,0,0.07839321860999998
kampala_elegu,361,180.5,,open road,0,0,0,0,0,50.0,69.9,600,0,0.11459084985648003
kampala_elegu,362,181.0,,open road,0,0,0,0,0,9.0,70.0,600,0,0.020744639999999995
kampala_elegu,363,181.5,,open road,0,0,0,0,0,17.0,69.6,600,0,0.03829632612433919
kampala_elegu,364,182.0,,open road,0,0,0,0,0,4.0,59.2,600,0,0.004716480587366402
kampala_elegu,365,182.5,,open road,0,0,0,0,0,4.0,69.1,600,0,0.008754743245862397
kampala_elegu,366,183.0,Rwekunye,open road,0,0,0,0,0,67.0,70.0,600,0,0.15443231999999998
kampala_elegu,367,183.5,Rwekunye,open road,0,0,0,0,0,104.0,69.6,600,0,0.2342834068783103
kampala_elegu,368,184.0,Rwekunye,open road,0,0,0,0,0,112.0,68.4,600,0,0.23534970733854724
kampala_elegu,369,184.5,Rwekunye,open road,1,0,0,0,0,32.0,70.0,600,0,0.07375871999999999
kampala_elegu,370,185.0,Rwekunye,roadside settlement,1,0,0,0,0,250.0,58.4,600,0,0.27916606832639995
kampala_elegu,371,185.5,Rwekunye,roadside settlement,0,0,0,0,0,192.0,64.2,600,0,0.3131212730499072
kampala_elegu,372,186.0,Rwekunye,roadside settlement,0,0,0,0,0,211.0,66.5,600,0,0.3961323127860001
kampala_elegu,373,186.5,Wabitoki,roadside settlement,0,0,0,0,0,194.0,67.9,600,0,0.3958695159754945
kampala_elegu,374,187.0,Wabitoki,roadside settlement,0,0,0,0,0,129.0,67.2,600,0,0.2525445702549505
kampala_elegu,375,187.5,Wabitoki,open road,0,0,0,0,0,52.0,69.3,600,0,0.11513503971889916
kampala_elegu,376,188.0,Wabitoki,open road,0,0,0,0,0,67.0,58.0,600,0,0.07278770227199997
kampala_elegu,377,188.5,Wabitoki,open road,0,0,0,0,0,48.0,69.5,600,0,0.10751069980799997
kampala_elegu,378,189.0,Wabitoki,open road,0,0,0,0,0,52.0,68.9,600,0,0.11249972589822724
kampala_elegu,379,189.5,,open road,0,0,0,0,0,6.0,70.0,600,0,0.013829759999999997
kampala_elegu,380,190.0,,open road,0,0,0,0,0,0.0,70.0,600,0,0.0
kampala_elegu,381,190.5,,open road,0,0,0,0,0,11.0,69.0,600,0,0.023936479775999994
kampala_elegu,382,191.0,,roadside settlement,1,0,0,0,0,108.0,58.3,600,0,0.11977583511041277
kampala_elegu,383,191.5,,roadside settlement,2,0,0,0,0,250.0,60.5,600,0,0.32153832149999995
kampala_elegu,384,192.0,,roadside settlement,1,0,0,0,0,191.0,64.3,600,0,0.31343572262199365
kampala_elegu,385,192.5,,roadside settlement,1,0,0,0,0,195.0,65.4,600,0,0.3424655083000321
kampala_elegu,386,193.0,,open road,1,0,0,0,0,80.0,69.6,600,0,0.18021800529100795
kampala_elegu,387,193.5,,roadside settlement,2,0,0,0,0,136.0,63.7,600,0,0.21496505726492163
kampala_elegu,388,194.0,,roadside settlement,2,0,0,0,0,276.0,58.7,600,0,0.31458116764834576
kampala_elegu,389,194.5,Kigumba,roadside settlement,0,0,0,0,0,220.0,62.4,600,0,0.32020806972211197
kampala_elegu,390,195.0,Kigumba,roadside settlement,1,0,0,0,0,447.0,59.3,600,0,0.530637000795331
kampala_elegu,391,195.5,Kigumba,roadside settlement,3,0,0,0,0,557.0,58.7,600,0,0.6348612694932195
kampala_elegu,392,196.0,Kigumba,town,4,0,1,0,0,616.0,50.0,600,0,0.3696
kampala_elegu,393,196.5,Kigumba,town,5,0,1,0,0,652.0,47.2,600,0,0.31066106253803527
kampala_elegu,394,197.0,Kigumba,roadside settlement,3,0,0,0,0,568.0,55.4,600,0,0.5136397520621566
kampala_elegu,395,197.5,Kigumba,roadside settlement,3,0,0,0,0,360.0,61.4,600,0,0.49118740075929596
kampala_elegu,396,198.0,Kigumba,roadside settlement,2,0,0,0,0,304.0,60.6,600,0,0.39358207706480636
kampala_elegu,397,198.5,,roadside settlement,0,0,0,0,0,85.0,65.8,600,0,0.15296558544153593
kampala_elegu,398,199.0,,open road,0,0,0,0,0,34.0,69.9,600,0,0.07792177790240642
kampala_elegu,399,199.5,,open road,0,0,0,0,0,38.0,68.9,600,0,0.08221133815639683
kampala_elegu,400,200.0,,open road,0,0,0,0,0,20.0,69.9,600,0,0.045836339942592015
kampala_elegu,401,200.5,,open road,0,0,0,0,0,92.0,50.5,600,0,0.057441341352000005
kampala_elegu,402,201.0,,roadside settlement,0,0,0,0,0,177.0,56.1,600,0,0.16830458388342726
kampala_elegu,403,201.5,,roadside settlement,0,0,0,0,0,309.0,56.3,600,0,0.29803227082511025
kampala_elegu,404,202.0,,roadside settlement,0,0,0,0,0,186.0,64.4,600,0,0.3071338237771777
kampala_elegu,405,202.5,Kikubi,open road,0,0,0,0,0,36.0,69.9,600,0,0.08250541189666562
kampala_elegu,406,203.0,Kikubi,open road,0,0,0,0,0,14.0,43.5,600,0,0.0048123399239999995
kampala_elegu,407,203.5,Kikubi,roadside settlement,0,0,0,0,0,162.0,63.9,600,0,0.2592923359165632
kampala_elegu,408,204.0,Kikubi,roadside settlement,1,0,0,0,0,245.0,64.0,600,0,0.39460012031999997
kampala_elegu,409,204.5,Kikubi,roadside settlement,1,0,0,0,0,256.0,65.8,600,0,0.4606963514474494
kampala_elegu,410,205.0,Kiryandongo,roadside settlement,0,0,0,0,0,182.0,62.2,600,0,0.26151954970552316
kampala_elegu,411,205.5,Kiryandongo,town,1,0,0,0,0,506.0,45.8,600,0,0.21373894523688952
kampala_elegu,412,206.0,Kiryandongo,roadside settlement,3,0,0,0,0,455.0,60.9,600,0,0.6008302641912479
kampala_elegu,413,206.5,Kiryandongo,roadside settlement,3,0,0,0,0,315.0,65.8,600,0,0.5668724636951038
kampala_elegu,414,207.0,Kiryandongo,roadside settlement,0,0,0,0,0,136.0,66.7,600,0,0.25841247586229765
kampala_elegu,415,207.5,Kyaisimba,roadside settlement,0,0,0,0,0,269.0,65.5,600,0,0.4753228724940001
kampala_elegu,416,208.0,Kyaisimba,open road,0,0,0,0,0,101.0,67.3,600,0,0.1989082807981535
kampala_elegu,417,208.5,Kyaisimba,roadside settlement,0,0,0,0,0,175.0,46.6,600,0,0.07922330360448002
kampala_elegu,418,209.0,Kyaisimba,roadside settlement,0,0,0,0,0,228.0,62.5,600,0,0.333984375
kampala_elegu,419,209.5,Kyaisimba,roadside settlement,0,0,0,0,0,107.0,67.0,600,0,0.20699231491200007
kampala_elegu,420,210.0,Kyaisimba,roadside settlement,0,0,0,0,0,230.0,62.2,600,0,0.33049173863884795
kampala_elegu,421,210.5,Kirwara,roadside settlement,0,0,0,0,0,174.0,67.6,600,0,0.3488247286677503
kampala_elegu,422,211.0,Kirwara,open road,0,0,0,0,0,11.0,68.7,600,0,0.023522900223081608
kampala_elegu,423,211.5,Kirwara,roadside settlement,0,0,0,0,0,71.0,60.1,600,0,0.08892573629252158
kampala_elegu,424,212.0,Kirwara,roadside settlement,0,0,0,0,0,209.0,62.7,600,0,0.3100899439101024
kampala_elegu,425,212.5,Kirwara,open road,0,0,0,0,0,93.0,51.0,600,0,0.060399714528
kampala_elegu,426,213.0,Buyale,open road,0,0,0,0,0,52.0,68.9,600,0,0.11249972589822724
kampala_elegu,427,213.5,Buyale,open road,0,0,0,0,0,36.0,67.6,600,0,0.07217063351746557
kampala_elegu,428,214.0,Buyale,roadside settlement,0,0,0,0,0,186.0,63.8,600,0,0.29584681090652165
kampala_elegu,429,214.5,Buyale,roadside settlement,0,0,0,0,0,271.0,56.3,600,0,0.2613810530537375
kampala_elegu,430,215.0,Buyale,roadside settlement,1,0,0,0,0,322.0,58.1,600,0,0.35223429166235515
kampala_elegu,431,215.5,Buyale,roadside settlement,1,0,0,0,0,390.0,60.8,600,0,0.511623114522624
kampala_elegu,432,216.0,Nyarukonge,town,0,0,0,0,0,357.0,50.0,600,0,0.2142
kampala_elegu,433,216.5,Nyarukonge,roadside settlement,1,0,0,0,0,488.0,45.9,600,0,0.20794179912353272
kampala_elegu,434,217.0,Nyarukonge,roadside settlement,2,0,0,0,0,527.0,46.3,600,0,0.23249082164013113
kampala_elegu,435,217.5,Bweyale,roadside settlement,5,0,0,0,0,714.0,43.5,600,0,0.24542933612399997
kampala_elegu,436,218.0,Bweyale,town,4,0,0,0,0,809.0,44.1,600,0,0.2937474549412704
kampala_elegu,437,218.5,Bweyale,roadside settlement,2,0,0,0,0,656.0,45.5,600,0,0.269911046496
kampala_elegu,438,219.0,Kichwabugingo,roadside settlement,2,0,0,0,0,530.0,51.1,600,0,0.346921090749408
kampala_elegu,439,219.5,Kichwabugingo,roadside settlement,1,0,0,0,0,415.0,58.8,600,0,0.47624303152742387
kampala_elegu,440,220.0,Kichwabugingo,roadside settlement,1,0,0,0,0,507.0,59.3,600,0,0.601863443855107
kampala_elegu,441,220.5,Kichwabugingo,roadside settlement,0,0,0,0,0,352.0,63.7,600,0,0.5563801482150913
kampala_elegu,442,221.0,Kichwabugingo,roadside settlement,1,0,0,0,0,218.0,67.5,600,0,0.43445301750000015
kampala_elegu,443,221.5,Kichwabugingo,open road,1,0,0,0,0,162.0,68.6,600,0,0.3444155176799231
kampala_elegu,444,222.0,Kichwabugingo,roadside settlement,1,0,0,0,0,179.0,67.4,600,0,0.35462051008803847
kampala_elegu,445,222.5,,roadside settlement,2,0,0,0,0,287.0,60.9,600,0,0.37898524356678714
kampala_elegu,446,223.0,,roadside settlement,1,0,1,0,0,393.0,53.4,600,0,0.3067812491908609
kampala_elegu,447,223.5,,roadside settlement,0,0,1,0,0,293.0,61.0,600,0,0.3894558156479999
kampala_elegu,448,224.0,,open road,0,0,0,0,0,106.0,68.8,600,0,0.22799790228111352
kampala_elegu,449,224.5,,open road,0,0,0,0,0,139.0,67.3,600,0,0.27374505971231033
kampala_elegu,450,225.0,,roadside settlement,0,0,0,0,0,110.0,64.4,600,0,0.18163828287897602
kampala_elegu,451,225.5,,roadside settlement,0,0,0,0,0,245.0,61.9,600,0,0.345302651718192
kampala_elegu,452,226.0,,roadside settlement,0,0,0,0,0,157.0,68.3,600,0,0.32798478698877104
kampala_elegu,453,226.5,,roadside settlement,1,0,0,0,0,287.0,54.3,600,0,0.2395258820533151
kampala_elegu,454,227.0,,roadside settlement,1,0,0,0,0,243.0,54.6,600,0,0.20732328305095687
kampala_elegu,455,227.5,,open road,0,0,0,0,0,183.0,69.3,600,0,0.4051867743953567
kampala_elegu,456,228.0,,roadside settlement,0,0,0,0,0,232.0,43.8,600,0,0.08197013681233915
kampala_elegu,457,228.5,,roadside settlement,0,0,1,0,0,146.0,58.5,600,0,0.16415251959599994
kampala_elegu,458,229.0,,roadside settlement,0,0,1,0,0,284.0,44.8,600,0,0.10982510548746235
kampala_elegu,459,229.5,,roadside settlement,0,0,0,0,0,248.0,59.9,600,0,0.3064998056164608
kampala_elegu,460,230.0,,roadside settlement,0,0,0,0,0,95.0,69.3,600,0,0.21034286102491195
kampala_elegu,461,230.5,,roadside settlement,1,0,0,0,0,148.0,56.3,600,0,0.14274684816218874
kampala_elegu,462,231.0,,roadside settlement,1,0,0,0,0,147.0,60.6,600,0,0.19031764910699517
kampala_elegu,463,231.5,,open road,0,0,0,0,0,73.0,69.9,600,0,0.16730264079046087
kampala_elegu,464,232.0,,open road,0,0,0,0,0,103.0,68.9,600,0,0.22283599552918085
kampala_elegu,465,232.5,,open road,0,0,0,0,0,127.0,69.6,600,0,0.28609608339947507
kampala_elegu,466,233.0,,roadside settlement,0,0,0,0,0,129.0,69.0,600,0,0.28070962646399994
kampala_elegu,467,233.5,Nanda,roadside settlement,0,0,0,0,0,137.0,65.5,600,0,0.24207893506200007
kampala_elegu,468,234.0,Nanda,open road,0,0,0,0,0,95.0,68.7,600,0,0.20315232010843207
kampala_elegu,469,234.5,Nanda,open road,0,0,0,0,0,98.0,62.9,600,0,0.14726511826884478
kampala_elegu,470,235.0,Nanda,roadside settlement,0,0,0,0,0,132.0,64.1,600,0,0.21393275417521904
kampala_elegu,471,235.5,Nanda,roadside settlement,0,0,1,0,0,251.0,51.5,600,0,0.169501626786
kampala_elegu,472,236.0,Nanda,roadside settlement,0,0,0,0,0,111.0,67.4,600,0,0.21990433865794565
kampala_elegu,473,236.5,Nanda,open road,0,0,0,0,0,41.0,69.5,600,0,0.09183205608599998
kampala_elegu,474,237.0,Nanda,open road,0,0,0,0,0,66.0,68.6,600,0,0.14031743312885755
kampala_elegu,475,237.5,,roadside settlement,1,0,0,0,0,199.0,53.1,600,0,0.15188063134731844
kampala_elegu,476,238.0,,roadside settlement,1,0,0,0,0,178.0,65.4,600,0,0.31260954090977283
kampala_elegu,477,238.5,,roadside settlement,1,0,0,0,0,104.0,63.8,600,0,0.16541972222730242
kampala_elegu,478,239.0,,roadside settlement,0,0,0,0,0,215.0,57.4,600,0,0.2240563529648639
kampala_elegu,479,239.5,,roadside settlement,0,0,0,0,0,55.0,68.4,600,0,0.11557351699660803
kampala_elegu,480,240.0,,open road,0,0,0,0,0,53.0,69.3,600,0,0.11734917509810877
kampala_elegu,481,240.5,,open road,0,0,0,0,0,113.0,68.2,600,0,0.23468599581588487
kampala_elegu,482,241.0,,open road,0,0,0,0,0,67.0,69.1,600,0,0.14664194936819513
kampala_elegu,483,241.5,,roadside settlement,0,0,0,0,0,139.0,47.6,600,0,0.06850367083069442
kampala_elegu,484,242.0,Kiryandongo,roadside settlement,0,0,0,0,0,163.0,60.8,600,0,0.21383222478766079
kampala_elegu,485,242.5,Kiryandongo,open road,1,0,0,0,0,67.0,69.4,600,0,0.14920518571422722
kampala_elegu,486,243.0,Kiryandongo,roadside settlement,1,0,0,0,0,155.0,68.9,600,0,0.3353357214274081
kampala_elegu,487,243.5,Kiryandongo,roadside settlement,0,0,0,0,0,167.0,68.0,600,0,0.3427862200320001
kampala_elegu,488,244.0,Kiryandongo,roadside settlement,0,0,0,0,0,193.0,61.0,600,0,0.25653574204799995
kampala_elegu,489,244.5,Kiryandongo,roadside settlement,0,0,0,0,0,202.0,56.4,600,0,0.19621807846686712
kampala_elegu,490,245.0,Kiryandongo,roadside settlement,0,0,0,0,0,201.0,63.6,600,0,0.3157153902452737
kampala_elegu,491,245.5,Kiryandongo,roadside settlement,0,0,0,0,0,130.0,46.7,600,0,0.05935838927740801
kampala_elegu,492,246.0,,open road,0,0,0,0,0,164.0,69.5,600,0,0.3673282243439999
kampala_elegu,493,246.5,,open road,0,0,0,0,0,39.0,69.8,600,0,0.08887048096343038
kampala_elegu,494,247.0,,roadside settlement,0,0,0,0,0,164.0,60.2,600,0,0.20677643626967038
kampala_elegu,495,247.5,,roadside settlement,0,0,0,0,0,177.0,59.6,600,0,0.21440234858987514
kampala_elegu,496,248.0,,roadside settlement,0,0,0,0,0,89.0,47.5,600,0,0.04349463374999999
kampala_elegu,497,248.5,,roadside settlement,1,0,0,0,0,127.0,54.5,600,0,0.10756251868200004
kampala_elegu,498,249.0,,roadside settlement,1,0,0,0,0,148.0,65.3,600,0,0.25833644180724485
kampala_elegu,499,249.5,,roadside settlement,0,0,0,0,0,132.0,66.2,600,0,0.24337564864081926
kampala_elegu,500,250.0,Karuma,roadside settlement,0,0,0,0,0,169.0,64.8,600,0,0.28606054461603847
kampala_elegu,501,250.5,Karuma,roadside settlement,0,0,0,0,0,172.0,62.3,600,0,0.24874357200241917
kampala_elegu,502,251.0,Karuma,roadside settlement,0,0,0,0,0,214.0,63.0,600,0,0.32362883078400007
kampala_elegu,503,251.5,Karuma,roadside settlement,0,0,0,0,0,296.0,59.1,600,0,0.34666729171637756
kampala_elegu,504,252.0,Karuma,town,0,0,0,0,0,573.0,42.8,600,0,0.18458692331028478
kampala_elegu,505,252.5,Karuma,roadside settlement,0,0,0,0,0,339.0,67.5,600,0,0.6755943712500002
kampala_elegu,506,253.0,Karuma,open road,0,0,0,0,0,10.0,50.0,600,0,0.006
kampala_elegu,507,253.5,Karuma,open road,0,0,0,0,0,2.0,39.1,600,0,0.0004487539230912
kampala_elegu,508,254.0,,open road,0,0,0,0,0,4.0,43.7,600,0,0.0014004157041024006
kampala_elegu,509,254.5,,open road,0,0,0,0,0,0.0,44.9,600,0,0.0
kampala_elegu,510,255.0,,roadside settlement,0,0,0,0,0,109.0,64.3,600,0,0.17887169510888642
kampala_elegu,511,255.5,,open road,0,0,0,0,0,35.0,69.6,600,0,0.07884537731481597
kampala_elegu,512,256.0,,open road,0,0,0,0,0,0.0,70.0,600,0,0.0
kampala_elegu,513,256.5,Akuridia,open road,0,0,0,0,0,2.0,69.9,600,0,0.004583633994259201
kampala_elegu,514,257.0,Akuridia,open road,0,0,0,0,0,1.0,50.5,600,0,0.000624362406
kampala_elegu,515,257.5,Akuridia,roadside settlement,0,0,0,0,0,185.0,51.6,600,0,0.12590464938393603
kampala_elegu,516,258.0,Akuridia,roadside settlement,0,0,0,0,0,222.0,52.1,600,0,0.15702727736430722
kampala_elegu,517,258.5,Nora,roadside settlement,0,0,0,0,0,244.0,54.1,600,0,0.20065506176336645
kampala_elegu,518,259.0,Nora,roadside settlement,0,0,0,0,0,221.0,64.0,600,0,0.355945414656
kampala_elegu,519,259.5,Nora,roadside settlement,0,0,0,0,0,205.0,65.4,600,0,0.36002784205900806
kampala_elegu,520,260.0,Nora,roadside settlement,1,0,0,0,0,261.0,63.1,600,0,0.3972182350212576
kampala_elegu,521,260.5,Bedmot,roadside settlement,2,0,0,0,0,254.0,63.1,600,0,0.3865648723961664
kampala_elegu,522,261.0,Bedmot,roadside settlement,1,0,0,0,0,252.0,56.4,600,0,0.2447869097705471
kampala_elegu,523,261.5,Bedmot,roadside settlement,0,0,0,0,0,238.0,55.8,600,0,0.2215057405252607
kampala_elegu,524,262.0,Bedmot,roadside settlement,0,0,0,0,0,139.0,65.0,600,0,0.23819874000000005
kampala_elegu,525,262.5,Obete,roadside settlement,0,0,0,0,0,118.0,51.2,600,0,0.07784542324654081
kampala_elegu,526,263.0,Obete,roadside settlement,0,0,0,0,0,236.0,59.8,600,0,0.28972633452072954
kampala_elegu,527,263.5,Obete,roadside settlement,0,0,0,0,0,227.0,60.0,600,0,0.28242432
kampala_elegu,528,264.0,Agengi,roadside settlement,0,0,0,0,0,314.0,52.3,600,0,0.22553172236231042
kampala_elegu,529,264.5,Agengi,roadside settlement,0,0,0,0,0,186.0,61.1,600,0,0.24885651687960955
kampala_elegu,530,265.0,Township,roadside settlement,1,0,0,0,0,265.0,46.3,600,0,0.11690714940158396
kampala_elegu,531,265.5,Township,roadside settlement,1,0,0,0,0,406.0,44.1,600,0,0.1474183766454336
kampala_elegu,532,266.0,Kamudini,roadside settlement,0,0,0,0,0,329.0,51.0,600,0,0.213672108384
kampala_elegu,533,266.5,Kamudini,roadside settlement,0,0,0,0,0,320.0,54.2,600,0,0.2651052678021121
kampala_elegu,534,267.0,Kamudini,roadside settlement,0,0,0,0,0,299.0,54.6,600,0,0.2551014881985025
kampala_elegu,535,267.5,Pida,roadside settlement,0,0,0,0,0,234.0,59.5,600,0,0.281549625084
kampala_elegu,536,268.0,Kamdini,roadside settlement,0,0,0,0,0,138.0,66.8,600,0,0.2637886889115647
kampala_elegu,537,268.5,Kamdini,roadside settlement,1,0,0,0,0,191.0,55.2,600,0,0.17023972583669764
kampala_elegu,538,269.0,Kamdini,roadside settlement,2,0,0,0,0,222.0,60.2,600,0,0.27990468812113917
kampala_elegu,539,269.5,Boroboro B,roadside settlement,1,0,0,0,0,197.0,56.9,600,0,0.19823782530083514
kampala_elegu,540,270.0,Boroboro B,roadside settlement,0,0,0,0,0,148.0,61.1,600,0,0.19801486289345277
kampala_elegu,541,270.5,Boroboro B,roadside settlement,0,0,0,0,0,178.0,63.6,600,0,0.2795887535505408
kampala_elegu,542,271.0,Arukolong,roadside settlement,0,0,0,0,0,191.0,58.9,600,0,0.22068142488989756
kampala_elegu,543,271.5,Arukolong,roadside settlement,0,0,0,0,0,104.0,64.8,600,0,0.17603725822525443
kampala_elegu,544,272.0,Arukolong,roadside settlement,0,0,0,0,0,127.0,60.3,600,0,0.1611922667509152
kampala_elegu,545,272.5,Arukolong,roadside settlement,0,0,0,0,0,106.0,66.1,600,0,0.1942597995412415
kampala_elegu,546,273.0,Abang Trc,roadside settlement,1,0,0,0,0,61.0,66.4,600,0,0.11383436401704962
kampala_elegu,547,273.5,Abang Trc,roadside settlement,1,0,0,0,0,122.0,53.8,600,0,0.09812059348408313
kampala_elegu,548,274.0,Abang East,roadside settlement,1,0,0,0,0,155.0,64.3,600,0,0.25435883249428803
kampala_elegu,549,274.5,Abako Adero,roadside settlement,0,0,0,0,0,199.0,60.0,600,0,0.24758784
kampala_elegu,550,275.0,Abako Adero,roadside settlement,0,0,0,0,0,189.0,60.8,600,0,0.24794043242250238
kampala_elegu,551,275.5,Amwa Trc,roadside settlement,2,0,0,0,0,192.0,53.9,600,0,0.15557059849605123
kampala_elegu,552,276.0,Amwa,roadside settlement,2,0,0,0,0,173.0,58.3,600,0,0.19186314327871679
kampala_elegu,553,276.5,Amwa,roadside settlement,0,0,0,0,0,119.0,67.5,600,0,0.23715554625000007
kampala_elegu,554,277.0,Amwa Headquaters,roadside settlement,0,0,0,0,0,125.0,62.9,600,0,0.1878381610572
kampala_elegu,555,277.5,Amwa Headquaters,roadside settlement,0,0,0,0,0,129.0,66.7,600,0,0.24511183372232648
kampala_elegu,556,278.0,Waring,roadside settlement,0,0,0,0,0,141.0,58.1,600,0,0.15423923951674556
kampala_elegu,557,278.5,Waring,roadside settlement,0,0,0,0,0,112.0,64.5,600,0,0.186092176032
kampala_elegu,558,279.0,Cul-banya,roadside settlement,0,0,0,0,0,136.0,65.6,600,0,0.24178285357301746
kampala_elegu,559,279.5,Cul-banya,open road,0,0,0,0,0,101.0,69.0,600,0,0.21978040521599992
kampala_elegu,560,280.0,Lango,open road,0,0,0,0,0,127.0,68.8,600,0,0.2731672980160511
kampala_elegu,561,280.5,Lango,roadside settlement,0,0,0,0,0,112.0,51.9,600,0,0.07801151051473922
kampala_elegu,562,281.0,Lango,roadside settlement,0,0,0,0,0,152.0,59.8,600,0,0.18660340189470717
kampala_elegu,563,281.5,Bobi,roadside settlement,0,0,0,0,0,160.0,60.5,600,0,0.20578452576
kampala_elegu,564,282.0,Bobi,roadside settlement,0,0,0,0,0,128.0,63.2,600,0,0.1960421766463488
kampala_elegu,565,282.5,Omolo,open road,0,0,0,0,0,14.0,70.0,600,0,0.032269439999999996
kampala_elegu,566,283.0,Alati A,roadside settlement,1,0,0,0,0,130.0,46.1,600,0,0.05636613895036801
kampala_elegu,567,283.5,Alati A,roadside settlement,1,0,0,0,0,147.0,60.5,600,0,0.189064533042
kampala_elegu,568,284.0,Arak East,roadside settlement,1,0,0,0,0,198.0,64.1,600,0,0.3208991312628286
kampala_elegu,569,284.5,Arak East,roadside settlement,1,0,0,0,0,146.0,64.4,600,0,0.24108353909391364
kampala_elegu,570,285.0,Arak East,open road,0,0,0,0,0,64.0,69.3,600,0,0.14170466426941436
kampala_elegu,571,285.5,Awei Betty Trc,roadside settlement,0,0,0,0,0,91.0,53.5,600,0,0.07156946214600002
kampala_elegu,572,286.0,Awei Betty Trc,roadside settlement,0,0,0,0,0,187.0,63.9,600,0,0.2993065852864032
kampala_elegu,573,286.5,Awei Betty Trc,roadside settlement,0,0,0,0,0,229.0,59.3,600,0,0.2718475910114783
kampala_elegu,574,287.0,Ngut Cati,roadside settlement,0,0,0,0,0,99.0,67.6,600,0,0.19846924217303033
kampala_elegu,575,287.5,Ngut Cati,roadside settlement,0,0,0,0,0,128.0,56.7,600,0,0.12700284164628486
kampala_elegu,576,288.0,Ngut Cati,roadside settlement,0,0,0,0,0,201.0,62.0,600,0,0.285124179456
kampala_elegu,577,288.5,Minakulu,roadside settlement,0,0,0,0,0,133.0,65.7,600,0,0.2378944730278368
kampala_elegu,578,289.0,Minakulu,open road,2,0,0,0,0,124.0,54.4,600,0,0.10425298940067843
kampala_elegu,579,289.5,Minakulu Trc B,roadside settlement,3,0,0,0,0,316.0,54.3,600,0,0.26372884574511346
kampala_elegu,580,290.0,Minakulu Trc B,roadside settlement,1,0,0,0,0,165.0,59.5,600,0,0.19852858178999996
kampala_elegu,581,290.5,Minakulu Trc A,roadside settlement,0,0,0,0,0,146.0,59.7,600,0,0.17804156919384959
kampala_elegu,582,291.0,Minakulu Trc A,roadside settlement,1,0,0,0,0,331.0,45.2,600,0,0.1326334193442816
kampala_elegu,583,291.5,Minakulu Trc A,roadside settlement,2,0,0,0,0,317.0,48.6,600,0,0.16977571662597118
kampala_elegu,584,292.0,Mti,roadside settlement,1,0,0,0,0,207.0,60.3,600,0,0.2627307024995232
kampala_elegu,585,292.5,Mti,roadside settlement,0,0,0,0,0,167.0,65.4,600,0,0.29329097377489927
kampala_elegu,586,293.0,Mti,open road,0,0,0,0,0,22.0,69.8,600,0,0.05013206618449918
kampala_elegu,587,293.5,Obalowat,roadside settlement,0,0,0,0,0,157.0,55.3,600,0,0.14095205456176313
kampala_elegu,588,294.0,Obalowat,roadside settlement,0,0,0,0,0,163.0,62.1,600,0,0.2327154612825888
kampala_elegu,589,294.5,Obalowat,roadside settlement,0,0,0,0,0,209.0,53.9,600,0,0.16934507857122244
kampala_elegu,590,295.0,Obalowat,roadside settlement,2,0,0,0,0,157.0,62.9,600,0,0.2359247302878432
kampala_elegu,591,295.5,Minakulu,roadside settlement,2,0,0,0,0,221.0,58.7,600,0,0.2518928914865377
kampala_elegu,592,296.0,Minakulu,roadside settlement,0,0,0,0,0,107.0,67.2,600,0,0.20947495362232327
kampala_elegu,593,296.5,Awimon,roadside settlement,0,0,0,0,0,152.0,62.8,600,0,0.22696212861419518
kampala_elegu,594,297.0,Awimon,roadside settlement,0,0,0,0,0,168.0,56.7,600,0,0.16669122966074887
kampala_elegu,595,297.5,Awimon,roadside settlement,0,0,0,0,0,111.0,58.6,600,0,0.12565641813672956
kampala_elegu,596,298.0,Awimon,roadside settlement,0,0,0,0,0,166.0,62.1,600,0,0.23699856793196158
kampala_elegu,597,298.5,,roadside settlement,0,0,0,0,0,186.0,63.7,600,0,0.29399632831820166
kampala_elegu,598,299.0,,roadside settlement,0,0,0,0,0,175.0,51.1,600,0,0.11454941675688
kampala_elegu,599,299.5,,roadside settlement,1,0,0,0,0,182.0,61.2,600,0,0.2451028209057792
kampala_elegu,600,300.0,Pato,roadside settlement,1,0,0,0,0,195.0,58.0,600,0,0.21184480511999995
kampala_elegu,601,300.5,Pato,roadside settlement,0,0,0,0,0,141.0,65.3,600,0,0.24611782631636167
kampala_elegu,602,301.0,Pato,roadside settlement,0,0,0,0,0,131.0,60.7,600,0,0.1707250674598176
kampala_elegu,603,301.5,Pato,roadside settlement,1,0,0,0,0,205.0,59.8,600,0,0.251669061765888
kampala_elegu,604,302.0,Bobi,roadside settlement,1,0,0,0,0,256.0,52.9,600,0,0.19245707742658563
kampala_elegu,605,302.5,Bobi,roadside settlement,0,0,0,0,0,125.0,57.8,600,0,0.13393454286719994
kampala_elegu,606,303.0,Bobi,open road,1,0,0,0,0,140.0,69.2,600,0,0.30819362178662413
kampala_elegu,607,303.5,Omoro,roadside settlement,1,0,0,0,0,192.0,63.9,600,0,0.3073094351603712
kampala_elegu,608,304.0,Omoro,roadside settlement,1,0,0,0,0,128.0,64.7,600,0,0.2153269185097728
kampala_elegu,609,304.5,Omoro,roadside settlement,2,0,0,0,0,245.0,54.4,600,0,0.20598372905779205
kampala_elegu,610,305.0,Kalamomia,roadside settlement,1,0,0,0,0,235.0,65.8,600,0,0.4229048538677758
kampala_elegu,611,305.5,Paranga,roadside settlement,0,0,0,0,0,119.0,67.0,600,0,0.23020640630400005
kampala_elegu,612,306.0,Te-owak,roadside settlement,0,0,0,0,0,86.0,67.6,600,0,0.17240762451394553
kampala_elegu,613,306.5,Te-owak,roadside settlement,0,0,0,0,0,106.0,68.1,600,0,0.21885957218712954
kampala_elegu,614,307.0,Te-owak,open road,0,0,0,0,0,32.0,68.5,600,0,0.06763686931200003
kampala_elegu,615,307.5,Odyak,roadside settlement,0,0,0,0,0,141.0,60.1,600,0,0.17659899742599358
kampala_elegu,616,308.0,Odyak,roadside settlement,0,0,0,0,0,206.0,65.0,600,0,0.35301396000000007
kampala_elegu,617,308.5,Palenga,roadside settlement,1,0,0,0,0,137.0,68.3,600,0,0.2862032854615391
kampala_elegu,618,309.0,Palenga,roadside settlement,1,0,0,0,0,271.0,49.2,600,0,0.1524407002177537
kampala_elegu,619,309.5,Barogal,roadside settlement,0,0,0,0,0,233.0,45.8,600,0,0.09842129296481276
kampala_elegu,620,310.0,Barogal,open road,0,0,0,0,0,47.0,68.7,600,0,0.10050693731680323
kampala_elegu,621,310.5,Barogal,roadside settlement,0,0,0,0,0,165.0,64.7,600,0,0.277569855891504
kampala_elegu,622,311.0,Barogal,roadside settlement,0,0,0,0,0,179.0,60.1,600,0,0.22419305346987836
kampala_elegu,623,311.5,Barogal,open road,0,0,0,0,0,128.0,66.8,600,0,0.2446735665266687
kampala_elegu,624,312.0,Barogal,open road,0,0,0,0,0,112.0,68.1,600,0,0.2312478498580991
kampala_elegu,625,312.5,Barogal,open road,0,0,0,0,0,153.0,67.4,600,0,0.30311138571770885
kampala_elegu,626,313.0,Barogal,roadside settlement,0,0,0,0,0,184.0,65.1,600,0,0.3172583128184062
kampala_elegu,627,313.5,Barogal,roadside settlement,0,0,0,0,0,140.0,62.7,600,0,0.20771575190150401
kampala_elegu,628,314.0,Barogal,open road,1,0,0,0,0,80.0,66.1,600,0,0.14661116946508793
kampala_elegu,629,314.5,Barogal,roadside settlement,1,0,0,0,0,142.0,66.5,600,0,0.26659141429200006
kampala_elegu,630,315.0,,open road,0,0,0,0,0,108.0,67.0,600,0,0.20892682252800004
kampala_elegu,631,315.5,,open road,0,0,0,0,0,53.0,66.6,600,0,0.10010229150919676
kampala_elegu,632,316.0,Abili,open road,0,0,0,0,0,19.0,68.9,600,0,0.04110566907819842
kampala_elegu,633,316.5,Abili,open road,0,0,0,0,0,35.0,69.0,600,0,0.07616152655999997
kampala_elegu,634,317.0,Abili,open road,0,0,0,0,0,118.0,51.8,600,0,0.08155907269601281
kampala_elegu,635,317.5,Abili,roadside settlement,0,0,0,0,0,155.0,66.7,600,0,0.29451421881364803
kampala_elegu,636,318.0,Koro Abili,roadside settlement,0,0,0,0,0,144.0,64.6,600,0,0.2407486148665343
kampala_elegu,637,318.5,Koro Abili,roadside settlement,2,0,0,0,0,265.0,49.2,600,0,0.14906562936422407
kampala_elegu,638,319.0,Koro Abili,roadside settlement,2,0,0,0,0,123.0,61.6,600,0,0.17001967948922878
kampala_elegu,639,319.5,Koro Abili,roadside settlement,1,0,0,0,0,201.0,45.6,600,0,0.0834308486332416
kampala_elegu,640,320.0,Lajwatek,roadside settlement,1,0,0,0,0,199.0,58.6,600,0,0.22527592080368633
kampala_elegu,641,320.5,Koro,roadside settlement,0,0,0,0,0,106.0,64.4,600,0,0.17503325441064962
kampala_elegu,642,321.0,Koro,roadside settlement,1,0,0,0,0,177.0,50.0,600,0,0.1062
kampala_elegu,643,321.5,Koro,roadside settlement,2,0,0,0,0,275.0,60.5,600,0,0.35369215365
kampala_elegu,644,322.0,Koro,roadside settlement,2,0,0,0,0,184.0,60.7,600,0,0.2397970413176064
kampala_elegu,645,322.5,Kal,roadside settlement,0,0,0,0,0,291.0,54.3,600,0,0.24286422187287346
kampala_elegu,646,323.0,Kal,roadside settlement,0,0,0,0,0,335.0,54.6,600,0,0.2858160486504961
kampala_elegu,647,323.5,Kal,roadside settlement,1,0,0,0,0,522.0,51.4,600,0,0.3497793867758593
kampala_elegu,648,324.0,Layibi,roadside settlement,1,0,0,0,0,667.0,45.7,600,0,0.27929416802176327
kampala_elegu,649,324.5,Layibi,roadside settlement,1,0,0,0,0,588.0,53.8,600,0,0.4729090899068925
kampala_elegu,650,325.0,Layibi,roadside settlement,1,0,0,0,0,488.0,58.4,600,0,0.5449321653731327
kampala_elegu,651,325.5,Layibi,roadside settlement,2,0,0,2,0,424.0,42.9,600,2,0.1378688834375424
kampala_elegu,652,326.0,Layibi,roadside settlement,2,0,0,2,0,573.0,54.5,600,2,0.48530175751800014
kampala_elegu,653,326.5,Kanyagoga C,roadside settlement,0,0,0,1,0,565.0,61.2,600,1,0.760896119844864
kampala_elegu,654,327.0,Kanyagoga C,roadside settlement,0,0,0,1,0,780.0,49.8,600,1,0.460556808311808
kampala_elegu,655,327.5,Kanyagoga C,roadside settlement,1,0,0,1,0,652.0,46.6,600,1,0.29516339400069125
kampala_elegu,656,328.0,Kanyagoga C,roadside settlement,3,0,0,0,0,574.0,53.4,600,0,0.4480723588690945
kampala_elegu,657,328.5,Kanyagoga C,roadside settlement,3,0,0,0,0,605.0,48.8,600,0,0.32938657598668797
kampala_elegu,658,329.0,St Joe,roadside settlement,4,0,0,0,0,547.0,52.2,600,0,0.38988863088030723
kampala_elegu,659,329.5,St Joe,roadside settlement,6,0,0,0,0,739.0,57.4,600,0,0.7701285806559741
kampala_elegu,660,330.0,Katikati,roadside settlement,2,0,0,0,0,577.0,57.8,600,0,0.618241849874995
kampala_elegu,661,330.5,Katikati,roadside settlement,0,0,0,0,0,797.0,52.6,600,0,0.5856963681971713
kampala_elegu,662,331.0,Lacor,roadside settlement,1,0,0,0,0,904.0,44.8,600,0,0.34958413859389426
kampala_elegu,663,331.5,Lacor,roadside settlement,1,0,0,0,0,516.0,44.8,600,0,0.19954138884341752
kampala_elegu,664,332.0,Lacor,roadside settlement,1,0,0,0,0,497.0,49.8,600,0,0.2934573509371392
kampala_elegu,665,332.5,Pukure,roadside settlement,7,0,0,0,0,408.0,56.5,600,0,0.3991399397279998
kampala_elegu,666,333.0,Pukure,roadside settlement,6,0,0,0,0,220.0,63.7,600,0,0.347737592634432
kampala_elegu,667,333.5,Pukure,roadside settlement,0,0,0,0,0,295.0,60.5,600,0,0.37941521936999995
kampala_elegu,668,334.0,Awer,roadside settlement,4,0,0,0,0,343.0,50.0,600,0,0.2058
kampala_elegu,669,334.5,Awer,roadside settlement,6,0,0,0,0,257.0,59.8,600,0,0.3155070676772352
kampala_elegu,670,335.0,Lwalakwar,roadside settlement,0,0,0,0,0,198.0,61.4,600,0,0.2701530704176128
kampala_elegu,671,335.5,Lwalakwar,roadside settlement,0,0,0,0,0,181.0,63.0,600,0,0.273723450336
kampala_elegu,672,336.0,Lwalakwar,roadside settlement,0,0,0,0,0,236.0,63.5,600,0,0.36836481165600005
kampala_elegu,673,336.5,Lwalakwar,roadside settlement,0,0,0,0,0,165.0,61.7,600,0,0.229559797718064
kampala_elegu,674,337.0,Pukure Lc1,roadside settlement,0,0,0,0,0,150.0,66.2,600,0,0.27656323709184005
kampala_elegu,675,337.5,Pukure Lc1,roadside settlement,2,0,0,0,0,244.0,63.4,600,0,0.37845834939248646
kampala_elegu,676,338.0,Keyo,roadside settlement,2,0,0,0,0,283.0,62.2,600,0,0.40664853058606076
kampala_elegu,677,338.5,Keyo,roadside settlement,2,0,0,0,0,276.0,64.4,600,0,0.4557469643145217
kampala_elegu,678,339.0,Keyo,roadside settlement,2,0,0,0,0,265.0,62.3,600,0,0.38323864291070403
kampala_elegu,679,339.5,Keyo,town,2,0,0,0,0,271.0,50.0,600,0,0.1626
kampala_elegu,680,340.0,Keyo,town,5,0,0,0,0,248.0,50.0,600,0,0.1488
kampala_elegu,681,340.5,Pakiri,open road,8,0,0,0,0,246.0,67.5,600,0,0.4902543225000001
kampala_elegu,682,341.0,Amilobo Lc1,open road,3,0,0,0,0,128.0,68.2,600,0,0.26583900411002886
kampala_elegu,683,341.5,Amilobo Lc1,open road,0,0,0,0,0,32.0,68.5,600,0,0.06763686931200003
kampala_elegu,684,342.0,Amilobo Lc1,open road,0,0,0,0,0,85.0,67.9,600,0,0.17344798380369605
kampala_elegu,685,342.5,Awer,roadside settlement,0,0,0,0,0,120.0,65.3,600,0,0.20946197984371204
kampala_elegu,686,343.0,Awer,roadside settlement,0,0,0,0,0,140.0,66.0,600,0,0.25502045184000005
kampala_elegu,687,343.5,Awer,roadside settlement,0,0,0,0,0,242.0,47.8,600,0,0.12128251255633918
kampala_elegu,688,344.0,Awer,town,0,0,0,0,0,229.0,50.0,600,0,0.1374
kampala_elegu,689,344.5,Awer,open road,0,0,0,0,0,103.0,55.9,600,0,0.09655075835695677
kampala_elegu,690,345.0,Awer,roadside settlement,0,0,0,0,0,228.0,67.6,600,0,0.45708067894394866
kampala_elegu,691,345.5,Awer,roadside settlement,0,0,0,0,0,127.0,68.3,600,0,0.2653125346979231
kampala_elegu,692,346.0,Yilo,roadside settlement,0,0,0,0,0,253.0,66.5,600,0,0.4749832944780001
kampala_elegu,693,346.5,Yilo,roadside settlement,0,0,0,0,0,222.0,63.3,600,0,0.34216772916539523
kampala_elegu,694,347.0,Yilo,roadside settlement,0,0,0,0,0,126.0,67.0,600,0,0.24374795961600007
kampala_elegu,695,347.5,Yilo,roadside settlement,0,0,0,0,0,145.0,62.5,600,0,0.21240234375
kampala_elegu,696,348.0,Yilo,roadside settlement,0,0,0,0,0,129.0,66.8,600,0,0.2465850787651583
kampala_elegu,697,348.5,Yilo,roadside settlement,0,0,0,0,0,88.0,65.6,600,0,0.1564477287825407
kampala_elegu,698,349.0,Yilo,roadside settlement,2,0,0,0,0,151.0,62.8,600,0,0.22546895671541758
kampala_elegu,699,349.5,Yilo,roadside settlement,2,0,0,0,0,109.0,63.9,600,0,0.1744621272525024
kampala_elegu,700,350.0,Oduu Lc1,roadside settlement,0,0,0,0,0,94.0,67.1,600,0,0.18293178297229432
kampala_elegu,701,350.5,Oduu Lc1,roadside settlement,2,0,0,0,0,181.0,59.0,600,0,0.21055126473599994
kampala_elegu,702,351.0,Oduu Lc1,roadside settlement,2,0,0,0,0,191.0,60.9,600,0,0.25221666035280954
kampala_elegu,703,351.5,Oduu Lc1,town,0,0,0,0,0,156.0,41.9,600,0,0.04615852508616959
kampala_elegu,704,352.0,Oduu Lc1,town,0,0,0,0,0,141.0,44.1,600,0,0.05119702243104961
kampala_elegu,705,352.5,Oduu,open road,0,0,0,0,0,41.0,68.1,600,0,0.08465323075162556
kampala_elegu,706,353.0,Oduu,open road,1,0,0,0,0,36.0,65.8,600,0,0.06478542442229757
kampala_elegu,707,353.5,Oduu,roadside settlement,1,0,0,0,0,95.0,62.2,600,0,0.136507457263872
kampala_elegu,708,354.0,Oduu,open road,1,0,0,0,0,93.0,67.3,600,0,0.18315316944780474
kampala_elegu,709,354.5,Oduu,open road,0,0,0,0,0,58.0,69.0,600,0,0.12621052972799995
kampala_elegu,710,355.0,Oduu,open road,0,0,0,0,0,90.0,67.9,600,0,0.18365080638038406
kampala_elegu,711,355.5,Patiko,open road,0,0,0,0,0,117.0,65.6,600,0,0.2080043666767871
kampala_elegu,712,356.0,Patiko,roadside settlement,0,0,0,0,0,139.0,65.4,600,0,0.24411643924976645
kampala_elegu,713,356.5,Patiko,roadside settlement,2,0,0,0,0,172.0,61.6,600,0,0.2377510965215232
kampala_elegu,714,357.0,Patiko,town,2,0,0,0,0,182.0,47.3,600,0,0.08745551145851518
kampala_elegu,715,357.5,Katikati B,roadside settlement,0,0,0,0,0,151.0,64.8,600,0,0.25559255761551364
kampala_elegu,716,358.0,Katikati B,roadside settlement,0,0,0,0,0,149.0,64.9,600,0,0.25376766794639044
kampala_elegu,717,358.5,Katikati B Lc1,open road,0,0,0,0,0,57.0,68.1,600,0,0.11768863787421116
kampala_elegu,718,359.0,Katikati B Lc1,roadside settlement,0,0,0,0,0,96.0,64.7,600,0,0.1614951888823296
kampala_elegu,719,359.5,Katikati B Lc1,roadside settlement,1,0,0,0,0,149.0,64.5,600,0,0.24756905561400003
kampala_elegu,720,360.0,Agole,roadside settlement,1,0,0,0,0,191.0,63.8,600,0,0.3037996821674496
kampala_elegu,721,360.5,Agole,roadside settlement,4,0,0,0,0,211.0,61.3,600,0,0.2860194626608416
kampala_elegu,722,361.0,Agole,roadside settlement,5,0,0,0,0,243.0,63.8,600,0,0.3865095432811008
kampala_elegu,723,361.5,Agole,roadside settlement,2,0,0,0,0,312.0,54.4,600,0,0.2623139733307393
kampala_elegu,724,362.0,Kal Centre,roadside settlement,0,0,0,0,0,306.0,48.3,600,0,0.1598752300936896
kampala_elegu,725,362.5,Kal Centre,town,1,0,0,0,0,519.0,41.4,600,0,0.14636591611683838
kampala_elegu,726,363.0,Pabo,town,4,0,0,0,0,404.0,43.5,600,0,0.138870380664
kampala_elegu,727,363.5,Pabo,roadside settlement,5,0,0,0,0,208.0,64.5,600,0,0.34559975548800004
kampala_elegu,728,364.0,Pabo,roadside settlement,2,0,0,0,0,297.0,60.0,600,0,0.36951552
kampala_elegu,729,364.5,Pabo,roadside settlement,0,0,0,0,0,237.0,64.0,600,0,0.381715218432
kampala_elegu,730,365.0,,roadside settlement,0,0,0,0,0,235.0,62.8,600,0,0.35089539621273597
kampala_elegu,731,365.5,,roadside settlement,0,0,0,0,0,88.0,66.0,600,0,0.16029856972800002
kampala_elegu,732,366.0,,roadside settlement,0,0,0,0,0,188.0,66.7,600,0,0.3572172460449409
kampala_elegu,733,366.5,,roadside settlement,0,0,0,0,0,183.0,66.9,600,0,0.3519060990330529
kampala_elegu,734,367.0,,roadside settlement,0,0,0,0,0,140.0,67.1,600,0,0.2724515916608639
kampala_elegu,735,367.5,,open road,0,0,0,0,0,87.0,68.9,600,0,0.18822069525280324
kampala_elegu,736,368.0,,open road,0,0,0,0,0,109.0,69.7,600,0,0.24696126632091847
kampala_elegu,737,368.5,,open road,0,0,0,0,0,126.0,68.8,600,0,0.2710163744096255
kampala_elegu,738,369.0,Pawel Pukumu,open road,0,0,0,0,0,52.0,68.9,600,0,0.11249972589822724
kampala_elegu,739,369.5,Pawel Pukumu,roadside settlement,0,0,0,0,0,80.0,67.5,600,0,0.15943230000000005
kampala_elegu,740,370.0,Pawel Pukumu,open road,2,0,0,0,0,36.0,60.1,600,0,0.045089105725785596
kampala_elegu,741,370.5,Pawel Pukumu,town,2,0,0,0,0,163.0,50.0,600,0,0.0978
kampala_elegu,742,371.0,Pawel Pukumu,roadside settlement,0,0,0,0,0,57.0,67.4,600,0,0.11292384958110722
kampala_elegu,743,371.5,Pawel Pukumu,open road,0,0,0,0,0,62.0,69.4,600,0,0.13807047036241923
kampala_elegu,744,372.0,Pawel Pukumu,open road,0,0,0,0,0,74.0,67.9,600,0,0.15100177413498245
kampala_elegu,745,372.5,Pawel,open road,0,0,0,0,0,86.0,67.0,600,0,0.16636765497600006
kampala_elegu,746,373.0,Pawel,open road,0,0,0,0,0,8.0,69.7,600,0,0.018125597528140806
kampala_elegu,747,373.5,Pawel,roadside settlement,2,0,0,0,0,124.0,64.6,600,0,0.2073113072461823
kampala_elegu,748,374.0,Pawel,roadside settlement,2,0,0,0,0,224.0,61.1,600,0,0.29969817086576633
kampala_elegu,749,374.5,Pawel,roadside settlement,0,0,0,0,0,92.0,65.5,600,0,0.16256395639200003
kampala_elegu,750,375.0,Pawel,open road,0,0,0,0,0,43.0,68.8,600,0,0.09248971507630077
kampala_elegu,751,375.5,Pawel,open road,0,0,0,0,0,73.0,69.3,600,0,0.16163188268230075
kampala_elegu,752,376.0,,open road,0,0,0,0,0,56.0,68.0,600,0,0.11494627737600004
kampala_elegu,753,376.5,,roadside settlement,0,0,0,0,0,55.0,67.2,600,0,0.10767404158156803
kampala_elegu,754,377.0,,roadside settlement,0,0,0,0,0,97.0,65.2,600,0,0.16828032815185923
kampala_elegu,755,377.5,,open road,0,0,0,0,0,7.0,68.8,600,0,0.015056465244979193
kampala_elegu,756,378.0,,open road,0,0,0,0,0,45.0,67.9,600,0,0.09182540319019203
kampala_elegu,757,378.5,,open road,0,0,0,0,0,19.0,69.9,600,0,0.04354452294546241
kampala_elegu,758,379.0,,open road,0,0,0,0,0,15.0,69.6,600,0,0.033790875992063985
kampala_elegu,759,379.5,,open road,0,0,0,0,0,45.0,68.4,600,0,0.09456015026995201
kampala_elegu,760,380.0,,open road,0,0,0,0,0,73.0,67.3,600,0,0.14376539107193273
kampala_elegu,761,380.5,,open road,0,0,0,0,0,82.0,67.7,600,0,0.16536353974811524
kampala_elegu,762,381.0,,open road,0,0,0,0,0,93.0,66.7,600,0,0.17670853128818886
kampala_elegu,763,381.5,,open road,0,0,0,0,0,24.0,70.0,600,0,0.055319039999999986
kampala_elegu,764,382.0,,open road,0,0,0,0,0,40.0,69.5,600,0,0.08959224983999997
kampala_elegu,765,382.5,,roadside settlement,0,0,0,0,0,86.0,65.3,600,0,0.15011441888799365
kampala_elegu,766,383.0,,open road,0,0,0,0,0,28.0,69.4,600,0,0.062354405970124815
kampala_elegu,767,383.5,Palukere West,open road,0,0,0,0,0,91.0,68.3,600,0,0.1901058319489055
kampala_elegu,768,384.0,Palukere West,open road,0,0,0,0,0,68.0,68.7,600,0,0.14541429228814082
kampala_elegu,769,384.5,Palukere West,roadside settlement,1,0,0,0,0,126.0,68.4,600,0,0.2647684207558657
kampala_elegu,770,385.0,Palukere West,roadside settlement,1,0,0,0,0,138.0,64.6,600,0,0.23071742258042868
kampala_elegu,771,385.5,Palukere West,open road,0,0,0,0,0,7.0,69.5,600,0,0.015678643721999994
kampala_elegu,772,386.0,Palukere West,open road,0,0,0,0,0,0.0,70.0,600,0,0.0
kampala_elegu,773,386.5,Palukere West,open road,0,0,0,0,0,16.0,69.0,600,0,0.034816697855999994
kampala_elegu,774,387.0,Palukere West,open road,0,0,0,0,0,109.0,69.6,600,0,0.24554703220899832
kampala_elegu,775,387.5,,roadside settlement,0,0,0,0,0,106.0,67.7,600,0,0.21376262455244163
kampala_elegu,776,388.0,Pawiro,roadside settlement,0,0,0,0,0,174.0,63.3,600,0,0.2681855174539584
kampala_elegu,777,388.5,Pawiro,roadside settlement,0,0,0,0,0,246.0,66.2,600,0,0.4535637088306177
kampala_elegu,778,389.0,Pawiro,roadside settlement,0,0,0,0,0,202.0,65.6,600,0,0.359118650159923
kampala_elegu,779,389.5,Pawiro,roadside settlement,2,0,0,0,0,152.0,67.8,600,0,0.3083426470858751
kampala_elegu,780,390.0,Pawiro,roadside settlement,2,0,0,0,0,214.0,65.0,600,0,0.36672324000000006
kampala_elegu,781,390.5,Pawiro,roadside settlement,0,0,0,0,0,247.0,63.3,600,0,0.38070013109843526
kampala_elegu,782,391.0,Pupwonya North Lc1,roadside settlement,0,0,0,0,0,85.0,67.2,600,0,0.16640533698969606
kampala_elegu,783,391.5,Pupwonya North Lc1,roadside settlement,0,0,0,0,0,215.0,62.9,600,0,0.323081637018384
kampala_elegu,784,392.0,Pupwonya North Lc1,roadside settlement,0,0,0,0,0,217.0,56.7,600,0,0.2153095049784673
kampala_elegu,785,392.5,Atiak,roadside settlement,0,0,0,0,0,123.0,64.4,600,0,0.20310462540103685
kampala_elegu,786,393.0,Atiak,roadside settlement,2,0,0,0,0,249.0,57.9,600,0,0.26864875672482236
kampala_elegu,787,393.5,Atiak,town,1,0,0,0,0,331.0,43.9,600,0,0.1180204612931616
kampala_elegu,788,394.0,Aciak,town,5,0,0,0,0,384.0,45.1,600,0,0.15251361841520641
kampala_elegu,789,394.5,Kal West,roadside settlement,4,0,0,0,0,319.0,58.0,600,0,0.3465563735039999
kampala_elegu,790,395.0,Kal East Lc1,roadside settlement,0,0,0,0,0,229.0,61.7,600,0,0.3186011738026464
kampala_elegu,791,395.5,Kal East Lc1,roadside settlement,0,0,0,0,0,90.0,67.3,600,0,0.17724500269142393
kampala_elegu,792,396.0,Kal East Lc1,roadside settlement,0,0,0,0,0,165.0,63.4,600,0,0.255924703482624
kampala_elegu,793,396.5,Kal East Lc1,roadside settlement,0,0,0,0,0,154.0,64.7,600,0,0.2590651988320704
kampala_elegu,794,397.0,,roadside settlement,0,0,0,0,0,141.0,64.0,600,0,0.227096395776
kampala_elegu,795,397.5,,roadside settlement,0,0,0,0,0,81.0,63.0,600,0,0.122495024736
kampala_elegu,796,398.0,,roadside settlement,0,0,0,0,0,115.0,62.7,600,0,0.170623653347664
kampala_elegu,797,398.5,,roadside settlement,0,0,0,0,0,131.0,61.8,600,0,0.18344100837749758
kampala_elegu,798,399.0,Pacilo,roadside settlement,0,0,0,0,0,70.0,67.1,600,0,0.13622579583043196
kampala_elegu,799,399.5,Pacilo,roadside settlement,0,0,0,0,0,66.0,68.3,600,0,0.13787895503986555
kampala_elegu,800,400.0,Pacilo,open road,0,0,0,0,0,60.0,68.9,600,0,0.12980737603641604
kampala_elegu,801,400.5,Pacilo,open road,1,0,0,0,0,74.0,69.4,600,0,0.16479378720675844
kampala_elegu,802,401.0,Pacilo,roadside settlement,1,0,0,0,0,209.0,65.8,600,0,0.3761153806738943
kampala_elegu,803,401.5,Pacilo,roadside settlement,0,0,0,0,0,131.0,63.5,600,0,0.20447368782600003
kampala_elegu,804,402.0,Pacilo,roadside settlement,0,0,0,0,0,40.0,67.7,600,0,0.08066514134054402
kampala_elegu,805,402.5,Pacilo East,open road,0,0,0,0,0,63.0,68.3,600,0,0.13161172981078076
kampala_elegu,806,403.0,Pacilo East,roadside settlement,0,0,0,0,0,23.0,67.3,600,0,0.04529594513225278
kampala_elegu,807,403.5,Pacilo East,roadside settlement,0,0,0,0,0,81.0,65.2,600,0,0.14052274825052163
kampala_elegu,808,404.0,Pacilo East,roadside settlement,0,0,0,0,0,186.0,58.4,600,0,0.20769955483484154
kampala_elegu,809,404.5,Pacilo East,roadside settlement,0,0,0,0,0,151.0,63.1,600,0,0.2298082509126816
kampala_elegu,810,405.0,Pacilo East,open road,0,0,0,0,0,71.0,67.7,600,0,0.14318062587946565
kampala_elegu,811,405.5,Pacilo East,roadside settlement,0,0,0,0,0,85.0,66.2,600,0,0.15671916768537605
kampala_elegu,812,406.0,Pacilo East,open road,0,0,0,0,0,85.0,69.4,600,0,0.18929016098073606
kampala_elegu,813,406.5,,open road,0,0,0,0,0,10.0,70.0,600,0,0.023049599999999996
kampala_elegu,814,407.0,,open road,0,0,0,0,0,45.0,69.4,600,0,0.10021243816627202
kampala_elegu,815,407.5,,open road,0,0,0,0,0,25.0,69.3,600,0,0.055353384480239985
kampala_elegu,816,408.0,,open road,0,0,0,0,0,11.0,69.8,600,0,0.02506603309224959
kampala_elegu,817,408.5,,open road,0,0,0,0,0,33.0,70.0,600,0,0.07606367999999998
kampala_elegu,818,409.0,,open road,0,0,0,0,0,30.0,67.7,600,0,0.06049885600540802
kampala_elegu,819,409.5,,open road,0,0,0,0,0,16.0,69.6,600,0,0.03604360105820159
kampala_elegu,820,410.0,,open road,0,0,0,0,0,7.0,69.8,600,0,0.015951111967795195
kampala_elegu,821,410.5,,open road,0,0,0,0,0,0.0,70.0,600,0,0.0
kampala_elegu,822,411.0,,open road,0,0,0,0,0,25.0,70.0,600,0,0.05762399999999999
kampala_elegu,823,411.5,,open road,0,0,0,0,0,40.0,70.0,600,0,0.09219839999999999
kampala_elegu,824,412.0,,open road,0,0,0,0,0,0.0,70.0,600,0,0.0
kampala_elegu,825,412.5,,open road,0,0,0,0,0,37.0,68.8,600,0,0.07958417343774718
kampala_elegu,826,413.0,,open road,0,0,0,0,0,18.0,67.8,600,0,0.03651426083911679
kampala_elegu,827,413.5,,open road,0,0,0,1,0,4.0,70.0,600,1,0.009219839999999998
kampala_elegu,828,414.0,Bibia East,open road,0,0,0,0,0,4.0,69.0,600,0,0.008704174463999998
kampala_elegu,829,414.5,Bibia East,open road,0,0,0,0,0,20.0,66.8,600,0,0.038230244769791984
kampala_elegu,830,415.0,Bibia East,open road,0,0,0,0,0,18.0,66.8,600,0,0.03440722029281279
kampala_elegu,831,415.5,Bibia East,open road,0,0,0,0,0,62.0,67.7,600,0,0.12503096907784322
kampala_elegu,832,416.0,Bibia East,open road,0,0,0,0,0,46.0,66.8,600,0,0.08792956297052157
kampala_elegu,833,416.5,Bibia East,open road,0,0,0,0,0,157.0,68.8,600,0,0.3376950062088191
kampala_elegu,834,417.0,Bibia East,open road,0,0,0,0,0,140.0,68.5,600,0,0.2959113032400001
kampala_elegu,835,417.5,Bibia,open road,0,0,0,0,0,83.0,70.0,600,0,0.19131167999999996
kampala_elegu,836,418.0,Bibia,open road,0,0,0,0,0,190.0,67.7,600,0,0.3831594213675841
kampala_elegu,837,418.5,Bibia,roadside settlement,2,0,0,0,0,327.0,66.5,600,0,0.613911214602
kampala_elegu,838,419.0,Bibia,town,2,0,0,0,0,418.0,50.0,600,0,0.2508
kampala_elegu,839,419.5,Bibia West,roadside settlement,1,0,0,0,0,205.0,59.5,600,0,0.24665672282999998
kampala_elegu,840,420.0,Bibia West,open road,0,0,0,0,0,31.0,70.0,600,0,0.07145375999999998
kampala_elegu,841,420.5,Bibia West,open road,0,0,0,0,0,67.0,67.9,600,0,0.13671782252761921
kampala_elegu,842,421.0,Bibia West,open road,2,0,0,0,0,18.0,70.0,600,0,0.04148927999999999
kampala_elegu,843,421.5,,roadside settlement,2,0,0,0,0,66.0,63.2,600,0,0.10108424733327359
kampala_elegu,844,422.0,,roadside settlement,0,0,0,0,0,40.0,64.3,600,0,0.06564098903078401
kampala_elegu,845,422.5,,roadside settlement,1,0,0,0,0,54.0,67.4,600,0,0.10698048907683842
kampala_elegu,846,423.0,,roadside settlement,1,0,0,0,0,216.0,60.9,600,0,0.2852293122314496
kampala_elegu,847,423.5,,roadside settlement,0,0,0,0,0,182.0,61.0,600,0,0.24191453395199997
kampala_elegu,848,424.0,,roadside settlement,0,0,0,0,0,212.0,63.3,600,0,0.3267547683921792
kampala_elegu,849,424.5,,open road,0,0,0,0,0,66.0,65.0,600,0,0.11310156000000003
kampala_elegu,850,425.0,,open road,0,0,0,0,0,104.0,66.5,600,0,0.19525004990400005
kampala_elegu,851,425.5,Bibia West Lc1,open road,0,0,0,0,0,84.0,68.8,600,0,0.18067758293975034
kampala_elegu,852,426.0,Bibia West Lc1,open road,0,0,0,0,0,22.0,68.7,600,0,0.047045800446163216
kampala_elegu,853,426.5,Bibia West Lc1,open road,0,0,0,0,0,24.0,68.9,600,0,0.05192295041456642
kampala_elegu,854,427.0,Bibia West Lc1,open road,0,0,0,0,0,34.0,65.6,600,0,0.060445713393254365
kampala_elegu,855,427.5,Bibia West Lc1,open road,0,0,0,0,0,16.0,65.6,600,0,0.028445041596825583
kampala_elegu,856,428.0,Bibia West Lc1,open road,0,0,0,0,0,62.0,69.3,600,0,0.13727639351099516
kampala_elegu,857,428.5,Bibia West Lc1,roadside settlement,0,0,0,0,0,220.0,60.4,600,0,0.281087587663872
kampala_elegu,858,429.0,Bibia West Lc1,roadside settlement,0,1,0,0,0,568.0,45.5,600,0,0.23370346708800002
kampala_elegu,859,429.5,,town,0,1,0,0,0,478.0,44.1,600,0,0.1735615370357568
kampala_elegu,860,430.0,,roadside settlement,0,0,0,0,0,358.0,55.7,600,0,0.3308072662690369
kampala_elegu,861,430.5,,roadside settlement,0,0,0,0,0,54.0,48.3,600,0,0.028213275898886395
kampala_hoima,0,0.0,Mugema,town,6,0,0,0,0,5884.0,38.7,400,0,0.8446883377671937
kampala_hoima,1,0.5,Namungoona,town,6,0,0,0,0,3603.0,39.4,400,0,0.555685575377203
kampala_hoima,2,1.0,Namugoona Roundabout,town,6,0,1,0,0,3366.0,38.7,400,0,0.48321226120400645
kampala_hoima,3,1.5,Namugoona Roundabout,town,3,0,2,0,0,648.0,50.0,400,0,0.2592
kampala_hoima,4,2.0,Nansana West II A,town,0,0,0,0,0,2216.0,38.7,400,0,0.3181219164670464
kampala_hoima,5,2.5,Nansana East II A,town,0,0,0,0,0,2472.0,32.5,400,0,0.17650698000000004
kampala_hoima,6,3.0,Nansana East II A,town,0,0,0,0,0,2531.0,38.7,400,0,0.36334231524282246
kampala_hoima,7,3.5,Nansana West II B,town,0,0,0,0,0,2641.0,40.0,400,0,0.43270144000000005
kampala_hoima,8,4.0,Nansana,town,0,0,0,0,0,2688.0,38.7,400,0,0.3858807362199553
kampala_hoima,9,4.5,Nansana West I A,town,0,0,0,0,0,2496.0,40.0,400,0,0.4089446400000001
kampala_hoima,10,5.0,Nansana West I B,town,0,0,0,0,0,2466.0,40.7,400,0,0.4330626041706625
kampala_hoima,11,5.5,,town,0,0,0,0,0,2453.0,40.0,400,0,0.40189952000000007
kampala_hoima,12,6.0,,town,1,0,0,1,0,2524.0,39.4,400,1,0.3892729370669054
kampala_hoima,13,6.5,Ocheng A,town,2,0,0,0,0,2263.0,40.0,400,0,0.37076992000000003
kampala_hoima,14,7.0,Ocheng B,town,1,0,0,0,0,2282.0,41.4,400,0,0.42903920433991677
kampala_hoima,15,7.5,Ocheng B,roadside settlement,1,0,0,0,0,1899.0,37.4,400,0,0.2377887738817536
kampala_hoima,16,8.0,Naluvule,town,2,0,0,0,0,2095.0,38.7,400,0,0.300751541064288
kampala_hoima,17,8.5,Kayunga,roadside settlement,2,0,0,0,0,1063.0,56.6,400,0,0.6981985832983555
kampala_hoima,18,9.0,Kayunga,roadside settlement,2,0,0,0,0,1769.0,43.5,400,0,0.40538234883599994
kampala_hoima,19,9.5,Gombe A,roadside settlement,2,0,0,0,0,1930.0,41.4,400,0,0.36285962505523195
kampala_hoima,20,10.0,Kasangobe,roadside settlement,0,0,0,0,0,1858.0,42.8,400,0,0.39902560036126716
kampala_hoima,21,10.5,Kasangobe,town,1,0,0,0,0,1870.0,43.5,400,0,0.4285274122799999
kampala_hoima,22,11.0,Wakiso,town,2,0,0,0,0,2177.0,35.7,400,0,0.22631392017521287
kampala_hoima,23,11.5,Kisimbiri Central,town,0,0,0,0,0,2015.0,42.1,400,0,0.4051197423565762
kampala_hoima,24,12.0,Kyoga,roadside settlement,0,0,0,0,0,1776.0,42.1,400,0,0.3570683188214786
kampala_hoima,25,12.5,Kyoga,roadside settlement,0,0,0,0,0,1214.0,46.8,400,0,0.3727194641104895
kampala_hoima,26,13.0,Namusera,roadside settlement,0,0,0,0,0,1182.0,34.7,400,0,0.10967694621530884
kampala_hoima,27,13.5,Namusera,roadside settlement,0,0,0,0,0,1433.0,42.1,400,0,0.2881074892292673
kampala_hoima,28,14.0,Namusera,roadside settlement,0,0,0,0,0,1266.0,42.1,400,0,0.2545318083490945
kampala_hoima,29,14.5,Namusera,roadside settlement,0,0,0,0,0,656.0,60.2,400,0,0.5514038300524544
kampala_hoima,30,15.0,Nkoowe,roadside settlement,0,0,0,0,0,964.0,44.1,400,0,0.2333519131136256
kampala_hoima,31,15.5,Nkoowe,roadside settlement,0,0,0,0,0,1495.0,43.5,400,0,0.34259277077999994
kampala_hoima,32,16.0,Nkoowe,roadside settlement,0,0,0,0,0,983.0,45.9,400,0,0.2792442466372031
kampala_hoima,33,16.5,Nkoowe,roadside settlement,0,0,0,0,0,677.0,58.0,400,0,0.49032113868799987
kampala_hoima,34,17.0,Kikubampanga,roadside settlement,0,0,0,0,0,482.0,57.1,400,0,0.32792267285914894
kampala_hoima,35,17.5,Kikubampanga,roadside settlement,0,0,0,0,0,777.0,52.8,400,0,0.38648859517255685
kampala_hoima,36,18.0,Kikubampanga,roadside settlement,0,0,0,0,0,441.0,67.6,400,0,0.5893935070593022
kampala_hoima,37,18.5,Kikubampanga,roadside settlement,0,0,0,0,0,848.0,33.7,400,0,0.06999957927249922
kampala_hoima,38,19.0,Kikubampanga,roadside settlement,0,0,0,0,0,1068.0,48.0,400,0,0.36284085043199993
kampala_hoima,39,19.5,Kikubampanga,roadside settlement,0,0,0,0,0,1341.0,42.8,400,0,0.2879942573113344
kampala_hoima,40,20.0,Kikubampanga,roadside settlement,0,0,0,0,0,1216.0,43.5,400,0,0.278657397504
kampala_hoima,41,20.5,Kigaaga,roadside settlement,0,0,0,0,0,1103.0,50.2,400,0,0.4483016682601472
kampala_hoima,42,21.0,Kigaaga,roadside settlement,0,0,0,0,0,1119.0,50.4,400,0,0.4620959969181696
kampala_hoima,43,21.5,Kakiri,town,0,0,0,0,0,1472.0,42.1,400,0,0.29594851650068493
kampala_hoima,44,22.0,Kisenyi,roadside settlement,0,0,0,0,0,1511.0,41.4,400,0,0.2840833644862464
kampala_hoima,45,22.5,Kisenyi,roadside settlement,0,0,0,0,0,782.0,53.6,400,0,0.41309114523975693
kampala_hoima,46,23.0,Kambe,roadside settlement,0,0,0,0,0,771.0,56.0,400,0,0.4852733706240002
kampala_hoima,47,23.5,Kambe,roadside settlement,0,0,0,0,0,867.0,51.2,400,0,0.38131063251271685
kampala_hoima,48,24.0,Bulonda,roadside settlement,0,0,0,0,0,851.0,48.2,400,0,0.2939663953316865
kampala_hoima,49,24.5,Bulonda,roadside settlement,0,0,0,0,0,854.0,51.3,400,0,0.37853610154940165
kampala_hoima,50,25.0,Bulonda,roadside settlement,0,0,0,0,0,998.0,48.6,400,0,0.3563326292170752
kampala_hoima,51,25.5,Nakyelongoosa,roadside settlement,0,0,0,0,0,743.0,60.4,400,0,0.6328729625280511
kampala_hoima,52,26.0,Kikandwa,roadside settlement,0,0,0,0,0,816.0,47.2,400,0,0.2592018681298945
kampala_hoima,53,26.5,Kikandwa,roadside settlement,0,0,0,0,0,1093.0,43.5,400,0,0.25047083509199997
kampala_hoima,54,27.0,Kikandwa,roadside settlement,0,0,0,0,0,686.0,58.9,400,0,0.5284029929300863
kampala_hoima,55,27.5,Lugombe,roadside settlement,0,0,0,0,0,661.0,58.4,400,0,0.49207672310333433
kampala_hoima,56,28.0,Lugombe,roadside settlement,0,0,0,0,0,351.0,63.0,400,0,0.35387451590400004
kampala_hoima,57,28.5,Mwera,roadside settlement,0,0,0,0,0,417.0,66.4,400,0,0.5187861179793409
kampala_hoima,58,29.0,Mwera,roadside settlement,0,0,0,0,0,521.0,36.7,400,0,0.06048977293850243
kampala_hoima,59,29.5,Mwera,roadside settlement,0,0,0,0,0,800.0,43.5,400,0,0.1833272352
kampala_hoima,60,30.0,Mwera,roadside settlement,0,0,0,0,0,879.0,49.4,400,0,0.33502455943157755
kampala_hoima,61,30.5,Nampunge,roadside settlement,0,0,0,0,0,846.0,52.2,400,0,0.4020058278180864
kampala_hoima,62,31.0,Nampunge,roadside settlement,1,0,0,0,0,726.0,47.2,400,0,0.23061342679203847
kampala_hoima,63,31.5,Nampunge,roadside settlement,1,0,0,0,0,961.0,42.1,400,0,0.1932109540469825
kampala_hoima,64,32.0,Nampunge,roadside settlement,0,0,0,0,0,1072.0,44.1,400,0,0.2594950735039488
kampala_hoima,65,32.5,Ggala Nalya,roadside settlement,0,0,0,0,0,762.0,58.6,400,0,0.5750762199410687
kampala_hoima,66,33.0,Gobero,roadside settlement,1,0,0,0,0,635.0,65.6,400,0,0.7526083922493436
kampala_hoima,67,33.5,Gobero,roadside settlement,1,0,0,0,0,621.0,55.4,400,0,0.37437826998896623
kampala_hoima,68,34.0,Gobero,roadside settlement,0,0,0,0,0,475.0,50.0,400,0,0.19
kampala_hoima,69,34.5,Gobero,roadside settlement,0,0,0,0,0,482.0,62.4,400,0,0.46769784729108477
kampala_hoima,70,35.0,Gobero,open road,0,0,0,0,0,188.0,69.1,400,0,0.27431528837035507
kampala_hoima,71,35.5,Gobero,open road,0,0,0,0,0,412.0,66.5,400,0,0.5156603882080001
kampala_hoima,72,36.0,Busaku,open road,0,0,0,0,0,158.0,46.4,400,0,0.04687151413329919
kampala_hoima,73,36.5,Busaku,roadside settlement,0,0,0,0,0,403.0,65.8,400,0,0.483491223003443
kampala_hoima,74,37.0,Busaku,roadside settlement,0,0,0,0,0,592.0,62.1,400,0,0.5634664747619328
kampala_hoima,75,37.5,Busaku,roadside settlement,0,0,0,0,0,439.0,44.5,400,0,0.110175375196
kampala_hoima,76,38.0,Busaku,roadside settlement,0,0,0,0,0,562.0,61.6,400,0,0.5178919234306048
kampala_hoima,77,38.5,Busaku,roadside settlement,0,0,0,0,0,280.0,66.8,400,0,0.3568156178513918
kampala_hoima,78,39.0,Namayumba,roadside settlement,0,0,0,0,0,574.0,39.3,400,0,0.08763186769263356
kampala_hoima,79,39.5,Namayumba,roadside settlement,0,0,0,0,0,1021.0,45.7,400,0,0.28501683713165443
kampala_hoima,80,40.0,Namayumba,roadside settlement,0,0,0,0,0,1343.0,43.5,400,0,0.30776059609199996
kampala_hoima,81,40.5,Namayumba,roadside settlement,0,0,0,0,0,1178.0,44.1,400,0,0.28515410129445123
kampala_hoima,82,41.0,Kavule,roadside settlement,0,0,0,0,0,692.0,59.1,400,0,0.5403012744768767
kampala_hoima,83,41.5,Kavule,roadside settlement,0,0,0,0,0,350.0,64.8,400,0,0.3949553870438401
kampala_hoima,84,42.0,Namayumba,roadside settlement,0,0,0,0,0,644.0,47.0,400,0,0.20112093209599993
kampala_hoima,85,42.5,Namayumba,roadside settlement,0,0,0,0,0,460.0,63.2,400,0,0.46968438154854397
kampala_hoima,86,43.0,Namayumba,roadside settlement,0,0,0,0,0,728.0,55.8,400,0,0.451697980678963
kampala_hoima,87,43.5,Kyanuuna,roadside settlement,0,0,0,0,0,483.0,62.5,400,0,0.4716796875
kampala_hoima,88,44.0,Kyanuuna,open road,0,0,0,0,0,193.0,68.1,400,0,0.2656597322774591
kampala_hoima,89,44.5,Kyanuuna,roadside settlement,0,0,0,0,0,402.0,63.2,400,0,0.41046330735329284
kampala_hoima,90,45.0,Kyanuna,roadside settlement,0,0,0,0,0,577.0,57.8,400,0,0.41216123324999665
kampala_hoima,91,45.5,Kyanuna,roadside settlement,0,0,0,0,0,455.0,62.9,400,0,0.455820604165472
kampala_hoima,92,46.0,Kyanuna,open road,0,0,0,0,0,70.0,68.4,400,0,0.09806237805772802
kampala_hoima,93,46.5,Mikka,roadside settlement,0,0,0,0,0,191.0,65.9,400,0,0.23054462406112644
kampala_hoima,94,47.0,Mikka,roadside settlement,0,0,0,0,0,692.0,51.8,400,0,0.3188637192409088
kampala_hoima,95,47.5,Busunju D,open road,0,0,0,0,0,27.0,68.8,400,0,0.03871662491566079
kampala_hoima,96,48.0,Kibubula C,roadside settlement,0,0,0,0,0,65.0,67.3,400,0,0.08534018648105596
kampala_hoima,97,48.5,Kibubula C,roadside settlement,3,0,0,0,0,429.0,52.7,400,0,0.21177745601400966
kampala_hoima,98,49.0,Busunju,roadside settlement,6,0,0,0,0,794.0,41.4,400,0,0.14928007372738558
kampala_hoima,99,49.5,Kibubula A,roadside settlement,2,0,0,0,0,440.0,48.8,400,0,0.159702582296576
kampala_hoima,100,50.0,Busunju A,roadside settlement,4,0,0,0,0,335.0,29.5,400,0,0.016237263739999997
kampala_hoima,101,50.5,Busunju A,roadside settlement,1,0,0,0,0,196.0,62.4,400,0,0.1901841868652544
kampala_hoima,102,51.0,Mbalala,roadside settlement,1,0,0,0,0,252.0,63.2,400,0,0.2573053568483328
kampala_hoima,103,51.5,Mbalala,roadside settlement,1,0,0,0,0,327.0,50.9,400,0,0.1404749402332608
kampala_hoima,104,52.0,Kitamaavu,roadside settlement,0,0,0,0,0,315.0,48.5,400,0,0.11154689405999998
kampala_hoima,105,52.5,Kitamaavu,roadside settlement,0,0,0,0,0,149.0,64.1,400,0,0.1609897998591295
kampala_hoima,106,53.0,Kitamaavu,open road,0,0,0,0,0,125.0,67.3,400,0,0.16411574323279993
kampala_hoima,107,53.5,Kikunyu,open road,0,0,0,0,0,35.0,69.3,400,0,0.051663158848223985
kampala_hoima,108,54.0,Namigavu,open road,0,0,0,0,0,2.0,53.6,400,0,0.0010564990926848002
kampala_hoima,109,54.5,Namigavu,open road,0,0,0,0,0,2.0,54.9,400,0,0.0011627848038527993
kampala_hoima,110,55.0,Namigavu,roadside settlement,0,0,0,0,0,173.0,36.2,400,0,0.019013425145139207
kampala_hoima,111,55.5,Bombo (namigavu),roadside settlement,0,0,0,0,0,134.0,63.9,400,0,0.14298425108156163
kampala_hoima,112,56.0,Kibisi,roadside settlement,1,0,0,0,0,152.0,60.8,400,0,0.13293455283322878
kampala_hoima,113,56.5,Kibisi,roadside settlement,1,0,0,0,0,199.0,59.4,400,0,0.15855459415234555
kampala_hoima,114,57.0,Kanyale (namigavu),roadside settlement,0,0,0,0,0,198.0,59.0,400,0,0.15355119859199998
kampala_hoima,115,57.5,Wangoma,roadside settlement,0,0,0,0,0,175.0,64.4,400,0,0.19264666365952005
kampala_hoima,116,58.0,Wangoma,roadside settlement,0,0,0,0,0,188.0,63.7,400,0,0.19810505277355522
kampala_hoima,117,58.5,Wangoma,roadside settlement,0,0,0,0,0,54.0,68.6,400,0,0.07653678170664957
kampala_hoima,118,59.0,Mate,roadside settlement,1,0,0,0,0,272.0,41.1,400,0,0.04967251682273281
kampala_hoima,119,59.5,Matte,roadside settlement,1,0,0,0,0,184.0,48.4,400,0,0.0646218286759936
kampala_hoima,120,60.0,Matte,open road,0,0,0,0,0,97.0,34.8,400,0,0.009104763808972797
kampala_hoima,121,60.5,Matte,open road,0,0,0,0,0,9.0,31.7,400,0,0.0005816470533696
kampala_hoima,122,61.0,Matte,open road,1,0,0,0,0,28.0,50.0,400,0,0.0112
kampala_hoima,123,61.5,Nana,open road,1,0,0,0,0,87.0,68.1,400,0,0.11975335081937276
kampala_hoima,124,62.0,Nana,roadside settlement,0,0,0,0,0,205.0,64.1,400,0,0.22149603336323187
kampala_hoima,125,62.5,Nana,roadside settlement,1,0,0,0,0,221.0,49.6,400,0,0.0856049649188864
kampala_hoima,126,63.0,Kabongezo,roadside settlement,2,0,0,0,0,311.0,45.5,400,0,0.08530725148400002
kampala_hoima,127,63.5,Kabongezo,roadside settlement,1,0,0,0,0,207.0,33.7,400,0,0.017087161449772806
kampala_hoima,128,64.0,Kabongezo,roadside settlement,0,0,0,0,0,154.0,62.9,400,0,0.1542777429483136
kampala_hoima,129,64.5,Kikandwa,roadside settlement,0,0,0,0,0,135.0,61.2,400,0,0.12120469165670399
kampala_hoima,130,65.0,Bombo,roadside settlement,0,0,0,0,0,147.0,64.0,400,0,0.15784004812799998
kampala_hoima,131,65.5,Bombo (nakwaya),roadside settlement,1,0,0,0,0,161.0,61.8,400,0,0.15030026640599037
kampala_hoima,132,66.0,Bombo (nakwaya),roadside settlement,1,0,0,0,0,213.0,62.2,400,0,0.20404272559441916
kampala_hoima,133,66.5,Nakwaya B,roadside settlement,1,0,0,0,0,264.0,51.9,400,0,0.1225895165231616
kampala_hoima,134,67.0,Nakwaya B,roadside settlement,0,0,0,0,0,292.0,56.1,400,0,0.18510334649326088
kampala_hoima,135,67.5,Bukalamuli,roadside settlement,0,0,0,0,0,240.0,61.8,400,0,0.22405008656793596
kampala_hoima,136,68.0,Nakwaya,roadside settlement,0,0,0,0,0,256.0,60.8,400,0,0.2238897731928064
kampala_hoima,137,68.5,Kituuma,roadside settlement,0,0,0,0,0,276.0,50.0,400,0,0.1104
kampala_hoima,138,69.0,Kituuma,roadside settlement,0,0,0,0,0,178.0,63.9,400,0,0.1899343036755072
kampala_hoima,139,69.5,Kituuma,roadside settlement,0,0,0,0,0,226.0,52.1,400,0,0.10657106511811842
kampala_hoima,140,70.0,Temanekali A,roadside settlement,0,0,0,0,0,199.0,56.6,400,0,0.13070697843496965
kampala_hoima,141,70.5,Temanekali A,roadside settlement,0,0,0,0,0,271.0,60.1,400,0,0.22628051206829436
kampala_hoima,142,71.0,Temanekali A,roadside settlement,0,0,0,0,0,140.0,65.1,400,0,0.1609281296904959
kampala_hoima,143,71.5,Kasokolindo,roadside settlement,0,0,0,0,0,111.0,66.1,400,0,0.13561533175520635
kampala_hoima,144,72.0,Kasokolindo,roadside settlement,0,0,0,0,0,188.0,63.2,400,0,0.1919579646328832
kampala_hoima,145,72.5,Mataagi,roadside settlement,1,0,0,0,0,197.0,62.0,400,0,0.18630004428799998
kampala_hoima,146,73.0,Bukomero B,roadside settlement,3,0,0,0,0,290.0,52.9,400,0,0.14534518868153604
kampala_hoima,147,73.5,Bukomero B,roadside settlement,4,0,0,0,0,348.0,59.4,400,0,0.27727135057797114
kampala_hoima,148,74.0,Bukomero B,roadside settlement,5,0,0,0,0,348.0,54.6,400,0,0.19793827846840326
kampala_hoima,149,74.5,Bukomero Central,roadside settlement,2,0,0,0,0,448.0,43.5,400,0,0.102663251712
kampala_hoima,150,75.0,Bukomero Central,roadside settlement,2,0,0,0,0,385.0,50.0,400,0,0.154
kampala_hoima,151,75.5,Kakunyu A,roadside settlement,3,0,0,0,0,587.0,44.1,400,0,0.1420929180474048
kampala_hoima,152,76.0,Kakunyu A,roadside settlement,2,0,0,0,0,355.0,55.9,400,0,0.22184802082019192
kampala_hoima,153,76.5,Kalagala B,roadside settlement,1,0,0,0,0,158.0,64.7,400,0,0.17719611002366722
kampala_hoima,154,77.0,Kateera,roadside settlement,1,0,0,0,0,225.0,46.1,400,0,0.06503785263504001
kampala_hoima,155,77.5,Kateera,roadside settlement,3,0,0,0,0,286.0,56.0,400,0,0.18001061478400007
kampala_hoima,156,78.0,Kateera,roadside settlement,4,0,0,0,0,316.0,47.0,400,0,0.09868666854399998
kampala_hoima,157,78.5,Kalagala,roadside settlement,2,0,0,0,0,241.0,64.0,400,0,0.258771779584
kampala_hoima,158,79.0,Kalagala,roadside settlement,1,0,0,0,0,257.0,63.9,400,0,0.2742309890146368
kampala_hoima,159,79.5,Kalagala,roadside settlement,1,0,0,0,0,175.0,46.1,400,0,0.05058499649392001
kampala_hoima,160,80.0,Kyamanyoli,roadside settlement,0,0,0,0,0,179.0,56.9,400,0,0.12008314967461756
kampala_hoima,161,80.5,Kyamanyoli,roadside settlement,0,0,0,0,0,146.0,59.2,400,0,0.11476769429258248
kampala_hoima,162,81.0,Kyamanyoli,open road,0,0,0,0,0,115.0,50.0,400,0,0.046
kampala_hoima,163,81.5,Kyamanyoli,open road,0,0,0,0,0,102.0,47.9,400,0,0.0343654629955968
kampala_hoima,164,82.0,Kayunga,open road,0,0,0,0,0,90.0,40.6,400,0,0.015650442372096004
kampala_hoima,165,82.5,Kayunga,roadside settlement,1,0,0,0,0,133.0,35.5,400,0,0.013519014291999998
kampala_hoima,166,83.0,Kayunga,roadside settlement,1,0,0,0,0,251.0,62.4,400,0,0.24355219848560639
kampala_hoima,167,83.5,Mpangala East,roadside settlement,0,0,0,0,0,231.0,60.9,400,0,0.20335793557242238
kampala_hoima,168,84.0,Mpangala East,roadside settlement,2,0,0,0,0,190.0,61.1,400,0,0.169472179953856
kampala_hoima,169,84.5,Mpangala West,roadside settlement,2,0,0,0,0,153.0,65.7,400,0,0.18244538532961924
kampala_hoima,170,85.0,Kiyamba,roadside settlement,0,0,0,0,0,108.0,65.1,400,0,0.12414455718981113
kampala_hoima,171,85.5,Kiyamba,roadside settlement,2,0,0,0,0,215.0,65.3,400,0,0.25019069814665607
kampala_hoima,172,86.0,Kiyamba,roadside settlement,2,0,0,0,0,68.0,67.6,400,0,0.09088153850347516
kampala_hoima,173,86.5,Kyoomya,roadside settlement,0,0,0,0,0,79.0,67.5,400,0,0.10495959750000003
kampala_hoima,174,87.0,Kyoomya,roadside settlement,0,0,0,0,0,147.0,66.3,400,0,0.1817822281399487
kampala_hoima,175,87.5,Kyoomya,roadside settlement,0,0,0,0,0,133.0,65.5,400,0,0.15667395797200004
kampala_hoima,176,88.0,Nakaseeta,roadside settlement,0,0,0,0,0,100.0,67.8,400,0,0.13523800310783995
kampala_hoima,177,88.5,Nakaseeta,open road,0,0,0,0,0,65.0,68.6,400,0,0.09212760760985597
kampala_hoima,178,89.0,Nakaseeta,roadside settlement,0,0,0,0,0,142.0,62.6,400,0,0.1395615072729088
kampala_hoima,179,89.5,Nakaseeta,roadside settlement,0,0,0,0,0,175.0,64.1,400,0,0.18908197970031987
kampala_hoima,180,90.0,Ssinde,open road,1,0,0,0,0,121.0,68.4,400,0,0.16950782492835842
kampala_hoima,181,90.5,Ssinde,roadside settlement,2,0,0,0,0,135.0,65.8,400,0,0.16196356105574392
kampala_hoima,182,91.0,Ssinde,roadside settlement,2,0,0,0,0,180.0,65.8,400,0,0.2159514147409919
kampala_hoima,183,91.5,Ssinde,roadside settlement,1,0,0,0,0,119.0,67.2,400,0,0.15531164785704965
kampala_hoima,184,92.0,Ssinde,roadside settlement,0,0,0,0,0,124.0,67.7,400,0,0.16670795877045766
kampala_hoima,185,92.5,Lunya,roadside settlement,1,0,0,0,0,104.0,67.9,400,0,0.14147913973007362
kampala_hoima,186,93.0,Lunya,roadside settlement,1,0,0,0,0,218.0,61.5,400,0,0.199589150952
kampala_hoima,187,93.5,Lunya,roadside settlement,2,0,0,0,0,262.0,40.8,400,0,0.046464569494732794
kampala_hoima,188,94.0,Kitutumuzi,roadside settlement,1,0,0,0,0,307.0,60.4,400,0,0.2614966345842688
kampala_hoima,189,94.5,Lunya,roadside settlement,0,0,0,0,0,229.0,62.6,400,0,0.22506750116546562
kampala_hoima,190,95.0,Lunya,roadside settlement,0,0,0,0,0,189.0,66.1,400,0,0.2309125919075135
kampala_hoima,191,95.5,Lunya,roadside settlement,1,0,0,0,0,174.0,66.5,400,0,0.21777890181600001
kampala_hoima,192,96.0,Lunya,roadside settlement,1,0,0,0,0,130.0,66.1,400,0,0.15882876692051193
kampala_hoima,193,96.5,Kawanda-namawugulu,roadside settlement,0,0,0,0,0,157.0,63.5,400,0,0.16337083454800003
kampala_hoima,194,97.0,Kawaawa,roadside settlement,0,0,0,0,0,136.0,65.5,400,0,0.16020795702400004
kampala_hoima,195,97.5,Kawaawa,roadside settlement,2,0,0,0,0,203.0,65.8,400,0,0.24354520662456308
kampala_hoima,196,98.0,Kawaawa,roadside settlement,4,0,0,0,0,282.0,63.2,400,0,0.2879369469493248
kampala_hoima,197,98.5,Kattanzige,roadside settlement,5,0,0,0,0,421.0,51.4,400,0,0.18806784397527043
kampala_hoima,198,99.0,Kattanzige,roadside settlement,4,1,0,0,0,712.0,43.5,400,0,0.163161239328
kampala_hoima,199,99.5,Lwamata Central,town,0,1,0,0,0,551.0,42.8,400,0,0.11833321087139839
kampala_hoima,200,100.0,Lwamata Central,roadside settlement,1,0,0,0,0,333.0,44.7,400,0,0.0850852540683072
kampala_hoima,201,100.5,Lwamata,roadside settlement,1,0,0,0,0,239.0,63.2,400,0,0.24403166780456959
kampala_hoima,202,101.0,Kittankula,roadside settlement,0,0,0,0,0,152.0,64.5,400,0,0.16836911164800003
kampala_hoima,203,101.5,Kittankula,roadside settlement,0,0,0,0,0,155.0,64.7,400,0,0.173831626921952
kampala_hoima,204,102.0,Busabulongo,roadside settlement,0,0,0,0,0,100.0,64.9,400,0,0.11354258073664002
kampala_hoima,205,102.5,Busabulongo,roadside settlement,1,0,0,0,0,161.0,60.8,400,0,0.1408056776720384
kampala_hoima,206,103.0,Busabulongo,roadside settlement,1,0,0,0,0,154.0,62.0,400,0,0.145635567616
kampala_hoima,207,103.5,Kyekumbya (kyekumbya),roadside settlement,1,0,0,0,0,136.0,65.7,400,0,0.1621736758485504
kampala_hoima,208,104.0,Kyekumbya (kyekumbya),roadside settlement,1,0,0,0,0,188.0,64.4,400,0,0.20695755867422724
kampala_hoima,209,104.5,Kyekumbya (kyekumbya),roadside settlement,1,0,0,0,0,150.0,62.4,400,0,0.14554912260095998
kampala_hoima,210,105.0,Kyekumbya (kyekumbya),roadside settlement,0,0,0,0,0,200.0,60.5,400,0,0.17148710479999998
kampala_hoima,211,105.5,Kyekumbya (kyekumbya),roadside settlement,0,0,0,0,0,309.0,50.4,400,0,0.1276029160390656
kampala_hoima,212,106.0,Kyekumbya (kyekumbya),roadside settlement,0,0,0,0,0,103.0,66.4,400,0,0.12814141523230724
kampala_hoima,213,106.5,,roadside settlement,2,0,0,0,0,108.0,62.4,400,0,0.10479536827269119
kampala_hoima,214,107.0,,roadside settlement,2,0,0,0,0,150.0,65.7,400,0,0.17886802483296002
kampala_hoima,215,107.5,,roadside settlement,0,0,0,0,0,265.0,64.9,400,0,0.30088783895209603
kampala_hoima,216,108.0,Kirinda,roadside settlement,0,0,0,0,0,229.0,63.8,400,0,0.2428276691670016
kampala_hoima,217,108.5,Kirinda,open road,0,0,0,0,0,57.0,52.2,400,0,0.027085499037388803
kampala_hoima,218,109.0,Kirinda,roadside settlement,2,0,0,0,0,186.0,36.7,400,0,0.02159519724867841
kampala_hoima,219,109.5,Kirinda,roadside settlement,3,0,0,0,0,434.0,40.0,400,0,0.07110656000000001
kampala_hoima,220,110.0,Kirinda,roadside settlement,3,0,0,0,0,498.0,43.5,400,0,0.11412120391199998
kampala_hoima,221,110.5,Kirinda,roadside settlement,0,0,0,0,0,258.0,59.8,400,0,0.2111564810913792
kampala_hoima,222,111.0,Kyetume A,roadside settlement,0,0,0,0,0,223.0,65.3,400,0,0.25950011947304324
kampala_hoima,223,111.5,Kyetume A,roadside settlement,0,0,0,0,0,255.0,50.0,400,0,0.102
kampala_hoima,224,112.0,Kyetume A,roadside settlement,1,0,0,0,0,368.0,53.9,400,0,0.19878465363384323
kampala_hoima,225,112.5,Kagobe,roadside settlement,0,0,0,0,0,174.0,66.7,400,0,0.22041064117666564
kampala_hoima,226,113.0,Kagobe,roadside settlement,1,0,0,0,0,148.0,66.4,400,0,0.18412552868331525
kampala_hoima,227,113.5,Lwaminyol,roadside settlement,1,0,0,0,0,197.0,67.5,400,0,0.2617346925000001
kampala_hoima,228,114.0,Lwaminyol,roadside settlement,0,0,0,0,0,291.0,54.9,400,0,0.16918518896058232
kampala_hoima,229,114.5,Kyanga,roadside settlement,2,0,0,0,0,544.0,50.0,400,0,0.2176
kampala_hoima,230,115.0,Luwunga.b,roadside settlement,5,0,0,0,0,649.0,33.1,400,0,0.049858205797945615
kampala_hoima,231,115.5,Hospital,town,4,0,0,0,0,621.0,43.0,400,0,0.135876826944
kampala_hoima,232,116.0,Hospital,roadside settlement,1,0,0,0,0,518.0,51.7,400,0,0.23684919124401924
kampala_hoima,233,116.5,Kiboga Town,roadside settlement,6,0,0,0,0,767.0,49.8,400,0,0.3019205743377408
kampala_hoima,234,117.0,Kiboga,roadside settlement,6,0,0,0,0,865.0,43.5,400,0,0.19822257306
kampala_hoima,235,117.5,Kabakanjagala,roadside settlement,1,0,0,0,0,635.0,45.0,400,0,0.1666494
kampala_hoima,236,118.0,Kabakanjagala,roadside settlement,0,0,0,0,0,273.0,60.8,400,0,0.23875745344389118
kampala_hoima,237,118.5,Katuugo,roadside settlement,0,0,0,0,0,350.0,57.3,400,0,0.24147184821983994
kampala_hoima,238,119.0,Katuugo,roadside settlement,0,0,0,0,0,411.0,45.7,400,0,0.11473253678855043
kampala_hoima,239,119.5,Kalagi A,roadside settlement,1,0,0,0,0,323.0,61.5,400,0,0.295721540172
kampala_hoima,240,120.0,Kalagi A,roadside settlement,1,0,0,0,0,333.0,65.2,400,0,0.3851364211310593
kampala_hoima,241,120.5,Kalagi B,roadside settlement,1,0,0,0,0,617.0,45.6,400,0,0.1707357665230848
kampala_hoima,242,121.0,Kalagi B,roadside settlement,1,0,0,0,0,353.0,59.5,400,0,0.28315389645199995
kampala_hoima,243,121.5,Masodde,roadside settlement,1,0,0,0,0,210.0,43.8,400,0,0.049464737731583976
kampala_hoima,244,122.0,Masodde,roadside settlement,3,0,0,0,0,448.0,56.9,400,0,0.3005433019789311
kampala_hoima,245,122.5,Masodde,roadside settlement,2,0,0,0,0,381.0,62.0,400,0,0.360306177024
kampala_hoima,246,123.0,Kikweyengo,roadside settlement,0,0,0,0,0,197.0,53.9,400,0,0.10641461077681283
kampala_hoima,247,123.5,Kikweyengo,roadside settlement,0,0,0,0,0,254.0,45.8,400,0,0.07152792106741757
kampala_hoima,248,124.0,Kikweyengo,roadside settlement,1,0,0,0,0,240.0,56.1,400,0,0.15213973684377605
kampala_hoima,249,124.5,Kikweyengo,roadside settlement,1,0,0,0,0,273.0,63.6,400,0,0.2858716468887552
kampala_hoima,250,125.0,Kyakayingo,roadside settlement,1,0,0,0,0,194.0,65.3,400,0,0.22575346716488964
kampala_hoima,251,125.5,Kisekende,roadside settlement,0,0,0,0,0,181.0,64.8,400,0,0.20424835729981444
kampala_hoima,252,126.0,Kisekende,open road,0,0,0,0,0,79.0,68.9,400,0,0.11394203007640963
kampala_hoima,253,126.5,Lwansama,roadside settlement,1,0,0,0,0,161.0,51.7,400,0,0.07361528917043841
kampala_hoima,254,127.0,Lwansama,roadside settlement,1,0,0,0,0,179.0,64.4,400,0,0.19705001597173763
kampala_hoima,255,127.5,Lwansama,roadside settlement,0,0,0,0,0,192.0,63.4,400,0,0.19853552755015683
kampala_hoima,256,128.0,Lwampalala,roadside settlement,0,0,0,0,0,142.0,68.1,400,0,0.19545949214196473
kampala_hoima,257,128.5,Lwampalala,open road,0,0,0,0,0,89.0,69.3,400,0,0.13137203249976956
kampala_hoima,258,129.0,Kikolimbo,open road,0,0,0,0,0,158.0,69.2,400,0,0.2318790106775553
kampala_hoima,259,129.5,Kikolimbo,roadside settlement,1,0,0,0,0,230.0,65.2,400,0,0.2660101407211521
kampala_hoima,260,130.0,Kikolimbo,roadside settlement,1,0,0,0,0,79.0,67.8,400,0,0.10683802245519357
kampala_hoima,261,130.5,Kiyombya A,open road,0,0,0,0,0,145.0,56.6,400,0,0.09523875313100803
kampala_hoima,262,131.0,Kiyombya A,roadside settlement,1,0,0,0,0,222.0,63.6,400,0,0.23246705351393282
kampala_hoima,263,131.5,Kiyombya A,roadside settlement,1,0,0,0,0,228.0,67.6,400,0,0.3047204526292991
kampala_hoima,264,132.0,Watuba,open road,0,0,0,0,0,126.0,68.9,400,0,0.18173032645098244
kampala_hoima,265,132.5,Watuba,roadside settlement,0,0,0,0,0,189.0,59.2,400,0,0.1485691385020417
kampala_hoima,266,133.0,Wattuba East,roadside settlement,1,0,0,0,0,205.0,64.6,400,0,0.22848826873907188
kampala_hoima,267,133.5,Wattuba East,roadside settlement,2,0,0,0,0,427.0,52.6,400,0,0.20919477140961282
kampala_hoima,268,134.0,Mutuba,roadside settlement,1,0,0,0,0,353.0,54.6,400,0,0.20078221925099526
kampala_hoima,269,134.5,Kyakayamba,roadside settlement,0,0,0,0,0,299.0,66.1,400,0,0.36530616391717746
kampala_hoima,270,135.0,Kyakayamba,open road,0,0,0,0,0,112.0,69.4,400,0,0.16627841592033285
kampala_hoima,271,135.5,Kyakayamba,open road,0,0,0,0,0,102.0,68.9,400,0,0.14711502617460484
kampala_hoima,272,136.0,Kyakayamba,open road,0,0,0,0,0,31.0,69.7,400,0,0.04682446028103042
kampala_hoima,273,136.5,Bekiina,open road,0,0,0,0,0,85.0,51.9,400,0,0.039470109486624
kampala_hoima,274,137.0,Bekiina,open road,0,0,0,0,0,111.0,59.1,400,0,0.08666682292909439
kampala_hoima,275,137.5,Bekiina,open road,0,0,0,0,0,61.0,68.9,400,0,0.08798055486912643
kampala_hoima,276,138.0,Mukyenda,open road,0,0,0,0,0,37.0,70.0,400,0,0.056855679999999985
kampala_hoima,277,138.5,Mukyenda,roadside settlement,1,0,0,0,0,309.0,53.1,400,0,0.15722316611832965
kampala_hoima,278,139.0,Mukyenda,roadside settlement,1,0,0,0,0,482.0,44.1,400,0,0.1166759565568128
kampala_hoima,279,139.5,Mukyenda,roadside settlement,0,0,0,0,0,221.0,58.7,400,0,0.1679285943243585
kampala_hoima,280,140.0,Kikoma A,roadside settlement,0,0,0,0,0,266.0,65.1,400,0,0.3057634464119422
kampala_hoima,281,140.5,Kikoma A,open road,0,0,0,0,0,12.0,68.5,400,0,0.016909217328000006
kampala_hoima,282,141.0,Kikoma A,open road,0,0,0,0,0,24.0,66.8,400,0,0.030584195815833586
kampala_hoima,283,141.5,Kyanawaalu,roadside settlement,1,0,0,0,0,90.0,66.8,400,0,0.11469073430937596
kampala_hoima,284,142.0,Kyanawaalu,roadside settlement,2,0,0,0,0,262.0,61.4,400,0,0.23831684999802877
kampala_hoima,285,142.5,Kyanawaalu,roadside settlement,2,0,0,0,0,146.0,66.2,400,0,0.17945881162403843
kampala_hoima,286,143.0,Kyanawaalu,open road,0,0,0,0,0,22.0,69.8,400,0,0.03342137745633279
kampala_hoima,287,143.5,Kyanawaalu,open road,0,0,0,0,0,16.0,70.0,400,0,0.024586239999999995
kampala_hoima,288,144.0,Kamirambazzi,open road,0,0,0,0,0,15.0,69.9,400,0,0.022918169971296008
kampala_hoima,289,144.5,Kamirambazzi,open road,0,0,0,0,0,41.0,69.4,400,0,0.06086977725655042
kampala_hoima,290,145.0,Kamirambazzi,roadside settlement,0,0,0,0,0,278.0,64.8,400,0,0.31370742170910726
kampala_hoima,291,145.5,Kamirambazzi,roadside settlement,1,0,0,0,0,376.0,50.2,400,0,0.1528208769409024
kampala_hoima,292,146.0,Kamirambazzi,roadside settlement,1,0,0,0,0,284.0,63.4,400,0,0.29366713450127363
kampala_hoima,293,146.5,Bukwiri Trading Centre,roadside settlement,1,0,0,0,0,256.0,67.6,400,0,0.34214226260131825
kampala_hoima,294,147.0,Bukwiri Trading Centre,roadside settlement,0,0,0,0,0,318.0,43.1,400,0,0.0702289498910592
kampala_hoima,295,147.5,Bukwiri Trading Centre,roadside settlement,2,0,0,0,0,590.0,60.7,400,0,0.512609617309376
kampala_hoima,296,148.0,Bukwiri,roadside settlement,3,0,0,0,0,631.0,48.3,400,0,0.2197849023728064
kampala_hoima,297,148.5,Bukwiri,open road,1,0,0,0,0,186.0,68.5,400,0,0.26209286858400005
kampala_hoima,298,149.0,Kayunga,open road,1,0,0,0,0,191.0,45.6,400,0,0.05285337342935041
kampala_hoima,299,149.5,Kayunga,open road,1,0,0,0,0,174.0,67.7,400,0,0.23392890988757767
kampala_hoima,300,150.0,Kayunga,open road,0,0,0,0,0,190.0,67.3,400,0,0.2494559297138559
kampala_hoima,301,150.5,Lwebisiriza,open road,0,0,0,0,0,25.0,57.3,400,0,0.017247989158559993
kampala_hoima,302,151.0,Lwebisiriza,open road,0,0,0,0,0,143.0,50.9,400,0,0.061430937166227204
kampala_hoima,303,151.5,Lwebisiriza,roadside settlement,1,0,0,0,0,367.0,61.5,400,0,0.3360055889879999
kampala_hoima,304,152.0,Lwebisiriza,roadside settlement,1,0,0,0,0,303.0,63.9,400,0,0.3233151349083072
kampala_hoima,305,152.5,Katanabirwa,open road,0,0,0,0,0,84.0,69.2,400,0,0.12327744871464966
kampala_hoima,306,153.0,Katanabirwa,roadside settlement,1,0,0,0,0,430.0,47.0,400,0,0.13428882111999998
kampala_hoima,307,153.5,Katanabirwa,roadside settlement,2,0,0,0,0,588.0,46.4,400,0,0.17443322981253115
kampala_hoima,308,154.0,Katanabirwa,roadside settlement,1,0,0,0,0,347.0,47.6,400,0,0.11400850732974084
kampala_hoima,309,154.5,Katanabirwa,roadside settlement,0,0,0,0,0,178.0,64.0,400,0,0.191126044672
kampala_hoima,310,155.0,Nkulubanyi,open road,0,0,0,0,0,5.0,70.0,400,0,0.0076831999999999985
kampala_hoima,311,155.5,Nkulubanyi,open road,0,0,0,0,0,60.0,45.8,400,0,0.01689635930726399
kampala_hoima,312,156.0,Nkulubanyi,roadside settlement,0,0,0,0,0,203.0,66.9,400,0,0.2602438546583232
kampala_hoima,313,156.5,Nkulubanyi,open road,0,0,0,0,0,57.0,68.3,400,0,0.07938485290174077
kampala_hoima,314,157.0,Nkulubanyi,open road,0,0,0,0,0,17.0,51.6,400,0,0.0077130776199168015
kampala_hoima,315,157.5,Kalagi,open road,0,0,0,0,0,9.0,55.3,400,0,0.005386702722105598
kampala_hoima,316,158.0,Kalagi,open road,0,0,0,0,0,101.0,67.5,400,0,0.13418885250000004
kampala_hoima,317,158.5,Kalagi,open road,0,0,0,0,0,119.0,58.0,400,0,0.08618643353599999
kampala_hoima,318,159.0,Kalagi,open road,0,0,0,0,0,40.0,69.9,400,0,0.06111511992345602
kampala_hoima,319,159.5,Mumasole,roadside settlement,0,0,0,0,0,180.0,66.3,400,0,0.22259048343667187
kampala_hoima,320,160.0,Karagi,roadside settlement,0,0,0,0,0,414.0,55.0,400,0,0.24245496000000008
kampala_hoima,321,160.5,Karagi,roadside settlement,0,0,0,0,0,291.0,63.7,400,0,0.3066413316867264
kampala_hoima,322,161.0,Karagi,open road,0,0,0,0,0,61.0,70.0,400,0,0.09373503999999998
kampala_hoima,323,161.5,Kyabadeba,open road,0,0,0,0,0,117.0,69.7,400,0,0.17672457589937288
kampala_hoima,324,162.0,Kyakabuga,roadside settlement,0,0,0,0,0,252.0,49.6,400,0,0.0976129011744768
kampala_hoima,325,162.5,Kyakabuga,roadside settlement,1,0,0,0,0,358.0,58.2,400,0,0.2628784220608514
kampala_hoima,326,163.0,Kyakabuga,roadside settlement,1,0,0,0,0,160.0,67.0,400,0,0.20634747904000006
kampala_hoima,327,163.5,Munsambya,roadside settlement,0,0,0,0,0,150.0,48.1,400,0,0.05138679582816001
kampala_hoima,328,164.0,Munsambya,roadside settlement,1,0,0,0,0,389.0,54.4,400,0,0.21803447783260166
kampala_hoima,329,164.5,Kawungeera,roadside settlement,1,0,0,0,0,177.0,39.7,400,0,0.02813942814679681
kampala_hoima,330,165.0,Kawungeera,roadside settlement,0,0,0,0,0,139.0,52.3,400,0,0.06655819407295362
kampala_hoima,331,165.5,Kawungeera,open road,0,0,0,0,0,140.0,68.2,400,0,0.19384094049689604
kampala_hoima,332,166.0,Nsambya,open road,0,0,0,0,0,21.0,69.3,400,0,0.030997895308934393
kampala_hoima,333,166.5,Nsambya,open road,0,0,0,0,0,98.0,68.9,400,0,0.14134580946187525
kampala_hoima,334,167.0,Nsambya,roadside settlement,0,0,0,0,0,192.0,57.4,400,0,0.13339168920698877
kampala_hoima,335,167.5,Kilimanjaro,roadside settlement,0,0,0,0,0,240.0,67.2,400,0,0.3132335755100161
kampala_hoima,336,168.0,Kilimanjaro,roadside settlement,0,0,0,0,0,304.0,61.5,400,0,0.2783261554559999
kampala_hoima,337,168.5,Kilimanjaro,roadside settlement,0,0,0,0,0,128.0,68.2,400,0,0.17722600274001923
kampala_hoima,338,169.0,Kikonda A,roadside settlement,0,0,0,0,0,263.0,64.4,400,0,0.2895204145283073
kampala_hoima,339,169.5,Kikonda A,roadside settlement,2,0,0,0,0,460.0,61.2,400,0,0.41299376416358397
kampala_hoima,340,170.0,Kikonda,roadside settlement,2,0,0,0,0,608.0,44.1,400,0,0.1471763103455232
kampala_hoima,341,170.5,Kikonda B,roadside settlement,0,0,0,0,0,261.0,62.1,400,0,0.2484201856636224
kampala_hoima,342,171.0,Kikonda B,roadside settlement,0,0,0,0,0,344.0,64.6,400,0,0.3834144607133694
kampala_hoima,343,171.5,Kalongo,roadside settlement,0,0,0,0,0,187.0,66.7,400,0,0.23687810287377284
kampala_hoima,344,172.0,Kalongo,roadside settlement,0,0,0,0,0,230.0,67.5,400,0,0.3055785750000001
kampala_hoima,345,172.5,Kalongo,open road,0,0,0,0,0,46.0,69.4,400,0,0.06829292082442243
kampala_hoima,346,173.0,Kalongo,open road,0,0,0,0,0,116.0,68.3,400,0,0.16155513923863032
kampala_hoima,347,173.5,Kalongo,open road,0,0,0,0,0,86.0,67.2,400,0,0.11224203122442243
kampala_hoima,348,174.0,Kasambya I,open road,0,0,0,0,0,17.0,70.0,400,0,0.026122879999999994
kampala_hoima,349,174.5,Kasambya I,open road,0,0,0,0,0,3.0,69.8,400,0,0.004557460562227199
kampala_hoima,350,175.0,Kategeira,roadside settlement,0,0,0,0,0,144.0,57.6,400,0,0.10144540954460166
kampala_hoima,351,175.5,Kategeira,roadside settlement,0,0,0,0,0,193.0,59.1,400,0,0.1506909623902272
kampala_hoima,352,176.0,Kategeira,roadside settlement,2,0,0,0,0,282.0,45.8,400,0,0.07941288874414078
kampala_hoima,353,176.5,Katereiga I,roadside settlement,2,0,0,0,0,255.0,63.6,400,0,0.26702296687411203
kampala_hoima,354,177.0,Katereiga I,roadside settlement,1,0,0,0,0,211.0,67.4,400,0,0.2786775703112705
kampala_hoima,355,177.5,Kihuura I,open road,0,0,0,0,0,134.0,59.7,400,0,0.10893867704098559
kampala_hoima,356,178.0,Kihuura Ii,roadside settlement,0,0,0,0,0,228.0,49.7,400,0,0.08903082052139523
kampala_hoima,357,178.5,Kihuura Ii,roadside settlement,0,0,0,0,0,266.0,49.1,400,0,0.0989435706702464
kampala_hoima,358,179.0,Butema,roadside settlement,1,0,0,0,0,272.0,53.2,400,0,0.1394425792299008
kampala_hoima,359,179.5,Butema,roadside settlement,1,0,0,0,0,363.0,55.9,400,0,0.2268474128386751
kampala_hoima,360,180.0,Butema,roadside settlement,1,1,0,0,0,328.0,60.6,400,0,0.2831028975378431
kampala_hoima,361,180.5,Kihenda,open road,1,0,0,0,0,183.0,68.2,400,0,0.25337780079237127
kampala_hoima,362,181.0,Kinogozi,open road,0,0,0,0,0,56.0,50.0,400,0,0.0224
kampala_hoima,363,181.5,Kinogozi,roadside settlement,0,0,0,0,0,167.0,64.7,400,0,0.1872895593288128
kampala_hoima,364,182.0,Kacungiro (kinogozi),open road,0,0,0,0,0,92.0,67.5,400,0,0.12223143000000003
kampala_hoima,365,182.5,Kinogozi East,open road,1,0,0,0,0,176.0,68.8,400,0,0.25237503648727033
kampala_hoima,366,183.0,Kinogozi East,roadside settlement,1,0,0,0,0,227.0,66.1,400,0,0.27733946223812467
kampala_hoima,367,183.5,Kinogozi East,roadside settlement,1,0,0,0,0,150.0,66.2,400,0,0.18437549139456005
kampala_hoima,368,184.0,Kidaiko,open road,0,0,0,0,0,210.0,67.4,400,0,0.2773568235325441
kampala_hoima,369,184.5,Kidaiko,open road,0,0,0,0,0,138.0,58.6,400,0,0.10414766187909118
kampala_hoima,370,185.0,Kyentale,open road,0,0,0,0,0,133.0,46.4,400,0,0.03945513531473919
kampala_hoima,371,185.5,Kyentale,roadside settlement,0,0,0,0,0,283.0,65.7,400,0,0.3374643401848513
kampala_hoima,372,186.0,Kyentale,roadside settlement,0,0,0,0,0,233.0,64.8,400,0,0.2629274433748992
kampala_hoima,373,186.5,Kihemba,roadside settlement,0,0,0,0,0,317.0,47.9,400,0,0.10680246832945278
kampala_hoima,374,187.0,Kihemba,roadside settlement,1,0,0,0,0,258.0,43.3,400,0,0.0580431889997952
kampala_hoima,375,187.5,Kihemba,roadside settlement,1,0,0,0,0,150.0,45.0,400,0,0.039366
kampala_hoima,376,188.0,Butanjwa,roadside settlement,0,0,0,0,0,206.0,47.1,400,0,0.06488298516407041
kampala_hoima,377,188.5,Butanjwa,roadside settlement,0,0,0,0,0,282.0,64.4,400,0,0.3104363380113408
kampala_hoima,378,189.0,Butanjwa,roadside settlement,0,0,0,0,0,328.0,63.9,400,0,0.3499913011548672
kampala_hoima,379,189.5,Bwikya Cell,roadside settlement,0,0,0,0,0,315.0,62.2,400,0,0.30175332658329596
kampala_hoima,380,190.0,Bwikya Cell,town,3,0,0,0,0,563.0,50.0,400,0,0.2252
kampala_hoima,381,190.5,Bwikya Cell,town,5,0,0,0,0,478.0,50.0,400,0,0.1912
kampala_hoima,382,191.0,Kinubi Cell,town,5,0,0,0,0,642.0,45.3,400,0,0.17302458254849273
kampala_hoima,383,191.5,Kinubi Cell,town,5,0,0,0,0,734.0,43.5,400,0,0.168202738296
kampala_hoima,384,192.0,Kinubi Cell,town,8,0,0,0,0,532.0,50.0,400,0,0.2128
kampala_hoima,385,192.5,Kijungu Cell,town,7,0,0,0,0,665.0,37.3,400,0,0.082382875496096
kampala_hoima,386,193.0,Market Cell,town,8,0,0,0,0,629.0,50.0,400,0,0.2516
kampala_hoima,387,193.5,Hospital Cell,town,5,1,0,0,0,844.0,50.0,400,0,0.3376
kampala_hoima,388,194.0,Hoima,town,8,1,0,0,0,895.0,50.0,400,0,0.358
kampala_katuna,0,0.0,Spier Zone,town,5,0,0,0,0,3679.0,47.2,430,0,1.2562793484235575
kampala_katuna,1,0.5,Mutaawe Zone,town,7,0,0,0,0,3526.0,40.7,430,0,0.6656537501941151
kampala_katuna,2,1.0,Nsiike I Zone,town,5,0,0,0,0,3553.0,38.7,430,0,0.5483116908384351
kampala_katuna,3,1.5,Nabuny zone A,town,1,0,0,0,0,3093.0,42.0,430,0,0.6621639300863998
kampala_katuna,4,2.0,Kabusu (zone),town,1,0,0,0,0,3405.0,38.7,430,0,0.5254718005361304
kampala_katuna,5,2.5,Kabusu,town,0,0,0,0,0,3558.0,38.7,430,0,0.5490833087540534
kampala_katuna,6,3.0,Nalukolongo,town,0,0,1,0,0,3594.0,38.7,430,0,0.554638957746506
kampala_katuna,7,3.5,Musoke Zone,town,1,0,0,0,0,3170.0,38.7,430,0,0.48920575850206566
kampala_katuna,8,4.0,Natete Central C Zone,town,1,1,1,0,0,3693.0,38.7,430,0,0.5699169924757502
kampala_katuna,9,4.5,Natete Central B Zone,town,1,1,1,0,0,3386.0,39.4,430,0,0.561384321424993
kampala_katuna,10,5.0,Kitaka,town,0,0,0,0,0,3279.0,38.7,430,0,0.5060270290625468
kampala_katuna,11,5.5,Kitaka Zone,town,0,0,0,0,0,3444.0,38.7,430,0,0.531490420277954
kampala_katuna,12,6.0,Kigwanya,town,1,2,0,0,0,2865.0,38.7,430,0,0.44213706564934324
kampala_katuna,13,6.5,Busega,town,1,2,0,0,0,742.0,50.0,430,0,0.31906
kampala_katuna,14,7.0,Nkokonjeru A,roadside settlement,1,0,0,0,0,712.0,61.1,430,0,0.6827052975614809
kampala_katuna,15,7.5,Nkokonjeru,town,1,0,0,0,0,1546.0,38.7,430,0,0.2385842595092093
kampala_katuna,16,8.0,Kyengera,town,0,0,0,0,0,2103.0,38.7,430,0,0.32454249530909907
kampala_katuna,17,8.5,Central(kyengera),town,0,0,0,0,0,2361.0,40.0,430,0,0.4158382080000001
kampala_katuna,18,9.0,Mugongo,town,0,0,0,0,0,2304.0,41.4,430,0,0.46566358514860023
kampala_katuna,19,9.5,Wakimese,town,0,0,0,0,0,1941.0,38.7,430,0,0.2995420748430629
kampala_katuna,20,10.0,Wakimese,town,0,0,0,0,0,1529.0,47.9,430,0,0.553780905777329
kampala_katuna,21,10.5,Kiyanja,town,1,0,0,0,0,1457.0,46.1,430,0,0.45274294504865464
kampala_katuna,22,11.0,Kiyanja,roadside settlement,1,0,0,0,0,1605.0,49.2,430,0,0.6470292082120707
kampala_katuna,23,11.5,Tega,town,0,0,0,0,0,2328.0,38.7,430,0,0.35926530151192704
kampala_katuna,24,12.0,Nabbingo,town,0,0,0,0,0,2425.0,40.7,430,0,0.45780213959748417
kampala_katuna,25,12.5,Namagoma B,town,0,0,1,0,0,1968.0,42.1,430,0,0.42534557167720727
kampala_katuna,26,13.0,Kitemu Central,roadside settlement,1,0,1,0,0,2064.0,42.8,430,0,0.47651130359611393
kampala_katuna,27,13.5,Kitemu,town,2,0,0,0,0,2291.0,38.7,430,0,0.3535553289363509
kampala_katuna,28,14.0,Mukono,town,2,0,0,0,0,2022.0,39.4,430,0,0.3352389539047064
kampala_katuna,29,14.5,Nsangi,town,1,0,0,0,0,1960.0,41.4,430,0,0.39613742486599673
kampala_katuna,30,15.0,Nsangi,town,2,0,0,0,0,2282.0,39.4,430,0,0.3783458421417112
kampala_katuna,31,15.5,Nakatema,town,1,0,0,0,0,1945.0,40.7,430,0,0.3671856336153017
kampala_katuna,32,16.0,Nsangi,town,0,0,0,0,0,1613.0,40.0,430,0,0.28409446400000005
kampala_katuna,33,16.5,Buwaali,town,0,0,0,0,0,1497.0,40.7,430,0,0.2826102280319314
kampala_katuna,34,17.0,Buwaali,roadside settlement,0,0,0,0,0,1136.0,47.3,430,0,0.3912112475939148
kampala_katuna,35,17.5,Mpiringisa,roadside settlement,1,0,0,0,0,395.0,51.7,430,0,0.19415460971426962
kampala_katuna,36,18.0,Mpiringisa,roadside settlement,2,0,0,0,0,1083.0,42.1,430,0,0.23406974295041436
kampala_katuna,37,18.5,Mpiringisa,town,1,0,0,0,0,1303.0,33.8,430,0,0.11700371601128699
kampala_katuna,38,19.0,Bujaasi,town,1,0,0,0,0,1550.0,41.4,430,0,0.31327194313382395
kampala_katuna,39,19.5,Bujaasi,town,0,0,0,0,0,1354.0,40.7,430,0,0.25561406062473957
kampala_katuna,40,20.0,Bujaasi,roadside settlement,0,0,0,0,0,550.0,64.7,430,0,0.6630835446297041
kampala_katuna,41,20.5,Bujaasi,open road,0,0,0,0,0,98.0,68.7,430,0,0.1501901538485847
kampala_katuna,42,21.0,Nakirebe,roadside settlement,0,0,0,0,0,174.0,65.8,430,0,0.22440951181834742
kampala_katuna,43,21.5,Nakirebe,roadside settlement,0,0,0,0,0,423.0,45.1,430,0,0.12040235266294226
kampala_katuna,44,22.0,Nakirebe,town,0,0,0,0,0,339.0,38.7,430,0,0.05231569467892752
kampala_katuna,45,22.5,Kataba,town,1,0,0,0,0,470.0,39.4,430,0,0.07792399027458556
kampala_katuna,46,23.0,Kataba,roadside settlement,3,0,0,0,0,356.0,42.8,430,0,0.08218896515514366
kampala_katuna,47,23.5,Kataba,roadside settlement,1,0,0,0,0,110.0,64.4,430,0,0.13017410272993282
kampala_katuna,48,24.0,Kataba,roadside settlement,0,0,0,0,0,223.0,54.2,430,0,0.13240075067471108
kampala_katuna,49,24.5,Kiwamirembe,roadside settlement,0,0,0,0,0,375.0,58.7,430,0,0.3063177130633802
kampala_katuna,50,25.0,Kiwamirembe,roadside settlement,0,0,0,0,0,452.0,30.8,430,0,0.02798528531972096
kampala_katuna,51,25.5,Katende,roadside settlement,2,0,0,0,0,577.0,39.9,430,0,0.10061340206195372
kampala_katuna,52,26.0,Katende,roadside settlement,2,0,0,0,0,376.0,60.6,430,0,0.3488725340999884
kampala_katuna,53,26.5,Katende,roadside settlement,0,0,0,0,0,394.0,54.1,430,0,0.232206151393098
kampala_katuna,54,27.0,Kavule,roadside settlement,0,0,0,0,0,460.0,42.1,430,0,0.09942020476194885
kampala_katuna,55,27.5,Kavule,roadside settlement,0,0,0,0,0,106.0,64.0,430,0,0.1223528808448
kampala_katuna,56,28.0,Lungala,open road,0,0,0,0,0,15.0,69.9,430,0,0.024637032719143206
kampala_katuna,57,28.5,Lungala,roadside settlement,0,0,0,0,0,206.0,32.2,430,0,0.015236287024071682
kampala_katuna,58,29.0,Lungala,roadside settlement,2,0,0,0,0,297.0,56.3,430,0,0.2052950448062289
kampala_katuna,59,29.5,Lungala,roadside settlement,2,0,0,0,0,269.0,55.9,430,0,0.18071239836810984
kampala_katuna,60,30.0,Nkonge,roadside settlement,1,0,0,0,0,250.0,64.3,430,0,0.29401693003372004
kampala_katuna,61,30.5,Ggala,roadside settlement,0,0,0,0,0,226.0,66.7,430,0,0.30775152456247656
kampala_katuna,62,31.0,Ggala,roadside settlement,0,0,0,0,0,275.0,41.5,430,0,0.05611946458249999
kampala_katuna,63,31.5,Police Centre,roadside settlement,1,0,0,0,0,345.0,43.5,430,0,0.08498936044349999
kampala_katuna,64,32.0,Police Centre,roadside settlement,2,0,0,0,0,520.0,54.4,430,0,0.3133194681450497
kampala_katuna,65,32.5,Police Centre,roadside settlement,1,0,0,0,0,491.0,58.3,430,0,0.3902511121429236
kampala_katuna,66,33.0,Mawonve,roadside settlement,1,0,0,0,0,336.0,44.9,430,0,0.09395352517248769
kampala_katuna,67,33.5,Kalagala,roadside settlement,0,0,0,0,0,388.0,46.4,430,0,0.123734864208855
kampala_katuna,68,34.0,Kalagala,roadside settlement,1,0,0,0,0,511.0,48.3,430,0,0.19133651584142927
kampala_katuna,69,34.5,Kalagala,roadside settlement,1,0,0,0,0,486.0,50.0,430,0,0.20898
kampala_katuna,70,35.0,Kalagala,roadside settlement,1,0,0,0,0,92.0,68.2,430,0,0.136934778679593
kampala_katuna,71,35.5,Nakigudde,roadside settlement,0,0,0,0,0,239.0,31.3,430,0,0.015782059971871522
kampala_katuna,72,36.0,Nakigudde,roadside settlement,1,0,0,0,0,296.0,50.0,430,0,0.12728
kampala_katuna,73,36.5,Mpambire,roadside settlement,1,0,0,0,0,195.0,62.7,430,0,0.20734483091596562
kampala_katuna,74,37.0,Mpambire,roadside settlement,1,0,0,0,0,364.0,50.5,430,0,0.1628753396452
kampala_katuna,75,37.5,Mpambire,roadside settlement,1,0,0,0,0,405.0,53.3,430,0,0.22488075856387427
kampala_katuna,76,38.0,Mpambire,roadside settlement,0,0,0,0,0,109.0,67.9,430,0,0.15940209805645555
kampala_katuna,77,38.5,Nambi,open road,0,0,0,0,0,0.0,70.0,430,0,0.0
kampala_katuna,78,39.0,Nambi,open road,0,0,0,0,0,63.0,32.7,430,0,0.004955871057611041
kampala_katuna,79,39.5,Bubuule,roadside settlement,0,0,0,0,0,286.0,60.4,430,0,0.26187993584017405
kampala_katuna,80,40.0,Bubuule,roadside settlement,0,0,0,1,0,307.0,64.9,430,1,0.3747189020760962
kampala_katuna,81,40.5,Kabira,roadside settlement,0,0,0,0,0,249.0,63.5,430,0,0.27853686711870007
kampala_katuna,82,41.0,Kabira,roadside settlement,0,0,0,0,0,193.0,61.0,430,0,0.18385061513439996
kampala_katuna,83,41.5,Kwaba Kabira,roadside settlement,0,0,0,0,0,295.0,42.7,430,0,0.06747174686353363
kampala_katuna,84,42.0,Kwaba Kabira,roadside settlement,0,0,0,0,0,213.0,60.3,430,0,0.19374802771281258
kampala_katuna,85,42.5,Kwaba Kabira,roadside settlement,0,0,0,0,0,147.0,66.6,430,0,0.19897691340554488
kampala_katuna,86,43.0,Butenga,open road,0,0,0,0,0,1.0,70.0,430,0,0.0016518879999999998
kampala_katuna,87,43.5,Butenga,open road,0,0,0,0,0,10.0,68.7,430,0,0.015325525902916805
kampala_katuna,88,44.0,Butenga,roadside settlement,1,0,0,0,0,246.0,32.0,430,0,0.0177469390848
kampala_katuna,89,44.5,Butenga,roadside settlement,1,0,0,0,0,206.0,64.2,430,0,0.2407663399892429
kampala_katuna,90,45.0,Kanyike,roadside settlement,0,0,0,0,0,204.0,33.3,430,0,0.017258201672929914
kampala_katuna,91,45.5,Kanyike,roadside settlement,1,0,0,0,0,361.0,51.5,430,0,0.17471273257630002
kampala_katuna,92,46.0,Kikunyu,roadside settlement,1,0,0,0,0,420.0,42.1,430,0,0.09077496956525764
kampala_katuna,93,46.5,Kikunyu B,roadside settlement,3,0,0,0,0,315.0,52.1,430,0,0.15967976515762322
kampala_katuna,94,47.0,Kamengo B,roadside settlement,4,0,0,0,0,369.0,44.8,430,0,0.10226496178225149
kampala_katuna,95,47.5,Kamengo B,roadside settlement,1,0,0,0,0,420.0,47.7,430,0,0.14959299070215365
kampala_katuna,96,48.0,Bwamulamira,roadside settlement,0,0,0,0,0,312.0,59.0,430,0,0.2601064242815999
kampala_katuna,97,48.5,Bwamulamira,roadside settlement,0,0,0,0,0,180.0,61.8,430,0,0.1806403822953984
kampala_katuna,98,49.0,Nabbuzi,roadside settlement,0,0,0,0,0,148.0,64.0,430,0,0.1708323241984
kampala_katuna,99,49.5,Nabbuzi,roadside settlement,1,0,0,0,0,171.0,61.8,430,0,0.17160836318062844
kampala_katuna,100,50.0,Nabbuzi,roadside settlement,1,0,0,0,0,175.0,62.5,430,0,0.1837158203125
kampala_katuna,101,50.5,Nabbuzi,open road,0,0,0,0,0,9.0,69.8,430,0,0.014697810313182716
kampala_katuna,102,51.0,Budde - Kiyonsa,open road,0,0,0,0,0,0.0,70.0,430,0,0.0
kampala_katuna,103,51.5,Budde - Kiyonsa,open road,0,0,0,0,0,2.0,70.0,430,0,0.0033037759999999996
kampala_katuna,104,52.0,Budde - Kiyonsa,roadside settlement,0,0,0,0,0,310.0,49.6,430,0,0.1290853147475968
kampala_katuna,105,52.5,Kyabadaaza - Ntula,roadside settlement,2,0,0,0,0,272.0,63.5,430,0,0.3042651721136
kampala_katuna,106,53.0,Kyabadaaza - Ntula,roadside settlement,4,0,0,0,0,531.0,37.7,430,0,0.07379864028031248
kampala_katuna,107,53.5,Kyabadaaza - Ntula,roadside settlement,1,0,0,0,0,308.0,50.0,430,0,0.13244
kampala_katuna,108,54.0,Kabuye - Bbumbu,roadside settlement,1,0,0,0,0,300.0,59.1,430,0,0.251802255807504
kampala_katuna,109,54.5,Kabuye - Ntaayi,roadside settlement,1,0,0,0,0,179.0,64.1,430,0,0.20790914253619458
kampala_katuna,110,55.0,Kabuye - Ntaayi,open road,0,0,0,0,0,31.0,67.3,430,0,0.04375325714586447
kampala_katuna,111,55.5,Kabuye Bumbu,open road,0,0,0,0,0,2.0,69.8,430,0,0.003266180069596159
kampala_katuna,112,56.0,Kalandazi Fr,open road,0,0,0,0,0,0.0,69.9,430,0,0.0
kampala_katuna,113,56.5,Kalandazi Fr,open road,0,0,0,0,0,15.0,69.4,430,0,0.02393963800638721
kampala_katuna,114,57.0,Kalandazi Fr,open road,0,0,0,0,0,29.0,68.7,430,0,0.044444025118458734
kampala_katuna,115,57.5,Kalandazi Fr,open road,0,0,0,0,0,3.0,69.7,430,0,0.004871254335687842
kampala_katuna,116,58.0,Kalandazi Fr,open road,0,0,0,0,0,8.0,69.9,430,0,0.013139750783543045
kampala_katuna,117,58.5,Kanani,open road,0,0,0,0,0,16.0,49.0,430,0,0.006345892940799999
kampala_katuna,118,59.0,Mitala Maria Central,roadside settlement,0,0,0,0,0,176.0,43.3,430,0,0.042565005266516485
kampala_katuna,119,59.5,Mitala Maria Central,roadside settlement,0,0,0,0,0,59.0,67.0,430,0,0.08179743036320002
kampala_katuna,120,60.0,Mitala Maria Central,open road,0,0,0,0,0,32.0,67.9,430,0,0.04679694621840897
kampala_katuna,121,60.5,Mitala Maria,roadside settlement,1,0,0,0,0,200.0,30.6,430,0,0.012064355882496
kampala_katuna,122,61.0,Mitala Maria,roadside settlement,2,0,0,0,0,257.0,42.3,430,0,0.056608680382414546
kampala_katuna,123,61.5,Mitala Maria,roadside settlement,2,0,0,0,0,432.0,51.8,430,0,0.2139888890397082
kampala_katuna,124,62.0,Magya,roadside settlement,2,0,0,0,0,506.0,53.0,430,0,0.27468973695680005
kampala_katuna,125,62.5,Magya,roadside settlement,2,0,0,0,0,425.0,46.5,430,0,0.13670650482750002
kampala_katuna,126,63.0,Buwama B,roadside settlement,3,0,0,0,0,553.0,46.7,430,0,0.1809593767471135
kampala_katuna,127,63.5,Buwama B,town,3,0,0,0,0,652.0,40.7,430,0,0.12308742062579779
kampala_katuna,128,64.0,Buwama A,town,4,0,0,0,0,520.0,42.8,430,0,0.1200512974176256
kampala_katuna,129,64.5,Buwama A,roadside settlement,3,0,0,0,0,259.0,45.0,430,0,0.073069857
kampala_katuna,130,65.0,Buwama A,roadside settlement,0,0,0,0,0,241.0,36.2,430,0,0.028473428436282894
kampala_katuna,131,65.5,Mbiizinya,roadside settlement,0,0,0,0,0,264.0,54.5,430,0,0.16024274436720007
kampala_katuna,132,66.0,Mbiizinya,roadside settlement,1,0,0,0,0,280.0,52.1,430,0,0.14193756902899843
kampala_katuna,133,66.5,Mbiizinya,roadside settlement,1,0,0,0,0,68.0,66.6,430,0,0.0920437422556262
kampala_katuna,134,67.0,Mbiizinya,roadside settlement,0,0,0,0,0,95.0,63.7,430,0,0.10761424741754962
kampala_katuna,135,67.5,Mbiizinya,roadside settlement,0,0,0,0,0,224.0,60.0,430,0,0.199729152
kampala_katuna,136,68.0,Buyaya-kitojjo,roadside settlement,0,0,0,0,0,130.0,66.7,430,0,0.17702521324390244
kampala_katuna,137,68.5,Buyaya-kitojjo,open road,0,0,0,0,0,31.0,68.4,430,0,0.04668469641105409
kampala_katuna,138,69.0,Buyaya-kitojjo,open road,0,0,0,0,0,1.0,69.8,430,0,0.0016330900347980796
kampala_katuna,139,69.5,Kwabba,open road,0,0,0,0,0,1.0,69.9,430,0,0.0016424688479428806
kampala_katuna,140,70.0,Kwabba,roadside settlement,1,0,0,0,0,132.0,66.5,430,0,0.17760244923960003
kampala_katuna,141,70.5,Kwabba,roadside settlement,1,0,0,0,0,290.0,60.5,430,0,0.267305524607
kampala_katuna,142,71.0,Nabusanke B,roadside settlement,0,0,0,0,0,218.0,63.8,430,0,0.24850071733313026
kampala_katuna,143,71.5,Nabusanke B,town,2,0,0,0,0,441.0,42.0,430,0,0.09441134599679998
kampala_katuna,144,72.0,Nabusanke A,roadside settlement,3,0,0,0,0,470.0,42.9,430,0,0.1095255555924816
kampala_katuna,145,72.5,Kikomazi,roadside settlement,3,0,0,0,0,256.0,46.1,430,0,0.07954852020072449
kampala_katuna,146,73.0,Kikomazi,roadside settlement,2,0,0,0,0,302.0,40.8,430,0,0.05757527666589695
kampala_katuna,147,73.5,Kalagala Kikutuzi,roadside settlement,1,0,0,0,0,311.0,56.8,430,0,0.22271125750611961
kampala_katuna,148,74.0,Kalagala Kikutuzi,town,1,0,0,0,0,330.0,50.0,430,0,0.1419
kampala_katuna,149,74.5,Kalagala Kikutuzi,roadside settlement,1,0,0,0,0,463.0,50.2,430,0,0.20229460365800706
kampala_katuna,150,75.0,Kayabwe Trc,roadside settlement,3,0,0,0,0,632.0,40.7,430,0,0.11931173287654019
kampala_katuna,151,75.5,Kayabwe Trc,roadside settlement,2,0,0,0,0,594.0,42.1,430,0,0.12838174267086438
kampala_katuna,152,76.0,Kayabwe Trc,roadside settlement,2,0,0,0,0,473.0,44.1,430,0,0.12308466184694064
kampala_katuna,153,76.5,Kayabwe Trc,roadside settlement,1,0,0,0,0,374.0,52.9,430,0,0.20150356244624676
kampala_katuna,154,77.0,Kayabwe Trc,roadside settlement,0,0,0,0,0,297.0,60.8,430,0,0.2792281536567705
kampala_katuna,155,77.5,Kayabwe Trc,roadside settlement,0,0,0,0,0,118.0,66.6,430,0,0.15972296450241016
kampala_katuna,156,78.0,,open road,0,0,0,0,0,6.0,69.6,430,0,0.009686717784391676
kampala_katuna,157,78.5,,open road,0,0,0,0,0,0.0,70.0,430,0,0.0
kampala_katuna,158,79.0,,open road,0,0,0,0,0,0.0,68.9,430,0,0.0
kampala_katuna,159,79.5,Lbanda A,open road,0,0,0,0,0,2.0,68.4,430,0,0.003011915897487361
kampala_katuna,160,80.0,Lbanda A,roadside settlement,0,0,0,0,0,184.0,60.8,430,0,0.17298983256850434
kampala_katuna,161,80.5,Lbanda A,roadside settlement,1,0,0,0,0,241.0,52.1,430,0,0.12216769334281649
kampala_katuna,162,81.0,Lbanda A,roadside settlement,1,0,0,0,0,214.0,40.6,430,0,0.040004269641118737
kampala_katuna,163,81.5,Lbanda A,roadside settlement,1,0,0,0,0,317.0,38.1,430,0,0.045956569555064164
kampala_katuna,164,82.0,Kayunga,roadside settlement,1,0,0,0,0,364.0,52.5,430,0,0.19025103825000003
kampala_katuna,165,82.5,Kayunga,roadside settlement,0,0,0,0,0,179.0,65.0,430,0,0.21983401700000005
kampala_katuna,166,83.0,Kayunga,roadside settlement,0,0,0,0,0,144.0,66.2,430,0,0.19027550711918595
kampala_katuna,167,83.5,Kayunga,open road,0,0,0,0,0,50.0,37.1,430,0,0.006517095439064
kampala_katuna,168,84.0,Mugge,roadside settlement,1,0,0,0,0,192.0,39.9,430,0,0.03347967624938494
kampala_katuna,169,84.5,Mugge,roadside settlement,2,0,0,0,0,186.0,59.5,430,0,0.1603870300158
kampala_katuna,170,85.0,Mugge,roadside settlement,3,0,0,0,0,242.0,61.6,430,0,0.23973235565920256
kampala_katuna,171,85.5,Lubanga,roadside settlement,2,0,0,0,0,400.0,54.1,430,0,0.23574228567827207
kampala_katuna,172,86.0,Lubanga,roadside settlement,2,0,0,0,0,542.0,44.1,430,0,0.14103992964279458
kampala_katuna,173,86.5,Lubanga,roadside settlement,1,0,0,0,0,258.0,55.5,430,0,0.16841473128540005
kampala_katuna,174,87.0,Lubanga,open road,0,0,0,0,0,41.0,69.0,430,0,0.06393941491679998
kampala_katuna,175,87.5,,open road,0,0,0,0,0,57.0,66.4,430,0,0.07623170114912257
kampala_katuna,176,88.0,,open road,0,0,0,0,0,21.0,67.9,430,0,0.030710495955830888
kampala_katuna,177,88.5,,open road,0,0,0,0,0,17.0,66.8,430,0,0.02328859077226495
kampala_katuna,178,89.0,,open road,0,0,0,0,0,2.0,68.9,430,0,0.0031009539830921607
kampala_katuna,179,89.5,,open road,0,0,0,0,0,13.0,69.0,430,0,0.020273473022399995
kampala_katuna,180,90.0,Kaziru,open road,0,0,0,0,0,64.0,67.1,430,0,0.08926033098222587
kampala_katuna,181,90.5,Kaziru,open road,0,0,0,0,0,2.0,66.8,430,0,0.002739834208501759
kampala_katuna,182,91.0,Kaziru,open road,0,0,0,0,0,7.0,66.8,430,0,0.009589419729756157
kampala_katuna,183,91.5,Kaziru,roadside settlement,0,0,0,0,0,172.0,61.6,430,0,0.17038828584042495
kampala_katuna,184,92.0,Kaziru,roadside settlement,0,0,0,0,0,39.0,67.8,430,0,0.056698532802961894
kampala_katuna,185,92.5,Kaziru,open road,0,0,0,0,0,17.0,69.0,430,0,0.02651146472159999
kampala_katuna,186,93.0,Kaziru,open road,0,0,0,0,0,4.0,69.9,430,0,0.0065698753917715225
kampala_katuna,187,93.5,Kaziru,open road,0,0,0,0,0,3.0,70.0,430,0,0.0049556639999999985
kampala_katuna,188,94.0,Kamuwunga,open road,0,0,0,0,0,3.0,70.0,430,0,0.0049556639999999985
kampala_katuna,189,94.5,Kamuwunga,open road,0,0,0,0,0,23.0,70.0,430,0,0.03799342399999999
kampala_katuna,190,95.0,Kamuwunga,open road,0,0,0,0,0,9.0,69.9,430,0,0.014782219631485925
kampala_katuna,191,95.5,Kamuwunga,open road,0,0,0,0,0,4.0,69.9,430,0,0.0065698753917715225
kampala_katuna,192,96.0,Agip,open road,0,0,0,0,0,7.0,70.0,430,0,0.011563215999999998
kampala_katuna,193,96.5,Agip,open road,0,0,0,0,0,81.0,68.7,430,0,0.12413675981362612
kampala_katuna,194,97.0,Agip,open road,0,0,0,0,0,10.0,69.8,430,0,0.016330900347980796
kampala_katuna,195,97.5,Magezi Cell,roadside settlement,0,0,0,0,0,88.0,67.5,430,0,0.12568579650000003
kampala_katuna,196,98.0,Magezi Cell,town,4,1,0,0,0,297.0,50.0,430,0,0.12771
kampala_katuna,197,98.5,Magezi Cell,town,6,0,0,0,0,530.0,40.0,430,0,0.09334784000000002
kampala_katuna,198,99.0,Juma Cell,town,5,0,0,0,0,567.0,41.4,430,0,0.11459689790766334
kampala_katuna,199,99.5,Kaliro Cell,roadside settlement,4,0,0,0,0,492.0,40.0,430,0,0.08665497600000001
kampala_katuna,200,100.0,Kaliro A,roadside settlement,2,0,0,0,0,481.0,47.1,430,0,0.16286101725102772
kampala_katuna,201,100.5,"Kirinya 'a""",roadside settlement,2,0,0,0,0,304.0,51.6,430,0,0.14827257448169473
kampala_katuna,202,101.0,Bajja,roadside settlement,2,0,0,0,0,192.0,42.2,430,0,0.04189280794853378
kampala_katuna,203,101.5,Bajja,roadside settlement,1,0,0,0,0,296.0,50.2,430,0,0.1293287314962637
kampala_katuna,204,102.0,Kayunga,roadside settlement,3,0,0,0,0,229.0,55.7,430,0,0.15165079846141558
kampala_katuna,205,102.5,Kayunga,roadside settlement,2,0,0,0,0,155.0,64.2,430,0,0.18115913931229444
kampala_katuna,206,103.0,Lukuli,roadside settlement,0,0,0,0,0,61.0,60.7,430,0,0.05697351805942767
kampala_katuna,207,103.5,Bukullula,roadside settlement,1,0,0,0,0,226.0,47.3,430,0,0.07782899820090206
kampala_katuna,208,104.0,Bukullula,roadside settlement,1,0,0,0,0,286.0,52.6,430,0,0.15062513458989568
kampala_katuna,209,104.5,Mukono North,roadside settlement,1,0,0,0,0,235.0,64.0,430,0,0.27125402828800005
kampala_katuna,210,105.0,Mukono North,roadside settlement,4,0,0,0,0,297.0,47.5,430,0,0.10402059318749998
kampala_katuna,211,105.5,Mukono South,roadside settlement,3,0,0,0,0,339.0,50.0,430,0,0.14577
kampala_katuna,212,106.0,Kisanje East,roadside settlement,0,0,0,0,0,231.0,61.2,430,0,0.22294929670852606
kampala_katuna,213,106.5,Kisanje East,roadside settlement,0,0,0,0,0,173.0,65.4,430,0,0.21774366805503748
kampala_katuna,214,107.0,Kisanje East,roadside settlement,0,0,0,0,0,178.0,45.1,430,0,0.05066576542317665
kampala_katuna,215,107.5,Busanso,roadside settlement,1,0,0,0,0,240.0,65.5,430,0,0.30392391847200007
kampala_katuna,216,108.0,Busanso,roadside settlement,1,0,0,0,0,158.0,51.4,430,0,0.07587487719524866
kampala_katuna,217,108.5,Kabale,roadside settlement,3,0,0,0,0,353.0,46.5,430,0,0.11354681459790003
kampala_katuna,218,109.0,Kabale,roadside settlement,4,0,0,0,0,395.0,46.7,430,0,0.12925669767650963
kampala_katuna,219,109.5,Kabaale Ii,roadside settlement,1,0,0,0,0,224.0,57.7,430,0,0.17082039004846603
kampala_katuna,220,110.0,Kamutuuza,roadside settlement,0,0,0,0,0,103.0,66.5,430,0,0.13858372933090005
kampala_katuna,221,110.5,Kamutuuza,roadside settlement,1,0,0,0,0,188.0,31.8,430,0,0.013226799413053441
kampala_katuna,222,111.0,Kamutuuza,roadside settlement,2,0,0,0,0,227.0,61.5,430,0,0.22341625028009998
kampala_katuna,223,111.5,Kamutuuza,open road,3,0,0,0,0,69.0,39.4,430,0,0.011439904955205115
kampala_katuna,224,112.0,Butende,roadside settlement,4,0,0,0,0,320.0,47.4,430,0,0.11113523783516158
kampala_katuna,225,112.5,Butende,roadside settlement,3,0,0,0,0,482.0,42.1,430,0,0.10417508412012902
kampala_katuna,226,113.0,Butende,roadside settlement,1,0,0,0,0,192.0,61.0,430,0,0.18289802127359997
kampala_katuna,227,113.5,Kiwanyizi,roadside settlement,0,0,0,0,0,313.0,28.2,430,0,0.013618497927421435
kampala_katuna,228,114.0,Mpugwe,roadside settlement,1,0,0,0,0,440.0,32.8,430,0,0.03503777259192318
kampala_katuna,229,114.5,Mpugwe,roadside settlement,1,0,0,0,0,619.0,44.8,430,0,0.17155016624177147
kampala_katuna,230,115.0,Mpugwe,roadside settlement,1,0,0,0,0,458.0,55.1,430,0,0.29044259719303916
kampala_katuna,231,115.5,Nsangamu,roadside settlement,1,0,0,0,0,319.0,58.7,430,0,0.26057426791258204
kampala_katuna,232,116.0,Kadugala,roadside settlement,0,0,0,0,0,346.0,57.6,430,0,0.26203208388968463
kampala_katuna,233,116.5,Kadugala,roadside settlement,2,0,0,0,0,280.0,56.3,430,0,0.19354414998567032
kampala_katuna,234,117.0,Kadugala,open road,2,0,0,0,0,86.0,68.8,430,0,0.13256859160936443
kampala_katuna,235,117.5,Kyalusowe,open road,1,0,0,0,0,180.0,67.2,430,0,0.2525445702549505
kampala_katuna,236,118.0,Kyalusowe,roadside settlement,1,0,0,0,0,307.0,42.5,430,0,0.06891004506249998
kampala_katuna,237,118.5,Kyalusowe A,roadside settlement,1,0,0,0,0,356.0,38.8,430,0,0.055509247326126054
kampala_katuna,238,119.0,Kyalusowe A,town,1,0,0,0,0,478.0,37.1,430,0,0.06230343239745184
kampala_katuna,239,119.5,Kassana,town,0,0,0,0,0,518.0,48.1,430,0,0.19076491504607268
kampala_katuna,240,120.0,Kassana,town,2,0,0,0,0,537.0,50.0,430,0,0.23091
kampala_katuna,241,120.5,Kassana,town,2,0,0,0,0,523.0,50.0,430,0,0.22489
kampala_katuna,242,121.0,Kayirikiti,roadside settlement,0,0,0,0,0,586.0,54.6,430,0,0.35830809919876616
kampala_katuna,243,121.5,Kayirikiti,town,1,0,0,0,0,703.0,47.9,430,0,0.2546160737485038
kampala_katuna,244,122.0,Kayirikiti,town,1,0,0,0,0,924.0,38.7,430,0,0.14259499080628035
kampala_katuna,245,122.5,Binyonyi A,town,0,0,0,0,0,960.0,41.4,430,0,0.19402649381191675
kampala_katuna,246,123.0,Kitaka,town,0,1,0,0,0,943.0,42.8,430,0,0.21770841050927103
kampala_katuna,247,123.5,Market Triangle,town,0,1,0,0,0,786.0,42.8,430,0,0.18146215340433405
kampala_katuna,248,124.0,Nakayiba B,town,0,0,0,0,0,745.0,43.5,430,0,0.1835277493635
kampala_katuna,249,124.5,Nakayiba A,town,0,0,0,0,0,781.0,44.1,430,0,0.2032328137472741
kampala_katuna,250,125.0,Kirumba B,town,0,0,0,0,0,684.0,50.0,430,0,0.29412
kampala_katuna,251,125.5,Kirumba C,town,1,0,0,0,0,772.0,35.5,430,0,0.08435661624759999
kampala_katuna,252,126.0,Mutuba Musisi,town,1,0,0,0,0,915.0,35.9,430,0,0.10456523711592719
kampala_katuna,253,126.5,Mutuba Musisi,town,1,0,0,0,0,942.0,34.8,430,0,0.09505091825934334
kampala_katuna,254,127.0,Cinema,town,3,0,0,0,0,766.0,42.2,430,0,0.16713484837800457
kampala_katuna,255,127.5,Market,town,6,0,0,0,0,907.0,50.0,430,0,0.39001
kampala_katuna,256,128.0,Old Kumbu,roadside settlement,3,0,0,0,0,781.0,55.7,430,0,0.5172020681151335
kampala_katuna,257,128.5,Old Kumbu,roadside settlement,3,0,0,0,0,991.0,44.5,430,0,0.2673635115733
kampala_katuna,258,129.0,Kijjabwemi B,roadside settlement,3,0,0,0,0,875.0,40.0,430,0,0.15411200000000003
kampala_katuna,259,129.5,Kijjabwemi B,town,0,0,0,0,0,802.0,39.4,430,0,0.1329681706387609
kampala_katuna,260,130.0,Kijjabwemi B,roadside settlement,0,0,0,0,0,153.0,67.0,430,0,0.21211876009440006
kampala_katuna,261,130.5,Kyabakuza Trading Centre,roadside settlement,1,0,0,0,0,199.0,65.7,430,0,0.25509561474927317
kampala_katuna,262,131.0,Kyabakuza Trading Centre,town,4,0,0,0,0,695.0,34.7,430,0,0.06932520172682961
kampala_katuna,263,131.5,Kyanja,town,4,0,0,0,0,578.0,46.7,430,0,0.18914018039752548
kampala_katuna,264,132.0,Kyabakuza B,roadside settlement,1,0,0,0,0,508.0,53.7,430,0,0.29063592342990147
kampala_katuna,265,132.5,Kyabakuza B,roadside settlement,0,0,0,0,0,355.0,50.4,430,0,0.1575937308524544
kampala_katuna,266,133.0,Kyabakuza B,roadside settlement,0,0,0,0,0,354.0,55.3,430,0,0.22776774676636502
kampala_katuna,267,133.5,Kyabakuza B,roadside settlement,0,0,0,0,0,126.0,67.6,430,0,0.1810280057396428
kampala_katuna,268,134.0,,roadside settlement,0,0,0,0,0,157.0,26.0,430,0,0.0049360719616
kampala_katuna,269,134.5,,roadside settlement,0,0,0,0,0,190.0,35.9,430,0,0.021713000056859198
kampala_katuna,270,135.0,Kyabbogo,roadside settlement,1,0,0,0,0,258.0,55.9,430,0,0.17332267204078936
kampala_katuna,271,135.5,Kyabbogo,roadside settlement,1,0,0,0,0,109.0,66.7,430,0,0.14842883264296436
kampala_katuna,272,136.0,Kyabbogo,roadside settlement,0,0,0,0,0,149.0,32.3,430,0,0.011157959891853914
kampala_katuna,273,136.5,Kyabbogo,roadside settlement,0,0,0,0,0,187.0,56.5,430,0,0.13110638298009997
kampala_katuna,274,137.0,Kyabbogo,roadside settlement,0,0,0,0,0,120.0,44.2,430,0,0.031510751564697605
kampala_katuna,275,137.5,Kabwami A,roadside settlement,0,0,0,0,0,209.0,55.3,430,0,0.13447304823211947
kampala_katuna,276,138.0,Nkoni A,roadside settlement,0,0,0,0,0,144.0,63.3,430,0,0.15906175517958915
kampala_katuna,277,138.5,Nkoni A,roadside settlement,1,0,0,0,0,268.0,48.1,430,0,0.09869690585395267
kampala_katuna,278,139.0,Nkoni,roadside settlement,1,0,0,0,0,87.0,63.6,430,0,0.09793459990941697
kampala_katuna,279,139.5,Nkoni Hill,roadside settlement,0,0,0,0,0,224.0,62.2,430,0,0.23067365409923068
kampala_katuna,280,140.0,Kyagoma,roadside settlement,0,0,0,0,0,173.0,62.6,430,0,0.18278134728929024
kampala_katuna,281,140.5,Kyagoma,roadside settlement,0,0,0,0,0,226.0,56.0,430,0,0.15291461140480006
kampala_katuna,282,141.0,Kikonge,roadside settlement,0,0,0,0,0,165.0,56.9,430,0,0.11899300934935915
kampala_katuna,283,141.5,Nkarwe,roadside settlement,0,0,0,0,0,189.0,58.0,430,0,0.14715066078719993
kampala_katuna,284,142.0,Nkarwe,roadside settlement,1,0,0,0,0,195.0,50.8,430,0,0.0893465728935936
kampala_katuna,285,142.5,Mirembe (Kagganda),roadside settlement,1,0,0,0,0,247.0,53.5,430,0,0.13921964422210004
kampala_katuna,286,143.0,Mirembe (Kagganda),roadside settlement,1,0,0,0,0,267.0,36.6,430,0,0.03296279588403456
kampala_katuna,287,143.5,Kagganda,roadside settlement,1,0,0,0,0,174.0,63.4,430,0,0.19341703348050435
kampala_katuna,288,144.0,Kagganda,roadside settlement,0,0,0,0,0,284.0,59.7,430,0,0.24820132910905146
kampala_katuna,289,144.5,Kyoko,roadside settlement,1,0,0,0,0,195.0,56.9,430,0,0.14062810195833356
kampala_katuna,290,145.0,Kyoko,open road,1,0,0,0,0,113.0,69.4,430,0,0.1803452729814503
kampala_katuna,291,145.5,Kyoko,open road,0,0,0,0,0,0.0,70.0,430,0,0.0
kampala_katuna,292,146.0,Kyoko,roadside settlement,0,0,0,0,0,92.0,50.7,430,0,0.041822318290296964
kampala_katuna,293,146.5,Kaboyo Sula,roadside settlement,0,0,0,0,0,180.0,43.7,430,0,0.04516340645730242
kampala_katuna,294,147.0,Kaboyo Sula,roadside settlement,2,0,0,0,0,282.0,33.1,430,0,0.023288929256775365
kampala_katuna,295,147.5,Kaboyo Sula,roadside settlement,2,0,0,0,0,304.0,58.9,430,0,0.2517231750576563
kampala_katuna,296,148.0,Nakalembe,roadside settlement,0,0,0,0,0,322.0,49.0,430,0,0.12771109543359999
kampala_katuna,297,148.5,Kinoni,town,2,0,0,0,0,520.0,42.8,430,0,0.1200512974176256
kampala_katuna,298,149.0,Middle,town,6,0,0,0,0,675.0,42.8,430,0,0.155835818763264
kampala_katuna,299,149.5,Western,roadside settlement,4,0,0,0,0,449.0,42.8,430,0,0.1036596779625267
kampala_katuna,300,150.0,Western,roadside settlement,1,0,0,0,0,276.0,58.1,430,0,0.21637249344973242
kampala_katuna,301,150.5,Western,open road,0,0,0,0,0,37.0,69.9,430,0,0.06077134737388658
kampala_katuna,302,151.0,Kyekulula,roadside settlement,0,0,0,0,0,95.0,41.9,430,0,0.020145040061645594
kampala_katuna,303,151.5,Kyekulula,roadside settlement,0,0,0,0,0,156.0,58.5,430,0,0.12570035404679997
kampala_katuna,304,152.0,Kyekulula,roadside settlement,0,0,0,0,0,138.0,60.2,430,0,0.12469627772603903
kampala_katuna,305,152.5,Kyekulula,open road,0,0,0,0,0,27.0,68.9,430,0,0.041862878771744175
kampala_katuna,306,153.0,Bunyere,roadside settlement,0,0,0,0,0,114.0,39.8,430,0,0.019680021922053113
kampala_katuna,307,153.5,Degeya,roadside settlement,0,0,0,0,0,247.0,38.5,430,0,0.03733604484610001
kampala_katuna,308,154.0,Degeya,roadside settlement,1,0,0,0,0,247.0,54.4,430,0,0.1488267473688986
kampala_katuna,309,154.5,Degeya,roadside settlement,1,0,0,0,0,276.0,52.0,430,0,0.13883881390080002
kampala_katuna,310,155.0,Degeya,roadside settlement,0,0,0,0,0,113.0,68.7,430,0,0.1731784427029599
kampala_katuna,311,155.5,Bwami,open road,0,0,0,0,0,24.0,68.9,430,0,0.03721144779710593
kampala_katuna,312,156.0,Bwami,roadside settlement,0,0,0,0,0,65.0,66.9,430,0,0.08957901154803122
kampala_katuna,313,156.5,Bwami,open road,0,0,0,0,0,108.0,57.4,430,0,0.08066028706735101
kampala_katuna,314,157.0,Bwami,roadside settlement,1,0,0,0,0,160.0,34.8,430,0,0.016144529640652792
kampala_katuna,315,157.5,Kabarungi,roadside settlement,1,0,0,0,0,307.0,42.4,430,0,0.06826376539734016
kampala_katuna,316,158.0,Kabarungi,roadside settlement,1,0,0,0,0,172.0,64.0,430,0,0.1985348632576
kampala_katuna,317,158.5,Kabarungi,roadside settlement,0,0,0,0,0,130.0,66.6,430,0,0.1759659778416383
kampala_katuna,318,159.0,Kabarungi,roadside settlement,0,0,0,0,0,117.0,67.5,430,0,0.16710497943750005
kampala_katuna,319,159.5,Industry,roadside settlement,1,0,0,0,0,260.0,65.6,430,0,0.3312662135963646
kampala_katuna,320,160.0,Industry,town,2,0,0,0,0,385.0,46.7,430,0,0.12598437621634484
kampala_katuna,321,160.5,Industry,town,2,1,0,0,0,655.0,39.9,430,0,0.11421452053826636
kampala_katuna,322,161.0,Mbiriizi,roadside settlement,1,1,0,0,0,538.0,43.5,430,0,0.13253413309739998
kampala_katuna,323,161.5,Police,roadside settlement,1,0,0,0,0,268.0,43.9,430,0,0.06848276918138943
kampala_katuna,324,162.0,Police,roadside settlement,0,0,0,0,0,143.0,66.0,430,0,0.18668104266240002
kampala_katuna,325,162.5,Kyereme,roadside settlement,0,0,0,0,0,180.0,50.7,430,0,0.08182627491579841
kampala_katuna,326,163.0,Kyereme,roadside settlement,0,0,0,0,0,78.0,66.6,430,0,0.10557958670498299
kampala_katuna,327,163.5,Kyereme,open road,0,0,0,0,0,47.0,69.8,430,0,0.07675523163550975
kampala_katuna,328,164.0,Kyereme,roadside settlement,0,0,0,0,0,81.0,32.7,430,0,0.006371834216928481
kampala_katuna,329,164.5,Kyawagonya,roadside settlement,0,0,0,0,0,67.0,63.2,430,0,0.07354134256746496
kampala_katuna,330,165.0,Kitakomaga,open road,0,0,0,0,0,120.0,56.2,430,0,0.08235973613660162
kampala_katuna,331,165.5,Kitakomaga,roadside settlement,2,0,0,0,0,130.0,66.9,430,0,0.17915802309606244
kampala_katuna,332,166.0,Kitakomaga,roadside settlement,2,0,0,0,0,80.0,66.2,430,0,0.10570861506621441
kampala_katuna,333,166.5,Kyetume,roadside settlement,3,0,0,0,0,283.0,45.1,430,0,0.08055287424021905
kampala_katuna,334,167.0,Kyetume,roadside settlement,5,0,0,0,0,403.0,46.0,430,0,0.12414373603840002
kampala_katuna,335,167.5,Gankanga,roadside settlement,1,0,0,0,0,139.0,66.7,430,0,0.18928080493001875
kampala_katuna,336,168.0,Gankanga,open road,0,0,0,0,0,19.0,69.4,430,0,0.030323541474757132
kampala_katuna,337,168.5,Gankanga,open road,0,0,0,0,0,30.0,67.3,430,0,0.04234186175406238
kampala_katuna,338,169.0,Kyegera B,open road,1,0,0,0,0,121.0,68.2,430,0,0.18009900239381252
kampala_katuna,339,169.5,Pida,roadside settlement,2,0,0,0,0,321.0,54.7,430,0,0.19771643719597495
kampala_katuna,340,170.0,Pida,town,1,0,0,0,0,417.0,49.1,430,0,0.16674409451956654
kampala_katuna,341,170.5,Kyandazima,roadside settlement,0,0,0,0,0,120.0,67.6,430,0,0.17240762451394553
kampala_katuna,342,171.0,Kyandazima,roadside settlement,0,0,0,0,0,177.0,41.3,430,0,0.03542924611279535
kampala_katuna,343,171.5,Kirumba,roadside settlement,1,0,0,0,0,63.0,58.2,430,0,0.049730282497405465
kampala_katuna,344,172.0,Kirumba,roadside settlement,1,0,0,0,0,134.0,68.3,430,0,0.20062084316659223
kampala_katuna,345,172.5,Kirumba,roadside settlement,0,0,0,0,0,138.0,59.9,430,0,0.12222915635269344
kampala_katuna,346,173.0,Kirumba,roadside settlement,0,0,0,0,0,154.0,60.2,430,0,0.1391538171725363
kampala_katuna,347,173.5,Mpumudde (Lwakibirizi),roadside settlement,2,0,0,0,0,191.0,36.6,430,0,0.02358012739269888
kampala_katuna,348,174.0,Mpumudde (Lwakibirizi),roadside settlement,2,0,0,0,0,213.0,54.0,430,0,0.12460718384640003
kampala_katuna,349,174.5,Mpumudde (Lwakibirizi),roadside settlement,0,0,0,0,0,172.0,64.4,430,0,0.20354496063225858
kampala_katuna,350,175.0,Mpumudde (Lwakibirizi),roadside settlement,0,0,0,0,0,264.0,58.7,430,0,0.21564766999661963
kampala_katuna,351,175.5,Kanyogogga,roadside settlement,0,0,0,0,0,149.0,61.3,430,0,0.1447493441759883
kampala_katuna,352,176.0,Kanyogogga,roadside settlement,0,0,0,0,0,153.0,61.1,430,0,0.14670493051531822
kampala_katuna,353,176.5,Byuma,town,2,0,0,0,0,395.0,42.1,430,0,0.08537169756732564
kampala_katuna,354,177.0,Kyazanga,town,3,0,0,0,0,381.0,44.1,430,0,0.09914430478580209
kampala_katuna,355,177.5,Central,town,4,0,0,0,0,539.0,44.1,430,0,0.1402592658255835
kampala_katuna,356,178.0,Bukyanagandi,roadside settlement,3,0,0,0,0,350.0,42.8,430,0,0.08080375787724799
kampala_katuna,357,178.5,Bukyanagandi,roadside settlement,1,0,0,0,0,243.0,46.7,430,0,0.07951741148200465
kampala_katuna,358,179.0,Lwentale North,roadside settlement,1,0,0,0,0,104.0,41.3,430,0,0.020817184156670714
kampala_katuna,359,179.5,Lwentale North,roadside settlement,0,0,0,0,0,121.0,61.6,430,0,0.11986617782960128
kampala_katuna,360,180.0,Kiganda,roadside settlement,0,0,0,0,0,82.0,66.3,430,0,0.1090075061941257
kampala_katuna,361,180.5,Kiganda,roadside settlement,0,0,0,0,0,114.0,61.2,430,0,0.11002692564836351
kampala_katuna,362,181.0,Kiganda,roadside settlement,0,0,0,0,0,83.0,31.7,430,0,0.0057663842596558405
kampala_katuna,363,181.5,Malongo,roadside settlement,1,0,0,0,0,112.0,34.7,430,0,0.011171831069647364
kampala_katuna,364,182.0,Malongo,roadside settlement,1,0,0,0,0,146.0,40.6,430,0,0.027292632558894088
kampala_katuna,365,182.5,Malongo,roadside settlement,0,0,0,0,0,56.0,67.6,430,0,0.08045689143984125
kampala_katuna,366,183.0,Kitesa,roadside settlement,0,0,0,0,0,102.0,61.4,430,0,0.09973833054306815
kampala_katuna,367,183.5,Kitesa,open road,0,0,0,0,0,59.0,67.8,430,0,0.08577470347114749
kampala_katuna,368,184.0,Kitesa,roadside settlement,0,0,0,0,0,124.0,67.4,430,0,0.17605554560422915
kampala_katuna,369,184.5,Gyenda,roadside settlement,1,0,0,0,0,119.0,66.2,430,0,0.15724156491099398
kampala_katuna,370,185.0,Gyenda,roadside settlement,1,0,0,0,0,362.0,44.1,430,0,0.09420010061013218
kampala_katuna,371,185.5,Katovu Trc,roadside settlement,1,0,0,0,0,257.0,45.3,430,0,0.07445851486539692
kampala_katuna,372,186.0,Katovu Trc,roadside settlement,1,0,0,0,0,171.0,62.5,430,0,0.1795166015625
kampala_katuna,373,186.5,Ntula A,roadside settlement,1,0,0,0,0,122.0,60.1,430,0,0.10950807807290334
kampala_katuna,374,187.0,Ntula A,roadside settlement,0,0,0,0,0,88.0,65.6,430,0,0.11212087229415418
kampala_katuna,375,187.5,Katovu Central,roadside settlement,0,0,0,0,0,178.0,64.5,430,0,0.21195677311740005
kampala_katuna,376,188.0,Katovu Central,roadside settlement,2,0,0,0,0,262.0,47.6,430,0,0.09253745270726658
kampala_katuna,377,188.5,Katovu Central,roadside settlement,2,0,0,0,0,63.0,65.5,430,0,0.07978002859890002
kampala_katuna,378,189.0,Katovu Central,open road,0,0,0,0,0,66.0,68.8,430,0,0.10173868658393084
kampala_katuna,379,189.5,Katovu B,open road,0,0,0,0,0,13.0,66.8,430,0,0.017808922355261433
kampala_katuna,380,190.0,Bulimbale,open road,0,0,0,0,0,14.0,70.0,430,0,0.023126431999999995
kampala_katuna,381,190.5,Bulimbale,open road,0,0,0,0,0,39.0,62.4,430,0,0.040680979766968314
kampala_katuna,382,191.0,Bulimbale,open road,0,0,0,0,0,14.0,68.8,430,0,0.021580933517803512
kampala_katuna,383,191.5,Bulimbale,open road,0,0,0,0,0,2.0,69.0,430,0,0.003118995849599999
kampala_katuna,384,192.0,Bulimbale,open road,0,0,0,0,0,48.0,53.7,430,0,0.027461662056368644
kampala_katuna,385,192.5,BULIMBALE,roadside settlement,0,0,0,0,0,103.0,66.7,430,0,0.14025843818555347
kampala_katuna,386,193.0,Ngango,roadside settlement,1,0,0,0,0,152.0,61.5,430,0,0.14960030855759998
kampala_katuna,387,193.5,Ngango,roadside settlement,4,0,0,0,0,183.0,58.2,430,0,0.14445463011151113
kampala_katuna,388,194.0,Kasambya (Katovu),roadside settlement,3,0,0,0,0,251.0,51.7,430,0,0.1233741950336245
kampala_katuna,389,194.5,Kasambya (Katovu),open road,0,0,0,0,0,31.0,67.9,430,0,0.045334541649083696
kampala_katuna,390,195.0,Mikoma,open road,0,0,0,0,0,19.0,69.9,430,0,0.03120690811091473
kampala_katuna,391,195.5,Mikoma,roadside settlement,0,0,0,0,0,219.0,59.7,430,0,0.1913946868833883
kampala_katuna,392,196.0,Kalagala B,roadside settlement,0,0,0,0,0,54.0,67.0,430,0,0.07486544473920001
kampala_katuna,393,196.5,Kalagala B,roadside settlement,1,0,0,0,0,267.0,62.2,430,0,0.2749547573414937
kampala_katuna,394,197.0,Kasese,roadside settlement,5,1,0,0,0,523.0,39.2,430,0,0.08496389140578305
kampala_katuna,395,197.5,Lyantonde,town,4,1,0,0,0,703.0,43.5,430,0,0.1731812185269
kampala_katuna,396,198.0,Kaliro A,roadside settlement,2,0,0,0,0,514.0,42.8,430,0,0.11866609013972991
kampala_katuna,397,198.5,Kaliro A,roadside settlement,4,0,0,0,0,263.0,63.8,430,0,0.29979673696611586
kampala_katuna,398,199.0,Kyabazala,roadside settlement,2,0,0,0,0,340.0,64.8,430,0,0.4124462684700672
kampala_katuna,399,199.5,Kyabazala,roadside settlement,0,0,0,0,0,183.0,39.2,430,0,0.029729239249059843
kampala_katuna,400,200.0,Kyabazala,roadside settlement,0,0,0,0,0,169.0,67.2,430,0,0.2371112909615924
kampala_katuna,401,200.5,Kyabazala,open road,0,0,0,0,0,48.0,69.2,430,0,0.07572757563899907
kampala_katuna,402,201.0,Kyabazala,open road,0,0,0,0,0,56.0,68.8,430,0,0.08632373407121405
kampala_katuna,403,201.5,Kyabazala,roadside settlement,0,0,0,0,0,147.0,63.0,430,0,0.15931914636960004
kampala_katuna,404,202.0,,open road,0,0,0,0,0,3.0,69.0,430,0,0.004678493774399998
kampala_katuna,405,202.5,,open road,0,0,0,0,0,32.0,68.1,430,0,0.04735075020903934
kampala_katuna,406,203.0,,open road,0,0,0,0,0,9.0,70.0,430,0,0.014866991999999997
kampala_katuna,407,203.5,,open road,0,0,0,0,0,4.0,69.0,430,0,0.006237991699199998
kampala_katuna,408,204.0,,roadside settlement,0,0,0,0,0,77.0,62.2,430,0,0.07929406859661055
kampala_katuna,409,204.5,,open road,0,0,0,0,0,78.0,69.7,430,0,0.1266526127278839
kampala_katuna,410,205.0,,open road,0,0,0,0,0,0.0,52.7,430,0,0.0
kampala_katuna,411,205.5,,open road,0,0,0,0,0,6.0,70.0,430,0,0.009911327999999997
kampala_katuna,412,206.0,,open road,0,0,0,0,0,10.0,47.8,430,0,0.003591699752012799
kampala_katuna,413,206.5,,roadside settlement,2,0,0,0,0,65.0,66.7,430,0,0.08851260662195122
kampala_katuna,414,207.0,,open road,2,0,0,0,0,57.0,30.9,430,0,0.0035751742329297597
kampala_katuna,415,207.5,,open road,0,0,0,0,0,58.0,58.6,430,0,0.047055121146096626
kampala_katuna,416,208.0,,roadside settlement,0,0,0,0,0,95.0,64.6,430,0,0.11382616802428154
kampala_katuna,417,208.5,,open road,0,0,0,0,0,13.0,69.0,430,0,0.020273473022399995
kampala_katuna,418,209.0,,open road,0,0,0,0,0,24.0,69.0,430,0,0.03742795019519998
kampala_katuna,419,209.5,,open road,0,0,0,0,0,38.0,70.0,430,0,0.06277174399999999
kampala_katuna,420,210.0,Karengo,open road,0,0,0,0,0,12.0,68.9,430,0,0.018605723898552966
kampala_katuna,421,210.5,Karengo,open road,0,0,0,0,0,1.0,69.9,430,0,0.0016424688479428806
kampala_katuna,422,211.0,Karengo,open road,0,0,0,0,0,3.0,69.0,430,0,0.004678493774399998
kampala_katuna,423,211.5,Karengo,roadside settlement,1,0,0,0,0,72.0,66.6,430,0,0.09745808003536893
kampala_katuna,424,212.0,Akageti,roadside settlement,1,0,0,0,0,303.0,46.4,430,0,0.09662799962701822
kampala_katuna,425,212.5,Akageti,roadside settlement,0,0,0,0,0,236.0,55.2,430,0,0.1507498025995469
kampala_katuna,426,213.0,Karengo,open road,0,0,0,0,0,12.0,70.0,430,0,0.019822655999999994
kampala_katuna,427,213.5,Karengo,open road,0,0,0,0,0,2.0,69.0,430,0,0.003118995849599999
kampala_katuna,428,214.0,Karengo,open road,0,0,0,0,0,8.0,70.0,430,0,0.013215103999999998
kampala_katuna,429,214.5,Karengo,open road,0,0,0,0,0,0.0,69.0,430,0,0.0
kampala_katuna,430,215.0,,open road,0,0,0,0,0,0.0,69.0,430,0,0.0
kampala_katuna,431,215.5,,open road,0,0,0,0,0,0.0,70.0,430,0,0.0
kampala_katuna,432,216.0,,open road,0,0,0,0,0,1.0,69.8,430,0,0.0016330900347980796
kampala_katuna,433,216.5,,open road,0,0,0,0,0,8.0,70.0,430,0,0.013215103999999998
kampala_katuna,434,217.0,,open road,0,0,0,0,0,13.0,69.3,430,0,0.020628361282969437
kampala_katuna,435,217.5,,open road,0,0,0,0,0,20.0,68.9,430,0,0.031009539830921612
kampala_katuna,436,218.0,,open road,1,0,0,0,0,68.0,67.9,430,0,0.09944351071411907
kampala_katuna,437,218.5,Bumaranjara,open road,1,0,0,0,0,116.0,52.5,430,0,0.060629451750000014
kampala_katuna,438,219.0,Bumaranjara,roadside settlement,1,0,0,0,0,42.0,44.1,430,0,0.010929293440954559
kampala_katuna,439,219.5,Bumaranjara,roadside settlement,1,0,0,0,0,150.0,63.5,430,0,0.16779329344500002
kampala_katuna,440,220.0,Bumaranjara,roadside settlement,0,0,0,0,0,177.0,64.1,430,0,0.20558613535701922
kampala_katuna,441,220.5,Bumaranjara,roadside settlement,0,0,0,0,0,63.0,65.7,430,0,0.08075891321208145
kampala_katuna,442,221.0,Bumaranjara,roadside settlement,0,0,0,0,0,108.0,65.7,430,0,0.13844385122071104
kampala_katuna,443,221.5,Bumaranjara,open road,0,0,0,0,0,5.0,69.9,430,0,0.008212344239714403
kampala_katuna,444,222.0,,open road,0,0,0,0,0,7.0,70.0,430,0,0.011563215999999998
kampala_katuna,445,222.5,,open road,0,0,0,0,0,30.0,69.9,430,0,0.04927406543828641
kampala_katuna,446,223.0,,open road,0,0,0,0,0,18.0,68.9,430,0,0.027908585847829445
kampala_katuna,447,223.5,,open road,0,0,0,0,0,24.0,47.2,430,0,0.008195353183518722
kampala_katuna,448,224.0,,open road,0,0,0,0,0,44.0,69.3,430,0,0.0698190689577427
kampala_katuna,449,224.5,,roadside settlement,0,0,0,0,0,141.0,58.0,430,0,0.10977906439679996
kampala_katuna,450,225.0,Nombi,roadside settlement,0,0,0,0,0,96.0,66.1,430,0,0.12608560573997563
kampala_katuna,451,225.5,Nombi,open road,0,0,0,0,0,56.0,69.4,430,0,0.08937464855717892
kampala_katuna,452,226.0,Nombi,open road,0,0,0,0,0,22.0,69.9,430,0,0.03613431465474337
kampala_katuna,453,226.5,Nombi,open road,0,0,0,0,0,8.0,59.2,430,0,0.006760288841891844
kampala_katuna,454,227.0,Sanga B,open road,0,0,0,0,0,21.0,70.0,430,0,0.034689648
kampala_katuna,455,227.5,Sanga B,roadside settlement,0,0,0,0,0,164.0,62.8,430,0,0.1754974705029939
kampala_katuna,456,228.0,Sanga A,roadside settlement,1,0,0,0,0,415.0,42.8,430,0,0.0958101700544512
kampala_katuna,457,228.5,Sanga A,roadside settlement,0,0,0,0,0,258.0,55.7,430,0,0.17085548472945508
kampala_katuna,458,229.0,Sanga A,roadside settlement,0,0,0,0,0,171.0,66.9,430,0,0.23566170730328215
kampala_katuna,459,229.5,Sanga A,open road,0,0,0,0,0,76.0,70.0,430,0,0.12554348799999998
kampala_katuna,460,230.0,Sanga A,open road,0,0,0,0,0,22.0,69.9,430,0,0.03613431465474337
kampala_katuna,461,230.5,Kibega,open road,0,0,0,0,0,1.0,69.9,430,0,0.0016424688479428806
kampala_katuna,462,231.0,Kibega,open road,0,0,0,0,0,13.0,70.0,430,0,0.021474543999999995
kampala_katuna,463,231.5,Kibega,roadside settlement,0,0,0,0,0,54.0,66.6,430,0,0.07309356002652669
kampala_katuna,464,232.0,Kibega,roadside settlement,0,0,0,0,0,26.0,66.1,430,0,0.03414818488791006
kampala_katuna,465,232.5,Kibega,open road,0,0,0,0,0,7.0,62.6,430,0,0.00739577705794816
kampala_katuna,466,233.0,,open road,0,0,0,0,0,15.0,42.7,430,0,0.0034307667896712017
kampala_katuna,467,233.5,Kyibega,roadside settlement,0,0,0,0,0,45.0,66.9,430,0,0.06201623876402162
kampala_katuna,468,234.0,Kyibega,roadside settlement,0,0,0,0,0,36.0,66.9,430,0,0.04961299101121729
kampala_katuna,469,234.5,Kyibega,open road,0,0,0,0,0,3.0,69.0,430,0,0.004678493774399998
kampala_katuna,470,235.0,Kyibega,open road,0,0,0,0,0,22.0,30.1,430,0,0.0012424447961833598
kampala_katuna,471,235.5,Kibega,open road,0,0,0,0,0,17.0,69.0,430,0,0.02651146472159999
kampala_katuna,472,236.0,Kibega,open road,1,0,0,0,0,45.0,69.2,430,0,0.07099460216156163
kampala_katuna,473,236.5,Kibega,open road,1,0,0,0,0,68.0,68.2,430,0,0.10121266250230787
kampala_katuna,474,237.0,Kibega,open road,0,0,0,0,0,0.0,69.0,430,0,0.0
kampala_katuna,475,237.5,Kibega,open road,0,0,0,0,0,41.0,68.6,430,0,0.06246960469852925
kampala_katuna,476,238.0,,open road,0,0,0,0,0,3.0,69.8,430,0,0.004899270104394239
kampala_katuna,477,238.5,,open road,0,0,0,0,0,0.0,69.0,430,0,0.0
kampala_katuna,478,239.0,,open road,0,0,0,0,0,39.0,69.8,430,0,0.06369051135712511
kampala_katuna,479,239.5,,open road,0,0,0,0,0,126.0,68.6,430,0,0.191979760780846
kampala_katuna,480,240.0,,open road,0,0,0,0,0,38.0,69.0,430,0,0.05926092114239998
kampala_katuna,481,240.5,,open road,0,0,0,0,0,22.0,68.9,430,0,0.034110493814013765
kampala_katuna,482,241.0,,open road,0,0,0,0,0,2.0,68.6,430,0,0.0030472977901721586
kampala_katuna,483,241.5,,open road,0,0,0,0,0,1.0,70.0,430,0,0.0016518879999999998
kampala_katuna,484,242.0,,open road,0,0,0,0,0,1.0,69.0,430,0,0.0015594979247999996
kampala_katuna,485,242.5,,open road,0,0,0,0,0,2.0,69.0,430,0,0.003118995849599999
kampala_katuna,486,243.0,,open road,0,0,0,0,0,6.0,69.0,430,0,0.009356987548799996
kampala_katuna,487,243.5,,open road,0,0,0,0,0,3.0,69.0,430,0,0.004678493774399998
kampala_katuna,488,244.0,Kamatarisi,open road,0,0,0,0,0,6.0,69.0,430,0,0.009356987548799996
kampala_katuna,489,244.5,Kamatarisi,open road,0,0,0,0,0,10.0,53.9,430,0,0.005806888659140801
kampala_katuna,490,245.0,Kamatarisi,open road,0,0,0,0,0,0.0,38.3,430,0,0.0
kampala_katuna,491,245.5,Kamatarisi,open road,0,0,0,0,0,3.0,70.0,430,0,0.0049556639999999985
kampala_katuna,492,246.0,Kamatarisi,open road,0,0,0,0,0,12.0,69.0,430,0,0.01871397509759999
kampala_katuna,493,246.5,Kamatarisi,open road,0,0,0,0,0,4.0,69.0,430,0,0.006237991699199998
kampala_katuna,494,247.0,Kamatarisi,open road,0,0,0,0,0,81.0,50.8,430,0,0.03711319181733888
kampala_katuna,495,247.5,Kasharara,roadside settlement,0,0,0,0,0,229.0,63.7,430,0,0.25940697535388274
kampala_katuna,496,248.0,Kihangire Cell,roadside settlement,0,0,0,0,0,218.0,63.3,430,0,0.24080182381354467
kampala_katuna,497,248.5,Kihangire Cell,roadside settlement,0,0,0,0,0,188.0,65.1,430,0,0.2323112500746373
kampala_katuna,498,249.0,Kihangire Cell,roadside settlement,2,0,0,0,0,369.0,57.8,430,0,0.28335191888984823
kampala_katuna,499,249.5,Biharwe East Cell,roadside settlement,4,0,0,0,0,468.0,42.8,430,0,0.10804616767586303
kampala_katuna,500,250.0,Biharwe Central Cell,roadside settlement,2,0,0,0,0,540.0,44.5,430,0,0.14568748360199998
kampala_katuna,501,250.5,Kanyara Cell,roadside settlement,0,0,0,0,0,344.0,57.0,430,0,0.2498309868671999
kampala_katuna,502,251.0,Rwabishekye-kanyara,roadside settlement,0,0,0,0,0,330.0,51.3,430,0,0.15724318738249443
kampala_katuna,503,251.5,Rwabishekye-kanyara,roadside settlement,1,0,0,0,0,361.0,62.4,430,0,0.37655983835578366
kampala_katuna,504,252.0,Kibwera,roadside settlement,1,0,0,0,0,346.0,64.1,430,0,0.401880241997337
kampala_katuna,505,252.5,Kibwera,roadside settlement,0,0,0,0,0,238.0,66.0,430,0,0.31069991715840006
kampala_katuna,506,253.0,Rwagaju,roadside settlement,0,0,0,0,0,233.0,63.4,430,0,0.2590009701204455
kampala_katuna,507,253.5,Kibwera,roadside settlement,0,0,0,0,0,295.0,64.7,430,0,0.35565390121047763
kampala_katuna,508,254.0,Kibwera,roadside settlement,0,0,0,0,0,242.0,65.1,430,0,0.29903894956416077
kampala_katuna,509,254.5,Migamba,roadside settlement,1,0,0,0,0,289.0,64.6,430,0,0.3462711848317618
kampala_katuna,510,255.0,Migamba,open road,1,0,0,0,0,82.0,67.9,430,0,0.119917174684673
kampala_katuna,511,255.5,Migamba,open road,1,0,0,0,0,148.0,67.9,430,0,0.2164358762601415
kampala_katuna,512,256.0,Rwebihuro,roadside settlement,1,0,0,0,0,416.0,53.2,430,0,0.2292600052632781
kampala_katuna,513,256.5,Rwebihuro,roadside settlement,1,0,0,0,0,309.0,58.6,430,0,0.2506902143817907
kampala_katuna,514,257.0,Rwebihuro,open road,0,0,0,0,0,198.0,67.7,430,0,0.2861595889055799
kampala_katuna,515,257.5,Rwobuyenje,open road,0,0,0,0,0,312.0,63.8,430,0,0.3556524027887002
kampala_katuna,516,258.0,Makenke,roadside settlement,0,0,0,0,0,408.0,59.0,430,0,0.34013917021439993
kampala_katuna,517,258.5,Makenke,roadside settlement,0,0,0,0,0,361.0,59.7,430,0,0.315495351437914
kampala_katuna,518,259.0,Makenke,roadside settlement,0,0,0,0,0,349.0,62.0,430,0,0.3547975589632
kampala_katuna,519,259.5,Nyamityobora Fr,roadside settlement,0,0,0,0,0,397.0,53.6,430,0,0.22544370014027781
kampala_katuna,520,260.0,Nyamityobora Fr,roadside settlement,0,0,0,0,0,395.0,62.5,430,0,0.4146728515625
kampala_katuna,521,260.5,Forest Reserve,roadside settlement,3,0,0,0,0,493.0,42.4,430,0,0.10962226821136384
kampala_katuna,522,261.0,Forest Reserve,roadside settlement,6,0,0,0,0,595.0,42.6,430,0,0.1348167335147136
kampala_katuna,523,261.5,Market,town,6,1,0,0,0,878.0,42.8,430,0,0.20270199833206784
kampala_katuna,524,262.0,Agip,town,4,1,0,0,0,839.0,50.0,430,0,0.36077
kampala_katuna,525,262.5,Muti,town,3,1,0,0,0,908.0,35.2,430,0,0.09590581508440067
kampala_katuna,526,263.0,Boma A,town,2,1,0,2,0,869.0,50.0,430,2,0.37367
kampala_katuna,527,263.5,Boma,town,2,0,1,0,0,708.0,50.0,430,0,0.30444
kampala_katuna,528,264.0,Boma B,town,2,0,1,0,0,734.0,50.0,430,0,0.31562
kampala_katuna,529,264.5,Kashanyarazi,town,2,0,0,0,0,649.0,50.0,430,0,0.27907
kampala_katuna,530,265.0,Kashanyarazi,town,4,0,0,0,0,664.0,50.0,430,0,0.28552
kampala_katuna,531,265.5,Kashanyarazi,roadside settlement,3,0,0,0,0,531.0,62.0,430,0,0.5398209278207999
kampala_katuna,532,266.0,Nyamitanga,roadside settlement,2,0,1,0,0,409.0,58.6,430,0,0.33181973359919864
kampala_katuna,533,266.5,Nyamitanga,roadside settlement,2,0,0,0,0,480.0,61.3,430,0,0.46630661211056634
kampala_katuna,534,267.0,Nyamitanga,roadside settlement,1,0,0,0,0,498.0,60.9,430,0,0.47128861821946455
kampala_katuna,535,267.5,Ruti,roadside settlement,1,0,0,0,0,267.0,64.8,430,0,0.32389162847502345
kampala_katuna,536,268.0,Ruti,roadside settlement,3,0,0,0,0,445.0,57.7,430,0,0.3393530070159258
kampala_katuna,537,268.5,Ruti,town,1,0,0,0,0,647.0,38.7,430,0,0.09984735828102097
kampala_katuna,538,269.0,Katozho,roadside settlement,0,0,0,0,0,585.0,42.8,430,0,0.1350577095948288
kampala_katuna,539,269.5,Nakiojo,roadside settlement,2,0,0,0,0,542.0,45.4,430,0,0.1584204111932057
kampala_katuna,540,270.0,Nakiojo,roadside settlement,4,0,0,0,0,469.0,52.5,430,0,0.24513114543750006
kampala_katuna,541,270.5,Nakiojo,roadside settlement,2,0,0,0,0,312.0,64.6,430,0,0.3738290991955352
kampala_katuna,542,271.0,Nakiojo,roadside settlement,0,0,0,0,0,215.0,66.7,430,0,0.29277246805722323
kampala_katuna,543,271.5,Nakiojo,roadside settlement,0,0,0,0,0,172.0,50.0,430,0,0.07396
kampala_katuna,544,272.0,Nakiojo,open road,1,0,0,0,0,191.0,54.8,430,0,0.11850700963401724
kampala_katuna,545,272.5,,roadside settlement,1,0,0,0,0,268.0,39.7,430,0,0.04580208615306305
kampala_katuna,546,273.0,,roadside settlement,0,0,0,0,0,276.0,60.2,430,0,0.24939255545207806
kampala_katuna,547,273.5,,open road,0,0,0,0,0,48.0,68.9,430,0,0.07442289559421186
kampala_katuna,548,274.0,,open road,0,0,0,0,0,0.0,70.0,430,0,0.0
kampala_katuna,549,274.5,,open road,1,0,0,0,0,57.0,69.0,430,0,0.08889138171359998
kampala_katuna,550,275.0,,open road,1,0,0,0,0,105.0,67.6,430,0,0.15085667144970236
kampala_katuna,551,275.5,,open road,0,0,0,0,0,115.0,63.3,430,0,0.1270284850392552
kampala_katuna,552,276.0,,roadside settlement,1,0,0,0,0,207.0,65.0,430,0,0.25422146100000004
kampala_katuna,553,276.5,,roadside settlement,1,0,0,0,0,141.0,68.3,430,0,0.2111010364663396
kampala_katuna,554,277.0,,roadside settlement,0,0,0,0,0,142.0,66.4,430,0,0.1899105537399194
kampala_katuna,555,277.5,Ruchenche,roadside settlement,0,0,0,0,0,143.0,63.4,430,0,0.15895767694087426
kampala_katuna,556,278.0,Ruchenche,open road,0,0,0,0,0,97.0,68.7,430,0,0.148657601258293
kampala_katuna,557,278.5,Ruchenche,roadside settlement,0,0,0,0,0,124.0,55.7,430,0,0.08211658955989314
kampala_katuna,558,279.0,Ruchenche,roadside settlement,0,0,0,0,0,141.0,64.2,430,0,0.1647963783421517
kampala_katuna,559,279.5,Ruchenche,open road,0,0,0,0,0,29.0,69.9,430,0,0.047631596590343536
kampala_katuna,560,280.0,Ruchenche,open road,0,0,0,0,0,14.0,67.7,430,0,0.020233506286253127
kampala_katuna,561,280.5,Rugando,roadside settlement,2,0,0,0,0,117.0,63.8,430,0,0.13336965104576257
kampala_katuna,562,281.0,Rugando,roadside settlement,2,0,0,0,0,187.0,57.0,430,0,0.13580928646559995
kampala_katuna,563,281.5,Rugando,roadside settlement,1,0,0,0,0,189.0,65.2,430,0,0.23498526235226116
kampala_katuna,564,282.0,Rugando,open road,1,0,0,0,0,124.0,67.7,430,0,0.17921105567824197
kampala_katuna,565,282.5,Rugando,roadside settlement,2,0,0,0,0,150.0,60.2,430,0,0.135539432310912
kampala_katuna,566,283.0,Rugando,roadside settlement,3,0,0,0,0,202.0,55.6,430,0,0.132812506813481
kampala_katuna,567,283.5,,roadside settlement,2,0,0,0,0,167.0,62.1,430,0,0.17087216027303376
kampala_katuna,568,284.0,,open road,1,0,0,0,0,63.0,68.5,430,0,0.09543139529490002
kampala_katuna,569,284.5,,open road,0,0,0,0,0,7.0,69.9,430,0,0.011497281935600163
kampala_katuna,570,285.0,,roadside settlement,0,0,0,0,0,82.0,67.7,430,0,0.11851053681948259
kampala_katuna,571,285.5,,roadside settlement,0,0,0,0,0,144.0,45.5,430,0,0.042461615851200014
kampala_katuna,572,286.0,Kihonzi,open road,0,0,0,0,0,86.0,68.3,430,0,0.12875666053975324
kampala_katuna,573,286.5,Kihonzi,open road,0,0,0,0,0,11.0,70.0,430,0,0.018170767999999997
kampala_katuna,574,287.0,Kihonzi,open road,0,0,0,0,0,87.0,67.4,430,0,0.12352284248038657
kampala_katuna,575,287.5,Kihonzi,roadside settlement,3,0,0,0,0,283.0,63.1,430,0,0.30866849948746383
kampala_katuna,576,288.0,Kihonzi,roadside settlement,5,0,0,0,0,292.0,60.1,430,0,0.2621013016171129
kampala_katuna,577,288.5,Kihonzi,roadside settlement,2,0,0,0,0,256.0,56.9,430,0,0.1846194569299148
kampala_katuna,578,289.0,Kihonzi,roadside settlement,2,0,0,0,0,190.0,61.1,430,0,0.1821825934503952
kampala_katuna,579,289.5,Nyakagando,roadside settlement,1,0,0,0,0,136.0,68.3,430,0,0.2036151841093772
kampala_katuna,580,290.0,Nyakagando,roadside settlement,0,0,0,0,0,196.0,62.1,430,0,0.20054457133841086
kampala_katuna,581,290.5,Nyakagando,roadside settlement,1,0,0,0,0,72.0,67.1,430,0,0.10041787235500411
kampala_katuna,582,291.0,Nyakagando,roadside settlement,2,0,0,0,0,181.0,62.8,430,0,0.1936892814697677
kampala_katuna,583,291.5,Nyakagando,roadside settlement,3,0,0,0,0,129.0,62.0,430,0,0.13114293726719997
kampala_katuna,584,292.0,Nyakagando,roadside settlement,1,0,0,0,0,101.0,64.6,430,0,0.12101518916265722
kampala_katuna,585,292.5,Nyakagando,roadside settlement,0,0,0,0,0,165.0,60.8,430,0,0.1551267520315392
kampala_katuna,586,293.0,Nyakagando,roadside settlement,0,0,0,0,0,48.0,65.0,430,0,0.05894990400000001
kampala_katuna,587,293.5,Biti,open road,0,0,0,0,0,144.0,68.6,430,0,0.21940544089239544
kampala_katuna,588,294.0,Biti,roadside settlement,1,0,0,0,0,159.0,62.1,430,0,0.16268666756534353
kampala_katuna,589,294.5,Biti,roadside settlement,1,0,0,0,0,247.0,61.7,430,0,0.24627824359227857
kampala_katuna,590,295.0,Biti,roadside settlement,0,0,0,0,0,110.0,69.0,430,0,0.17154477172799992
kampala_katuna,591,295.5,Biti,open road,0,0,0,0,0,140.0,68.3,430,0,0.20960386599494713
kampala_katuna,592,296.0,Biti,open road,0,0,0,0,0,56.0,66.4,430,0,0.0748943028833485
kampala_katuna,593,296.5,Biti,roadside settlement,0,0,0,0,0,139.0,65.3,430,0,0.17388253521192595
kampala_katuna,594,297.0,Biti,roadside settlement,0,0,0,0,0,116.0,67.3,430,0,0.16372186544904122
kampala_katuna,595,297.5,Biti,roadside settlement,1,0,0,0,0,347.0,52.3,430,0,0.1786177722594498
kampala_katuna,596,298.0,,roadside settlement,1,0,0,0,0,466.0,43.5,430,0,0.11479722309179999
kampala_katuna,597,298.5,,roadside settlement,0,0,0,0,0,361.0,46.3,430,0,0.11413520001011244
kampala_katuna,598,299.0,,roadside settlement,0,0,0,0,0,77.0,66.5,430,0,0.10360142872310002
kampala_katuna,599,299.5,,open road,0,0,0,0,0,70.0,68.5,430,0,0.10603488366100003
kampala_katuna,600,300.0,,roadside settlement,0,0,0,0,0,95.0,61.5,430,0,0.0935001928485
kampala_katuna,601,300.5,,roadside settlement,0,0,0,0,0,205.0,56.3,430,0,0.14170196695379436
kampala_katuna,602,301.0,,roadside settlement,2,0,0,0,0,359.0,45.4,430,0,0.10493160077188349
kampala_katuna,603,301.5,,roadside settlement,1,0,0,0,0,237.0,61.3,430,0,0.23023888972959214
kampala_katuna,604,302.0,,roadside settlement,0,0,0,0,0,186.0,68.4,430,0,0.2801081784663245
kampala_katuna,605,302.5,,open road,0,0,0,0,0,36.0,69.9,430,0,0.0591288785259437
kampala_katuna,606,303.0,,roadside settlement,0,0,0,0,0,126.0,63.2,430,0,0.1383016293059789
kampala_katuna,607,303.5,,roadside settlement,0,0,0,0,0,198.0,38.9,430,0,0.031192632876651846
kampala_katuna,608,304.0,Kyempisi,roadside settlement,0,0,0,0,0,147.0,68.0,430,0,0.21624268431360008
kampala_katuna,609,304.5,Kyempisi,roadside settlement,1,0,0,0,0,139.0,66.6,430,0,0.18814823784605944
kampala_katuna,610,305.0,Kyempisi,roadside settlement,1,0,0,0,0,116.0,66.4,430,0,0.15513819882979332
kampala_katuna,611,305.5,Kyempisi,open road,0,0,0,0,0,85.0,66.9,430,0,0.11714178433204082
kampala_katuna,612,306.0,Nyamukana Trading Centre,open road,0,0,0,0,0,19.0,68.3,430,0,0.02844623895645711
kampala_katuna,613,306.5,Nyamukana Trading Centre,roadside settlement,0,0,0,0,0,87.0,63.3,430,0,0.09609981042100177
kampala_katuna,614,307.0,Nyamukana Trading Centre,roadside settlement,1,0,0,0,0,265.0,44.1,430,0,0.0689586371869752
kampala_katuna,615,307.5,Kashenyi,roadside settlement,1,0,0,0,0,174.0,61.8,430,0,0.1746190362188851
kampala_katuna,616,308.0,Kashenyi,roadside settlement,0,0,0,0,0,134.0,67.1,430,0,0.18688881799403542
kampala_katuna,617,308.5,Kyakahetsi,open road,0,0,0,0,0,67.0,69.3,430,0,0.10631540045838093
kampala_katuna,618,309.0,Kyakahetsi,open road,0,0,0,0,0,87.0,67.3,430,0,0.12279139908678093
kampala_katuna,619,309.5,Nyakakiri,open road,1,0,0,0,0,89.0,69.5,430,0,0.14286230839069997
kampala_katuna,620,310.0,Nyakakiri,roadside settlement,1,0,0,0,0,144.0,64.4,430,0,0.17040973448282112
kampala_katuna,621,310.5,Nyakakiri,open road,0,0,0,0,0,37.0,36.0,430,0,0.004275630489599999
kampala_katuna,622,311.0,Nyaruteme,open road,0,0,0,0,0,53.0,69.4,430,0,0.08458672095590147
kampala_katuna,623,311.5,Nyaruteme,roadside settlement,0,0,0,0,0,150.0,64.8,430,0,0.18196158903091203
kampala_katuna,624,312.0,Nyaruteme,open road,0,0,0,0,0,68.0,68.4,430,0,0.10240514051457025
kampala_katuna,625,312.5,Rwempiri,open road,0,0,0,0,0,40.0,25.1,430,0,0.0010923034754752
kampala_katuna,626,313.0,Rwempiri,roadside settlement,0,0,0,0,0,162.0,36.5,430,0,0.0197822146806
kampala_katuna,627,313.5,Rwempiri,roadside settlement,0,0,0,0,0,148.0,65.9,430,0,0.19204005072316868
kampala_katuna,628,314.0,Kanyakungu,roadside settlement,0,0,0,0,0,177.0,64.9,430,0,0.21604314549664178
kampala_katuna,629,314.5,Kashasha,roadside settlement,1,0,0,0,0,186.0,57.5,430,0,0.13988551987499995
kampala_katuna,630,315.0,Kashasha,roadside settlement,2,0,0,0,0,274.0,53.6,430,0,0.15559590387515396
kampala_katuna,631,315.5,Itojo Trading Centre,roadside settlement,2,0,0,0,0,291.0,51.5,430,0,0.14083491739530002
kampala_katuna,632,316.0,Itojo Trading Centre,roadside settlement,1,0,0,0,0,99.0,50.9,430,0,0.04571879362178832
kampala_katuna,633,316.5,Itojo Trading Centre,open road,0,0,0,0,0,67.0,68.0,430,0,0.09855959080960003
kampala_katuna,634,317.0,Kakiizi,open road,0,0,0,0,0,23.0,69.9,430,0,0.037776783502686255
kampala_katuna,635,317.5,Ruhanga,open road,1,0,0,0,0,74.0,68.6,430,0,0.11275001823636989
kampala_katuna,636,318.0,Ruhanga,roadside settlement,2,0,0,0,0,223.0,60.6,430,0,0.20691110400079102
kampala_katuna,637,318.5,Migorora,roadside settlement,1,0,0,0,0,223.0,61.1,430,0,0.2138248333654638
kampala_katuna,638,319.0,Nyamuhani,roadside settlement,2,0,0,0,0,211.0,64.5,430,0,0.25125212993130003
kampala_katuna,639,319.5,Nyamuhani,open road,1,0,0,0,0,207.0,68.9,430,0,0.32094873725003864
kampala_katuna,640,320.0,Nyamuhani,open road,0,0,0,0,0,161.0,67.9,430,0,0.23544713566137015
kampala_katuna,641,320.5,Kahunga I,roadside settlement,0,0,0,0,0,170.0,66.6,430,0,0.2301093556390655
kampala_katuna,642,321.0,Kahunga Trc,roadside settlement,1,0,0,0,0,303.0,57.4,430,0,0.22629691649451256
kampala_katuna,643,321.5,Kahunga Trc,roadside settlement,1,0,0,0,0,239.0,63.8,430,0,0.27243885982852356
kampala_katuna,644,322.0,Nyakihanga,roadside settlement,1,0,0,0,0,266.0,63.8,430,0,0.3032164716083149
kampala_katuna,645,322.5,Nyakihanga,roadside settlement,1,0,0,0,0,193.0,64.4,430,0,0.22839638024433667
kampala_katuna,646,323.0,Nyakihanga,open road,0,0,0,0,0,98.0,69.6,430,0,0.1582163904783974
kampala_katuna,647,323.5,Nyakihanga,open road,0,0,0,0,0,102.0,66.9,430,0,0.140570141198449
kampala_katuna,648,324.0,Nyabubare,roadside settlement,0,0,0,0,0,144.0,68.0,430,0,0.21182956830720007
kampala_katuna,649,324.5,Nyabubare,roadside settlement,0,0,0,0,0,253.0,66.5,430,0,0.3404046943759001
kampala_katuna,650,325.0,Cell Iii,town,1,0,0,0,0,330.0,50.0,430,0,0.1419
kampala_katuna,651,325.5,Cell Iii,town,1,0,0,0,0,386.0,50.0,430,0,0.16598
kampala_katuna,652,326.0,Ntungamo,town,2,0,0,0,0,610.0,45.1,430,0,0.17362987027043683
kampala_katuna,653,326.5,Cell Vi,town,2,0,2,0,0,537.0,44.2,430,0,0.14101061325202177
kampala_katuna,654,327.0,Cell I,town,0,0,2,0,0,370.0,50.0,430,0,0.1591
kampala_katuna,655,327.5,Kyamate,roadside settlement,1,0,1,0,0,234.0,64.8,430,0,0.28386007888822273
kampala_katuna,656,328.0,Orubaare,roadside settlement,1,0,0,0,0,204.0,53.4,430,0,0.11412574715446275
kampala_katuna,657,328.5,Orubaare,open road,0,0,0,0,0,141.0,68.7,430,0,0.21608991523112694
kampala_katuna,658,329.0,Orubaare,roadside settlement,0,0,0,0,0,132.0,67.6,430,0,0.1896483869653401
kampala_katuna,659,329.5,Orubaare,roadside settlement,0,0,0,0,0,162.0,65.7,430,0,0.20766577683106657
kampala_katuna,660,330.0,Kabagyendo,roadside settlement,0,0,0,1,0,149.0,40.1,430,1,0.026506488476417126
kampala_katuna,661,330.5,Kabagyendo,roadside settlement,0,0,0,0,0,190.0,39.4,430,0,0.031501187557811186
kampala_katuna,662,331.0,Kabagyendo,roadside settlement,0,0,0,0,0,345.0,54.6,430,0,0.21094930754876165
kampala_katuna,663,331.5,Kabagyendo,roadside settlement,0,0,0,0,0,114.0,64.7,430,0,0.1374391347050659
kampala_katuna,664,332.0,Kabagyendo,open road,0,0,0,0,0,75.0,68.5,430,0,0.11360880392250003
kampala_katuna,665,332.5,Muyogo,open road,0,0,0,0,0,68.0,68.8,430,0,0.1048216770864742
kampala_katuna,666,333.0,Muyogo,open road,0,0,0,0,0,60.0,68.8,430,0,0.09248971507630077
kampala_katuna,667,333.5,Muyogo,open road,0,0,0,0,0,14.0,70.0,430,0,0.023126431999999995
kampala_katuna,668,334.0,Muyogo,open road,0,0,0,0,0,10.0,70.0,430,0,0.016518879999999996
kampala_katuna,669,334.5,Muyogo,open road,0,0,0,0,0,34.0,68.9,430,0,0.05271621771256674
kampala_katuna,670,335.0,Kyamugashe Ii,roadside settlement,1,0,0,0,0,53.0,61.7,430,0,0.05284512919186544
kampala_katuna,671,335.5,Kyamugashe Ii,roadside settlement,1,0,0,0,0,106.0,63.2,430,0,0.11634898973360128
kampala_katuna,672,336.0,Kyamugashe Ii,roadside settlement,0,0,0,0,0,148.0,61.8,430,0,0.14852653655399423
kampala_katuna,673,336.5,Kyamugashe Ii,roadside settlement,0,0,0,0,0,105.0,67.1,430,0,0.14644273051771434
kampala_katuna,674,337.0,Kyamugashe Ii,open road,0,0,0,0,0,88.0,68.6,430,0,0.13408110276757498
kampala_katuna,675,337.5,Kyamugashe I,open road,1,0,0,0,0,110.0,66.6,430,0,0.14889428894292472
kampala_katuna,676,338.0,Kyamugashe I,open road,0,0,0,0,0,43.0,69.4,430,0,0.06862696228497667
kampala_katuna,677,338.5,Kyamugashe I,open road,0,0,0,0,0,14.0,70.0,430,0,0.023126431999999995
kampala_katuna,678,339.0,Omungyenyi,open road,0,0,0,0,0,26.0,68.8,430,0,0.04007887653306367
kampala_katuna,679,339.5,Omungyenyi,roadside settlement,2,0,0,0,0,308.0,51.3,430,0,0.14676030822366148
kampala_katuna,680,340.0,Omungyenyi,roadside settlement,3,0,0,0,0,345.0,56.2,430,0,0.2367842413927297
kampala_katuna,681,340.5,Rwabaramira,roadside settlement,1,0,0,0,0,153.0,42.7,430,0,0.03499382125464626
kampala_katuna,682,341.0,Rwabaramira,open road,0,0,0,0,0,68.0,44.0,430,0,0.017535092326400003
kampala_katuna,683,341.5,Rwabaramira,open road,0,0,0,0,0,122.0,55.3,430,0,0.07849622911157213
kampala_katuna,684,342.0,Rwabaramira,open road,0,0,0,0,0,57.0,68.7,430,0,0.08735549764662578
kampala_katuna,685,342.5,Rwemiriro Ii,roadside settlement,0,0,0,0,0,293.0,64.4,430,0,0.34673647363518467
kampala_katuna,686,343.0,Rwemiriro Ii,roadside settlement,0,0,0,0,0,301.0,63.2,430,0,0.33038722556428285
kampala_katuna,687,343.5,Rwemiriro I,roadside settlement,0,0,0,0,0,202.0,62.3,430,0,0.20935917310203614
kampala_katuna,688,344.0,Rwemiriro I,roadside settlement,0,0,0,0,0,240.0,60.5,430,0,0.22121836519199997
kampala_katuna,689,344.5,Rwemiriro I,roadside settlement,0,0,0,0,0,263.0,54.7,430,0,0.1619919719082287
kampala_katuna,690,345.0,Rubaare Ii,roadside settlement,0,0,0,0,0,338.0,53.8,430,0,0.1948203149860197
kampala_katuna,691,345.5,Rubaare Ii,roadside settlement,0,0,0,0,0,445.0,53.3,430,0,0.24709120385413347
kampala_katuna,692,346.0,Nyalubale,town,0,0,0,0,0,654.0,43.5,430,0,0.1611102658842
kampala_katuna,693,346.5,Nyalubale,roadside settlement,0,0,0,0,0,331.0,50.9,430,0,0.1528577847354741
kampala_katuna,694,347.0,Kyabukuju I,roadside settlement,0,0,0,0,0,129.0,66.0,430,0,0.1684045769472
kampala_katuna,695,347.5,Kyabukuju I,roadside settlement,0,0,0,0,0,62.0,65.1,430,0,0.07661328459908251
kampala_katuna,696,348.0,Rukiri,roadside settlement,0,0,0,0,0,148.0,66.7,430,0,0.2015363966161351
kampala_katuna,697,348.5,Rukiri,roadside settlement,0,0,0,0,0,59.0,65.6,430,0,0.07517194846994428
kampala_katuna,698,349.0,Rukiri,open road,0,0,0,0,0,33.0,46.9,430,0,0.010984840338927838
kampala_katuna,699,349.5,Rukiri,open road,0,0,0,0,0,72.0,68.0,430,0,0.10591478415360003
kampala_katuna,700,350.0,Rukiri,open road,0,0,0,0,0,4.0,69.8,430,0,0.006532360139192318
kampala_katuna,701,350.5,Enshenyi,open road,0,0,0,0,0,27.0,69.3,430,0,0.04284351958770575
kampala_katuna,702,351.0,Enshenyi,open road,0,0,0,0,0,27.0,51.9,430,0,0.013477881504108962
kampala_katuna,703,351.5,Enshenyi,open road,0,0,0,0,0,147.0,69.0,430,0,0.22924619494559995
kampala_katuna,704,352.0,Enshenyi,open road,0,0,0,0,0,43.0,69.5,430,0,0.06902336248089999
kampala_katuna,705,352.5,Enshenyi,open road,0,0,0,0,0,70.0,68.0,430,0,0.10297270681600003
kampala_katuna,706,353.0,Enshenyi,open road,0,0,0,0,0,29.0,67.1,430,0,0.040446087476321106
kampala_katuna,707,353.5,Enshenyi,open road,0,0,0,0,0,33.0,60.5,430,0,0.030417525213899996
kampala_katuna,708,354.0,Rushenyi,open road,0,0,0,0,0,30.0,67.2,430,0,0.04209076170915841
kampala_katuna,709,354.5,Rushenyi,open road,0,0,0,0,0,24.0,69.8,430,0,0.03919416083515391
kampala_katuna,710,355.0,Rushenyi,open road,0,0,0,0,0,59.0,70.0,430,0,0.09746139199999998
kampala_katuna,711,355.5,Rushenyi,open road,0,0,0,0,0,69.0,69.0,430,0,0.10760535681119997
kampala_katuna,712,356.0,Orwina,roadside settlement,0,0,0,0,0,142.0,40.1,430,0,0.025261217205712963
kampala_katuna,713,356.5,Orwina,roadside settlement,2,0,0,0,0,111.0,39.2,430,0,0.01803248938057728
kampala_katuna,714,357.0,Rwentobo,roadside settlement,3,0,0,0,0,366.0,44.7,430,0,0.10053091055007649
kampala_katuna,715,357.5,Rwentobo,roadside settlement,1,0,0,0,0,299.0,50.3,430,0,0.13168356237110673
kampala_katuna,716,358.0,Rwentobo,roadside settlement,1,0,0,0,0,170.0,67.9,430,0,0.24860877678529766
kampala_katuna,717,358.5,Rwentobo,roadside settlement,1,0,0,0,0,217.0,64.7,430,0,0.26161659851753777
kampala_katuna,718,359.0,Rwentobo,roadside settlement,0,0,0,0,0,138.0,61.5,430,0,0.13582133276939998
kampala_katuna,719,359.5,Nyabugando Ii,open road,0,0,0,0,0,70.0,65.9,430,0,0.09082975372041761
kampala_katuna,720,360.0,Nyabugando Ii,roadside settlement,1,0,0,0,0,230.0,56.3,430,0,0.15898269463108633
kampala_katuna,721,360.5,Nyabugando Ii,roadside settlement,1,0,0,0,0,179.0,60.5,430,0,0.16499203070569998
kampala_katuna,722,361.0,Nyanga I,roadside settlement,0,0,0,0,0,154.0,37.8,430,0,0.021630988101381105
kampala_katuna,723,361.5,Nyanga I,roadside settlement,0,0,0,0,0,206.0,42.3,430,0,0.04537505120146847
kampala_katuna,724,362.0,Nyanga I,roadside settlement,0,0,0,0,0,224.0,57.1,430,0,0.16382526893046281
kampala_katuna,725,362.5,Mishenyi,roadside settlement,0,0,0,0,0,186.0,30.1,430,0,0.010504306004095678
kampala_katuna,726,363.0,Mishenyi,roadside settlement,0,0,0,0,0,105.0,30.8,430,0,0.006501006545510399
kampala_katuna,727,363.5,Kabira,roadside settlement,0,0,0,0,0,137.0,31.8,430,0,0.009638678295682561
kampala_katuna,728,364.0,Katooma Iii,roadside settlement,1,0,0,0,0,177.0,36.0,430,0,0.020453691801599998
kampala_katuna,729,364.5,Rwahi,roadside settlement,2,0,0,0,0,390.0,34.2,430,0,0.03670772500062721
kampala_katuna,730,365.0,Rwahi,roadside settlement,1,0,0,0,0,342.0,33.3,430,0,0.02893286751050015
kampala_katuna,731,365.5,Nyaruhanga,roadside settlement,0,0,0,0,0,266.0,27.8,430,0,0.010930732305812483
kampala_katuna,732,366.0,Nyaruhanga,roadside settlement,0,0,0,0,0,152.0,39.7,430,0,0.025977302594274568
kampala_katuna,733,366.5,Nyakasa,roadside settlement,0,0,0,0,0,134.0,57.9,430,0,0.10361138796843548
kampala_katuna,734,367.0,Kafuka,roadside settlement,0,0,0,0,0,156.0,50.0,430,0,0.06708
kampala_katuna,735,367.5,Kafuka,roadside settlement,1,0,0,0,0,182.0,64.7,430,0,0.21942037295019298
kampala_katuna,736,368.0,Rwabahazi,roadside settlement,1,0,0,0,0,178.0,65.8,430,0,0.22956835117049335
kampala_katuna,737,368.5,Rwabahazi,roadside settlement,1,0,0,0,0,243.0,61.2,430,0,0.2345310783557222
kampala_katuna,738,369.0,Muhanga,roadside settlement,3,0,0,0,0,327.0,60.1,430,0,0.29351755352327374
kampala_katuna,739,369.5,Muhanga,roadside settlement,1,0,0,0,0,454.0,43.5,430,0,0.1118410714242
kampala_katuna,740,370.0,Kitaburaza,roadside settlement,0,0,0,0,0,247.0,40.8,430,0,0.04708971303469055
kampala_katuna,741,370.5,Rwakahuku,roadside settlement,0,0,0,0,0,139.0,64.0,430,0,0.1604438720512
kampala_katuna,742,371.0,Rwakahuku,roadside settlement,0,0,0,0,0,136.0,65.7,430,0,0.1743367015371917
kampala_katuna,743,371.5,Butobere (Butare),roadside settlement,1,0,0,0,0,199.0,60.7,430,0,0.18586442776764112
kampala_katuna,744,372.0,Nyakanengo,roadside settlement,1,0,0,0,0,197.0,62.7,430,0,0.20947144456638575
kampala_katuna,745,372.5,Nyaruhanga (Highland),roadside settlement,0,0,0,0,0,212.0,36.0,430,0,0.024498207129599995
kampala_katuna,746,373.0,Kabaare,roadside settlement,0,0,0,0,0,201.0,50.0,430,0,0.08643
kampala_katuna,747,373.5,Kabaare,roadside settlement,0,0,0,0,0,215.0,59.2,430,0,0.1816827626258433
kampala_katuna,748,374.0,Kabaare,roadside settlement,1,0,0,0,0,206.0,60.0,430,0,0.18367948799999997
kampala_katuna,749,374.5,Bukinda,roadside settlement,2,0,0,0,0,295.0,56.1,430,0,0.20103047519409367
kampala_katuna,750,375.0,Kagunga (Rutare),roadside settlement,1,0,0,0,0,228.0,32.6,430,0,0.017717142796400645
kampala_katuna,751,375.5,Kagunga (Rutare),roadside settlement,1,0,0,0,0,296.0,50.6,430,0,0.13350029231863805
kampala_katuna,752,376.0,Rwakimuri,roadside settlement,1,0,0,0,0,346.0,46.9,430,0,0.11517438658391005
kampala_katuna,753,376.5,Rwakimuri,roadside settlement,0,0,0,0,0,285.0,50.1,430,0,0.1235333451235608
kampala_katuna,754,377.0,Kitaburaza (Nyakabungo),roadside settlement,0,0,0,0,0,139.0,64.3,430,0,0.16347341309874833
kampala_katuna,755,377.5,Kitaburaza (Nyakabungo),roadside settlement,0,0,0,0,0,192.0,46.4,430,0,0.06122962352603134
kampala_katuna,756,378.0,Keihimbi,roadside settlement,0,0,0,0,0,207.0,31.0,430,0,0.013152416673599999
kampala_katuna,757,378.5,Kyobugombe,roadside settlement,0,0,0,0,0,133.0,68.4,430,0,0.2002924071829095
kampala_katuna,758,379.0,Kyobugombe,roadside settlement,1,0,0,0,0,284.0,61.8,430,0,0.2850103809549619
kampala_katuna,759,379.5,Kyobugombe,roadside settlement,0,0,0,0,0,283.0,53.9,430,0,0.16433494905368468
kampala_katuna,760,380.0,Ahakabiri,roadside settlement,0,0,0,0,0,125.0,68.1,430,0,0.18496386800405995
kampala_katuna,761,380.5,Nkumbura,open road,0,0,0,0,0,70.0,69.3,430,0,0.11107579152368158
kampala_katuna,762,381.0,Nkumbura,roadside settlement,1,0,0,0,0,259.0,58.2,430,0,0.20444671693377803
kampala_katuna,763,381.5,Ahamumba,roadside settlement,1,0,0,0,0,298.0,60.9,430,0,0.28201608078192864
kampala_katuna,764,382.0,Bugarama,roadside settlement,0,0,0,0,0,293.0,62.1,430,0,0.29979367041915506
kampala_katuna,765,382.5,Bugarama,roadside settlement,0,0,0,0,0,243.0,62.9,430,0,0.261696125984891
kampala_katuna,766,383.0,Nyakigugwe,roadside settlement,2,0,0,0,0,244.0,58.3,430,0,0.1939333428979091
kampala_katuna,767,383.5,Nyakigugwe,roadside settlement,2,0,0,0,0,296.0,45.8,430,0,0.08960702552619004
kampala_katuna,768,384.0,Rwakaceregye,roadside settlement,2,0,0,0,0,251.0,63.7,430,0,0.28432816949268375
kampala_katuna,769,384.5,Ahakatooma,roadside settlement,0,0,0,0,0,236.0,61.6,430,0,0.23378857824616447
kampala_katuna,770,385.0,Kaharo,roadside settlement,0,0,0,0,0,217.0,42.8,430,0,0.050098329883893754
kampala_katuna,771,385.5,Kimbugu,roadside settlement,0,0,0,0,0,241.0,60.2,430,0,0.21776668791286524
kampala_katuna,772,386.0,Kamunoga,roadside settlement,0,0,0,0,0,312.0,56.7,430,0,0.22185808900085385
kampala_katuna,773,386.5,Kibumba,roadside settlement,0,0,0,0,0,245.0,38.7,430,0,0.0378092778653016
kampala_katuna,774,387.0,Ahamuremere,roadside settlement,2,0,0,0,0,197.0,45.8,430,0,0.05963710820493054
kampala_katuna,775,387.5,Rwabashenyi,roadside settlement,1,0,0,0,0,133.0,38.6,430,0,0.02031371232696064
kampala_katuna,776,388.0,Rwabashenyi,roadside settlement,0,0,0,0,0,128.0,30.6,430,0,0.00772118776479744
kampala_katuna,777,388.5,Kirandura,roadside settlement,0,0,0,0,0,156.0,31.1,430,0,0.010040482711908478
kampala_katuna,778,389.0,Kasharara,roadside settlement,0,0,0,0,0,161.0,37.0,430,0,0.020759706564799998
kampala_katuna,779,389.5,Kasharara,roadside settlement,0,0,0,0,0,73.0,46.5,430,0,0.023481352593900006
kampala_katuna,780,390.0,Nyaruhanga,open road,0,0,0,0,0,6.0,27.6,430,0,0.00023953888124928006
kampala_katuna,781,390.5,Nyarungwe,open road,0,0,0,0,0,39.0,38.0,430,0,0.0055948369152
kampala_katuna,782,391.0,Nyarungwe,roadside settlement,0,0,0,0,0,95.0,37.0,430,0,0.012249516295999999
kampala_katuna,783,391.5,Kabaraga,open road,0,0,0,0,0,61.0,54.5,430,0,0.03702578563030001
kampala_katuna,784,392.0,Kanyankwanzi,open road,0,0,0,0,0,18.0,50.0,430,0,0.00774
kampala_katuna,785,392.5,Karuhuma,roadside settlement,0,0,0,0,0,131.0,50.0,430,0,0.05633
kampala_katuna,786,393.0,Kanyankwanzi,roadside settlement,0,0,0,0,0,119.0,67.9,430,0,0.17402614374970837
kampala_katuna,787,393.5,Rwashenyire,roadside settlement,0,0,0,0,0,74.0,67.5,430,0,0.10569032887500003
kampala_katuna,788,394.0,Rwashenyire,open road,0,0,0,0,0,31.0,50.0,430,0,0.01333
kampala_katuna,789,394.5,Nyakahita (Nyakagyera),roadside settlement,0,0,0,0,0,181.0,50.0,430,0,0.07783
kampala_katuna,790,395.0,Omubushenshero,open road,0,0,0,0,0,143.0,69.8,430,0,0.23353187497612538
kampala_katuna,791,395.5,Bunombe (Nyakagyera),roadside settlement,0,0,0,0,0,200.0,50.0,430,0,0.086
kampala_katuna,792,396.0,Karubanda (Kyanamira),roadside settlement,0,0,0,0,0,310.0,50.0,430,0,0.1333
kampala_katuna,793,396.5,Karubanda (Kyanamira),roadside settlement,0,0,0,0,0,247.0,62.8,430,0,0.2643163122819482
kampala_katuna,794,397.0,Kabatogote,roadside settlement,0,0,0,0,0,304.0,58.2,430,0,0.23996834728906766
kampala_katuna,795,397.5,Rwanyabiboga,roadside settlement,0,0,0,0,0,256.0,50.0,430,0,0.11008
kampala_katuna,796,398.0,Nyakahita (Katookye),roadside settlement,1,0,0,0,0,353.0,60.0,430,0,0.314751744
kampala_katuna,797,398.5,Rugarama Ii,roadside settlement,2,0,0,0,0,480.0,52.3,430,0,0.24707933914851843
kampala_katuna,798,399.0,Nkombe,roadside settlement,1,0,0,0,0,480.0,47.2,430,0,0.16390706367037444
kampala_katuna,799,399.5,Nyarukonkoromi,roadside settlement,1,0,0,0,0,553.0,44.9,430,0,0.15463184351305265
kampala_katuna,800,400.0,Mafuga,roadside settlement,1,0,0,0,0,460.0,50.0,430,0,0.1978
kampala_katuna,801,400.5,Nyakahita (Kigongi),town,1,0,0,0,0,554.0,45.7,430,0,0.16625051650710757
kampala_katuna,802,401.0,Kigongi B,town,0,0,0,0,0,651.0,48.2,430,0,0.24174504419858694
kampala_katuna,803,401.5,Kigongi A,town,0,0,3,0,0,711.0,44.1,430,0,0.1850173246790165
kampala_katuna,804,402.0,Bitaka,town,2,1,3,0,0,561.0,47.9,430,0,0.20318579996146605
kampala_katuna,805,402.5,Igabiro (Mwanjari),town,3,0,0,0,0,803.0,44.0,430,0,0.20706881085440001
kampala_katuna,806,403.0,Nyangande,town,1,2,0,0,0,680.0,42.1,430,0,0.1469689983437505
kampala_katuna,807,403.5,Nyangande,roadside settlement,0,3,0,0,0,481.0,44.1,430,0,0.1251664320261701
kampala_katuna,808,404.0,,roadside settlement,2,0,0,0,0,447.0,50.4,430,0,0.19843492307337215
kampala_katuna,809,404.5,Rwagana,roadside settlement,2,0,0,0,0,485.0,45.9,430,0,0.14810881901370476
kampala_katuna,810,405.0,Omukirwa,roadside settlement,0,0,0,0,0,471.0,48.2,430,0,0.17490309649390853
kampala_katuna,811,405.5,Karubanda (Karubanda),roadside settlement,0,0,0,0,0,472.0,44.6,430,0,0.12849016053385218
kampala_katuna,812,406.0,Karubanda (Karubanda),roadside settlement,1,0,0,2,0,406.0,57.7,430,2,0.30961195696284466
kampala_katuna,813,406.5,Kazigizigi,roadside settlement,1,0,0,0,0,322.0,62.0,430,0,0.32734903720959996
kampala_katuna,814,407.0,Rwabirundo,roadside settlement,1,0,0,0,0,365.0,57.6,430,0,0.27642112895877136
kampala_katuna,815,407.5,Rwabirundo,roadside settlement,2,0,0,0,0,267.0,65.2,430,0,0.33196330713255945
kampala_katuna,816,408.0,Butare,roadside settlement,1,0,0,0,0,214.0,62.4,430,0,0.2232238376956723
kampala_katuna,817,408.5,Butare,roadside settlement,0,0,0,0,0,145.0,67.1,430,0,0.2022304373816055
kampala_katuna,818,409.0,Nyakatooma (Kicumbi),open road,0,0,0,0,0,69.0,50.0,430,0,0.02967
kampala_katuna,819,409.5,Nyakatooma (Kicumbi),roadside settlement,0,0,0,0,0,129.0,67.4,430,0,0.18315455953988358
kampala_katuna,820,410.0,Nyamurindira A,roadside settlement,0,0,0,0,0,174.0,44.5,430,0,0.046943744716200005
kampala_katuna,821,410.5,Nyamurindira A,roadside settlement,2,0,0,0,0,299.0,50.5,430,0,0.1337904575657
kampala_katuna,822,411.0,Nyakateete B,roadside settlement,1,0,0,0,0,246.0,57.8,430,0,0.18890127925989883
kampala_katuna,823,411.5,Nyakateete A,roadside settlement,0,0,0,0,0,219.0,60.9,430,0,0.2072534284941019
kampala_katuna,824,412.0,Kyarugondo,roadside settlement,0,0,0,0,0,133.0,61.8,430,0,0.13347317136271103
kampala_katuna,825,412.5,Kyarugondo,roadside settlement,0,0,0,0,0,208.0,64.9,430,0,0.25388121052712703
kampala_katuna,826,413.0,Nyakasharara,roadside settlement,0,0,0,0,0,178.0,67.3,430,0,0.25122837974077017
kampala_katuna,827,413.5,Rwamacumu,roadside settlement,0,0,0,0,0,212.0,66.9,430,0,0.29216539151050186
kampala_katuna,828,414.0,Nyakatugunda (Kasheregenyi),roadside settlement,0,0,0,0,0,132.0,65.3,430,0,0.165125860776793
kampala_katuna,829,414.5,Nyakatugunda (Kasheregenyi),roadside settlement,0,0,0,0,0,118.0,67.6,430,0,0.16953416410537978
kampala_katuna,830,415.0,Nyakarindi,roadside settlement,0,0,0,0,0,226.0,65.2,430,0,0.28098766820958215
kampala_katuna,831,415.5,Rukaranga,roadside settlement,0,0,0,0,0,204.0,67.5,430,0,0.2913625282500001
kampala_katuna,832,416.0,Rukaranga,roadside settlement,0,0,0,0,0,136.0,67.7,430,0,0.19655406106645892
kampala_katuna,833,416.5,Murambo (Buranga),roadside settlement,0,0,0,0,0,150.0,66.3,430,0,0.1994039747453519
kampala_katuna,834,417.0,Murambo (Buranga),roadside settlement,0,0,0,0,0,60.0,66.1,430,0,0.07880350358748477
kampala_katuna,835,417.5,Murambo (Buranga),open road,0,0,0,0,0,8.0,69.8,430,0,0.013064720278384637
kampala_katuna,836,418.0,Rushebeya (Buranga),open road,0,0,0,0,0,26.0,69.9,430,0,0.04270419004651489
kampala_katuna,837,418.5,Kabaliisa,open road,0,0,0,0,0,86.0,69.7,430,0,0.13964262428971813
kampala_katuna,838,419.0,Kabaliisa,roadside settlement,0,0,0,0,0,232.0,50.0,430,0,0.09976
kampala_katuna,839,419.5,Nyamengo (Kacerere),roadside settlement,0,0,0,0,0,111.0,64.3,430,0,0.1305435169349717
kampala_katuna,840,420.0,Nyamengo (Kacerere),open road,0,0,0,0,0,39.0,67.7,430,0,0.05636476751170513
kampala_katuna,841,420.5,Kamuganguzi,roadside settlement,0,0,0,0,0,210.0,62.2,430,0,0.21625655071802877
kampala_katuna,842,421.0,Kamuganguzi,roadside settlement,0,0,0,0,0,221.0,61.6,430,0,0.21892913471356928
kampala_katuna,843,421.5,Nyamirima,roadside settlement,0,0,0,0,0,171.0,62.7,430,0,0.1818254671109237
kampala_katuna,844,422.0,,roadside settlement,0,0,0,0,0,210.0,63.1,430,0,0.2290472964394608
kampala_katuna,845,422.5,,roadside settlement,2,0,0,0,0,247.0,55.4,430,0,0.16007534643932408
kampala_katuna,846,423.0,Katuna,roadside settlement,2,0,0,0,0,293.0,46.8,430,0,0.09670289391120382
kampala_katuna,847,423.5,Katuna-Border,roadside settlement,0,0,0,0,0,273.0,48.0,430,0,0.09970479267839999
kampala_katuna,848,424.0,Burambira-Katuna,roadside settlement,0,0,0,0,0,226.0,49.1,430,0,0.09036970110652767
kampala_katuna,849,424.5,Burambira-Katuna,roadside settlement,1,0,0,0,0,116.0,50.0,430,0,0.04988
kampala_katuna,850,425.0,Burambira-Katuna,roadside settlement,1,0,0,0,0,281.0,60.1,430,0,0.25222762244660524
kampala_katuna,851,425.5,Burambira (Mukarangye),roadside settlement,0,0,0,0,0,249.0,50.0,430,0,0.10707
kampala_malaba,0,0.0,Radio Uganda,town,0,0,5,6,4,3921.0,48.5,1540,10,5.3456989863354
kampala_malaba,1,0.5,Community Flats,town,1,0,3,0,0,2266.0,50.0,1540,0,3.48964
kampala_malaba,2,1.0,Ngabo,town,2,0,1,2,0,2736.0,50.0,1540,2,4.21344
kampala_malaba,3,1.5,Lugogo,town,1,0,0,0,0,2716.0,43.6,1540,0,2.4183348040705637
kampala_malaba,4,2.0,,town,1,0,2,2,3,1981.0,50.0,1540,5,3.05074
kampala_malaba,5,2.5,,town,1,1,4,7,5,1837.0,41.4,1540,12,1.3296925156590025
kampala_malaba,6,3.0,Nsimbwe-kasi,town,2,1,3,0,0,3017.0,40.0,1540,0,1.9030753280000003
kampala_malaba,7,3.5,Nakawa Vocation Institute,town,2,0,3,0,2,2575.0,50.0,1540,2,3.9655
kampala_malaba,8,4.0,Central,town,1,0,2,0,0,2654.0,50.0,1540,0,4.08716
kampala_malaba,9,4.5,K 10,town,0,0,0,0,0,2031.0,50.0,1540,0,3.12774
kampala_malaba,10,5.0,K 10,town,0,0,0,0,0,2703.0,50.0,1540,0,4.16262
kampala_malaba,11,5.5,K 7,town,1,1,0,0,0,3030.0,38.7,1540,0,1.6746621013295713
kampala_malaba,12,6.0,B 4,town,1,2,1,0,0,3224.0,38.7,1540,0,1.7818846913156892
kampala_malaba,13,6.5,Kireka,town,0,1,0,0,0,2569.0,41.4,1540,0,1.8595427723070104
kampala_malaba,14,7.0,Kireka,town,0,1,1,0,0,2681.0,42.1,1540,0,2.075228393371328
kampala_malaba,15,7.5,Kireka Central,town,0,0,1,0,0,2453.0,42.1,1540,0,1.8987449641700365
kampala_malaba,16,8.0,Kireka Central,town,0,0,1,0,0,1983.0,41.4,1540,0,1.4353730313292337
kampala_malaba,17,8.5,Bbuto,town,0,1,1,0,0,2518.0,38.7,1540,0,1.391682894768271
kampala_malaba,18,9.0,Kigandazi,town,0,1,1,0,0,2268.0,39.4,1540,0,1.3466931188117293
kampala_malaba,19,9.5,Namulondo,town,0,0,0,0,0,2684.0,40.0,1540,0,1.6930242560000004
kampala_malaba,20,10.0,Namulondo,town,0,0,0,0,0,2250.0,39.4,1540,0,1.3360050781862394
kampala_malaba,21,10.5,Kireku Railway,roadside settlement,0,0,0,0,0,1309.0,42.1,1540,0,1.013231617651275
kampala_malaba,22,11.0,Namanve,roadside settlement,0,0,0,0,0,1408.0,46.1,1540,0,1.566920851395666
kampala_malaba,23,11.5,Namanve,roadside settlement,0,0,0,0,0,582.0,66.7,1540,0,2.8383570326698546
kampala_malaba,24,12.0,Mawotto,town,0,0,0,0,0,571.0,42.2,1540,0,0.44619696876772885
kampala_malaba,25,12.5,Mawotto,town,0,0,0,0,0,501.0,50.0,1540,0,0.77154
kampala_malaba,26,13.0,Kiwanga Lwanda,roadside settlement,2,0,0,0,0,637.0,61.6,1540,0,2.259971614977556
kampala_malaba,27,13.5,Kiwanga Lwanda,town,4,0,0,0,0,980.0,50.0,1540,0,1.5092
kampala_malaba,28,14.0,Baggala,roadside settlement,1,0,0,0,0,811.0,56.6,1540,0,2.0508187644041582
kampala_malaba,29,14.5,Baggala,town,3,0,0,0,0,979.0,35.9,1540,0,0.40068325172245206
kampala_malaba,30,15.0,Seeta,town,8,0,0,0,0,1145.0,42.1,1540,0,0.8862873966468372
kampala_malaba,31,15.5,Ntinda,town,7,0,0,0,0,1008.0,42.8,1540,0,0.8334437835748146
kampala_malaba,32,16.0,Ntinda,roadside settlement,3,0,0,0,0,787.0,58.5,1540,0,2.2711138207757995
kampala_malaba,33,16.5,Kigunga,town,3,0,0,0,0,1021.0,42.8,1540,0,0.8441925625296487
kampala_malaba,34,17.0,Kigunga,roadside settlement,1,0,0,0,0,718.0,57.2,1540,0,1.8938660677948222
kampala_malaba,35,17.5,Lower Kauga,roadside settlement,2,0,0,0,0,883.0,45.4,1540,0,0.9243252533628464
kampala_malaba,36,18.0,Lower Kauga,town,1,0,0,0,0,881.0,41.4,1540,0,0.6377022897635173
kampala_malaba,37,18.5,Butebe,town,1,0,0,0,0,959.0,43.0,1540,0,0.8078544711776
kampala_malaba,38,19.0,Butebe,town,4,0,0,0,0,1108.0,42.8,1540,0,0.9161266986119987
kampala_malaba,39,19.5,Mukono,town,3,0,2,0,0,961.0,41.4,1540,0,0.6956094216376166
kampala_malaba,40,20.0,Total,town,6,1,2,0,0,1102.0,41.4,1540,0,0.7976707415657164
kampala_malaba,41,20.5,Gunga,town,10,1,0,0,0,1114.0,39.4,1540,0,0.6614709587108758
kampala_malaba,42,21.0,Agip,town,4,0,1,0,0,1074.0,43.5,1540,0,0.9475497310355999
kampala_malaba,43,21.5,Ggulu A,town,1,0,2,0,0,1011.0,39.4,1540,0,0.6003116151316835
kampala_malaba,44,22.0,Ngandu,roadside settlement,3,0,0,0,0,1072.0,42.8,1540,0,0.8863608491986124
kampala_malaba,45,22.5,Kigombya North,roadside settlement,4,0,0,0,0,978.0,42.1,1540,0,0.7570210252581718
kampala_malaba,46,23.0,Kigombya North,town,2,0,0,0,0,844.0,42.8,1540,0,0.697843802913833
kampala_malaba,47,23.5,Kigombya South,roadside settlement,1,0,0,0,0,601.0,62.6,1540,0,2.2741154479114085
kampala_malaba,48,24.0,"Lwanyonyi, Kamwaka Close",town,1,0,0,0,0,514.0,50.0,1540,0,0.79156
kampala_malaba,49,24.5,"Lwanyonyi, Kamwaka Close",roadside settlement,0,0,0,0,0,277.0,64.5,1540,0,1.1812976257698002
kampala_malaba,50,25.0,"Lwanyonyi, Kamwaka Close",roadside settlement,0,0,0,0,0,274.0,64.2,1540,0,1.1469153852095388
kampala_malaba,51,25.5,Kiwugo,open road,0,0,0,0,0,91.0,67.8,1540,0,0.47380634388831727
kampala_malaba,52,26.0,Kasenge B,open road,1,0,0,0,0,128.0,66.4,1540,0,0.6130882468590388
kampala_malaba,53,26.5,Kasenge B,roadside settlement,1,0,0,0,0,265.0,62.9,1540,0,1.0220900470325776
kampala_malaba,54,27.0,Kasenge B,roadside settlement,0,0,0,0,0,627.0,58.2,1540,0,1.7725568908765144
kampala_malaba,55,27.5,Mbalala,town,0,0,2,0,0,532.0,43.5,1540,0,0.4693635539208
kampala_malaba,56,28.0,Mbalala,town,1,0,2,0,0,750.0,41.4,1540,0,0.5428793613196798
kampala_malaba,57,28.5,Mbalala,town,1,0,0,0,0,660.0,40.0,1540,0,0.41631744000000004
kampala_malaba,58,29.0,Kasenge A,roadside settlement,0,0,0,0,0,430.0,56.5,1540,0,1.0796996245419996
kampala_malaba,59,29.5,Namawojjolo West,roadside settlement,0,0,0,0,0,363.0,62.7,1540,0,1.382348328904509
kampala_malaba,60,30.0,Namawojjolo West,roadside settlement,3,0,0,0,0,558.0,58.6,1540,0,1.6213074059047217
kampala_malaba,61,30.5,Namawojjolo West,roadside settlement,4,0,0,0,0,731.0,42.8,1540,0,0.6044121089218151
kampala_malaba,62,31.0,Namawojjolo East,town,4,0,0,0,0,683.0,42.1,1540,0,0.528676237475799
kampala_malaba,63,31.5,Namawojjolo East,roadside settlement,2,0,0,0,0,731.0,43.5,1540,0,0.6449337554814
kampala_malaba,64,32.0,Walusubi,roadside settlement,1,0,0,0,0,716.0,42.1,1540,0,0.5542198917023017
kampala_malaba,65,32.5,Walusubi,roadside settlement,0,0,0,0,0,488.0,51.6,1540,0,0.8524311901352756
kampala_malaba,66,33.0,Kyawanvubu,roadside settlement,0,0,0,0,0,454.0,58.7,1540,0,1.328155610948173
kampala_malaba,67,33.5,Kayanja,roadside settlement,2,0,0,0,0,433.0,42.7,1540,0,0.3546827768509381
kampala_malaba,68,34.0,Namataba Central,roadside settlement,5,0,0,0,0,677.0,43.4,1540,0,0.5918181638543821
kampala_malaba,69,34.5,Galabi,roadside settlement,4,0,0,0,0,619.0,42.8,1540,0,0.511807244080169
kampala_malaba,70,35.0,Galabi,roadside settlement,2,0,0,0,0,581.0,50.9,1540,0,0.9609216209809464
kampala_malaba,71,35.5,Kayanja,roadside settlement,3,0,0,0,0,615.0,43.5,1540,0,0.5425913264309999
kampala_malaba,72,36.0,Kayanja,roadside settlement,2,0,0,0,0,698.0,42.1,1540,0,0.5402869893969366
kampala_malaba,73,36.5,Namagunga A,roadside settlement,2,0,0,0,0,399.0,56.0,1540,0,0.9668647059456004
kampala_malaba,74,37.0,Namagunga A,roadside settlement,1,0,0,0,0,530.0,52.7,1540,0,1.0073004638615075
kampala_malaba,75,37.5,Namagunga B,roadside settlement,0,0,0,0,0,424.0,44.1,1540,0,0.39514902797373697
kampala_malaba,76,38.0,Kasaku,roadside settlement,0,0,0,0,0,221.0,43.9,1540,0,0.20225117722313504
kampala_malaba,77,38.5,Kasaku,open road,0,0,0,0,0,188.0,41.5,1540,0,0.13740133095919999
kampala_malaba,78,39.0,Kasaku,open road,0,0,0,0,0,31.0,52.7,1540,0,0.05891757430133346
kampala_malaba,79,39.5,Najumba,open road,0,0,0,0,0,123.0,68.5,1540,0,0.6672799888062002
kampala_malaba,80,40.0,Lugazi,roadside settlement,0,0,0,0,0,413.0,66.5,1540,0,1.9901111657042003
kampala_malaba,81,40.5,Lugazi,roadside settlement,0,0,0,0,0,323.0,68.3,1540,0,1.7319128741396443
kampala_malaba,82,41.0,Lugazi,roadside settlement,2,0,0,0,0,502.0,51.5,1540,0,0.8701083508348002
kampala_malaba,83,41.5,Kitega,town,4,0,0,0,0,820.0,42.8,1540,0,0.6779999033049088
kampala_malaba,84,42.0,Kitega,roadside settlement,2,0,0,0,0,656.0,46.0,1540,0,0.7237288239104
kampala_malaba,85,42.5,Nakazzadde,roadside settlement,5,0,0,0,0,830.0,35.0,1540,0,0.30689581999999993
kampala_malaba,86,43.0,Nakazzadde,town,10,0,1,0,0,1077.0,37.9,1540,0,0.5475367157774237
kampala_malaba,87,43.5,Lugazi,town,9,0,2,0,0,1151.0,38.7,1540,0,0.6361505210001112
kampala_malaba,88,44.0,Cable,town,3,0,1,0,0,663.0,46.4,1540,0,0.7572271101326129
kampala_malaba,89,44.5,Jagary,roadside settlement,1,0,0,0,0,761.0,57.1,1540,0,1.993286811361779
kampala_malaba,90,45.0,Jagary,roadside settlement,0,0,0,0,0,350.0,69.6,1540,0,2.0236980177469435
kampala_malaba,91,45.5,Kinawataka,open road,0,0,0,0,0,188.0,69.0,1540,0,1.0500135795071996
kampala_malaba,92,46.0,Hospital,open road,0,0,0,0,0,11.0,67.4,1540,0,0.055933626079063055
kampala_malaba,93,46.5,Bulyantete,roadside settlement,0,0,0,0,0,79.0,59.4,1540,0,0.2423335668916377
kampala_malaba,94,47.0,Bulyantete,roadside settlement,2,0,0,0,0,299.0,42.4,1540,0,0.23810872975425534
kampala_malaba,95,47.5,Tebalowoza,roadside settlement,2,0,0,0,0,665.0,41.5,1540,0,0.4860206653609999
kampala_malaba,96,48.0,Tebalowoza,roadside settlement,0,0,0,0,0,626.0,45.5,1540,0,0.6610900540244
kampala_malaba,97,48.5,Sagazi East,roadside settlement,0,0,0,0,0,459.0,44.8,1540,0,0.455580833714012
kampala_malaba,98,49.0,Kasininya,roadside settlement,0,0,0,0,0,498.0,52.9,1540,0,0.9609321733072725
kampala_malaba,99,49.5,Kasininya,roadside settlement,0,0,0,0,0,343.0,45.4,1540,0,0.359052731487493
kampala_malaba,100,50.0,Kasininya,roadside settlement,0,0,0,0,0,157.0,62.1,1540,0,0.5753164031585308
kampala_malaba,101,50.5,Dangala A,open road,0,0,0,0,0,3.0,70.0,1540,0,0.017748191999999996
kampala_malaba,102,51.0,Dangala A,open road,0,0,0,0,0,39.0,63.8,1540,0,0.15921648264377858
kampala_malaba,103,51.5,Dangala A,open road,0,0,0,0,0,174.0,66.5,1540,0,0.8384487719916002
kampala_malaba,104,52.0,Nsakya A,roadside settlement,1,0,0,0,0,423.0,40.2,1540,0,0.27219822146237954
kampala_malaba,105,52.5,Najjembe,town,2,1,1,0,0,640.0,42.2,1540,0,0.5001156917886979
kampala_malaba,106,53.0,Najjembe,roadside settlement,2,1,1,0,0,331.0,56.6,1540,0,0.8370172762241386
kampala_malaba,107,53.5,Nsakya B,open road,0,0,0,0,0,3.0,69.8,1540,0,0.017546223164574715
kampala_malaba,108,54.0,Mubango,open road,0,0,0,0,0,0.0,70.0,1540,0,0.0
kampala_malaba,109,54.5,Mubango,open road,0,0,0,0,0,16.0,69.0,1540,0,0.08936285783039996
kampala_malaba,110,55.0,Mubango,open road,0,0,0,0,0,13.0,69.9,1540,0,0.07647029380422435
kampala_malaba,111,55.5,Mubango,open road,0,0,0,0,0,2.0,62.8,1540,0,0.007664949080391679
kampala_malaba,112,56.0,Najembe,open road,0,0,0,0,0,20.0,44.4,1540,0,0.0191514905100288
kampala_malaba,113,56.5,Najembe,open road,0,0,0,0,0,92.0,67.8,1540,0,0.4790130070079691
kampala_malaba,114,57.0,Najembe,open road,0,0,0,0,0,12.0,69.9,1540,0,0.0705879635115917
kampala_malaba,115,57.5,Najembe,open road,0,0,0,0,0,2.0,30.2,1540,0,0.00040991939867648
kampala_malaba,116,58.0,Najembe,open road,0,0,0,0,0,0.0,47.5,1540,0,0.0
kampala_malaba,117,58.5,Najembe,open road,0,0,0,0,0,2.0,58.8,1540,0,0.00589087765905408
kampala_malaba,118,59.0,,open road,0,0,0,0,0,4.0,68.9,1540,0,0.022211484344008967
kampala_malaba,119,59.5,,open road,0,0,0,0,0,0.0,70.0,1540,0,0.0
kampala_malaba,120,60.0,Lugalambo,open road,0,0,0,0,0,12.0,70.0,1540,0,0.07099276799999998
kampala_malaba,121,60.5,Lugalambo,open road,0,0,0,0,0,3.0,59.8,1540,0,0.009452935490718718
kampala_malaba,122,61.0,Lugalambo,open road,0,0,0,0,0,16.0,50.0,1540,0,0.02464
kampala_malaba,123,61.5,Lugalambo,open road,0,0,0,0,0,17.0,67.9,1540,0,0.0890366316858973
kampala_malaba,124,62.0,Lugalambo,open road,0,0,0,0,0,147.0,67.3,1540,0,0.743050439060825
kampala_malaba,125,62.5,Lugalambo,open road,0,0,0,0,0,52.0,70.0,1540,0,0.30763532799999993
kampala_malaba,126,63.0,Namatogonya,open road,0,0,0,0,0,38.0,69.8,1540,0,0.22225216008461307
kampala_malaba,127,63.5,Namatogonya,open road,0,0,0,0,0,13.0,69.0,1540,0,0.07260732198719998
kampala_malaba,128,64.0,Namatogonya,roadside settlement,0,0,0,0,0,243.0,32.1,1540,0,0.06357218033894113
kampala_malaba,129,64.5,Kiryante,roadside settlement,1,0,0,0,0,467.0,53.9,1540,0,0.9712088804374143
kampala_malaba,130,65.0,Kiryante,roadside settlement,1,0,0,0,0,331.0,60.9,1540,0,1.12185794457453
kampala_malaba,131,65.5,Kiryante,roadside settlement,0,0,0,0,0,493.0,52.0,1540,0,0.8881800159232002
kampala_malaba,132,66.0,Namanyonyi,roadside settlement,4,0,0,0,0,791.0,42.8,1540,0,0.6540218579441254
kampala_malaba,133,66.5,Namanyonyi,roadside settlement,3,0,0,0,0,750.0,44.8,1540,0,0.7444131269836797
kampala_malaba,134,67.0,Namanyonyi,roadside settlement,1,0,0,0,0,652.0,44.1,1540,0,0.6076348260350861
kampala_malaba,135,67.5,Lugazi,roadside settlement,1,0,0,0,0,491.0,57.0,1540,0,1.2770903353823997
kampala_malaba,136,68.0,Lugazi,roadside settlement,2,0,0,0,0,618.0,34.4,1540,0,0.21323718903201783
kampala_malaba,137,68.5,Lugazi,town,3,0,0,0,0,825.0,40.0,1540,0,0.5203968000000001
kampala_malaba,138,69.0,Wampala,roadside settlement,3,0,0,0,0,944.0,43.5,1540,0,0.8328556295135999
kampala_malaba,139,69.5,Wampala,town,4,0,0,0,0,986.0,40.7,1540,0,0.6666459658119431
kampala_malaba,140,70.0,Njeru,roadside settlement,4,0,1,0,0,1065.0,42.8,1540,0,0.8805730451460095
kampala_malaba,141,70.5,Njeru,town,6,0,1,0,0,1013.0,42.1,1540,0,0.7841127797408264
kampala_malaba,142,71.0,Namuwaya,roadside settlement,8,0,0,0,0,1015.0,43.5,1540,0,0.8954962541909999
kampala_malaba,143,71.5,Naava,roadside settlement,9,0,0,0,0,950.0,44.1,1540,0,0.885357491922288
kampala_malaba,144,72.0,Naava Road,town,4,0,0,0,0,777.0,45.8,1540,0,0.8424102341619145
kampala_malaba,145,72.5,Naava Road,roadside settlement,1,0,0,0,0,521.0,65.7,1540,0,2.3918828507412857
kampala_malaba,146,73.0,Triangle,roadside settlement,2,0,0,0,0,570.0,60.0,1540,0,1.82020608
kampala_malaba,147,73.5,Upper Naava,town,2,0,0,0,0,879.0,48.8,1540,0,1.2283124860885402
kampala_malaba,148,74.0,Naminya,town,0,0,0,0,0,718.0,48.5,1540,0,0.9788859658732
kampala_malaba,149,74.5,Naminya,roadside settlement,0,0,0,0,0,504.0,50.0,1540,0,0.77616
kampala_malaba,150,75.0,Nalufenya B,roadside settlement,0,0,0,0,0,90.0,65.3,1540,0,0.4032143111991457
kampala_malaba,151,75.5,Nalufenya B,roadside settlement,1,0,0,0,0,773.0,61.6,1540,0,2.74247732869333
kampala_malaba,152,76.0,Ambercourt,town,0,0,0,0,0,904.0,50.0,1540,0,1.39216
kampala_malaba,153,76.5,Mvule,town,0,0,0,0,0,839.0,50.0,1540,0,1.29206
kampala_malaba,154,77.0,Mvule,roadside settlement,1,0,0,0,0,686.0,52.9,1540,0,1.3236937166441545
kampala_malaba,155,77.5,Mvule,roadside settlement,1,0,0,0,0,923.0,59.4,1540,0,2.8313149650757166
kampala_malaba,156,78.0,Mvule,town,1,0,1,0,0,1198.0,50.0,1540,0,1.84492
kampala_malaba,157,78.5,Railways,town,3,0,1,0,0,1044.0,50.0,1540,0,1.60776
kampala_malaba,158,79.0,Railways,roadside settlement,7,0,0,0,0,801.0,59.1,1540,0,2.4078151521611506
kampala_malaba,159,79.5,Rubaga,town,6,0,0,0,0,821.0,50.0,1540,0,1.26434
kampala_malaba,160,80.0,Masese III,town,5,0,0,0,0,1075.0,40.7,1540,0,0.7268198917320882
kampala_malaba,161,80.5,Masese III,roadside settlement,1,0,0,0,0,720.0,55.5,1540,0,1.6832364706080003
kampala_malaba,162,81.0,Kamuli Road,roadside settlement,0,0,0,0,0,431.0,64.2,1540,0,1.8040895292894568
kampala_malaba,163,81.5,Eastern Cell,town,5,0,0,0,0,828.0,50.0,1540,0,1.27512
kampala_malaba,164,82.0,Stadium,town,8,1,0,0,0,1207.0,40.6,1540,0,0.8080758131223503
kampala_malaba,165,82.5,Kalina Cell,town,6,2,0,0,0,1431.0,42.8,1540,0,1.1831925141821031
kampala_malaba,166,83.0,Church,town,9,1,0,0,0,1383.0,42.1,1540,0,1.070511327128887
kampala_malaba,167,83.5,Wanyange Central LC I,town,9,0,0,0,0,1457.0,43.5,1540,0,1.2854561993657998
kampala_malaba,168,84.0,Wanyange Central LC I,roadside settlement,6,0,0,0,0,1365.0,41.4,1540,0,0.9880404376018174
kampala_malaba,169,84.5,Wanyange Lake LC I,roadside settlement,6,0,0,0,0,1341.0,42.1,1540,0,1.0380012217497019
kampala_malaba,170,85.0,Wanyange Central LC I,roadside settlement,6,0,0,0,0,1192.0,48.8,1540,0,1.6656979333532875
kampala_malaba,171,85.5,Walumbe LC I,town,6,0,2,0,0,1212.0,44.1,1540,0,1.1295297686419083
kampala_malaba,172,86.0,Wairaka A LC I,town,3,0,2,0,0,890.0,50.0,1540,0,1.3706
kampala_malaba,173,86.5,Mwiri Primary LC I,roadside settlement,2,0,0,0,0,667.0,64.7,1540,0,2.8799414603498494
kampala_malaba,174,87.0,Mwiri Primary LC I,roadside settlement,3,0,1,0,0,631.0,58.9,1540,0,1.871247537718229
kampala_malaba,175,87.5,Namaziba,open road,3,0,1,0,0,124.0,69.9,1540,0,0.7294089562864476
kampala_malaba,176,88.0,Go Moja,open road,0,0,2,0,0,39.0,63.7,1540,0,0.15822060464866658
kampala_malaba,177,88.5,Go Moja,open road,0,0,0,0,0,4.0,42.3,1540,0,0.0031554562587609593
kampala_malaba,178,89.0,Go Moja,roadside settlement,0,0,0,0,0,169.0,49.8,1540,0,0.25612075840006654
kampala_malaba,179,89.5,Single Quaters,roadside settlement,0,0,0,0,0,106.0,67.7,1540,0,0.5486574030179336
kampala_malaba,180,90.0,Single Quaters,open road,0,0,0,0,0,0.0,70.0,1540,0,0.0
kampala_malaba,181,90.5,Majimazuri,open road,0,0,2,0,0,23.0,42.1,1540,0,0.01780315294574433
kampala_malaba,182,91.0,Majimazuri,open road,0,0,2,0,0,129.0,66.8,1540,0,0.6329017021639063
kampala_malaba,183,91.5,Majimazuri,open road,0,0,0,0,0,32.0,70.0,1540,0,0.18931404799999996
kampala_malaba,184,92.0,Hio LC I,open road,0,0,0,0,0,26.0,35.6,1540,0,0.010289968454205446
kampala_malaba,185,92.5,Hio LC I,open road,0,0,0,0,0,150.0,54.4,1540,0,0.32368871709081615
kampala_malaba,186,93.0,Hio LC I,open road,0,0,0,0,0,8.0,59.6,1540,0,0.024872287520030713
kampala_malaba,187,93.5,Wandago,roadside settlement,0,0,0,0,0,457.0,49.2,1540,0,0.6598076014714064
kampala_malaba,188,94.0,Wandago,roadside settlement,0,0,2,0,0,536.0,54.2,1540,0,1.1397317304925803
kampala_malaba,189,94.5,Wandago,roadside settlement,0,0,0,0,0,406.0,59.9,1540,0,1.2878759305351877
kampala_malaba,190,95.0,Magamaga,roadside settlement,1,0,0,0,0,472.0,49.1,1540,0,0.6759408143683148
kampala_malaba,191,95.5,Magamaga,town,4,0,0,0,0,981.0,44.1,1540,0,0.9142481048165942
kampala_malaba,192,96.0,Magamaga,town,6,0,0,0,0,1249.0,44.1,1540,0,1.164012113064145
kampala_malaba,193,96.5,Wabulungu trading centre,town,2,0,0,0,0,739.0,50.0,1540,0,1.13806
kampala_malaba,194,97.0,Buwanga B,roadside settlement,0,0,0,0,0,283.0,62.6,1540,0,1.0708397200647732
kampala_malaba,195,97.5,Buwanga B,roadside settlement,0,0,0,0,0,511.0,56.0,1540,0,1.2382653251584004
kampala_malaba,196,98.0,Buwanga B,roadside settlement,0,0,0,0,0,297.0,64.1,1540,0,1.23546165536189
kampala_malaba,197,98.5,Buwanga B,roadside settlement,0,0,0,0,0,204.0,65.3,1540,0,0.9139524387180635
kampala_malaba,198,99.0,Magamaga,roadside settlement,1,0,0,0,0,513.0,58.6,1540,0,1.4905568086543408
kampala_malaba,199,99.5,Musita A,roadside settlement,2,0,0,0,0,509.0,59.6,1540,0,1.5824992934619542
kampala_malaba,200,100.0,Musita A,roadside settlement,1,0,0,0,0,823.0,51.3,1540,0,1.404462019396202
kampala_malaba,201,100.5,Musita A,town,0,0,1,0,0,1037.0,40.0,1540,0,0.6541230080000001
kampala_malaba,202,101.0,Musita A,roadside settlement,0,0,0,0,0,652.0,52.9,1540,0,1.258087905615144
kampala_malaba,203,101.5,Waitambugwe,roadside settlement,0,0,0,0,0,594.0,51.6,1540,0,1.0375904240581018
kampala_malaba,204,102.0,Waitambugwe,roadside settlement,0,0,0,0,0,564.0,62.1,1540,0,2.066741728544022
kampala_malaba,205,102.5,Nawangiri,roadside settlement,1,0,0,0,0,420.0,45.6,1540,0,0.4474549991374849
kampala_malaba,206,103.0,Batambogwe,town,2,0,0,0,0,587.0,48.3,1540,0,0.7871678131813372
kampala_malaba,207,103.5,Batambogwe,town,2,0,0,0,0,539.0,49.2,1540,0,0.7781975868557726
kampala_malaba,208,104.0,Batambogwe,roadside settlement,0,0,0,0,0,535.0,60.7,1540,0,1.7895723038186224
kampala_malaba,209,104.5,Wainya,town,0,0,2,0,0,548.0,50.0,1540,0,0.84392
kampala_malaba,210,105.0,Bulanga,roadside settlement,1,0,0,0,0,596.0,51.9,1540,0,1.0655072144471462
kampala_malaba,211,105.5,Bulanga,town,4,0,0,0,0,975.0,43.5,1540,0,0.8602057614149999
kampala_malaba,212,106.0,Namasoga,town,2,0,0,0,0,810.0,47.7,1540,0,1.0332353078730148
kampala_malaba,213,106.5,Namasoga,roadside settlement,0,0,0,0,0,438.0,63.0,1540,0,1.7001099605952001
kampala_malaba,214,107.0,Namasoga,roadside settlement,0,0,0,0,0,233.0,67.5,1540,0,1.1918228726250004
kampala_malaba,215,107.5,Namasoga,roadside settlement,0,0,0,0,0,436.0,59.5,1540,0,1.3464649591623998
kampala_malaba,216,108.0,Namasoga,roadside settlement,0,0,0,0,0,232.0,65.1,1540,0,1.0267214674253637
kampala_malaba,217,108.5,Walukuba,roadside settlement,0,0,0,0,0,167.0,66.6,1540,0,0.8095694129036233
kampala_malaba,218,109.0,Namakunyu,open road,0,0,0,0,0,174.0,66.7,1540,0,0.8485809685301627
kampala_malaba,219,109.5,Namakunyu,roadside settlement,0,0,0,0,0,303.0,62.2,1540,0,1.1174931527801393
kampala_malaba,220,110.0,Namakunyu,roadside settlement,2,0,0,0,0,332.0,62.7,1540,0,1.2642965432404878
kampala_malaba,221,110.5,Iwawu,roadside settlement,2,0,0,0,0,448.0,56.1,1540,0,1.0933775754506039
kampala_malaba,222,111.0,Iwawu,roadside settlement,0,0,0,0,0,421.0,63.0,1540,0,1.6341239575584001
kampala_malaba,223,111.5,Bukoyo,roadside settlement,1,0,0,0,0,655.0,45.3,1540,0,0.6796335530243949
kampala_malaba,224,112.0,Bukoyo,roadside settlement,6,0,0,0,0,937.0,44.5,1540,0,0.9053579891817999
kampala_malaba,225,112.5,Bukoyo,roadside settlement,6,0,0,0,0,1033.0,51.8,1540,0,1.8325678534784053
kampala_malaba,226,113.0,Bukoyo,roadside settlement,2,0,0,0,0,625.0,56.5,1540,0,1.5693308496249996
kampala_malaba,227,113.5,Walugogo Estate,town,2,0,0,0,0,652.0,50.0,1540,0,1.00408
kampala_malaba,228,114.0,Nkaatu Proper,town,3,0,0,0,0,1349.0,41.4,1540,0,0.9764590112269976
kampala_malaba,229,114.5,Nkatu Main,town,4,0,0,2,0,1380.0,42.1,1540,2,1.0681891767446596
kampala_malaba,230,115.0,Iganga,town,5,0,0,0,0,1587.0,38.7,1540,0,0.8771250015874685
kampala_malaba,231,115.5,Mutukula A,town,5,0,0,0,0,1526.0,40.7,1540,0,1.0317461904959688
kampala_malaba,232,116.0,Mutukula,town,6,0,0,0,0,1356.0,46.1,1540,0,1.5090516154066218
kampala_malaba,233,116.5,Busei Central,roadside settlement,7,0,0,0,0,1194.0,42.9,1540,0,0.996492877789369
kampala_malaba,234,117.0,Busei A,town,5,0,0,0,0,1249.0,40.7,1540,0,0.8444632974636076
kampala_malaba,235,117.5,Busei A,town,7,0,0,0,0,916.0,47.2,1540,0,1.1202221913564778
kampala_malaba,236,118.0,Busei B,roadside settlement,5,0,0,0,0,727.0,56.6,1540,0,1.8384035039726547
kampala_malaba,237,118.5,Nakalama North,roadside settlement,1,0,0,0,0,507.0,65.6,1540,0,2.3134707893718205
kampala_malaba,238,119.0,Nakalama North,open road,1,0,0,0,0,125.0,68.5,1540,0,0.6781300699250002
kampala_malaba,239,119.5,Nakalama North,town,5,0,0,0,0,711.0,49.6,1540,0,1.0603201390077541
kampala_malaba,240,120.0,Nakalama,town,5,0,0,0,0,1244.0,40.0,1540,0,0.7846952960000001
kampala_malaba,241,120.5,Nakalama South,roadside settlement,0,0,0,0,0,1065.0,55.8,1540,0,2.5440585786798326
kampala_malaba,242,121.0,Nakalama South,roadside settlement,0,0,0,0,0,260.0,66.1,1540,0,1.222981505287942
kampala_malaba,243,121.5,Nakalama South,open road,0,0,0,0,0,0.0,70.0,1540,0,0.0
kampala_malaba,244,122.0,Bukooboli,open road,0,0,0,0,0,65.0,68.6,1540,0,0.35469128929794547
kampala_malaba,245,122.5,Bukooboli,roadside settlement,0,0,0,0,0,251.0,65.4,1540,0,1.131424081865764
kampala_malaba,246,123.0,Bukooboli,roadside settlement,0,0,0,0,0,409.0,63.5,1540,0,1.6385470358026002
kampala_malaba,247,123.5,Bukooboli,roadside settlement,0,0,0,0,0,311.0,64.3,1540,0,1.309920636933487
kampala_malaba,248,124.0,Butende,roadside settlement,0,0,0,0,0,255.0,68.4,1540,0,1.3753248522596355
kampala_malaba,249,124.5,Butende,open road,0,0,0,0,0,43.0,68.9,1540,0,0.23877345669809638
kampala_malaba,250,125.0,Butende,open road,0,0,0,0,0,276.0,64.8,1540,0,1.1990845550650984
kampala_malaba,251,125.5,Butende,roadside settlement,1,0,0,0,0,373.0,49.3,1540,0,0.5429217151529987
kampala_malaba,252,126.0,Butende,roadside settlement,2,0,0,0,0,553.0,42.6,1540,0,0.44874976195348987
kampala_malaba,253,126.5,Butende,roadside settlement,1,0,0,0,0,280.0,60.1,1540,0,0.900112147636979
kampala_malaba,254,127.0,Butende,roadside settlement,0,0,0,0,0,289.0,66.8,1540,0,1.4178960614369684
kampala_malaba,255,127.5,Butende,open road,0,1,0,0,0,42.0,69.7,1540,0,0.24424242669169738
kampala_malaba,256,128.0,Busesa,roadside settlement,0,1,0,0,0,301.0,56.5,1540,0,0.7557897371793997
kampala_malaba,257,128.5,Busesa,roadside settlement,0,1,0,0,0,316.0,48.2,1540,0,0.42025795130497035
kampala_malaba,258,129.0,Busesa,roadside settlement,3,0,0,0,0,698.0,46.8,1540,0,0.8250486127711025
kampala_malaba,259,129.5,Ibaako,roadside settlement,5,0,0,0,0,642.0,60.3,1540,0,2.091437930331953
kampala_malaba,260,130.0,Ibaako,roadside settlement,5,0,0,0,0,517.0,55.1,1540,0,1.1741880117454753
kampala_malaba,261,130.5,Idudi C,roadside settlement,2,0,0,0,0,490.0,54.9,1540,0,1.096796766234153
kampala_malaba,262,131.0,Idudi C,roadside settlement,0,0,0,0,0,714.0,46.4,1540,0,0.8154753493735831
kampala_malaba,263,131.5,Idudi D,roadside settlement,0,0,0,0,0,983.0,42.8,1540,0,0.8127730548155186
kampala_malaba,264,132.0,Idudi A,town,1,0,0,0,0,898.0,42.8,1540,0,0.7424925770339122
kampala_malaba,265,132.5,Idudi B,roadside settlement,2,0,0,0,0,645.0,48.0,1540,0,0.8436559380479999
kampala_malaba,266,133.0,Bukasozi,roadside settlement,1,0,0,0,0,505.0,61.8,1540,0,1.815039086707123
kampala_malaba,267,133.5,Bukasozi,roadside settlement,0,0,0,0,0,239.0,59.1,1540,0,0.7184367307946504
kampala_malaba,268,134.0,Bwigula,roadside settlement,0,0,0,0,0,329.0,59.3,1540,0,1.0024330455740582
kampala_malaba,269,134.5,Bwigula,roadside settlement,0,0,0,0,0,312.0,53.1,1540,0,0.6111859778036814
kampala_malaba,270,135.0,Butaba,roadside settlement,1,0,0,0,0,309.0,49.4,1540,0,0.45342658376311296
kampala_malaba,271,135.5,Butaba,roadside settlement,1,0,0,0,0,235.0,62.2,1540,0,0.8667026102420223
kampala_malaba,272,136.0,Butaba,roadside settlement,0,0,0,0,0,346.0,59.6,1540,0,1.0757264352413283
kampala_malaba,273,136.5,Butaba,roadside settlement,0,0,0,0,0,294.0,63.3,1540,0,1.1630620199468795
kampala_malaba,274,137.0,Butaba,open road,0,0,0,0,0,27.0,70.0,1540,0,0.15973372799999996
kampala_malaba,275,137.5,Nakawa,open road,0,0,0,0,0,31.0,70.0,1540,0,0.18339798399999996
kampala_malaba,276,138.0,Nakawa,roadside settlement,1,0,0,0,0,243.0,64.8,1540,0,1.0557157495681844
kampala_malaba,277,138.5,Nakawa,roadside settlement,2,0,0,0,0,335.0,61.5,1540,0,1.180826180919
kampala_malaba,278,139.0,Busowa North,roadside settlement,3,0,0,0,0,429.0,50.5,1540,0,0.6874854452465999
kampala_malaba,279,139.5,Busowa North,roadside settlement,3,0,0,0,0,632.0,44.8,1540,0,0.6272921283382474
kampala_malaba,280,140.0,Busowa South,roadside settlement,1,0,0,0,0,667.0,45.5,1540,0,0.7043882843998002
kampala_malaba,281,140.5,Busowa Central,roadside settlement,2,0,0,0,0,420.0,57.4,1540,0,1.1234081325401084
kampala_malaba,282,141.0,Bugongo,roadside settlement,2,0,0,0,0,374.0,67.5,1540,0,1.9130547397500006
kampala_malaba,283,141.5,Namalenha,roadside settlement,2,0,0,0,0,290.0,65.6,1540,0,1.3232870392856568
kampala_malaba,284,142.0,Namalenha,roadside settlement,1,0,0,0,0,354.0,61.7,1540,0,1.2641092861008056
kampala_malaba,285,142.5,Namalenha,open road,0,0,0,0,0,137.0,69.0,1540,0,0.7651694701727998
kampala_malaba,286,143.0,Lwaba,open road,0,0,0,0,0,97.0,68.7,1540,0,0.5324016417157471
kampala_malaba,287,143.5,Lwaba,roadside settlement,0,0,0,0,0,236.0,60.5,1540,0,0.7790659171063999
kampala_malaba,288,144.0,Lwaba,roadside settlement,0,0,0,0,0,331.0,54.8,1540,0,0.735513978946109
kampala_malaba,289,144.5,Ndifakulya,roadside settlement,1,0,0,0,0,324.0,57.6,1540,0,0.8787708601801119
kampala_malaba,290,145.0,Ndifakulya,roadside settlement,3,0,0,0,0,463.0,57.8,1540,0,1.2733067700689455
kampala_malaba,291,145.5,Ndifakulya,roadside settlement,5,0,0,0,0,599.0,53.9,1540,0,1.2457261657002379
kampala_malaba,292,146.0,Ndeeba,roadside settlement,4,0,0,0,0,790.0,51.2,1540,0,1.3376658463522817
kampala_malaba,293,146.5,Ndifakulya,roadside settlement,5,0,0,0,0,1023.0,41.4,1540,0,0.7404874488400434
kampala_malaba,294,147.0,Bwole,roadside settlement,6,0,0,0,0,996.0,44.8,1540,0,0.9885806326343267
kampala_malaba,295,147.5,Bwole,town,3,0,0,0,0,1090.0,43.5,1540,0,0.9616659281459999
kampala_malaba,296,148.0,Bugiri,town,5,0,0,0,0,942.0,43.5,1540,0,0.8310911048748
kampala_malaba,297,148.5,Nkusi A,roadside settlement,5,0,0,0,0,856.0,54.7,1540,0,1.8882686094995438
kampala_malaba,298,149.0,Bugiri,roadside settlement,3,0,0,0,0,719.0,41.7,1540,0,0.5356903386123276
kampala_malaba,299,149.5,Butambula,roadside settlement,1,0,0,0,0,584.0,43.5,1540,0,0.5152411945295999
kampala_malaba,300,150.0,Kiyinikibi East,roadside settlement,2,0,0,0,0,757.0,43.5,1540,0,0.6678725757857998
kampala_malaba,301,150.5,Kiyinikibi East,roadside settlement,1,0,0,0,0,276.0,65.0,1540,0,1.213956744
kampala_malaba,302,151.0,Bukonde B,open road,0,0,0,0,0,72.0,68.4,1540,0,0.38832701710860296
kampala_malaba,303,151.5,Bukonde B,roadside settlement,0,0,0,0,0,277.0,65.9,1540,0,1.2872477190051743
kampala_malaba,304,152.0,Bukonde B,roadside settlement,0,0,0,0,0,292.0,60.8,1540,0,0.9831909493099724
kampala_malaba,305,152.5,Bukonde A,roadside settlement,0,0,0,0,0,252.0,63.6,1540,0,1.0159438527892686
kampala_malaba,306,153.0,Bukonde A,roadside settlement,0,0,0,0,0,174.0,67.2,1540,0,0.8743132176423324
kampala_malaba,307,153.5,Namayemba Central B,open road,0,0,0,0,0,40.0,69.9,1540,0,0.23529321170530568
kampala_malaba,308,154.0,Namayemba Central B,roadside settlement,0,0,0,0,0,287.0,56.0,1540,0,0.6954640867328002
kampala_malaba,309,154.5,Namayemba East B,roadside settlement,1,0,0,0,0,486.0,58.9,1540,0,1.4412461225531843
kampala_malaba,310,155.0,Namayemba,roadside settlement,1,0,0,0,0,494.0,53.6,1540,0,1.0046778121886109
kampala_malaba,311,155.5,Namayemba,roadside settlement,1,0,0,0,0,774.0,44.1,1540,0,0.721333367103001
kampala_malaba,312,156.0,Namayemba,roadside settlement,1,0,0,0,0,526.0,45.9,1540,0,0.5752772368921668
kampala_malaba,313,156.5,Namayemba Central A,roadside settlement,1,0,0,0,0,406.0,59.1,1540,0,1.22044063892313
kampala_malaba,314,157.0,Namayemba East A,roadside settlement,1,0,0,0,0,362.0,59.1,1540,0,1.0881761361826923
kampala_malaba,315,157.5,Namayemba East A,roadside settlement,0,0,0,0,0,218.0,65.8,1540,0,1.0069334577339695
kampala_malaba,316,158.0,Nakonkolo,open road,0,0,0,0,0,156.0,69.3,1540,0,0.8865398058355236
kampala_malaba,317,158.5,Nakonkolo,open road,0,0,0,0,0,76.0,68.7,1540,0,0.4171394306226472
kampala_malaba,318,159.0,Nakonkolo,roadside settlement,0,0,0,0,0,137.0,68.9,1540,0,0.7607433387823072
kampala_malaba,319,159.5,Nakonkolo,roadside settlement,1,0,1,0,0,299.0,52.7,1540,0,0.5682695069709259
kampala_malaba,320,160.0,Nankongolo,roadside settlement,2,0,2,0,0,246.0,55.8,1540,0,0.587641699864074
kampala_malaba,321,160.5,Bugosere,roadside settlement,0,0,0,0,0,300.0,60.5,1540,0,0.99033803022
kampala_malaba,322,161.0,Bugosere,roadside settlement,0,0,0,0,0,199.0,59.1,1540,0,0.5981962737578889
kampala_malaba,323,161.5,Buwuni,roadside settlement,0,0,0,0,0,249.0,62.2,1540,0,0.918335957235164
kampala_malaba,324,162.0,Buwuni,roadside settlement,0,0,0,0,0,297.0,63.8,1540,0,1.2124947524410832
kampala_malaba,325,162.5,Butebe B,roadside settlement,1,0,0,0,0,583.0,44.1,1540,0,0.5433299134638884
kampala_malaba,326,163.0,Buwuni,roadside settlement,2,0,2,0,0,645.0,44.8,1540,0,0.6401952892059646
kampala_malaba,327,163.5,Makhoma A,roadside settlement,2,0,0,0,0,513.0,45.8,1540,0,0.5561859074968626
kampala_malaba,328,164.0,Kibimba,roadside settlement,1,0,0,0,0,468.0,56.8,1540,0,1.2002726202782512
kampala_malaba,329,164.5,Kibimba,roadside settlement,1,0,0,0,0,296.0,66.5,1540,0,1.4263266466064004
kampala_malaba,330,165.0,Kibimba,open road,0,0,0,0,0,17.0,70.0,1540,0,0.10057308799999998
kampala_malaba,331,165.5,Kibimba,open road,0,0,0,0,0,0.0,70.0,1540,0,0.0
kampala_malaba,332,166.0,Kibimba,open road,0,0,0,0,0,9.0,68.6,1540,0,0.04911110159510015
kampala_malaba,333,166.5,Butema,open road,0,0,0,0,0,14.0,63.3,1540,0,0.055383905711756165
kampala_malaba,334,167.0,Butema,roadside settlement,1,0,0,0,0,114.0,67.6,1540,0,0.5865868713114007
kampala_malaba,335,167.5,Butema,roadside settlement,3,0,2,0,0,327.0,66.3,1540,0,1.5568349395699892
kampala_malaba,336,168.0,Butema,roadside settlement,2,0,1,0,0,295.0,63.4,1540,0,1.174410028203597
kampala_malaba,337,168.5,Bulema,roadside settlement,0,0,0,0,0,368.0,58.0,1540,0,1.0261255380991996
kampala_malaba,338,169.0,Bulema,roadside settlement,0,0,0,0,0,283.0,62.7,1540,0,1.07769855944897
kampala_malaba,339,169.5,Buwayo,roadside settlement,2,0,0,0,0,402.0,59.7,1540,0,1.2582417198233835
kampala_malaba,340,170.0,Muwayo,roadside settlement,2,0,0,0,0,504.0,56.0,1540,0,1.2213027864576005
kampala_malaba,341,170.5,Muwayo,roadside settlement,2,0,1,0,0,759.0,43.5,1540,0,0.6696371004245999
kampala_malaba,342,171.0,Muwayo,roadside settlement,0,0,0,0,0,487.0,53.3,1540,0,0.9684528929528247
kampala_malaba,343,171.5,Bubango,roadside settlement,0,0,0,0,0,164.0,65.9,1540,0,0.7621250033099226
kampala_malaba,344,172.0,Bubango,roadside settlement,0,0,0,0,0,282.0,41.1,1540,0,0.19827004233250375
kampala_malaba,345,172.5,Bubango,roadside settlement,0,0,0,0,0,270.0,49.2,1540,0,0.38982068358266897
kampala_malaba,346,173.0,Bubango,open road,0,0,0,0,0,46.0,60.5,1540,0,0.1518518313004
kampala_malaba,347,173.5,Bubango,open road,0,0,0,0,0,2.0,68.8,1540,0,0.011041407846318076
kampala_malaba,348,174.0,Namutere,open road,0,0,0,0,0,2.0,69.9,1540,0,0.011764660585265284
kampala_malaba,349,174.5,Namutere,open road,0,0,1,0,0,38.0,67.1,1540,0,0.18980794219040184
kampala_malaba,350,175.0,Namutere,town,0,0,3,0,0,63.0,50.0,1540,0,0.09702
kampala_malaba,351,175.5,Namutere,open road,0,0,0,0,0,58.0,63.7,1540,0,0.23530243768263237
kampala_malaba,352,176.0,Bubango,open road,0,0,0,0,0,0.0,70.0,1540,0,0.0
kampala_malaba,353,176.5,Bubango,open road,0,0,0,0,0,0.0,67.9,1540,0,0.0
kampala_malaba,354,177.0,Bubango,open road,0,0,0,0,0,0.0,64.1,1540,0,0.0
kampala_malaba,355,177.5,West Bugwe Fr.,open road,0,0,0,0,0,1.0,70.0,1540,0,0.005916063999999999
kampala_malaba,356,178.0,West Bugwe Fr.,open road,0,0,0,0,0,0.0,70.0,1540,0,0.0
kampala_malaba,357,178.5,West Bugwe Fr.,open road,0,0,0,0,0,11.0,70.0,1540,0,0.06507670399999999
kampala_malaba,358,179.0,West Bugwe Fr.,open road,0,0,0,0,0,20.0,70.0,1540,0,0.11832127999999997
kampala_malaba,359,179.5,West Bugwe Fr.,open road,0,0,0,0,0,9.0,70.0,1540,0,0.05324457599999999
kampala_malaba,360,180.0,Bukade,open road,0,0,0,0,0,0.0,57.9,1540,0,0.0
kampala_malaba,361,180.5,Bukade,open road,0,0,0,0,0,26.0,53.1,1540,0,0.050932164816973456
kampala_malaba,362,181.0,Busitema University,open road,0,0,0,0,0,84.0,67.5,1540,0,0.4296700485000001
kampala_malaba,363,181.5,Busitema University,open road,0,0,0,0,0,156.0,68.5,1540,0,0.8463063272664002
kampala_malaba,364,182.0,Busitema University,open road,0,0,0,0,0,15.0,69.9,1540,0,0.08823495438948964
kampala_malaba,365,182.5,Busitema Trc,roadside settlement,0,0,0,0,0,128.0,59.3,1540,0,0.3900043459984178
kampala_malaba,366,183.0,Busitema Trc,town,0,0,0,0,0,311.0,46.0,1540,0,0.3431092442624
kampala_malaba,367,183.5,Busitima,roadside settlement,0,0,0,0,0,108.0,64.1,1540,0,0.44925878376796
kampala_malaba,368,184.0,Buwuchi,roadside settlement,0,0,0,0,0,267.0,54.5,1540,0,0.5804141263998002
kampala_malaba,369,184.5,Buwuchi,roadside settlement,0,0,0,0,0,326.0,65.3,1540,0,1.4605318383435721
kampala_malaba,370,185.0,Ndaiga,roadside settlement,1,0,0,0,0,341.0,55.4,1540,0,0.7914694231159651
kampala_malaba,371,185.5,Ndaiga,roadside settlement,1,0,0,0,0,342.0,56.3,1540,0,0.8466431305187114
kampala_malaba,372,186.0,Ndaiga,roadside settlement,0,0,0,0,0,179.0,65.7,1540,0,0.8217793287575627
kampala_malaba,373,186.5,Busabi,open road,0,0,0,0,0,41.0,68.5,1540,0,0.22242666293540006
kampala_malaba,374,187.0,Busabi,open road,0,0,0,0,0,18.0,68.7,1540,0,0.09879618093694276
kampala_malaba,375,187.5,Malawa 'a',open road,0,0,0,0,0,8.0,70.0,1540,0,0.04732851199999999
kampala_malaba,376,188.0,Malawa 'a',open road,0,0,0,0,0,15.0,69.3,1540,0,0.08524421209956957
kampala_malaba,377,188.5,Malawa 'a',roadside settlement,0,0,0,0,0,283.0,65.1,1540,0,1.2524231693162844
kampala_malaba,378,189.0,Malawa 'a',roadside settlement,0,0,0,0,0,283.0,59.0,1540,0,0.8449581233631998
kampala_malaba,379,189.5,Papoli,roadside settlement,0,0,0,0,0,256.0,67.5,1540,0,1.3094706240000002
kampala_malaba,380,190.0,Papoli,roadside settlement,0,0,0,0,0,263.0,64.2,1540,0,1.100871336898207
kampala_malaba,381,190.5,Papoli,roadside settlement,0,0,0,0,0,229.0,64.4,1540,0,0.9705538915166618
kampala_malaba,382,191.0,Papoli,roadside settlement,0,0,0,0,0,170.0,67.6,1540,0,0.8747348080959484
kampala_malaba,383,191.5,Pakamalung 'a',open road,0,0,0,0,0,63.0,70.0,1540,0,0.37271203199999997
kampala_malaba,384,192.0,Pakamalung 'a',open road,2,0,0,0,0,78.0,66.5,1540,0,0.3758563460652001
kampala_malaba,385,192.5,Podut A 'b',open road,2,0,0,0,0,96.0,69.9,1540,0,0.5647037080927336
kampala_malaba,386,193.0,Podut A 'b',roadside settlement,0,0,0,0,0,230.0,55.2,1540,0,0.5261685069053953
kampala_malaba,387,193.5,Podoti,roadside settlement,1,0,0,0,0,449.0,46.3,1540,0,0.5084063995296808
kampala_malaba,388,194.0,Podoti,roadside settlement,1,0,0,0,0,396.0,60.4,1540,0,1.2986246550070886
kampala_malaba,389,194.5,Asinget 'b',roadside settlement,0,0,0,0,0,372.0,64.6,1540,0,1.5962970657956037
kampala_malaba,390,195.0,Asinge,roadside settlement,1,0,0,0,0,285.0,68.0,1540,0,1.5014857482240005
kampala_malaba,391,195.5,Asinge,roadside settlement,1,0,0,0,0,343.0,53.7,1540,0,0.7028003455142948
kampala_malaba,392,196.0,Katerema C 'a',roadside settlement,0,0,0,0,0,380.0,57.4,1540,0,1.0164168818220027
kampala_malaba,393,196.5,Katerema C 'a',roadside settlement,0,0,0,0,0,381.0,63.6,1540,0,1.5360103488599655
kampala_malaba,394,197.0,Aburi 'a',roadside settlement,0,0,0,0,0,264.0,65.4,1540,0,1.190023735508214
kampala_malaba,395,197.5,Aburi 'a',roadside settlement,0,0,0,0,0,309.0,61.8,1540,0,1.1105882728564376
kampala_malaba,396,198.0,Magoro 'b',roadside settlement,0,0,0,0,0,370.0,56.0,1540,0,0.8965913313280003
kampala_malaba,397,198.5,Magoro 'b',roadside settlement,0,0,0,0,0,238.0,64.6,1540,0,1.0212868324176174
kampala_malaba,398,199.0,Opedede 'a',roadside settlement,1,0,0,0,0,191.0,67.1,1540,0,0.954034656799125
kampala_malaba,399,199.5,Opedede 'a',roadside settlement,1,0,0,0,0,148.0,48.9,1540,0,0.20851526550298752
kampala_malaba,400,200.0,Sukulu,roadside settlement,2,0,0,0,0,327.0,55.3,1540,0,0.7535099324438714
kampala_malaba,401,200.5,Sukulu,roadside settlement,3,0,0,0,0,389.0,52.5,1540,0,0.7281611741250001
kampala_malaba,402,201.0,Sukulu,roadside settlement,2,0,0,0,0,556.0,44.1,1540,0,0.5181671215882022
kampala_malaba,403,201.5,Amagoro 'b',roadside settlement,1,0,0,0,0,471.0,52.8,1540,0,0.9019808160310889
kampala_malaba,404,202.0,Ticaf 'a',roadside settlement,1,0,0,0,0,501.0,45.9,1540,0,0.5479351628953909
kampala_malaba,405,202.5,Ticaf 'a',roadside settlement,0,0,0,0,0,410.0,60.3,1540,0,1.335653506909814
kampala_malaba,406,203.0,Osukuru Corner 'b',town,1,0,0,0,0,483.0,43.8,1540,0,0.43801025261317605
kampala_malaba,407,203.5,Osukuru Corner 'b',roadside settlement,1,0,0,0,0,539.0,50.9,1540,0,0.8914574074160586
kampala_malaba,408,204.0,Amagoro B Central 'b',roadside settlement,0,0,0,0,0,654.0,53.6,1540,0,1.3300795327355293
kampala_malaba,409,204.5,Amagoro B South,roadside settlement,0,0,0,0,0,477.0,47.5,1540,0,0.598320001125
kampala_malaba,410,205.0,Asinge 'b' A,roadside settlement,0,0,0,0,0,390.0,43.6,1540,0,0.34725720677007355
kampala_malaba,411,205.5,Asinge 'b' A,roadside settlement,1,0,0,0,0,636.0,52.6,1540,0,1.1996119842472552
kampala_malaba,412,206.0,Amagoro A South,roadside settlement,2,0,0,0,0,488.0,56.6,1540,0,1.23403151298302
kampala_malaba,413,206.5,Amagoro A South,roadside settlement,3,0,0,0,0,306.0,66.5,1540,0,1.4745133576404004
kampala_malaba,414,207.0,Asinge 'a',roadside settlement,1,0,0,0,0,273.0,64.9,1540,0,1.1933892948324547
kampala_malaba,415,207.5,Asinge 'a',open road,1,0,0,0,0,53.0,69.9,1540,0,0.31176350550953
kampala_malaba,416,208.0,Oriyoyi,open road,0,0,0,0,0,97.0,67.8,1540,0,0.5050463226062283
kampala_malaba,417,208.5,Oriyoyi,roadside settlement,0,0,0,0,0,253.0,54.3,1540,0,0.5419516502068096
kampala_malaba,418,209.0,Oriyoyi,roadside settlement,2,0,0,0,0,481.0,60.3,1540,0,1.5669496020088307
kampala_malaba,419,209.5,Oriyoi Central,roadside settlement,2,0,0,0,0,307.0,65.9,1540,0,1.4266608293667453
kampala_malaba,420,210.0,Oriyoi 'a',open road,0,0,0,0,0,130.0,69.1,1540,0,0.7302914990923549
kampala_malaba,421,210.5,Oriyoi 'a',open road,0,0,0,0,0,243.0,67.7,1540,0,1.2577712163524328
kampala_malaba,422,211.0,Asinge 'a',roadside settlement,0,0,0,0,0,259.0,65.4,1540,0,1.1674854071841947
kampala_malaba,423,211.5,Asinge 'a',roadside settlement,0,0,0,0,0,564.0,53.3,1540,0,1.1215758349597396
kampala_malaba,424,212.0,Asinge 'a',roadside settlement,0,0,0,0,0,429.0,61.8,1540,0,1.5418846894997145
kampala_malaba,425,212.5,Amagoro Central,roadside settlement,0,0,0,0,0,342.0,58.1,1540,0,0.9602213081404203
kampala_malaba,426,213.0,Asinge 'b',town,2,0,0,0,0,381.0,50.0,1540,0,0.58674
kampala_malaba,427,213.5,Asinge 'b',roadside settlement,3,0,0,0,0,414.0,56.8,1540,0,1.0617796256307606
kampala_malaba,428,214.0,Obore Central 'a',town,1,0,0,0,0,755.0,50.0,1540,0,1.1627
kampala_malaba,429,214.5,Malaba 'b' East,town,1,0,0,0,0,499.0,50.0,1540,0,0.76846
kampala_malaba,430,215.0,Malaba 'a' South,town,1,1,0,0,0,505.0,49.7,1540,0,0.7592025122750995
kampala_malaba,431,215.5,Malaba 'a' South,roadside settlement,0,1,0,0,0,0.0,61.8,1540,0,0.0
