corridor,piece,km_mid,road_type,place,car_outbound_min,car_inbound_min,car_excess_min,truck_outbound_min,truck_inbound_min,truck_excess_min
kampala_bwera,0,0.25,town,Busega,0.983,0.983,0.683,1.977,1.977,1.548
kampala_bwera,1,0.75,town,Busega,0.733,0.733,0.4,0.8,0.8,0.371
kampala_bwera,2,1.25,town,Bulenga A,0.733,0.733,0.4,0.913,0.913,0.484
kampala_bwera,3,1.75,town,Bulenga A,0.737,0.737,0.403,0.976,0.976,0.547
kampala_bwera,4,2.25,town,Bulenga,0.733,0.733,0.4,0.949,0.949,0.521
kampala_bwera,5,2.75,town,Bulenga,0.737,0.737,0.403,0.976,0.976,0.547
kampala_bwera,6,3.25,roadside settlement,Bulenga B,0.583,0.583,0.249,0.749,0.749,0.321
kampala_bwera,7,3.75,town,Bulenga B,0.737,0.737,0.403,0.976,0.976,0.547
kampala_bwera,8,4.25,town,Nakabugo,0.733,0.733,0.4,0.962,0.962,0.534
kampala_bwera,9,4.75,town,Bulaga Kalambi,0.733,0.733,0.4,0.925,0.925,0.496
kampala_bwera,10,5.25,roadside settlement,Bulaga Kalambi,0.583,0.583,0.249,0.749,0.749,0.321
kampala_bwera,11,5.75,roadside settlement,Bulaga Kalambi,0.583,0.583,0.249,0.749,0.749,0.321
kampala_bwera,12,6.25,roadside settlement,Kalambi Kiwumu,0.528,0.528,0.195,0.679,0.883,0.25
kampala_bwera,13,6.75,town,Kalambi Kiwumu,0.733,0.733,0.4,0.925,0.925,0.496
kampala_bwera,14,7.25,town,Kalambi Kiwumu,0.733,0.733,0.4,0.845,0.845,0.417
kampala_bwera,15,7.75,roadside settlement,Kalambi Kiwumu,0.573,0.573,0.24,0.737,0.737,0.308
kampala_bwera,16,8.25,town,Kasero Kirimamboga Ttomi,0.737,0.737,0.403,0.976,0.976,0.547
kampala_bwera,17,8.75,town,Kasero Kirimamboga Ttomi,0.733,0.733,0.4,0.905,0.905,0.476
kampala_bwera,18,9.25,roadside settlement,Kasero Kirimamboga Ttomi,0.547,0.547,0.214,0.704,0.704,0.275
kampala_bwera,19,9.75,town,Buloba Bunwa Kapeeka,0.737,0.737,0.403,0.976,0.976,0.547
kampala_bwera,20,10.25,town,Buloba Bunwa Kapeeka,0.903,0.903,0.57,1.976,1.976,1.547
kampala_bwera,21,10.75,roadside settlement,Buloba Bunwa Kapeeka,0.73,0.73,0.397,1.725,1.725,1.296
kampala_bwera,22,11.25,roadside settlement,Buloba Bunwa Kapeeka,0.47,0.47,0.136,0.604,0.625,0.175
kampala_bwera,23,11.75,roadside settlement,Bwotansimbi Kiweesa Serug,0.458,0.458,0.125,0.589,0.589,0.16
kampala_bwera,24,12.25,roadside settlement,Bwotansimbi Kiweesa Serug,0.44,0.44,0.107,0.566,0.891,0.137
kampala_bwera,25,12.75,roadside settlement,Bwotansimbi Kiweesa Serug,0.337,0.337,0.004,0.434,0.434,0.005
kampala_bwera,26,13.25,roadside settlement,Buyala,0.427,0.427,0.094,0.915,0.549,0.486
kampala_bwera,27,13.75,roadside settlement,Buyala,0.554,0.554,0.221,0.713,0.713,0.284
kampala_bwera,28,14.25,roadside settlement,Buyala,0.487,0.487,0.154,0.627,0.812,0.198
kampala_bwera,29,14.75,roadside settlement,Lugyo,0.355,0.355,0.021,0.5,0.456,0.072
kampala_bwera,30,15.25,roadside settlement,Lugyo,0.37,0.37,0.036,0.475,0.475,0.047
kampala_bwera,31,15.75,roadside settlement,Lugyo,0.337,0.337,0.004,0.433,0.433,0.005
kampala_bwera,32,16.25,roadside settlement,Lugyo,0.425,0.425,0.092,0.789,0.546,0.36
kampala_bwera,33,16.75,roadside settlement,Lugyo,0.404,0.404,0.071,0.52,0.634,0.091
kampala_bwera,34,17.25,open road,Nalya Nansesa,0.339,0.339,0.005,0.439,0.436,0.011
kampala_bwera,35,17.75,roadside settlement,Nalya Nansesa,0.356,0.356,0.023,0.537,0.458,0.108
kampala_bwera,36,18.25,roadside settlement,Nalya Nansesa,0.573,0.573,0.24,0.737,0.737,0.308
kampala_bwera,37,18.75,roadside settlement,Nalya Nansesa,0.439,0.439,0.106,0.564,0.564,0.136
kampala_bwera,38,19.25,roadside settlement,Bujuko,0.375,0.375,0.041,0.482,0.744,0.053
kampala_bwera,39,19.75,open road,Bujuko,0.335,0.335,0.002,0.431,0.543,0.002
kampala_bwera,40,20.25,roadside settlement,Bujuko,0.352,0.352,0.019,0.941,0.453,0.512
kampala_bwera,41,20.75,roadside settlement,Bujuko,0.38,0.38,0.047,0.699,0.489,0.27
kampala_bwera,42,21.25,roadside settlement,Nkambo,0.364,0.364,0.031,0.584,0.469,0.155
kampala_bwera,43,21.75,roadside settlement,Nkambo,0.366,0.366,0.032,0.47,0.47,0.042
kampala_bwera,44,22.25,roadside settlement,Nkambo,0.37,0.37,0.037,0.476,0.987,0.048
kampala_bwera,45,22.75,open road,Nswanjere,0.335,0.335,0.002,0.431,0.774,0.003
kampala_bwera,46,23.25,roadside settlement,Nswanjere,0.396,0.396,0.063,0.678,0.51,0.25
kampala_bwera,47,23.75,roadside settlement,Nswanjere,0.349,0.349,0.016,0.449,0.541,0.021
kampala_bwera,48,24.25,open road,Nswanjere,0.342,0.342,0.008,0.919,0.439,0.491
kampala_bwera,49,24.75,roadside settlement,Nswanjere,0.5,0.5,0.167,0.668,0.6,0.239
kampala_bwera,50,25.25,open road,Nswanjere,0.344,0.344,0.01,0.442,0.933,0.013
kampala_bwera,51,25.75,roadside settlement,Muduuma,0.365,0.365,0.032,0.732,0.47,0.303
kampala_bwera,52,26.25,roadside settlement,Muduuma,0.457,0.457,0.124,0.588,0.588,0.159
kampala_bwera,53,26.75,roadside settlement,Muduuma,0.437,0.437,0.104,0.562,0.562,0.134
kampala_bwera,54,27.25,roadside settlement,Muduuma,0.437,0.437,0.103,0.561,0.561,0.133
kampala_bwera,55,27.75,roadside settlement,Muduuma,0.429,0.429,0.096,0.552,0.552,0.123
kampala_bwera,56,28.25,roadside settlement,Muduuma,0.44,0.44,0.107,0.566,0.655,0.138
kampala_bwera,57,28.75,roadside settlement,Jjeza B,0.5,0.5,0.167,0.6,0.6,0.171
kampala_bwera,58,29.25,roadside settlement,Jjeza B,0.358,0.358,0.024,0.46,0.672,0.031
kampala_bwera,59,29.75,open road,Jjeza B,0.34,0.34,0.006,0.437,0.442,0.008
kampala_bwera,60,30.25,roadside settlement,Jjeza B,0.365,0.365,0.032,0.47,0.47,0.041
kampala_bwera,61,30.75,roadside settlement,Jjeza B,0.404,0.404,0.07,0.519,0.519,0.09
kampala_bwera,62,31.25,roadside settlement,Jezza,0.417,0.417,0.083,0.536,0.536,0.107
kampala_bwera,63,31.75,roadside settlement,Jezza,0.583,0.583,0.249,0.749,0.749,0.321
kampala_bwera,64,32.25,roadside settlement,Jezza,0.455,0.455,0.121,0.584,0.78,0.156
kampala_bwera,65,32.75,roadside settlement,St. Josephs,0.355,0.355,0.022,0.92,0.456,0.492
kampala_bwera,66,33.25,roadside settlement,Kamuli,0.507,0.507,0.174,0.731,0.652,0.302
kampala_bwera,67,33.75,roadside settlement,Kamuli,0.554,0.554,0.221,0.713,0.713,0.284
kampala_bwera,68,34.25,roadside settlement,Buwalula A,0.472,0.472,0.138,0.607,0.83,0.178
kampala_bwera,69,34.75,roadside settlement,Buwalula A,0.349,0.349,0.015,0.448,0.662,0.02
kampala_bwera,70,35.25,roadside settlement,Kasiba,0.357,0.357,0.024,0.512,0.459,0.084
kampala_bwera,71,35.75,roadside settlement,Kiwawu,0.388,0.388,0.055,0.512,0.499,0.084
kampala_bwera,72,36.25,roadside settlement,Kiwawu,0.388,0.388,0.055,0.759,0.499,0.33
kampala_bwera,73,36.75,roadside settlement,Kiwawu,0.379,0.379,0.045,0.487,0.874,0.058
kampala_bwera,74,37.25,roadside settlement,Kayunga (kiwawu),0.354,0.354,0.021,0.455,0.933,0.027
kampala_bwera,75,37.75,open road,Ssese,0.342,0.342,0.008,0.439,0.439,0.011
kampala_bwera,76,38.25,roadside settlement,Ssese,0.37,0.37,0.037,1.092,0.476,0.663
kampala_bwera,77,38.75,roadside settlement,Kikonge,0.364,0.364,0.03,0.632,0.467,0.204
kampala_bwera,78,39.25,roadside settlement,Kikonge,0.405,0.405,0.072,0.521,0.913,0.092
kampala_bwera,79,39.75,roadside settlement,Kikonge,0.529,0.529,0.195,0.68,0.732,0.251
kampala_bwera,80,40.25,roadside settlement,Kikonge,0.362,0.362,0.029,0.857,0.466,0.429
kampala_bwera,81,40.75,roadside settlement,Kyengeza,0.362,0.362,0.028,0.465,0.465,0.036
kampala_bwera,82,41.25,roadside settlement,Kyengeza,0.368,0.368,0.035,1.023,0.473,0.595
kampala_bwera,83,41.75,roadside settlement,Kyengeza,0.431,0.431,0.098,0.554,0.554,0.126
kampala_bwera,84,42.25,roadside settlement,Zigoti East,0.409,0.409,0.075,0.525,0.525,0.097
kampala_bwera,85,42.75,roadside settlement,Zigoti East,0.402,0.402,0.068,0.516,0.631,0.088
kampala_bwera,86,43.25,roadside settlement,Zigoti,0.546,0.546,0.212,0.701,0.701,0.273
kampala_bwera,87,43.75,town,Zigoti,0.733,0.733,0.4,0.925,0.925,0.496
kampala_bwera,88,44.25,roadside settlement,Nakaseta,0.5,0.5,0.167,0.925,0.6,0.496
kampala_bwera,89,44.75,roadside settlement,Nakaseta,0.391,0.391,0.058,0.503,0.503,0.074
kampala_bwera,90,45.25,roadside settlement,Nakaseta,0.45,0.45,0.116,0.578,0.699,0.149
kampala_bwera,91,45.75,roadside settlement,Zigoti,0.365,0.365,0.032,0.704,0.47,0.275
kampala_bwera,92,46.25,roadside settlement,Nakitolo (ttanda),0.381,0.381,0.047,0.489,0.599,0.061
kampala_bwera,93,46.75,roadside settlement,Nakitolo (ttanda),0.414,0.414,0.081,0.852,0.532,0.423
kampala_bwera,94,47.25,roadside settlement,Nakitolo (ttanda),0.399,0.399,0.065,0.513,0.513,0.084
kampala_bwera,95,47.75,roadside settlement,Ttanda,0.352,0.352,0.018,0.452,0.452,0.024
kampala_bwera,96,48.25,roadside settlement,Nakanyenya,0.413,0.413,0.08,0.531,0.531,0.103
kampala_bwera,97,48.75,roadside settlement,Nakanyenya,0.395,0.395,0.062,0.508,0.508,0.08
kampala_bwera,98,49.25,roadside settlement,Nakanyenya,0.383,0.383,0.049,0.492,0.493,0.063
kampala_bwera,99,49.75,roadside settlement,Kiwambya,0.434,0.434,0.101,0.558,0.921,0.13
kampala_bwera,100,50.25,roadside settlement,Kiwambya,0.342,0.342,0.008,0.439,0.628,0.011
kampala_bwera,101,50.75,roadside settlement,Busere B,0.423,0.423,0.09,0.688,0.544,0.259
kampala_bwera,102,51.25,roadside settlement,Ttamu A,0.446,0.446,0.112,0.573,0.573,0.144
kampala_bwera,103,51.75,roadside settlement,Tamu,0.438,0.438,0.104,0.563,0.563,0.134
kampala_bwera,104,52.25,roadside settlement,Ttamu C,0.37,0.37,0.036,0.879,0.475,0.45
kampala_bwera,105,52.75,roadside settlement,Kiweebya,0.343,0.343,0.009,0.625,0.44,0.196
kampala_bwera,106,53.25,roadside settlement,Ndibulungi,0.366,0.366,0.032,0.731,0.47,0.302
kampala_bwera,107,53.75,roadside settlement,Ndibulungi,0.415,0.415,0.082,0.761,0.534,0.332
kampala_bwera,108,54.25,roadside settlement,Kitinkola B,0.5,0.5,0.167,0.6,0.944,0.171
kampala_bwera,109,54.75,roadside settlement,Kitinkola B,0.453,0.453,0.12,0.583,0.583,0.154
kampala_bwera,110,55.25,roadside settlement,Kiweesa,0.53,0.53,0.197,0.682,0.682,0.253
kampala_bwera,111,55.75,roadside settlement,Kiweesa,0.554,0.554,0.221,0.713,0.713,0.284
kampala_bwera,112,56.25,roadside settlement,Wabigalo,0.546,0.546,0.212,0.701,0.701,0.273
kampala_bwera,113,56.75,roadside settlement,Wabigalo,0.573,0.573,0.24,0.737,0.737,0.308
kampala_bwera,114,57.25,town,Musalaba,0.737,0.737,0.403,0.976,0.976,0.547
kampala_bwera,115,57.75,roadside settlement,Kibibi-garage B,0.583,0.583,0.249,0.749,0.749,0.321
kampala_bwera,116,58.25,roadside settlement,Busimbi Gombolola,0.564,0.564,0.23,0.725,0.725,0.296
kampala_bwera,117,58.75,roadside settlement,Busimbi Gombolola,0.564,0.564,0.23,0.725,0.899,0.296
kampala_bwera,118,59.25,roadside settlement,Buswa-bulongo,0.537,0.537,0.204,0.69,0.88,0.262
kampala_bwera,119,59.75,roadside settlement,Buswa-bulongo,0.431,0.431,0.098,0.554,0.732,0.126
kampala_bwera,120,60.25,roadside settlement,Kikumbi,0.367,0.367,0.033,0.471,0.471,0.043
kampala_bwera,121,60.75,roadside settlement,Kikumbi,0.455,0.455,0.121,0.707,0.584,0.279
kampala_bwera,122,61.25,roadside settlement,Bamunanika-kyetume,0.49,0.49,0.156,0.629,0.629,0.201
kampala_bwera,123,61.75,roadside settlement,Bamunanika-kyetume,0.4,0.4,0.067,0.514,0.514,0.086
kampala_bwera,124,62.25,roadside settlement,Bamunanika-kyetume,0.352,0.352,0.018,0.452,0.48,0.024
kampala_bwera,125,62.75,roadside settlement,Bamunanika-kyetume,0.354,0.354,0.021,0.456,0.54,0.027
kampala_bwera,126,63.25,open road,Bamunanika-kyetume,0.336,0.336,0.002,0.432,0.515,0.003
kampala_bwera,127,63.75,open road,Naama A,0.337,0.337,0.004,0.493,0.433,0.064
kampala_bwera,128,64.25,roadside settlement,Naama A,0.382,0.382,0.049,0.704,0.491,0.275
kampala_bwera,129,64.75,roadside settlement,Naama A,0.545,0.545,0.212,0.701,0.701,0.272
kampala_bwera,130,65.25,roadside settlement,Mujjumbula,0.484,0.484,0.151,0.622,0.622,0.194
kampala_bwera,131,65.75,roadside settlement,Naama,0.509,0.509,0.176,0.654,0.654,0.226
kampala_bwera,132,66.25,roadside settlement,Naama,0.491,0.491,0.158,0.631,0.631,0.203
kampala_bwera,133,66.75,roadside settlement,Lusundo,0.411,0.411,0.078,0.529,0.558,0.1
kampala_bwera,134,67.25,roadside settlement,Lusundo,0.36,0.36,0.027,0.463,0.54,0.035
kampala_bwera,135,67.75,roadside settlement,Busundo-mpanga,0.383,0.383,0.05,0.721,0.492,0.293
kampala_bwera,136,68.25,roadside settlement,Busundo-mpanga,0.347,0.347,0.014,0.447,0.926,0.018
kampala_bwera,137,68.75,open road,Busundo-mpanga,0.335,0.335,0.002,0.431,0.431,0.002
kampala_bwera,138,69.25,open road,Busundo-mpanga,0.335,0.335,0.002,0.431,0.431,0.002
kampala_bwera,139,69.75,roadside settlement,Kyengeza (kigalama),0.347,0.347,0.014,0.702,0.446,0.273
kampala_bwera,140,70.25,roadside settlement,Kyengeza (kigalama),0.387,0.387,0.054,0.714,0.498,0.285
kampala_bwera,141,70.75,roadside settlement,Kyengeza (kigalama),0.505,0.505,0.172,0.65,0.65,0.221
kampala_bwera,142,71.25,roadside settlement,Kyengeza (kigalama),0.399,0.399,0.066,0.514,0.531,0.085
kampala_bwera,143,71.75,open road,Kyengeza (kigalama),0.343,0.343,0.009,0.441,0.73,0.012
kampala_bwera,144,72.25,roadside settlement,Luswa,0.367,0.367,0.033,0.599,0.471,0.17
kampala_bwera,145,72.75,roadside settlement,Luswa,0.377,0.377,0.044,0.6,0.485,0.171
kampala_bwera,146,73.25,roadside settlement,Luswa,0.384,0.384,0.051,0.494,0.494,0.065
kampala_bwera,147,73.75,open road,Myanzi,0.342,0.342,0.009,0.44,1.03,0.012
kampala_bwera,148,74.25,roadside settlement,Myanzi,0.341,0.341,0.008,0.439,0.439,0.01
kampala_bwera,149,74.75,roadside settlement,Myanzi,0.506,0.506,0.173,1.105,0.651,0.676
kampala_bwera,150,75.25,roadside settlement,Kiswera,0.39,0.39,0.056,0.723,0.501,0.295
kampala_bwera,151,75.75,roadside settlement,Kiswera,0.383,0.383,0.049,0.492,0.565,0.064
kampala_bwera,152,76.25,roadside settlement,Kiswera,0.372,0.372,0.038,0.478,0.812,0.049
kampala_bwera,153,76.75,roadside settlement,Kiswera,0.342,0.342,0.008,0.439,0.439,0.011
kampala_bwera,154,77.25,roadside settlement,Kalama (Myanzi),0.347,0.347,0.014,0.447,0.635,0.018
kampala_bwera,155,77.75,roadside settlement,Kalama (Myanzi),0.369,0.369,0.036,0.76,0.474,0.331
kampala_bwera,156,78.25,roadside settlement,Kalama (Myanzi),0.42,0.42,0.087,0.631,0.54,0.203
kampala_bwera,157,78.75,roadside settlement,,0.381,0.381,0.048,0.49,0.596,0.061
kampala_bwera,158,79.25,roadside settlement,,0.358,0.358,0.025,0.46,0.872,0.032
kampala_bwera,159,79.75,roadside settlement,,0.341,0.341,0.008,0.508,0.439,0.079
kampala_bwera,160,80.25,roadside settlement,,0.37,0.37,0.036,0.492,0.475,0.063
kampala_bwera,161,80.75,roadside settlement,,0.358,0.358,0.025,0.461,0.7,0.032
kampala_bwera,162,81.25,open road,Katuugo (Kyanamugeera),0.341,0.341,0.008,0.462,0.439,0.033
kampala_bwera,163,81.75,open road,Katuugo (Kyanamugeera),0.34,0.34,0.006,0.437,0.445,0.008
kampala_bwera,164,82.25,open road,Katuugo (Kyanamugeera),0.336,0.336,0.003,0.433,0.433,0.004
kampala_bwera,165,82.75,roadside settlement,Katuugo (Kyanamugeera),0.364,0.364,0.031,0.742,0.468,0.314
kampala_bwera,166,83.25,roadside settlement,Katuugo (Kyanamugeera),0.507,0.507,0.174,0.783,0.652,0.355
kampala_bwera,167,83.75,roadside settlement,Kakungube,0.459,0.459,0.126,0.59,0.59,0.162
kampala_bwera,168,84.25,roadside settlement,Kakungube,0.423,0.423,0.089,0.544,0.544,0.115
kampala_bwera,169,84.75,roadside settlement,Kakungube,0.39,0.39,0.057,0.502,0.678,0.073
kampala_bwera,170,85.25,roadside settlement,Kakungube,0.368,0.368,0.035,0.473,0.473,0.045
kampala_bwera,171,85.75,roadside settlement,Kakungube,0.413,0.413,0.08,0.531,0.531,0.102
kampala_bwera,172,86.25,open road,,0.338,0.338,0.005,0.435,0.435,0.007
kampala_bwera,173,86.75,open road,,0.336,0.336,0.002,0.432,0.432,0.003
kampala_bwera,174,87.25,roadside settlement,,0.363,0.363,0.029,0.584,0.466,0.155
kampala_bwera,175,87.75,roadside settlement,Namuganga II,0.388,0.388,0.055,0.912,0.499,0.483
kampala_bwera,176,88.25,roadside settlement,Namuganga II,0.406,0.406,0.072,0.564,0.522,0.135
kampala_bwera,177,88.75,roadside settlement,Namuganga II,0.409,0.409,0.076,0.526,0.526,0.098
kampala_bwera,178,89.25,roadside settlement,Kyakatebe,0.439,0.439,0.105,0.564,0.585,0.135
kampala_bwera,179,89.75,roadside settlement,Kyakatebe,0.37,0.37,0.037,0.578,0.476,0.149
kampala_bwera,180,90.25,roadside settlement,Kyakatebe,0.521,0.521,0.187,0.669,0.669,0.241
kampala_bwera,181,90.75,roadside settlement,Kyakatebe,0.416,0.416,0.083,0.535,0.814,0.106
kampala_bwera,182,91.25,open road,Kyakatebe,0.343,0.343,0.009,0.441,0.441,0.012
kampala_bwera,183,91.75,open road,,0.342,0.342,0.008,0.439,0.439,0.011
kampala_bwera,184,92.25,roadside settlement,,0.353,0.353,0.02,0.454,0.554,0.025
kampala_bwera,185,92.75,open road,Lugoba,0.335,0.335,0.002,0.564,0.431,0.135
kampala_bwera,186,93.25,open road,Lugoba,0.333,0.333,0.0,0.646,0.429,0.217
kampala_bwera,187,93.75,open road,Lugoba,0.334,0.334,0.0,0.429,0.646,0.001
kampala_bwera,188,94.25,roadside settlement,Lugoba,0.344,0.344,0.011,0.443,0.443,0.014
kampala_bwera,189,94.75,roadside settlement,Lugoba,0.351,0.351,0.018,0.452,0.452,0.023
kampala_bwera,190,95.25,roadside settlement,Kasambya,0.384,0.384,0.05,0.493,0.869,0.065
kampala_bwera,191,95.75,roadside settlement,Kasambya,0.402,0.402,0.069,0.517,0.517,0.088
kampala_bwera,192,96.25,roadside settlement,Kisolooza B,0.359,0.359,0.026,0.461,0.461,0.033
kampala_bwera,193,96.75,roadside settlement,Kisolooza B,0.368,0.368,0.035,0.834,0.473,0.405
kampala_bwera,194,97.25,roadside settlement,Kisolooza A,0.356,0.356,0.023,0.458,0.531,0.029
kampala_bwera,195,97.75,roadside settlement,Kasambya (kinoni),0.408,0.408,0.075,0.525,0.634,0.097
kampala_bwera,196,98.25,roadside settlement,Kinyerera,0.387,0.387,0.053,0.497,0.497,0.069
kampala_bwera,197,98.75,roadside settlement,Kinyerera,0.42,0.42,0.086,0.539,0.539,0.111
kampala_bwera,198,99.25,roadside settlement,Kinyerera,0.404,0.404,0.07,0.519,0.539,0.09
kampala_bwera,199,99.75,roadside settlement,Nakiduduma,0.373,0.373,0.04,0.48,0.48,0.052
kampala_bwera,200,100.25,roadside settlement,Nakiduduma,0.554,0.554,0.221,0.713,0.713,0.284
kampala_bwera,201,100.75,roadside settlement,Kalamba,0.529,0.529,0.195,0.68,0.68,0.251
kampala_bwera,202,101.25,roadside settlement,Nasulu,0.407,0.407,0.074,0.524,0.524,0.095
kampala_bwera,203,101.75,roadside settlement,Nasulu,0.371,0.371,0.038,0.63,0.477,0.201
kampala_bwera,204,102.25,roadside settlement,Mpumudde (kawungera),0.492,0.492,0.158,0.632,0.632,0.204
kampala_bwera,205,102.75,roadside settlement,Mpumudde (kawungera),0.418,0.418,0.084,0.537,0.537,0.108
kampala_bwera,206,103.25,roadside settlement,Kawungera,0.506,0.506,0.173,0.651,0.677,0.223
kampala_bwera,207,103.75,roadside settlement,Kyamusota,0.432,0.432,0.098,0.555,0.644,0.127
kampala_bwera,208,104.25,roadside settlement,Kyamusota,0.387,0.387,0.054,0.499,0.498,0.071
kampala_bwera,209,104.75,roadside settlement,Gayaza (kigalama)),0.371,0.371,0.038,0.477,0.792,0.049
kampala_bwera,210,105.25,open road,Gayaza (kigalama)),0.344,0.344,0.011,0.443,0.443,0.014
kampala_bwera,211,105.75,roadside settlement,Gayaza (kigalama)),0.366,0.366,0.032,0.668,0.47,0.239
kampala_bwera,212,106.25,roadside settlement,Gayaza (kigalama)),0.383,0.383,0.05,0.492,0.539,0.064
kampala_bwera,213,106.75,roadside settlement,Gayaza (kigalama)),0.464,0.464,0.131,0.597,0.597,0.168
kampala_bwera,214,107.25,roadside settlement,Kyamwero,0.432,0.432,0.099,0.564,0.556,0.135
kampala_bwera,215,107.75,roadside settlement,Kyamwero,0.379,0.379,0.046,0.524,0.487,0.095
kampala_bwera,216,108.25,roadside settlement,Kyamwero,0.351,0.351,0.018,0.451,0.544,0.023
kampala_bwera,217,108.75,open road,Kyamwero,0.35,0.35,0.017,0.45,0.522,0.022
kampala_bwera,218,109.25,roadside settlement,Bwakago,0.361,0.361,0.028,0.978,0.464,0.55
kampala_bwera,219,109.75,roadside settlement,Bwakago,0.348,0.348,0.015,0.448,0.448,0.019
kampala_bwera,220,110.25,roadside settlement,Bwakago,0.352,0.352,0.018,0.452,0.452,0.024
kampala_bwera,221,110.75,roadside settlement,Bwakago,0.369,0.369,0.036,0.474,0.474,0.046
kampala_bwera,222,111.25,open road,Kalonga A (kalonga),0.334,0.334,0.001,0.43,1.035,0.001
kampala_bwera,223,111.75,open road,Kalonga A (kalonga),0.344,0.344,0.011,0.573,0.443,0.145
kampala_bwera,224,112.25,open road,Kalonga A (kalonga),0.349,0.349,0.016,0.714,0.449,0.285
kampala_bwera,225,112.75,roadside settlement,Kalonga B(kalonga),0.35,0.35,0.016,0.711,0.45,0.283
kampala_bwera,226,113.25,roadside settlement,Kalonga B(kalonga),0.472,0.472,0.139,0.607,0.607,0.178
kampala_bwera,227,113.75,roadside settlement,Kalonga B(kalonga),0.412,0.412,0.079,0.53,0.815,0.101
kampala_bwera,228,114.25,roadside settlement,Kyakatule,0.365,0.365,0.032,0.47,0.47,0.041
kampala_bwera,229,114.75,roadside settlement,Kyakatule,0.35,0.35,0.016,0.45,0.45,0.021
kampala_bwera,230,115.25,roadside settlement,Kyakatule,0.35,0.35,0.017,0.45,0.45,0.021
kampala_bwera,231,115.75,roadside settlement,Kalembe,0.368,0.368,0.035,0.522,0.473,0.093
kampala_bwera,232,116.25,roadside settlement,Kalembe,0.347,0.347,0.014,0.601,0.446,0.173
kampala_bwera,233,116.75,open road,Kalembe,0.34,0.34,0.007,0.714,0.438,0.285
kampala_bwera,234,117.25,roadside settlement,Kalembe,0.359,0.359,0.026,0.462,0.462,0.033
kampala_bwera,235,117.75,roadside settlement,Kalembe,0.348,0.348,0.015,0.448,0.448,0.019
kampala_bwera,236,118.25,open road,Kalembe,0.336,0.336,0.002,0.432,0.685,0.003
kampala_bwera,237,118.75,open road,Kigguya,0.34,0.34,0.006,0.437,0.536,0.008
kampala_bwera,238,119.25,open road,Kigguya,0.336,0.336,0.002,0.432,0.432,0.003
kampala_bwera,239,119.75,roadside settlement,Kigguya,0.355,0.355,0.021,0.478,0.456,0.049
kampala_bwera,240,120.25,roadside settlement,Kigguya,0.351,0.351,0.017,0.496,0.451,0.068
kampala_bwera,241,120.75,roadside settlement,Mijunwa,0.357,0.357,0.023,0.458,0.458,0.03
kampala_bwera,242,121.25,roadside settlement,Mijunwa,0.358,0.358,0.024,0.483,0.46,0.055
kampala_bwera,243,121.75,roadside settlement,Mijunwa,0.346,0.346,0.013,0.445,0.445,0.017
kampala_bwera,244,122.25,roadside settlement,Kyenda,0.384,0.384,0.051,0.802,0.494,0.374
kampala_bwera,245,122.75,roadside settlement,Kyenda,0.475,0.475,0.142,0.611,0.611,0.182
kampala_bwera,246,123.25,roadside settlement,Kyenda,0.494,0.494,0.161,0.636,0.636,0.207
kampala_bwera,247,123.75,roadside settlement,Kyenda,0.448,0.448,0.114,0.575,0.575,0.147
kampala_bwera,248,124.25,roadside settlement,Kitenga,0.373,0.373,0.04,0.479,0.73,0.051
kampala_bwera,249,124.75,roadside settlement,Kiwuniulo,0.39,0.39,0.057,0.502,0.502,0.073
kampala_bwera,250,125.25,roadside settlement,Kagoma,0.374,0.374,0.041,0.481,0.496,0.052
kampala_bwera,251,125.75,roadside settlement,Kagoma,0.36,0.36,0.026,0.462,0.462,0.034
kampala_bwera,252,126.25,roadside settlement,Kagoma,0.391,0.391,0.058,0.503,0.828,0.074
kampala_bwera,253,126.75,roadside settlement,Kagoma,0.356,0.356,0.023,0.458,0.634,0.029
kampala_bwera,254,127.25,open road,Kagoma,0.349,0.349,0.016,0.504,0.449,0.075
kampala_bwera,255,127.75,open road,,0.338,0.338,0.005,0.645,0.435,0.216
kampala_bwera,256,128.25,open road,,0.344,0.344,0.011,0.569,0.442,0.14
kampala_bwera,257,128.75,open road,,0.344,0.344,0.011,0.442,0.461,0.014
kampala_bwera,258,129.25,open road,Katabalanga B,0.334,0.334,0.0,0.429,0.429,0.001
kampala_bwera,259,129.75,open road,Kyelima,0.346,0.346,0.012,0.444,0.444,0.016
kampala_bwera,260,130.25,open road,Kyelima,0.342,0.342,0.009,0.44,0.504,0.012
kampala_bwera,261,130.75,roadside settlement,Kyelima,0.398,0.398,0.065,0.512,0.512,0.084
kampala_bwera,262,131.25,roadside settlement,Katabalanga B,0.46,0.46,0.127,0.592,0.592,0.163
kampala_bwera,263,131.75,roadside settlement,Katabalanga B,0.554,0.554,0.221,0.713,0.713,0.284
kampala_bwera,264,132.25,roadside settlement,Katabalanga A,0.422,0.422,0.089,0.542,0.697,0.114
kampala_bwera,265,132.75,roadside settlement,Nakabale,0.355,0.355,0.021,0.456,0.74,0.028
kampala_bwera,266,133.25,open road,Nakabale,0.349,0.349,0.015,0.625,0.448,0.196
kampala_bwera,267,133.75,open road,Nakabale,0.34,0.34,0.006,0.501,0.437,0.073
kampala_bwera,268,134.25,roadside settlement,Bakijulula,0.372,0.372,0.039,0.679,0.479,0.251
kampala_bwera,269,134.75,roadside settlement,Bakijulula,0.411,0.411,0.078,0.591,0.529,0.163
kampala_bwera,270,135.25,roadside settlement,Bakijulula,0.442,0.442,0.108,0.568,0.568,0.139
kampala_bwera,271,135.75,roadside settlement,Nkanaga,0.474,0.474,0.14,0.609,0.609,0.18
kampala_bwera,272,136.25,roadside settlement,Kisekende A,0.498,0.498,0.165,0.64,0.64,0.212
kampala_bwera,273,136.75,roadside settlement,Kisekende A,0.494,0.494,0.161,0.635,0.635,0.207
kampala_bwera,274,137.25,town,Kisekende Central,0.737,0.737,0.403,0.976,0.976,0.547
kampala_bwera,275,137.75,town,Kisekende Central,0.737,0.737,0.403,0.976,0.976,0.547
kampala_bwera,276,138.25,town,Kasaana A,0.733,0.733,0.4,0.962,0.962,0.534
kampala_bwera,277,138.75,roadside settlement,Kabasojjo,0.45,0.45,0.117,0.579,0.579,0.151
kampala_bwera,278,139.25,roadside settlement,Kabasojjo,0.442,0.442,0.108,0.568,0.568,0.139
kampala_bwera,279,139.75,roadside settlement,Kasenyi,0.397,0.397,0.064,0.511,0.511,0.082
kampala_bwera,280,140.25,roadside settlement,Kikona Kyabatagi,0.378,0.378,0.045,0.573,0.486,0.145
kampala_bwera,281,140.75,roadside settlement,Kikona Kyabatagi,0.36,0.36,0.026,0.656,0.463,0.227
kampala_bwera,282,141.25,roadside settlement,Kikona Kyabatagi,0.392,0.392,0.058,0.504,0.504,0.075
kampala_bwera,283,141.75,roadside settlement,Buliisa,0.357,0.357,0.023,0.459,0.459,0.03
kampala_bwera,284,142.25,roadside settlement,Bagezza,0.358,0.358,0.024,0.46,0.627,0.031
kampala_bwera,285,142.75,roadside settlement,Bagezza,0.386,0.386,0.053,0.496,0.496,0.068
kampala_bwera,286,143.25,roadside settlement,Delphi,0.382,0.382,0.049,0.491,0.587,0.063
kampala_bwera,287,143.75,roadside settlement,Delphi,0.392,0.392,0.059,0.631,0.504,0.203
kampala_bwera,288,144.25,roadside settlement,Delphi,0.372,0.372,0.038,0.553,0.478,0.124
kampala_bwera,289,144.75,roadside settlement,Delphi,0.393,0.393,0.059,0.505,0.505,0.076
kampala_bwera,290,145.25,roadside settlement,Buwanga,0.359,0.359,0.026,0.461,0.461,0.033
kampala_bwera,291,145.75,roadside settlement,Buwanga,0.36,0.36,0.027,0.463,0.523,0.034
kampala_bwera,292,146.25,roadside settlement,Kisujja,0.379,0.379,0.046,0.488,0.488,0.059
kampala_bwera,293,146.75,roadside settlement,Kisujja,0.346,0.346,0.013,0.502,0.445,0.074
kampala_bwera,294,147.25,roadside settlement,Kisujja,0.355,0.355,0.021,0.456,0.456,0.028
kampala_bwera,295,147.75,roadside settlement,Nabibungo,0.38,0.38,0.047,0.489,0.5,0.06
kampala_bwera,296,148.25,roadside settlement,Nabibungo,0.361,0.361,0.027,0.464,0.834,0.035
kampala_bwera,297,148.75,open road,Kiterredde,0.338,0.338,0.004,0.434,0.729,0.006
kampala_bwera,298,149.25,roadside settlement,Kiterredde,0.362,0.362,0.028,0.465,0.465,0.037
kampala_bwera,299,149.75,roadside settlement,Kiterredde,0.35,0.35,0.017,0.45,0.45,0.021
kampala_bwera,300,150.25,open road,Kiterredde,0.335,0.335,0.002,0.431,0.442,0.003
kampala_bwera,301,150.75,roadside settlement,,0.346,0.346,0.013,0.638,0.445,0.209
kampala_bwera,302,151.25,roadside settlement,Lusalira,0.361,0.361,0.028,0.464,0.464,0.036
kampala_bwera,303,151.75,roadside settlement,Lusalira,0.376,0.376,0.042,0.483,0.483,0.054
kampala_bwera,304,152.25,roadside settlement,Lusalira,0.529,0.529,0.195,0.68,0.68,0.251
kampala_bwera,305,152.75,roadside settlement,Lusalira,0.514,0.514,0.181,0.661,0.661,0.233
kampala_bwera,306,153.25,roadside settlement,Lusalira,0.354,0.354,0.02,0.658,0.455,0.229
kampala_bwera,307,153.75,roadside settlement,Lusalira,0.347,0.347,0.014,0.649,0.447,0.221
kampala_bwera,308,154.25,open road,Lusalira,0.34,0.34,0.006,0.879,0.437,0.45
kampala_bwera,309,154.75,roadside settlement,Lusalira,0.367,0.367,0.033,0.598,0.471,0.169
kampala_bwera,310,155.25,roadside settlement,Lwobwana,0.355,0.355,0.022,0.456,0.726,0.028
kampala_bwera,311,155.75,roadside settlement,Lwobwana,0.391,0.391,0.058,0.503,0.503,0.075
kampala_bwera,312,156.25,roadside settlement,Lwobwana,0.441,0.441,0.108,0.567,0.567,0.139
kampala_bwera,313,156.75,roadside settlement,Lwobwana,0.35,0.35,0.017,0.45,0.462,0.022
kampala_bwera,314,157.25,roadside settlement,Lwobwana,0.369,0.369,0.036,0.474,0.553,0.046
kampala_bwera,315,157.75,roadside settlement,Lwobwana,0.351,0.351,0.018,0.451,0.549,0.023
kampala_bwera,316,158.25,open road,Lwemivubo,0.344,0.344,0.011,0.443,0.443,0.014
kampala_bwera,317,158.75,open road,Lwemivubo,0.342,0.342,0.009,0.44,0.44,0.012
kampala_bwera,318,159.25,roadside settlement,Lwemivubo,0.353,0.353,0.019,0.785,0.453,0.357
kampala_bwera,319,159.75,roadside settlement,Gwanika,0.434,0.434,0.101,0.558,0.558,0.13
kampala_bwera,320,160.25,roadside settlement,Gwanika,0.365,0.365,0.032,0.47,0.47,0.041
kampala_bwera,321,160.75,roadside settlement,Gwanika,0.372,0.372,0.038,0.478,0.522,0.049
kampala_bwera,322,161.25,open road,Lwemivubo (Nabingoola),0.347,0.347,0.014,0.447,0.749,0.018
kampala_bwera,323,161.75,open road,Lwemivubo (Nabingoola),0.337,0.337,0.004,0.433,0.488,0.005
kampala_bwera,324,162.25,open road,Lwemivubo (Nabingoola),0.333,0.333,0.0,0.685,0.429,0.256
kampala_bwera,325,162.75,open road,Lwemivubo (Nabingoola),0.358,0.358,0.024,0.524,0.46,0.095
kampala_bwera,326,163.25,open road,Lwemivubo (Nabingoola),0.335,0.335,0.002,0.431,0.671,0.002
kampala_bwera,327,163.75,open road,Rwensama,0.34,0.34,0.006,0.702,0.437,0.273
kampala_bwera,328,164.25,roadside settlement,Rwensama,0.35,0.35,0.017,0.525,0.45,0.096
kampala_bwera,329,164.75,roadside settlement,Nabingoola,0.407,0.407,0.074,0.697,0.524,0.269
kampala_bwera,330,165.25,roadside settlement,Nabingoola,0.546,0.546,0.212,0.701,0.701,0.273
kampala_bwera,331,165.75,roadside settlement,Nabingoola,0.38,0.38,0.047,0.488,0.488,0.06
kampala_bwera,332,166.25,roadside settlement,Nabingoola,0.36,0.36,0.027,0.463,0.496,0.035
kampala_bwera,333,166.75,roadside settlement,Lwamazzi,0.355,0.355,0.022,0.457,0.542,0.028
kampala_bwera,334,167.25,open road,Lwamazzi,0.341,0.341,0.007,0.438,0.58,0.01
kampala_bwera,335,167.75,open road,Lwamazzi,0.338,0.338,0.005,0.435,0.435,0.007
kampala_bwera,336,168.25,roadside settlement,Kibaale,0.345,0.345,0.012,0.824,0.444,0.395
kampala_bwera,337,168.75,roadside settlement,Kibaale,0.375,0.375,0.042,0.483,0.483,0.054
kampala_bwera,338,169.25,roadside settlement,Kibaale,0.422,0.422,0.089,0.542,0.687,0.114
kampala_bwera,339,169.75,roadside settlement,Kibaale,0.5,0.5,0.167,0.6,0.6,0.171
kampala_bwera,340,170.25,open road,Kibaale,0.339,0.339,0.005,0.764,0.436,0.335
kampala_bwera,341,170.75,open road,Butooke,0.345,0.345,0.012,0.502,0.443,0.074
kampala_bwera,342,171.25,open road,Butooke,0.341,0.341,0.008,0.512,0.439,0.084
kampala_bwera,343,171.75,roadside settlement,Butooke,0.37,0.37,0.037,0.476,0.497,0.048
kampala_bwera,344,172.25,roadside settlement,Butooke,0.345,0.345,0.011,0.443,0.718,0.014
kampala_bwera,345,172.75,roadside settlement,Lunyongoli,0.35,0.35,0.016,0.642,0.45,0.213
kampala_bwera,346,173.25,roadside settlement,Lunyongoli,0.403,0.403,0.069,0.518,0.518,0.089
kampala_bwera,347,173.75,roadside settlement,Lunyongoli,0.362,0.362,0.029,0.466,0.752,0.037
kampala_bwera,348,174.25,open road,Ngaija,0.342,0.342,0.009,0.44,0.44,0.011
kampala_bwera,349,174.75,open road,Ngaija,0.346,0.346,0.013,0.661,0.445,0.232
kampala_bwera,350,175.25,open road,Ngaija,0.347,0.347,0.014,0.447,0.697,0.018
kampala_bwera,351,175.75,open road,Ngaija,0.352,0.352,0.019,0.519,0.453,0.09
kampala_bwera,352,176.25,roadside settlement,Nyanga,0.348,0.348,0.014,0.8,0.447,0.372
kampala_bwera,353,176.75,open road,Nyanga,0.341,0.341,0.008,0.439,0.439,0.01
kampala_bwera,354,177.25,open road,Kyakakwanzi,0.341,0.341,0.007,0.438,0.61,0.01
kampala_bwera,355,177.75,roadside settlement,Kyakakwanzi,0.351,0.351,0.018,0.575,0.451,0.147
kampala_bwera,356,178.25,roadside settlement,Kako,0.36,0.36,0.026,0.811,0.462,0.383
kampala_bwera,357,178.75,roadside settlement,Kako,0.349,0.349,0.015,0.925,0.448,0.496
kampala_bwera,358,179.25,roadside settlement,Kako,0.359,0.359,0.026,0.462,0.462,0.033
kampala_bwera,359,179.75,roadside settlement,Haisaza,0.397,0.397,0.064,0.511,0.511,0.082
kampala_bwera,360,180.25,roadside settlement,Kyegegwa,0.546,0.546,0.212,0.701,0.701,0.273
kampala_bwera,361,180.75,roadside settlement,Kyegegwa,0.546,0.546,0.212,0.701,0.701,0.273
kampala_bwera,362,181.25,roadside settlement,Humura,0.383,0.383,0.05,0.493,0.696,0.064
kampala_bwera,363,181.75,roadside settlement,Humura,0.345,0.345,0.012,0.443,0.633,0.015
kampala_bwera,364,182.25,roadside settlement,Rwera,0.432,0.432,0.099,0.676,0.556,0.248
kampala_bwera,365,182.75,roadside settlement,Rwera,0.414,0.414,0.08,0.532,0.56,0.103
kampala_bwera,366,183.25,open road,Rwera,0.333,0.333,0.0,0.429,0.766,0.0
kampala_bwera,367,183.75,open road,Byeba,0.336,0.336,0.002,0.897,0.432,0.468
kampala_bwera,368,184.25,roadside settlement,Byeba,0.355,0.355,0.022,0.457,0.457,0.028
kampala_bwera,369,184.75,roadside settlement,Byeba,0.36,0.36,0.027,0.463,0.705,0.035
kampala_bwera,370,185.25,roadside settlement,Nsondaitano,0.357,0.357,0.023,0.459,0.635,0.03
kampala_bwera,371,185.75,roadside settlement,Nsondaitano,0.347,0.347,0.014,0.446,0.446,0.018
kampala_bwera,372,186.25,roadside settlement,Nsondaitano,0.353,0.353,0.02,0.454,0.92,0.026
kampala_bwera,373,186.75,roadside settlement,Kisamura,0.353,0.353,0.02,0.454,0.664,0.025
kampala_bwera,374,187.25,open road,Kisamura,0.34,0.34,0.007,0.438,0.438,0.009
kampala_bwera,375,187.75,open road,Kyatega,0.339,0.339,0.006,0.436,0.436,0.008
kampala_bwera,376,188.25,roadside settlement,Kyatega,0.351,0.351,0.018,0.451,0.451,0.023
kampala_bwera,377,188.75,roadside settlement,Kyatega,0.381,0.381,0.048,0.49,0.49,0.061
kampala_bwera,378,189.25,open road,Kyatega,0.342,0.342,0.009,0.44,0.459,0.012
kampala_bwera,379,189.75,open road,Kyatega,0.334,0.334,0.0,0.429,0.429,0.001
kampala_bwera,380,190.25,open road,Kinona,0.335,0.335,0.002,0.522,0.431,0.093
kampala_bwera,381,190.75,roadside settlement,Kisiita,0.363,0.363,0.029,0.466,0.466,0.038
kampala_bwera,382,191.25,roadside settlement,Kisiita,0.346,0.346,0.013,0.445,0.445,0.017
kampala_bwera,383,191.75,open road,Kisiita,0.348,0.348,0.014,0.676,0.447,0.248
kampala_bwera,384,192.25,open road,Misenyi,0.338,0.338,0.005,0.435,0.599,0.006
kampala_bwera,385,192.75,open road,Misenyi,0.346,0.346,0.013,0.557,0.445,0.129
kampala_bwera,386,193.25,roadside settlement,Misenyi,0.372,0.372,0.038,1.055,0.478,0.627
kampala_bwera,387,193.75,roadside settlement,Misenyi,0.498,0.498,0.164,0.64,0.64,0.211
kampala_bwera,388,194.25,roadside settlement,Misenyi,0.358,0.358,0.025,0.461,0.832,0.032
kampala_bwera,389,194.75,open road,Misenyi,0.341,0.341,0.007,0.438,0.438,0.01
kampala_bwera,390,195.25,open road,Misenyi,0.339,0.339,0.005,0.436,0.436,0.007
kampala_bwera,391,195.75,roadside settlement,Kikyedo,0.369,0.369,0.036,0.521,0.475,0.092
kampala_bwera,392,196.25,roadside settlement,Kikyedo,0.371,0.371,0.038,0.477,0.477,0.048
kampala_bwera,393,196.75,open road,Kikyedo,0.339,0.339,0.006,0.436,0.765,0.007
kampala_bwera,394,197.25,open road,Kikyedo,0.334,0.334,0.0,0.429,0.429,0.001
kampala_bwera,395,197.75,open road,Kikyedo,0.341,0.341,0.007,0.438,0.479,0.01
kampala_bwera,396,198.25,open road,Kyeema,0.341,0.341,0.008,0.439,0.439,0.01
kampala_bwera,397,198.75,open road,Kyeema,0.336,0.336,0.003,0.433,0.459,0.004
kampala_bwera,398,199.25,open road,Kyeema,0.35,0.35,0.017,0.45,0.45,0.021
kampala_bwera,399,199.75,roadside settlement,Kyeema,0.391,0.391,0.058,0.503,0.503,0.074
kampala_bwera,400,200.25,roadside settlement,Kakongorano,0.354,0.354,0.021,0.497,0.456,0.069
kampala_bwera,401,200.75,open road,Kakongorano,0.352,0.352,0.019,0.452,0.469,0.024
kampala_bwera,402,201.25,open road,Kakongorano,0.341,0.341,0.008,0.439,0.702,0.01
kampala_bwera,403,201.75,open road,Kakongorano,0.337,0.337,0.004,0.433,0.433,0.005
kampala_bwera,404,202.25,open road,Kisoila,0.346,0.346,0.013,0.445,0.445,0.016
kampala_bwera,405,202.75,roadside settlement,Kisoila,0.362,0.362,0.028,0.465,0.465,0.036
kampala_bwera,406,203.25,roadside settlement,Kisoila,0.352,0.352,0.019,0.453,0.453,0.024
kampala_bwera,407,203.75,roadside settlement,Kisoila,0.35,0.35,0.017,0.608,0.45,0.179
kampala_bwera,408,204.25,roadside settlement,Kisoila,0.346,0.346,0.013,0.745,0.445,0.316
kampala_bwera,409,204.75,open road,Lwebali,0.344,0.344,0.011,0.442,0.484,0.014
kampala_bwera,410,205.25,roadside settlement,Lwebali,0.348,0.348,0.015,0.482,0.448,0.054
kampala_bwera,411,205.75,roadside settlement,Lwebali,0.5,0.5,0.167,0.6,0.6,0.171
kampala_bwera,412,206.25,open road,Lwebali,0.349,0.349,0.015,0.448,0.572,0.02
kampala_bwera,413,206.75,open road,Lwebali,0.333,0.333,0.0,0.429,0.528,0.0
kampala_bwera,414,207.25,open road,Lwebali,0.333,0.333,0.0,0.463,0.429,0.034
kampala_bwera,415,207.75,open road,Lwebali,0.333,0.333,0.0,0.429,0.519,0.0
kampala_bwera,416,208.25,open road,Lwebali,0.5,0.5,0.167,0.6,0.6,0.171
kampala_bwera,417,208.75,open road,,0.333,0.333,0.0,0.429,0.567,0.0
kampala_bwera,418,209.25,open road,,0.333,0.333,0.0,0.429,0.429,0.0
kampala_bwera,419,209.75,open road,Mukono - Mura,0.333,0.333,0.0,0.429,0.429,0.0
kampala_bwera,420,210.25,open road,Mukono - Mura,0.335,0.335,0.002,0.53,0.431,0.102
kampala_bwera,421,210.75,open road,Mukono - Mura,0.347,0.347,0.014,0.486,0.446,0.058
kampala_bwera,422,211.25,roadside settlement,Mukono - Mura,0.352,0.352,0.018,0.552,0.452,0.123
kampala_bwera,423,211.75,roadside settlement,Mukono - Mura,0.386,0.386,0.052,0.537,0.496,0.108
kampala_bwera,424,212.25,roadside settlement,Mukono - Mura,0.348,0.348,0.015,0.7,0.448,0.271
kampala_bwera,425,212.75,open road,Mukono - Mura,0.333,0.333,0.0,0.429,0.429,0.0
kampala_bwera,426,213.25,open road,Mukono - Mura,0.333,0.333,0.0,0.429,0.798,0.0
kampala_bwera,427,213.75,open road,Matiri,0.5,0.5,0.167,0.6,0.6,0.171
kampala_bwera,428,214.25,open road,Matiri,0.333,0.333,0.0,0.504,0.429,0.075
kampala_bwera,429,214.75,open road,Matiri,0.343,0.343,0.009,0.859,0.441,0.431
kampala_bwera,430,215.25,roadside settlement,Matiri,0.431,0.431,0.098,0.554,0.554,0.126
kampala_bwera,431,215.75,roadside settlement,Matiri,0.451,0.451,0.117,0.58,0.686,0.151
kampala_bwera,432,216.25,roadside settlement,Matiri,0.436,0.436,0.103,0.561,0.796,0.132
kampala_bwera,433,216.75,roadside settlement,Matiri,0.354,0.354,0.02,0.455,0.557,0.026
kampala_bwera,434,217.25,open road,Matiri,0.345,0.345,0.012,0.444,0.466,0.015
kampala_bwera,435,217.75,open road,Matiri,0.35,0.35,0.017,0.45,0.45,0.021
kampala_bwera,436,218.25,open road,Matiri,0.349,0.349,0.016,0.449,0.449,0.02
kampala_bwera,437,218.75,open road,Murongo,0.342,0.342,0.008,0.439,0.492,0.011
kampala_bwera,438,219.25,open road,Murongo,0.334,0.334,0.001,1.03,0.43,0.601
kampala_bwera,439,219.75,open road,Murongo,0.334,0.334,0.0,0.429,0.429,0.001
kampala_bwera,440,220.25,open road,Murongo,0.34,0.34,0.006,0.437,0.72,0.008
kampala_bwera,441,220.75,open road,Kihura,0.336,0.336,0.002,0.635,0.432,0.207
kampala_bwera,442,221.25,roadside settlement,Kihura,0.345,0.345,0.012,0.783,0.444,0.355
kampala_bwera,443,221.75,roadside settlement,Kihuura Trading Centre,0.395,0.395,0.061,0.519,0.508,0.09
kampala_bwera,444,222.25,roadside settlement,Kihuura Trading Centre,0.5,0.5,0.167,0.6,0.6,0.171
kampala_bwera,445,222.75,open road,Kicwamba,0.347,0.347,0.014,0.447,0.655,0.018
kampala_bwera,446,223.25,open road,Kicwamba,0.333,0.333,0.0,0.475,0.429,0.046
kampala_bwera,447,223.75,open road,Kicwamba,0.338,0.338,0.005,0.435,0.435,0.007
kampala_bwera,448,224.25,open road,Kicwamba,0.336,0.336,0.002,0.668,0.432,0.239
kampala_bwera,449,224.75,open road,Kicwamba,0.35,0.35,0.017,0.45,0.917,0.022
kampala_bwera,450,225.25,open road,Kicwamba,0.346,0.346,0.012,0.444,0.982,0.016
kampala_bwera,451,225.75,open road,,0.355,0.355,0.022,0.456,0.456,0.028
kampala_bwera,452,226.25,open road,,0.333,0.333,0.0,0.429,0.429,0.0
kampala_bwera,453,226.75,open road,,0.5,0.5,0.167,0.6,0.6,0.171
kampala_bwera,454,227.25,open road,,0.346,0.346,0.013,0.47,0.445,0.042
kampala_bwera,455,227.75,open road,,0.35,0.35,0.017,0.45,0.45,0.022
kampala_bwera,456,228.25,open road,,0.344,0.344,0.01,0.442,0.442,0.013
kampala_bwera,457,228.75,open road,,0.358,0.358,0.024,0.727,0.46,0.299
kampala_bwera,458,229.25,roadside settlement,,0.368,0.368,0.035,0.473,0.473,0.045
kampala_bwera,459,229.75,open road,,0.35,0.35,0.017,0.649,0.45,0.221
kampala_bwera,460,230.25,open road,,0.333,0.333,0.0,0.544,0.429,0.116
kampala_bwera,461,230.75,open road,,0.335,0.335,0.002,0.695,0.431,0.267
kampala_bwera,462,231.25,roadside settlement,,0.374,0.374,0.04,0.589,0.481,0.161
kampala_bwera,463,231.75,roadside settlement,Kyenjojo,0.4,0.4,0.067,0.514,0.514,0.086
kampala_bwera,464,232.25,roadside settlement,Kyenjojo,0.38,0.38,0.047,0.738,0.489,0.31
kampala_bwera,465,232.75,roadside settlement,Kyenjojo,0.42,0.42,0.086,0.54,0.54,0.111
kampala_bwera,466,233.25,roadside settlement,Kyenjojo,0.511,0.511,0.178,0.657,0.657,0.229
kampala_bwera,467,233.75,roadside settlement,Kyenjojo,0.554,0.554,0.221,0.713,0.713,0.284
kampala_bwera,468,234.25,roadside settlement,Kyenjojo,0.457,0.457,0.124,0.588,0.588,0.16
kampala_bwera,469,234.75,roadside settlement,Kyenjojo,0.435,0.435,0.102,0.56,0.56,0.131
kampala_bwera,470,235.25,roadside settlement,Kyenjojo,0.353,0.353,0.02,0.454,0.6,0.025
kampala_bwera,471,235.75,open road,,0.34,0.34,0.006,0.437,0.466,0.008
kampala_bwera,472,236.25,roadside settlement,,0.36,0.36,0.027,0.715,0.463,0.286
kampala_bwera,473,236.75,roadside settlement,,0.377,0.377,0.043,0.484,0.484,0.056
kampala_bwera,474,237.25,roadside settlement,,0.381,0.381,0.047,0.489,0.489,0.061
kampala_bwera,475,237.75,roadside settlement,,0.447,0.447,0.114,0.551,0.551,0.122
kampala_bwera,476,238.25,open road,Kirima,0.423,0.423,0.09,0.52,0.723,0.091
kampala_bwera,477,238.75,open road,Kirima,0.334,0.334,0.0,0.429,0.594,0.001
kampala_bwera,478,239.25,open road,Kirima,0.343,0.343,0.009,0.587,0.441,0.159
kampala_bwera,479,239.75,open road,Kirima,0.348,0.348,0.014,0.566,0.447,0.137
kampala_bwera,480,240.25,open road,Kirima,0.343,0.343,0.009,0.441,0.447,0.012
kampala_bwera,481,240.75,open road,Mukono,0.341,0.341,0.008,0.439,0.439,0.01
kampala_bwera,482,241.25,roadside settlement,Kaihura Central,0.36,0.36,0.027,0.704,0.463,0.275
kampala_bwera,483,241.75,roadside settlement,Kaihura Central,0.356,0.356,0.023,0.488,0.458,0.059
kampala_bwera,484,242.25,roadside settlement,Kaihura Central,0.5,0.5,0.167,0.6,0.6,0.171
kampala_bwera,485,242.75,roadside settlement,Kaihura Central,0.44,0.44,0.106,0.565,0.565,0.137
kampala_bwera,486,243.25,open road,Kaihura Central,0.335,0.335,0.002,0.431,0.771,0.002
kampala_bwera,487,243.75,open road,Nyakagongo,0.338,0.338,0.005,0.709,0.435,0.281
kampala_bwera,488,244.25,open road,Nyakagongo,0.334,0.334,0.001,0.43,0.43,0.001
kampala_bwera,489,244.75,open road,Miranga,0.336,0.336,0.003,0.442,0.433,0.014
kampala_bwera,490,245.25,open road,Miranga,0.337,0.337,0.004,0.528,0.433,0.1
kampala_bwera,491,245.75,roadside settlement,Miranga,0.367,0.367,0.033,0.471,0.471,0.043
kampala_bwera,492,246.25,roadside settlement,Miranga,0.377,0.377,0.043,0.484,0.484,0.056
kampala_bwera,493,246.75,roadside settlement,Mukunyu Central,0.434,0.434,0.1,0.934,0.558,0.506
kampala_bwera,494,247.25,roadside settlement,Mukunyu Central,0.509,0.509,0.176,0.655,0.655,0.226
kampala_bwera,495,247.75,roadside settlement,Mukunyu Central,0.393,0.393,0.06,0.755,0.506,0.327
kampala_bwera,496,248.25,roadside settlement,Mukunyu,0.369,0.369,0.036,0.474,0.474,0.046
kampala_bwera,497,248.75,roadside settlement,Birenga,0.348,0.348,0.015,0.87,0.447,0.441
kampala_bwera,498,249.25,roadside settlement,Kisamura,0.364,0.364,0.031,0.468,0.468,0.04
kampala_bwera,499,249.75,roadside settlement,Kisamura,0.357,0.357,0.023,0.459,0.459,0.03
kampala_bwera,500,250.25,roadside settlement,Kisamura,0.35,0.35,0.016,1.099,0.45,0.671
kampala_bwera,501,250.75,roadside settlement,Kisamura,0.35,0.35,0.017,1.069,0.45,0.641
kampala_bwera,502,251.25,open road,Rugombe Kasozi,0.344,0.344,0.011,0.964,0.442,0.536
kampala_bwera,503,251.75,open road,Rugombe Kasozi,0.34,0.34,0.007,0.437,0.661,0.009
kampala_bwera,504,252.25,roadside settlement,Rugombe Kasozi,0.529,0.529,0.195,0.68,0.841,0.251
kampala_bwera,505,252.75,roadside settlement,Mahangwe,0.467,0.467,0.134,0.601,0.882,0.172
kampala_bwera,506,253.25,roadside settlement,Rugombe Nyamasobya,0.372,0.372,0.039,0.478,0.478,0.05
kampala_bwera,507,253.75,roadside settlement,Mihondo,0.408,0.408,0.075,0.624,0.525,0.195
kampala_bwera,508,254.25,roadside settlement,Mihondo,0.369,0.369,0.035,0.474,0.474,0.045
kampala_bwera,509,254.75,roadside settlement,Nyanjaetagera,0.346,0.346,0.013,0.445,0.445,0.017
kampala_bwera,510,255.25,roadside settlement,Nyanjaetagera,0.384,0.384,0.051,0.494,0.494,0.066
kampala_bwera,511,255.75,roadside settlement,Kyabagonza,0.355,0.355,0.021,0.456,0.456,0.027
kampala_bwera,512,256.25,roadside settlement,Bukoiko,0.377,0.377,0.044,0.485,0.485,0.056
kampala_bwera,513,256.75,roadside settlement,Bukoiko,0.383,0.383,0.05,0.493,0.493,0.064
kampala_bwera,514,257.25,roadside settlement,Kagorogoro,0.392,0.392,0.059,0.514,0.504,0.086
kampala_bwera,515,257.75,roadside settlement,Kagorogoro,0.389,0.389,0.055,0.5,0.727,0.071
kampala_bwera,516,258.25,open road,Kagorogoro,0.34,0.34,0.006,0.437,0.437,0.008
kampala_bwera,517,258.75,roadside settlement,Kyeragira,0.353,0.353,0.02,0.454,0.454,0.025
kampala_bwera,518,259.25,roadside settlement,Kyeragira,0.378,0.378,0.045,0.486,0.486,0.058
kampala_bwera,519,259.75,roadside settlement,Ntoroko Road,0.38,0.38,0.047,0.489,0.746,0.06
kampala_bwera,520,260.25,roadside settlement,Ntoroko Road,0.441,0.441,0.107,0.567,0.567,0.138
kampala_bwera,521,260.75,roadside settlement,Ntoroko Road,0.359,0.359,0.026,0.462,0.614,0.033
kampala_bwera,522,261.25,roadside settlement,Kyakiroro,0.344,0.344,0.011,0.443,0.539,0.014
kampala_bwera,523,261.75,roadside settlement,Kyakiroro,0.381,0.381,0.048,0.49,0.49,0.062
kampala_bwera,524,262.25,roadside settlement,Hiima,0.362,0.362,0.029,0.596,0.466,0.167
kampala_bwera,525,262.75,roadside settlement,Hiima,0.365,0.365,0.032,0.47,0.47,0.041
kampala_bwera,526,263.25,roadside settlement,Hiima,0.345,0.345,0.011,0.443,0.489,0.014
kampala_bwera,527,263.75,open road,Hiima,0.333,0.333,0.0,0.429,0.429,0.0
kampala_bwera,528,264.25,open road,Hiima,0.333,0.333,0.0,0.429,0.429,0.0
kampala_bwera,529,264.75,open road,Sebitoli A,0.333,0.333,0.0,0.429,0.534,0.0
kampala_bwera,530,265.25,open road,Sebitoli A,0.333,0.333,0.0,0.429,0.611,0.0
kampala_bwera,531,265.75,open road,Sebitoli A,0.333,0.333,0.0,0.429,0.871,0.0
kampala_bwera,532,266.25,open road,Sebitoli A,0.5,0.5,0.167,0.6,0.6,0.171
kampala_bwera,533,266.75,open road,Sebitoli A,0.334,0.334,0.0,0.773,0.429,0.344
kampala_bwera,534,267.25,open road,Sebitoli A,0.336,0.336,0.002,0.478,0.432,0.049
kampala_bwera,535,267.75,open road,Sebitoli B,0.5,0.5,0.167,0.6,0.722,0.171
kampala_bwera,536,268.25,roadside settlement,Sebitoli B,0.346,0.346,0.012,0.721,0.444,0.293
kampala_bwera,537,268.75,roadside settlement,Sebitoli B,0.364,0.364,0.031,0.709,0.468,0.281
kampala_bwera,538,269.25,roadside settlement,Kanyankukuru,0.35,0.35,0.016,0.45,0.45,0.021
kampala_bwera,539,269.75,open road,Sebitoli B,0.334,0.334,0.001,0.43,0.43,0.001
kampala_bwera,540,270.25,open road,Kiamara B,0.342,0.342,0.009,0.82,0.44,0.391
kampala_bwera,541,270.75,open road,Kanyankukuru,0.354,0.354,0.02,0.455,0.455,0.026
kampala_bwera,542,271.25,open road,Kiamara C,0.35,0.35,0.017,0.45,0.45,0.021
kampala_bwera,543,271.75,open road,Kiamara C,0.359,0.359,0.026,0.462,0.462,0.033
kampala_bwera,544,272.25,open road,Kiamara C,0.333,0.333,0.0,0.429,0.429,0.0
kampala_bwera,545,272.75,roadside settlement,Kaswa A LC1,0.353,0.353,0.02,0.454,0.454,0.026
kampala_bwera,546,273.25,roadside settlement,Kaswa B LCI,0.521,0.521,0.187,0.669,0.669,0.241
kampala_bwera,547,273.75,roadside settlement,Kaswa B,0.465,0.465,0.132,0.598,0.598,0.17
kampala_bwera,548,274.25,open road,Kaswa B,0.338,0.338,0.005,0.435,0.435,0.007
kampala_bwera,549,274.75,open road,Buzirasagama,0.356,0.356,0.023,0.458,0.458,0.029
kampala_bwera,550,275.25,open road,Buzirasagama,0.5,0.5,0.167,0.6,0.6,0.171
kampala_bwera,551,275.75,open road,Busoro,0.344,0.344,0.01,0.442,0.442,0.013
kampala_bwera,552,276.25,open road,Busoro,0.35,0.35,0.017,0.45,0.45,0.022
kampala_bwera,553,276.75,roadside settlement,Kabegira,0.407,0.407,0.074,0.524,0.524,0.095
kampala_bwera,554,277.25,roadside settlement,Kabegira,0.442,0.442,0.109,0.569,0.569,0.14
kampala_bwera,555,277.75,roadside settlement,Kyogya,0.529,0.529,0.195,0.68,0.68,0.251
kampala_bwera,556,278.25,roadside settlement,Nyabinamba,0.459,0.459,0.126,0.59,0.59,0.162
kampala_bwera,557,278.75,roadside settlement,Kaihokwa,0.434,0.434,0.101,0.558,0.558,0.13
kampala_bwera,558,279.25,roadside settlement,Kitumba A Trc,0.531,0.531,0.198,0.683,0.683,0.254
kampala_bwera,559,279.75,roadside settlement,Kitumba,0.506,0.506,0.173,0.651,0.651,0.222
kampala_bwera,560,280.25,roadside settlement,Binanata A,0.496,0.496,0.162,0.637,0.884,0.209
kampala_bwera,561,280.75,roadside settlement,Kitebutura B,0.517,0.517,0.184,0.665,0.665,0.236
kampala_bwera,562,281.25,roadside settlement,Njara C,0.435,0.435,0.101,0.559,0.559,0.13
kampala_bwera,563,281.75,roadside settlement,Nyakabale B,0.393,0.393,0.059,0.505,0.505,0.076
kampala_bwera,564,282.25,roadside settlement,Boma East,0.389,0.389,0.056,0.5,0.5,0.072
kampala_bwera,565,282.75,town,Fort Portal,0.733,0.733,0.4,0.81,0.81,0.382
kampala_bwera,566,283.25,town,Rukiidi Ruhandika A,0.983,0.983,0.65,1.156,1.117,0.728
kampala_bwera,567,283.75,town,Nyarurara A,0.733,0.733,0.4,1.03,0.958,0.602
kampala_bwera,568,284.25,town,Nyarurara B,0.733,0.733,0.4,0.821,0.8,0.393
kampala_bwera,569,284.75,roadside settlement,Harukooto K Se A,0.461,0.461,0.128,0.593,0.765,0.164
kampala_bwera,570,285.25,roadside settlement,Virika,0.438,0.438,0.105,0.609,0.563,0.18
kampala_bwera,571,285.75,roadside settlement,Virika,0.413,0.413,0.08,0.531,0.531,0.102
kampala_bwera,572,286.25,roadside settlement,Kacwamba A,0.537,0.537,0.204,0.69,0.69,0.262
kampala_bwera,573,286.75,town,Kidukuru-Kihembo A,0.733,0.733,0.4,0.847,0.847,0.419
kampala_bwera,574,287.25,roadside settlement,Kasusu B,0.537,0.537,0.204,0.69,0.69,0.262
kampala_bwera,575,287.75,roadside settlement,Kasusu C,0.494,0.494,0.161,0.635,0.635,0.207
kampala_bwera,576,288.25,roadside settlement,Kasusu C,0.401,0.401,0.067,0.515,0.515,0.086
kampala_bwera,577,288.75,roadside settlement,Karambi I,0.44,0.44,0.107,0.566,0.566,0.137
kampala_bwera,578,289.25,roadside settlement,Karambi I,0.442,0.442,0.108,0.568,0.568,0.139
kampala_bwera,579,289.75,roadside settlement,Nyansozi,0.423,0.423,0.09,0.544,0.544,0.116
kampala_bwera,580,290.25,roadside settlement,Karambi Ii,0.406,0.406,0.072,0.521,0.521,0.093
kampala_bwera,581,290.75,roadside settlement,Karambi,0.427,0.427,0.093,0.549,0.549,0.12
kampala_bwera,582,291.25,roadside settlement,Birayobora,0.412,0.412,0.079,0.53,0.53,0.102
kampala_bwera,583,291.75,roadside settlement,Birayobora,0.402,0.402,0.068,0.776,0.517,0.347
kampala_bwera,584,292.25,roadside settlement,Busokwa,0.5,0.5,0.167,0.63,0.6,0.201
kampala_bwera,585,292.75,roadside settlement,Busokwa,0.4,0.4,0.067,0.514,0.514,0.086
kampala_bwera,586,293.25,roadside settlement,Kirugu,0.397,0.397,0.064,0.511,0.662,0.082
kampala_bwera,587,293.75,roadside settlement,Mugusu Trc,0.364,0.364,0.031,0.468,0.468,0.04
kampala_bwera,588,294.25,roadside settlement,Mugusu,0.5,0.5,0.167,0.875,0.6,0.447
kampala_bwera,589,294.75,roadside settlement,Mugusu Kibeede,0.5,0.5,0.167,0.6,0.63,0.171
kampala_bwera,590,295.25,roadside settlement,Mugusu Kibeede,0.5,0.5,0.167,0.6,0.6,0.171
kampala_bwera,591,295.75,roadside settlement,Kibeede,0.392,0.392,0.058,0.503,0.503,0.075
kampala_bwera,592,296.25,roadside settlement,Nyansozi,0.36,0.36,0.027,0.463,1.033,0.035
kampala_bwera,593,296.75,roadside settlement,Kibeede,0.355,0.355,0.022,0.457,1.092,0.028
kampala_bwera,594,297.25,open road,Kibeede,0.342,0.342,0.008,0.439,0.483,0.011
kampala_bwera,595,297.75,roadside settlement,Ibaale,0.357,0.357,0.023,0.771,0.458,0.343
kampala_bwera,596,298.25,roadside settlement,Ibaale,0.369,0.369,0.036,0.934,0.474,0.506
kampala_bwera,597,298.75,roadside settlement,Nyakagongo,0.429,0.429,0.096,0.552,0.59,0.123
kampala_bwera,598,299.25,roadside settlement,Nyakagongo,0.432,0.432,0.099,0.556,0.556,0.127
kampala_bwera,599,299.75,roadside settlement,Kyekumburwa A,0.384,0.384,0.051,0.494,0.599,0.065
kampala_bwera,600,300.25,roadside settlement,Kyekumburwa A,0.364,0.364,0.031,0.468,0.903,0.039
kampala_bwera,601,300.75,open road,Rubona Ii,0.358,0.358,0.025,0.519,0.46,0.09
kampala_bwera,602,301.25,roadside settlement,Rubona Ii,0.343,0.343,0.01,0.844,0.441,0.416
kampala_bwera,603,301.75,roadside settlement,Rubona Ii,0.5,0.5,0.167,0.931,0.6,0.503
kampala_bwera,604,302.25,roadside settlement,Rubona Ii,0.5,0.5,0.167,0.6,0.6,0.171
kampala_bwera,605,302.75,roadside settlement,Rubona Town,0.475,0.475,0.141,0.61,0.61,0.182
kampala_bwera,606,303.25,roadside settlement,Rubona,0.529,0.529,0.195,0.68,0.68,0.251
kampala_bwera,607,303.75,roadside settlement,Rubona,0.391,0.391,0.057,0.672,0.502,0.243
kampala_bwera,608,304.25,roadside settlement,Bulegeya,0.364,0.364,0.031,0.469,0.529,0.04
kampala_bwera,609,304.75,open road,Bulegeya,0.5,0.5,0.167,0.6,0.6,0.171
kampala_bwera,610,305.25,open road,Bulegeya,0.342,0.342,0.008,0.439,0.944,0.011
kampala_bwera,611,305.75,open road,Kisomoro I,0.5,0.5,0.167,0.6,0.766,0.171
kampala_bwera,612,306.25,roadside settlement,Kisomoro Ii,0.347,0.347,0.014,0.448,0.446,0.019
kampala_bwera,613,306.75,roadside settlement,Kisomoro Ii,0.5,0.5,0.167,0.6,0.6,0.171
kampala_bwera,614,307.25,roadside settlement,Nyakigumba,0.376,0.376,0.042,0.483,0.774,0.054
kampala_bwera,615,307.75,roadside settlement,Nyakigumba,0.537,0.537,0.204,0.69,0.69,0.262
kampala_bwera,616,308.25,roadside settlement,Nyakigumba,0.372,0.372,0.039,0.478,0.478,0.05
kampala_bwera,617,308.75,roadside settlement,Busiita,0.374,0.374,0.04,0.481,0.609,0.052
kampala_bwera,618,309.25,roadside settlement,Busiita,0.362,0.362,0.029,0.466,0.466,0.037
kampala_bwera,619,309.75,roadside settlement,Busiita,0.355,0.355,0.022,0.457,0.457,0.028
kampala_bwera,620,310.25,roadside settlement,Busiita,0.352,0.352,0.019,0.468,0.453,0.04
kampala_bwera,621,310.75,roadside settlement,Kicuucu,0.404,0.404,0.071,0.813,0.52,0.385
kampala_bwera,622,311.25,roadside settlement,Kicuucu,0.386,0.386,0.053,0.496,0.496,0.068
kampala_bwera,623,311.75,roadside settlement,Kicuucu,0.5,0.5,0.167,0.6,0.827,0.171
kampala_bwera,624,312.25,roadside settlement,Kisolire,0.5,0.5,0.167,0.6,0.793,0.171
kampala_bwera,625,312.75,roadside settlement,Kisolire,0.364,0.364,0.031,0.469,0.89,0.04
kampala_bwera,626,313.25,roadside settlement,Kasaali B,0.357,0.357,0.023,0.458,0.458,0.03
kampala_bwera,627,313.75,roadside settlement,Central,0.5,0.5,0.167,0.6,0.6,0.171
kampala_bwera,628,314.25,roadside settlement,Central,0.49,0.49,0.157,0.63,0.63,0.202
kampala_bwera,629,314.75,roadside settlement,Kibiito,0.5,0.5,0.167,0.613,0.613,0.184
kampala_bwera,630,315.25,roadside settlement,Kibiito,0.384,0.384,0.051,0.494,0.494,0.066
kampala_bwera,631,315.75,roadside settlement,Nkimbiri,0.5,0.5,0.167,0.6,0.6,0.171
kampala_bwera,632,316.25,roadside settlement,Nkimbiri,0.5,0.5,0.167,0.6,0.813,0.171
kampala_bwera,633,316.75,roadside settlement,Nkimbiri,0.392,0.392,0.058,0.504,0.719,0.075
kampala_bwera,634,317.25,roadside settlement,Maligo,0.378,0.378,0.044,0.485,0.842,0.057
kampala_bwera,635,317.75,roadside settlement,Kabale,0.513,0.513,0.18,0.66,0.66,0.231
kampala_bwera,636,318.25,roadside settlement,Kabale,0.411,0.411,0.078,0.528,0.528,0.1
kampala_bwera,637,318.75,roadside settlement,Kangoma,0.353,0.353,0.019,0.453,0.584,0.025
kampala_bwera,638,319.25,roadside settlement,Kangoma,0.376,0.376,0.043,0.484,0.546,0.055
kampala_bwera,639,319.75,roadside settlement,Kasunganyanja,0.349,0.349,0.016,0.449,0.673,0.021
kampala_bwera,640,320.25,roadside settlement,Kasunganyanja,0.5,0.5,0.167,0.6,0.6,0.171
kampala_bwera,641,320.75,roadside settlement,Kasunganyanja,0.5,0.5,0.167,0.6,0.6,0.171
kampala_bwera,642,321.25,roadside settlement,Kasunganyanja,0.5,0.5,0.167,0.6,0.981,0.171
kampala_bwera,643,321.75,roadside settlement,Kasunganyanja,0.461,0.461,0.128,0.593,1.217,0.164
kampala_bwera,644,322.25,roadside settlement,Kasunganyanja,0.535,0.535,0.202,0.688,0.903,0.26
kampala_bwera,645,322.75,roadside settlement,Kasunganyanja,0.412,0.412,0.079,0.53,0.861,0.101
kampala_bwera,646,323.25,roadside settlement,Rweihara,0.376,0.376,0.042,0.483,0.91,0.054
kampala_bwera,647,323.75,roadside settlement,Kaburaisoke North,0.35,0.35,0.017,0.45,0.45,0.022
kampala_bwera,648,324.25,roadside settlement,Kaburaisoke North,0.367,0.367,0.034,0.472,0.715,0.044
kampala_bwera,649,324.75,roadside settlement,Kaburaisoke North,0.383,0.383,0.05,0.492,0.492,0.064
kampala_bwera,650,325.25,roadside settlement,Kaburaisoke,0.411,0.411,0.078,0.528,0.829,0.1
kampala_bwera,651,325.75,roadside settlement,Kaburaisoke,0.382,0.382,0.048,0.491,0.891,0.062
kampala_bwera,652,326.25,roadside settlement,Kyeibumba,0.405,0.405,0.072,0.521,0.521,0.093
kampala_bwera,653,326.75,roadside settlement,Rwimi Centre A,0.513,0.513,0.18,0.659,0.659,0.231
kampala_bwera,654,327.25,roadside settlement,Rwimi,0.546,0.546,0.212,0.701,0.701,0.273
kampala_bwera,655,327.75,roadside settlement,Rwimi Centre B,0.381,0.381,0.048,0.49,0.864,0.061
kampala_bwera,656,328.25,roadside settlement,Rwimi Centre B,0.353,0.353,0.019,0.454,0.807,0.025
kampala_bwera,657,328.75,roadside settlement,Gatyanga I,0.531,0.531,0.198,1.169,0.659,0.74
kampala_bwera,658,329.25,roadside settlement,Gatyanga I,0.405,0.405,0.072,0.657,0.521,0.228
kampala_bwera,659,329.75,roadside settlement,Rwesande,0.442,0.442,0.108,0.568,0.658,0.139
kampala_bwera,660,330.25,roadside settlement,Rwesande,0.529,0.529,0.195,0.68,0.68,0.251
kampala_bwera,661,330.75,roadside settlement,Rwesande,0.629,0.629,0.296,0.785,0.785,0.356
kampala_bwera,662,331.25,roadside settlement,Rwesande,0.537,0.537,0.204,0.667,0.689,0.238
kampala_bwera,663,331.75,roadside settlement,Rwesande,0.434,0.434,0.1,0.557,0.557,0.129
kampala_bwera,664,332.25,roadside settlement,Rwesande,0.363,0.363,0.03,0.467,0.467,0.038
kampala_bwera,665,332.75,open road,,0.338,0.338,0.005,0.435,0.435,0.007
kampala_bwera,666,333.25,roadside settlement,,0.364,0.364,0.03,0.467,0.467,0.039
kampala_bwera,667,333.75,roadside settlement,,0.355,0.355,0.022,0.692,0.456,0.264
kampala_bwera,668,334.25,roadside settlement,,0.37,0.37,0.037,0.476,0.882,0.048
kampala_bwera,669,334.75,roadside settlement,Lower Kendahi,0.355,0.355,0.021,0.699,0.456,0.27
kampala_bwera,670,335.25,open road,Lower Kendahi,0.342,0.342,0.009,0.44,0.659,0.012
kampala_bwera,671,335.75,open road,Lower Kendahi,0.342,0.342,0.009,0.44,0.697,0.011
kampala_bwera,672,336.25,roadside settlement,Lower Kendahi,0.384,0.384,0.05,0.493,0.493,0.065
kampala_bwera,673,336.75,roadside settlement,Lower Kendahi,0.645,0.645,0.312,0.782,0.782,0.353
kampala_bwera,674,337.25,roadside settlement,Kikonzo,0.683,0.683,0.349,0.83,0.941,0.401
kampala_bwera,675,337.75,roadside settlement,Hima,0.554,0.554,0.221,0.689,1.006,0.26
kampala_bwera,676,338.25,roadside settlement,Market Square,0.647,0.647,0.313,0.784,0.784,0.355
kampala_bwera,677,338.75,roadside settlement,Market Square,0.617,0.617,0.284,0.745,0.745,0.317
kampala_bwera,678,339.25,roadside settlement,Kinyamwenge,0.392,0.392,0.059,0.504,0.504,0.076
kampala_bwera,679,339.75,roadside settlement,Kinyamwenge,0.381,0.381,0.048,0.762,0.49,0.333
kampala_bwera,680,340.25,open road,Kinyamwenge,0.35,0.35,0.016,0.652,0.45,0.224
kampala_bwera,681,340.75,open road,Karungibate Upper,0.352,0.352,0.019,0.673,0.453,0.244
kampala_bwera,682,341.25,open road,Karungibate Upper,0.35,0.35,0.017,0.45,0.556,0.021
kampala_bwera,683,341.75,open road,Karungibate Upper,0.338,0.338,0.005,0.435,0.435,0.007
kampala_bwera,684,342.25,open road,Karungibate Upper,0.338,0.338,0.005,0.435,0.435,0.007
kampala_bwera,685,342.75,open road,Karungibate Upper,0.34,0.34,0.006,0.437,0.437,0.008
kampala_bwera,686,343.25,open road,Karungibate Upper,0.361,0.361,0.027,0.798,0.464,0.37
kampala_bwera,687,343.75,open road,,0.338,0.338,0.005,0.65,0.435,0.222
kampala_bwera,688,344.25,open road,Mubuku,0.339,0.339,0.005,0.717,0.436,0.288
kampala_bwera,689,344.75,open road,Mubuku,0.338,0.338,0.005,0.505,0.435,0.076
kampala_bwera,690,345.25,roadside settlement,Mubuku,0.347,0.347,0.014,0.504,0.447,0.075
kampala_bwera,691,345.75,roadside settlement,Mubuku,0.486,0.486,0.152,0.624,0.624,0.196
kampala_bwera,692,346.25,roadside settlement,Mubuku,0.484,0.484,0.151,0.622,0.622,0.194
kampala_bwera,693,346.75,roadside settlement,Mubuku,0.362,0.362,0.029,0.466,0.466,0.037
kampala_bwera,694,347.25,roadside settlement,Kabukelo West,0.649,0.649,0.315,0.763,0.763,0.334
kampala_bwera,695,347.75,roadside settlement,Kabukelo West,0.432,0.432,0.099,0.556,0.569,0.127
kampala_bwera,696,348.25,roadside settlement,Kabukelo West,0.427,0.427,0.094,0.549,0.575,0.121
kampala_bwera,697,348.75,roadside settlement,Kabukelo West,0.403,0.403,0.069,0.518,0.535,0.089
kampala_bwera,698,349.25,roadside settlement,Kabukelo West,0.388,0.388,0.054,0.498,0.498,0.07
kampala_bwera,699,349.75,roadside settlement,,0.448,0.448,0.114,0.575,0.575,0.147
kampala_bwera,700,350.25,roadside settlement,,0.506,0.506,0.172,0.65,0.65,0.221
kampala_bwera,701,350.75,roadside settlement,,0.395,0.395,0.061,0.507,0.625,0.079
kampala_bwera,702,351.25,roadside settlement,,0.43,0.43,0.097,0.553,0.62,0.125
kampala_bwera,703,351.75,roadside settlement,Rukoki,0.462,0.462,0.129,0.594,0.626,0.166
kampala_bwera,704,352.25,roadside settlement,Rukoki,0.454,0.454,0.121,0.584,0.657,0.156
kampala_bwera,705,352.75,roadside settlement,Rukoki,0.448,0.448,0.114,0.575,0.62,0.147
kampala_bwera,706,353.25,roadside settlement,Rukoki,0.431,0.431,0.098,0.554,0.558,0.125
kampala_bwera,707,353.75,roadside settlement,Rukoki,0.412,0.412,0.079,0.53,0.53,0.102
kampala_bwera,708,354.25,roadside settlement,Rukoki,0.446,0.446,0.112,0.573,0.573,0.144
kampala_bwera,709,354.75,roadside settlement,Nyakasanga Lower,0.38,0.38,0.047,0.489,0.489,0.06
kampala_bwera,710,355.25,roadside settlement,Nyakasanga Lower,0.392,0.392,0.059,0.504,0.504,0.075
kampala_bwera,711,355.75,roadside settlement,Nyakasanga Lower,0.474,0.474,0.141,0.61,0.61,0.181
kampala_bwera,712,356.25,roadside settlement,Nyakasanga Lower,0.451,0.451,0.118,0.58,0.58,0.151
kampala_bwera,713,356.75,town,Kikonzo,0.733,0.733,0.4,0.817,0.817,0.389
kampala_bwera,714,357.25,town,Kasese,0.733,0.733,0.4,0.814,0.814,0.385
kampala_bwera,715,357.75,town,Kasese,0.817,0.817,0.483,0.91,0.91,0.482
kampala_bwera,716,358.25,town,Nyakatonzi,0.733,0.733,0.4,0.8,0.8,0.371
kampala_bwera,717,358.75,roadside settlement,Kilembe Quarters,0.412,0.412,0.079,0.53,0.53,0.101
kampala_bwera,718,359.25,roadside settlement,Industrial Zone,0.375,0.375,0.042,0.482,0.482,0.054
kampala_bwera,719,359.75,roadside settlement,Kamaiba Main,0.383,0.383,0.049,0.492,0.492,0.064
kampala_bwera,720,360.25,roadside settlement,Kamaiba Main,0.493,0.493,0.159,0.595,0.604,0.167
kampala_bwera,721,360.75,roadside settlement,Kamaiba Main,0.356,0.356,0.023,0.458,0.458,0.029
kampala_bwera,722,361.25,open road,Kamaiba Main,0.338,0.338,0.005,0.581,0.435,0.152
kampala_bwera,723,361.75,open road,Kamaiba Main,0.338,0.338,0.005,0.54,0.435,0.111
kampala_bwera,724,362.25,open road,Kirembe II,0.333,0.333,0.0,0.429,0.521,0.0
kampala_bwera,725,362.75,open road,Kirembe II,0.338,0.338,0.005,0.435,0.55,0.007
kampala_bwera,726,363.25,open road,Kirembe II,0.344,0.344,0.011,0.442,0.594,0.014
kampala_bwera,727,363.75,open road,Kirembe II,0.333,0.333,0.0,0.429,0.429,0.0
kampala_bwera,728,364.25,open road,Kirembe II,0.338,0.338,0.005,0.464,0.435,0.035
kampala_bwera,729,364.75,open road,Kirembe II,0.355,0.355,0.022,0.457,0.457,0.028
kampala_bwera,730,365.25,open road,Kirembe II,0.344,0.344,0.01,0.442,0.442,0.013
kampala_bwera,731,365.75,open road,Kirembe II,0.338,0.338,0.005,0.435,0.435,0.007
kampala_bwera,732,366.25,open road,Muhokya,0.344,0.344,0.01,0.442,0.442,0.013
kampala_bwera,733,366.75,open road,Muhokya,0.338,0.338,0.005,0.435,0.435,0.007
kampala_bwera,734,367.25,open road,Muhokya,0.333,0.333,0.0,0.429,0.429,0.0
kampala_bwera,735,367.75,roadside settlement,Muhokya,0.367,0.367,0.034,0.472,0.472,0.044
kampala_bwera,736,368.25,roadside settlement,Muhokya,0.731,0.731,0.398,0.869,0.869,0.44
kampala_bwera,737,368.75,roadside settlement,Muhokya,0.432,0.432,0.099,0.532,0.67,0.103
kampala_bwera,738,369.25,open road,Muhokya,0.344,0.344,0.01,0.442,0.442,0.013
kampala_bwera,739,369.75,open road,Muhokya,0.333,0.333,0.0,0.429,0.429,0.0
kampala_bwera,740,370.25,open road,,0.338,0.338,0.005,0.435,0.435,0.007
kampala_bwera,741,370.75,open road,,0.344,0.344,0.011,0.443,0.443,0.014
kampala_bwera,742,371.25,open road,,0.339,0.339,0.006,0.436,0.436,0.008
kampala_bwera,743,371.75,open road,,0.338,0.338,0.005,0.435,0.435,0.007
kampala_bwera,744,372.25,open road,,0.344,0.344,0.01,0.442,0.457,0.013
kampala_bwera,745,372.75,open road,,0.334,0.334,0.0,0.429,0.429,0.001
kampala_bwera,746,373.25,open road,,0.333,0.333,0.0,0.429,0.512,0.0
kampala_bwera,747,373.75,open road,,0.344,0.344,0.01,0.442,0.565,0.013
kampala_bwera,748,374.25,open road,,0.338,0.338,0.005,0.435,0.435,0.007
kampala_bwera,749,374.75,open road,,0.333,0.333,0.0,0.429,0.429,0.0
kampala_bwera,750,375.25,open road,,0.333,0.333,0.0,0.475,0.429,0.046
kampala_bwera,751,375.75,open road,,0.344,0.344,0.011,0.483,0.442,0.055
kampala_bwera,752,376.25,open road,,0.333,0.333,0.0,0.429,0.429,0.0
kampala_bwera,753,376.75,open road,,0.338,0.338,0.005,0.514,0.435,0.086
kampala_bwera,754,377.25,open road,,0.338,0.338,0.005,0.435,0.435,0.007
kampala_bwera,755,377.75,open road,Kikorongo,0.338,0.338,0.005,0.435,0.435,0.007
kampala_bwera,756,378.25,open road,Kikorongo,0.334,0.334,0.0,0.429,0.429,0.001
kampala_bwera,757,378.75,open road,Kikorongo,0.339,0.339,0.005,0.436,0.436,0.007
kampala_bwera,758,379.25,roadside settlement,Kikorongo,0.365,0.365,0.032,0.47,0.47,0.041
kampala_bwera,759,379.75,town,Kikorongo,0.733,0.733,0.4,0.937,0.8,0.509
kampala_bwera,760,380.25,open road,Kikorongo,0.333,0.333,0.0,1.0,0.429,0.571
kampala_bwera,761,380.75,open road,Kikorongo,0.333,0.333,0.0,1.115,0.429,0.687
kampala_bwera,762,381.25,open road,Kikorongo,0.355,0.355,0.021,0.694,0.456,0.266
kampala_bwera,763,381.75,open road,Kikorongo,0.338,0.338,0.005,0.531,0.435,0.103
kampala_bwera,764,382.25,open road,Kikorongo,0.338,0.338,0.005,0.435,0.435,0.007
kampala_bwera,765,382.75,open road,,0.5,0.5,0.167,0.962,0.6,0.534
kampala_bwera,766,383.25,open road,,0.338,0.338,0.005,0.986,0.435,0.557
kampala_bwera,767,383.75,open road,,0.333,0.333,0.0,0.783,0.429,0.355
kampala_bwera,768,384.25,open road,,0.333,0.333,0.0,0.429,0.635,0.0
kampala_bwera,769,384.75,open road,,0.333,0.333,0.0,0.714,0.429,0.285
kampala_bwera,770,385.25,open road,,0.349,0.349,0.016,0.449,0.449,0.02
kampala_bwera,771,385.75,open road,,0.342,0.342,0.008,0.439,0.46,0.011
kampala_bwera,772,386.25,open road,,0.336,0.336,0.002,0.432,0.432,0.003
kampala_bwera,773,386.75,open road,,0.34,0.34,0.007,0.437,0.475,0.009
kampala_bwera,774,387.25,open road,,0.333,0.333,0.0,0.429,0.475,0.0
kampala_bwera,775,387.75,open road,,0.333,0.333,0.0,0.429,0.429,0.0
kampala_bwera,776,388.25,open road,,0.339,0.339,0.006,0.436,0.584,0.008
kampala_bwera,777,388.75,open road,,0.34,0.34,0.007,0.437,0.464,0.009
kampala_bwera,778,389.25,open road,,0.341,0.341,0.007,0.438,0.438,0.01
kampala_bwera,779,389.75,open road,,0.339,0.339,0.005,0.436,0.62,0.007
kampala_bwera,780,390.25,open road,,0.335,0.335,0.002,0.431,0.514,0.002
kampala_bwera,781,390.75,open road,Kiburara,0.334,0.334,0.001,0.43,0.453,0.001
kampala_bwera,782,391.25,open road,Kiburara,0.34,0.34,0.006,0.437,0.604,0.008
kampala_bwera,783,391.75,open road,Kiburara,0.351,0.351,0.017,0.451,0.617,0.022
kampala_bwera,784,392.25,town,Kiburara,0.733,0.733,0.4,0.883,0.883,0.454
kampala_bwera,785,392.75,roadside settlement,Kiburara,0.436,0.436,0.103,0.561,0.561,0.132
kampala_bwera,786,393.25,roadside settlement,Kiburara,0.355,0.355,0.021,0.456,0.456,0.027
kampala_bwera,787,393.75,roadside settlement,Kiburara,0.36,0.36,0.026,0.462,0.462,0.034
kampala_bwera,788,394.25,roadside settlement,Kiburara,0.358,0.358,0.024,0.46,0.46,0.031
kampala_bwera,789,394.75,roadside settlement,,0.384,0.384,0.051,0.494,0.494,0.065
kampala_bwera,790,395.25,roadside settlement,,0.342,0.342,0.009,0.44,0.525,0.012
kampala_bwera,791,395.75,roadside settlement,,0.398,0.398,0.064,0.511,0.511,0.083
kampala_bwera,792,396.25,roadside settlement,,0.354,0.354,0.02,0.455,0.455,0.026
kampala_bwera,793,396.75,roadside settlement,,0.36,0.36,0.027,0.463,0.463,0.034
kampala_bwera,794,397.25,roadside settlement,,0.362,0.362,0.029,0.466,0.466,0.037
kampala_bwera,795,397.75,roadside settlement,Omunkunyu,0.349,0.349,0.016,0.449,0.449,0.02
kampala_bwera,796,398.25,roadside settlement,Omunkunyu,0.351,0.351,0.018,0.452,0.452,0.023
kampala_bwera,797,398.75,roadside settlement,Omunkunyu,0.373,0.373,0.04,0.48,0.48,0.051
kampala_bwera,798,399.25,roadside settlement,Omunkunyu,0.468,0.468,0.135,0.602,0.602,0.173
kampala_bwera,799,399.75,roadside settlement,Omunkunyu,0.382,0.382,0.049,0.491,0.491,0.062
kampala_bwera,800,400.25,roadside settlement,Omunkunyu,0.369,0.369,0.035,0.474,0.474,0.045
kampala_bwera,801,400.75,roadside settlement,Omunkunyu,0.359,0.359,0.026,0.461,0.461,0.033
kampala_bwera,802,401.25,roadside settlement,Omunkunyu,0.398,0.398,0.065,0.512,0.512,0.083
kampala_bwera,803,401.75,roadside settlement,,0.426,0.426,0.092,0.547,0.547,0.119
kampala_bwera,804,402.25,roadside settlement,,0.366,0.366,0.032,0.47,0.48,0.042
kampala_bwera,805,402.75,roadside settlement,,0.354,0.354,0.02,0.462,0.455,0.033
kampala_bwera,806,403.25,open road,,0.342,0.342,0.009,0.44,0.645,0.011
kampala_bwera,807,403.75,open road,,0.342,0.342,0.009,0.44,0.542,0.012
kampala_bwera,808,404.25,roadside settlement,,0.367,0.367,0.034,0.472,0.472,0.043
kampala_bwera,809,404.75,open road,Katojo,0.34,0.34,0.007,0.437,0.516,0.009
kampala_bwera,810,405.25,open road,Katojo,0.341,0.341,0.008,0.439,0.508,0.01
kampala_bwera,811,405.75,open road,Katojo,0.344,0.344,0.011,0.443,0.443,0.014
kampala_bwera,812,406.25,roadside settlement,Katojo,0.365,0.365,0.032,0.47,0.47,0.041
kampala_bwera,813,406.75,roadside settlement,Katojo,0.353,0.353,0.02,0.454,0.454,0.026
kampala_bwera,814,407.25,open road,Katojo,0.335,0.335,0.002,0.471,0.431,0.043
kampala_bwera,815,407.75,open road,Katojo,0.338,0.338,0.005,0.673,0.435,0.244
kampala_bwera,816,408.25,open road,Harukungu B,0.334,0.334,0.0,1.01,0.429,0.582
kampala_bwera,817,408.75,roadside settlement,Harukungu B,0.346,0.346,0.013,0.784,0.445,0.356
kampala_bwera,818,409.25,roadside settlement,Harukungu B,0.354,0.354,0.021,0.566,0.456,0.137
kampala_bwera,819,409.75,roadside settlement,Harukungu,0.434,0.434,0.101,0.647,0.558,0.219
kampala_bwera,820,410.25,roadside settlement,Kyempara I,0.422,0.422,0.089,0.543,0.543,0.115
kampala_bwera,821,410.75,roadside settlement,Kyempara I,0.408,0.408,0.074,0.524,0.524,0.095
kampala_bwera,822,411.25,roadside settlement,Kyempara I,0.395,0.395,0.062,0.697,0.508,0.269
kampala_bwera,823,411.75,roadside settlement,Kyanduli II,0.439,0.439,0.106,0.565,0.565,0.136
kampala_bwera,824,412.25,roadside settlement,Nyabutundu,0.522,0.522,0.189,0.671,0.671,0.243
kampala_bwera,825,412.75,roadside settlement,Bwera,0.564,0.564,0.23,0.725,0.725,0.296
kampala_bwera,826,413.25,roadside settlement,Bwera,0.457,0.457,0.123,0.587,0.587,0.159
kampala_bwera,827,413.75,roadside settlement,Karughe,0.411,0.411,0.077,0.528,0.528,0.1
kampala_bwera,828,414.25,roadside settlement,Karughe,0.42,0.42,0.086,0.539,0.581,0.111
kampala_bwera,829,414.75,roadside settlement,Nyabugando,0.523,0.523,0.19,0.673,0.673,0.244
kampala_bwera,830,415.25,roadside settlement,Nyabugando,0.509,0.509,0.175,0.654,0.654,0.226
kampala_bwera,831,415.75,roadside settlement,Kyandobokerya,0.414,0.414,0.081,0.533,0.66,0.104
kampala_bwera,832,416.25,roadside settlement,Mpondwe,0.467,0.467,0.133,0.6,0.6,0.172
kampala_bwera,833,416.75,roadside settlement,Mpondwe,0.554,0.554,0.221,0.713,0.713,0.284
kampala_bwera,834,417.25,roadside settlement,Mpondwe,0.897,0.897,0.564,2.725,2.725,2.296
kampala_bwera,835,417.6664459224058,roadside settlement,Mpondwe,0.5,0.5,0.167,0.6,0.824,0.171
kampala_elegu,0,0.25,town,Bishop-mukwaya,0.737,0.737,0.403,0.976,0.976,0.547
kampala_elegu,1,0.75,town,Katale,1.237,1.237,0.903,1.476,1.476,1.047
kampala_elegu,2,1.25,town,Kiyindi,0.737,0.737,0.403,0.976,0.976,0.547
kampala_elegu,3,1.75,town,Kazo,0.82,0.82,0.487,1.059,1.059,0.63
kampala_elegu,4,2.25,town,Ketifalawo,0.737,0.737,0.403,0.976,0.976,0.547
kampala_elegu,5,2.75,town,Kalule,0.733,0.733,0.4,0.925,0.925,0.496
kampala_elegu,6,3.25,town,Corner,0.733,0.733,0.4,0.962,0.962,0.534
kampala_elegu,7,3.75,town,Kisowera,0.737,0.737,0.403,0.976,0.976,0.547
kampala_elegu,8,4.25,town,Ssebaggala,0.737,0.737,0.403,0.976,0.976,0.547
kampala_elegu,9,4.75,town,Kawempe B,0.733,0.733,0.4,0.925,0.925,0.496
kampala_elegu,10,5.25,town,Kawempe B,0.737,0.737,0.403,0.976,0.976,0.547
kampala_elegu,11,5.75,town,Maganjo B,0.733,0.733,0.4,0.925,0.925,0.496
kampala_elegu,12,6.25,town,Maganjo A,0.733,0.733,0.4,0.913,0.913,0.484
kampala_elegu,13,6.75,town,Kagoma,0.733,0.733,0.4,0.949,0.949,0.521
kampala_elegu,14,7.25,town,Kagoma,0.733,0.733,0.4,0.913,1.275,0.484
kampala_elegu,15,7.75,town,Kagoma,0.733,0.733,0.4,0.8,0.8,0.371
kampala_elegu,16,8.25,town,Kawanda,0.733,0.733,0.4,0.813,0.813,0.384
kampala_elegu,17,8.75,town,Kawanda,0.737,0.737,0.403,0.976,0.976,0.547
kampala_elegu,18,9.25,town,Kawanda,0.733,0.733,0.4,0.839,0.839,0.411
kampala_elegu,19,9.75,roadside settlement,Kaayi,0.393,0.393,0.059,0.505,0.505,0.076
kampala_elegu,20,10.25,town,Kaayi,0.733,0.733,0.4,0.8,0.8,0.371
kampala_elegu,21,10.75,roadside settlement,Wattuba,0.399,0.399,0.066,0.513,0.513,0.084
kampala_elegu,22,11.25,roadside settlement,Wattuba,0.422,0.422,0.089,0.543,0.543,0.115
kampala_elegu,23,11.75,roadside settlement,Katalemwa,0.404,0.404,0.071,0.52,0.52,0.091
kampala_elegu,24,12.25,roadside settlement,Katalemwa,0.425,0.425,0.092,0.547,0.547,0.118
kampala_elegu,25,12.75,town,Kabonza,0.737,0.737,0.403,0.976,0.976,0.547
kampala_elegu,26,13.25,town,Kabonza,0.737,0.737,0.403,0.976,0.976,0.547
kampala_elegu,27,13.75,town,Lwadda B,0.733,0.733,0.4,0.937,0.937,0.508
kampala_elegu,28,14.25,town,Matugga,0.733,0.733,0.4,0.937,0.937,0.508
kampala_elegu,29,14.75,town,Matugga,0.733,0.733,0.4,0.949,0.949,0.521
kampala_elegu,30,15.25,town,Mabanda,0.733,0.733,0.4,0.949,0.949,0.521
kampala_elegu,31,15.75,town,Mabanda,0.733,0.733,0.4,0.89,1.036,0.462
kampala_elegu,32,16.25,roadside settlement,Mabanda,0.395,0.395,0.062,0.582,0.508,0.153
kampala_elegu,33,16.75,roadside settlement,Buwuzuume,0.351,0.351,0.017,0.481,0.451,0.053
kampala_elegu,34,17.25,roadside settlement,Kiryamuli,0.37,0.37,0.037,0.476,0.476,0.047
kampala_elegu,35,17.75,roadside settlement,Kiryamuli,0.356,0.356,0.023,0.458,0.458,0.029
kampala_elegu,36,18.25,roadside settlement,Kungu,0.373,0.373,0.039,0.479,0.479,0.05
kampala_elegu,37,18.75,town,Kungu,0.733,0.733,0.4,0.8,0.8,0.371
kampala_elegu,38,19.25,roadside settlement,Kigoogwa,0.418,0.418,0.084,0.614,0.537,0.185
kampala_elegu,39,19.75,roadside settlement,Kigoogwa,0.38,0.38,0.047,0.489,0.489,0.06
kampala_elegu,40,20.25,roadside settlement,Kigoogwa,0.529,0.529,0.195,0.68,0.68,0.251
kampala_elegu,41,20.75,roadside settlement,Kigoogwa,0.411,0.411,0.078,0.528,0.528,0.1
kampala_elegu,42,21.25,roadside settlement,Namakonkome,0.398,0.398,0.065,0.852,0.512,0.423
kampala_elegu,43,21.75,roadside settlement,Namakonkome,0.38,0.38,0.047,0.489,0.489,0.06
kampala_elegu,44,22.25,roadside settlement,Migadde,0.357,0.357,0.024,0.459,0.46,0.031
kampala_elegu,45,22.75,open road,Kakerenge,0.342,0.342,0.009,0.44,0.614,0.011
kampala_elegu,46,23.25,roadside settlement,Kakerenge,0.392,0.392,0.059,0.504,0.504,0.075
kampala_elegu,47,23.75,roadside settlement,Kakerenge,0.422,0.422,0.089,0.543,0.543,0.115
kampala_elegu,48,24.25,roadside settlement,Kakerenge,0.375,0.375,0.042,0.482,0.482,0.053
kampala_elegu,49,24.75,roadside settlement,Kakerenge,0.355,0.355,0.022,0.457,0.634,0.028
kampala_elegu,50,25.25,roadside settlement,Kakerenge,0.359,0.359,0.026,0.594,0.462,0.165
kampala_elegu,51,25.75,roadside settlement,,0.381,0.381,0.048,0.49,0.654,0.061
kampala_elegu,52,26.25,roadside settlement,,0.383,0.383,0.049,0.492,0.492,0.063
kampala_elegu,53,26.75,roadside settlement,Bombo,0.363,0.363,0.03,0.467,0.467,0.038
kampala_elegu,54,27.25,roadside settlement,Bombo,0.381,0.381,0.047,0.489,0.489,0.061
kampala_elegu,55,27.75,roadside settlement,Bombo,0.421,0.421,0.088,0.542,0.542,0.113
kampala_elegu,56,28.25,roadside settlement,Bombo,0.419,0.419,0.086,0.539,0.539,0.11
kampala_elegu,57,28.75,roadside settlement,Bombo,0.501,0.501,0.168,0.689,0.621,0.26
kampala_elegu,58,29.25,town,Bombo,0.733,0.733,0.4,0.901,0.901,0.473
kampala_elegu,59,29.75,town,Bombo,0.733,0.733,0.4,0.89,0.89,0.462
kampala_elegu,60,30.25,town,,0.733,0.733,0.4,0.807,0.807,0.379
kampala_elegu,61,30.75,roadside settlement,Nyimbwa,0.398,0.398,0.065,0.512,1.051,0.083
kampala_elegu,62,31.25,roadside settlement,Nyimbwa,0.355,0.355,0.022,0.633,0.457,0.205
kampala_elegu,63,31.75,roadside settlement,Nyimbwa,0.375,0.375,0.042,0.482,0.775,0.053
kampala_elegu,64,32.25,roadside settlement,Nyimbwa,0.364,0.364,0.031,0.469,0.86,0.04
kampala_elegu,65,32.75,roadside settlement,Nyimbwa,0.441,0.441,0.108,0.621,0.543,0.193
kampala_elegu,66,33.25,roadside settlement,Nyimbwa,0.55,0.55,0.217,0.778,0.66,0.35
kampala_elegu,67,33.75,roadside settlement,Nyimbwa,0.372,0.372,0.039,0.478,0.793,0.05
kampala_elegu,68,34.25,roadside settlement,Kalule,0.341,0.341,0.008,0.591,0.439,0.163
kampala_elegu,69,34.75,roadside settlement,Kalule,0.49,0.49,0.157,0.831,0.63,0.403
kampala_elegu,70,35.25,roadside settlement,Kalule,0.465,0.465,0.132,0.598,0.778,0.17
kampala_elegu,71,35.75,roadside settlement,Kalule,0.35,0.35,0.017,0.818,0.45,0.389
kampala_elegu,72,36.25,roadside settlement,Kalule,0.351,0.351,0.018,0.451,0.928,0.023
kampala_elegu,73,36.75,open road,Kalule,0.337,0.337,0.004,0.433,0.844,0.005
kampala_elegu,74,37.25,roadside settlement,,0.376,0.376,0.043,0.71,0.484,0.282
kampala_elegu,75,37.75,roadside settlement,,0.368,0.368,0.035,0.473,0.498,0.045
kampala_elegu,76,38.25,roadside settlement,Busuula,0.347,0.347,0.014,0.854,0.446,0.425
kampala_elegu,77,38.75,roadside settlement,Busuula,0.363,0.363,0.03,0.467,0.467,0.038
kampala_elegu,78,39.25,roadside settlement,Busuula,0.378,0.378,0.045,0.486,0.486,0.057
kampala_elegu,79,39.75,town,Busuula,0.733,0.733,0.4,0.925,0.925,0.496
kampala_elegu,80,40.25,town,Busuula,0.733,0.733,0.4,0.913,0.913,0.484
kampala_elegu,81,40.75,roadside settlement,Busuula,0.458,0.458,0.124,0.588,0.588,0.16
kampala_elegu,82,41.25,roadside settlement,Kikoma,0.411,0.411,0.078,0.528,0.528,0.1
kampala_elegu,83,41.75,roadside settlement,Kikoma,0.442,0.442,0.109,0.569,0.61,0.14
kampala_elegu,84,42.25,roadside settlement,Kikoma,0.389,0.389,0.056,0.519,0.5,0.09
kampala_elegu,85,42.75,roadside settlement,Kikoma,0.427,0.427,0.094,0.549,0.549,0.121
kampala_elegu,86,43.25,town,Kikoma,0.733,0.733,0.4,0.8,1.057,0.371
kampala_elegu,87,43.75,town,Wobulenzi,0.733,0.733,0.4,0.83,0.8,0.401
kampala_elegu,88,44.25,town,Wobulenzi,0.733,0.733,0.4,0.925,0.925,0.496
kampala_elegu,89,44.75,town,Wobulenzi,0.733,0.733,0.4,0.8,0.8,0.371
kampala_elegu,90,45.25,roadside settlement,Katikamu,0.41,0.41,0.076,0.611,0.527,0.182
kampala_elegu,91,45.75,roadside settlement,Katikamu,0.48,0.48,0.147,0.617,0.617,0.189
kampala_elegu,92,46.25,roadside settlement,Katikamu,0.488,0.488,0.155,0.628,0.73,0.199
kampala_elegu,93,46.75,roadside settlement,Katikamu,0.369,0.369,0.036,0.474,0.474,0.046
kampala_elegu,94,47.25,roadside settlement,Butanza,0.386,0.386,0.053,0.496,0.496,0.068
kampala_elegu,95,47.75,roadside settlement,Butanza,0.419,0.419,0.086,0.539,0.539,0.11
kampala_elegu,96,48.25,roadside settlement,Butanza,0.615,0.615,0.281,0.766,0.766,0.338
kampala_elegu,97,48.75,roadside settlement,Butanza,0.427,0.427,0.094,0.55,0.55,0.121
kampala_elegu,98,49.25,roadside settlement,Lukomera,0.367,0.367,0.033,0.472,0.53,0.043
kampala_elegu,99,49.75,roadside settlement,Lukomera,0.468,0.468,0.135,0.602,0.602,0.173
kampala_elegu,100,50.25,roadside settlement,Lukomera,0.582,0.582,0.249,0.725,0.725,0.296
kampala_elegu,101,50.75,roadside settlement,Lukomera,0.4,0.4,0.067,0.514,0.526,0.086
kampala_elegu,102,51.25,roadside settlement,Navulule,0.384,0.384,0.051,0.494,0.632,0.066
kampala_elegu,103,51.75,roadside settlement,Navulule,0.468,0.468,0.135,0.597,0.578,0.168
kampala_elegu,104,52.25,roadside settlement,Navulule,0.383,0.383,0.05,0.493,0.63,0.064
kampala_elegu,105,52.75,open road,Navulule,0.335,0.335,0.002,0.431,0.508,0.003
kampala_elegu,106,53.25,open road,Navulule,0.346,0.346,0.013,0.55,0.445,0.121
kampala_elegu,107,53.75,roadside settlement,Navulule,0.355,0.355,0.022,0.568,0.457,0.139
kampala_elegu,108,54.25,roadside settlement,,0.346,0.346,0.013,0.445,0.636,0.017
kampala_elegu,109,54.75,roadside settlement,,0.382,0.382,0.049,0.555,0.492,0.126
kampala_elegu,110,55.25,roadside settlement,Bukuma,0.501,0.501,0.168,0.621,0.621,0.192
kampala_elegu,111,55.75,roadside settlement,Bukuma,0.542,0.542,0.209,0.673,0.673,0.245
kampala_elegu,112,56.25,roadside settlement,Kasana,0.48,0.48,0.147,0.617,0.617,0.189
kampala_elegu,113,56.75,town,Kasana,0.9,0.9,0.567,1.068,1.068,0.64
kampala_elegu,114,57.25,town,Kasana,0.82,0.82,0.487,1.059,1.059,0.63
kampala_elegu,115,57.75,town,Kasana,0.737,0.737,0.403,0.976,0.976,0.547
kampala_elegu,116,58.25,town,Luweero,0.817,0.817,0.483,0.883,0.883,0.455
kampala_elegu,117,58.75,town,Luweero,0.733,0.733,0.4,0.809,0.809,0.38
kampala_elegu,118,59.25,town,Luweero,0.733,0.733,0.4,0.913,0.913,0.484
kampala_elegu,119,59.75,town,Kizito,0.733,0.733,0.4,0.913,0.913,0.484
kampala_elegu,120,60.25,roadside settlement,Kizito,0.443,0.443,0.11,0.569,0.617,0.141
kampala_elegu,121,60.75,roadside settlement,Kizito,0.435,0.435,0.102,0.536,0.536,0.107
kampala_elegu,122,61.25,roadside settlement,Kyevunze,0.385,0.385,0.052,10.496,10.496,10.067
kampala_elegu,123,61.75,roadside settlement,Kyevunze,0.352,0.352,0.018,0.452,0.452,0.023
kampala_elegu,124,62.25,roadside settlement,Kyevunze,0.376,0.376,0.042,0.558,0.483,0.13
kampala_elegu,125,62.75,roadside settlement,Kyevunze,0.388,0.388,0.054,0.498,0.498,0.07
kampala_elegu,126,63.25,roadside settlement,Kasaala,0.452,0.452,0.119,0.582,0.582,0.153
kampala_elegu,127,63.75,roadside settlement,Kasaala,0.382,0.382,0.049,0.491,0.491,0.063
kampala_elegu,128,64.25,roadside settlement,Kasaala,0.423,0.423,0.09,0.544,0.544,0.115
kampala_elegu,129,64.75,roadside settlement,Kasaala,0.383,0.383,0.05,0.493,0.493,0.064
kampala_elegu,130,65.25,roadside settlement,Kasaala,0.393,0.393,0.06,0.579,0.505,0.15
kampala_elegu,131,65.75,roadside settlement,,0.575,0.575,0.241,0.739,0.739,0.31
kampala_elegu,132,66.25,roadside settlement,,0.457,0.457,0.124,0.588,0.588,0.159
kampala_elegu,133,66.75,roadside settlement,,0.371,0.371,0.038,0.477,0.477,0.049
kampala_elegu,134,67.25,roadside settlement,Kakinzi,0.362,0.362,0.028,0.678,0.465,0.25
kampala_elegu,135,67.75,roadside settlement,Kakinzi,0.413,0.413,0.079,0.53,0.53,0.102
kampala_elegu,136,68.25,roadside settlement,Kakinzi,0.358,0.358,0.025,0.461,0.461,0.032
kampala_elegu,137,68.75,roadside settlement,Kakinzi,0.363,0.363,0.029,0.466,0.466,0.038
kampala_elegu,138,69.25,roadside settlement,Kakinzi,0.469,0.469,0.136,0.579,0.642,0.151
kampala_elegu,139,69.75,roadside settlement,Kakinzi,0.388,0.388,0.055,0.499,0.686,0.07
kampala_elegu,140,70.25,roadside settlement,Kakinzi,0.353,0.353,0.02,0.454,0.454,0.026
kampala_elegu,141,70.75,roadside settlement,Nalongo,0.442,0.442,0.108,0.544,0.544,0.116
kampala_elegu,142,71.25,roadside settlement,Nalongo,0.463,0.463,0.13,0.572,0.572,0.143
kampala_elegu,143,71.75,roadside settlement,Nalongo,0.529,0.529,0.195,0.68,0.68,0.251
kampala_elegu,144,72.25,roadside settlement,Nalongo,0.459,0.459,0.126,0.567,0.567,0.138
kampala_elegu,145,72.75,open road,Nalongo,0.333,0.333,0.0,0.429,0.429,0.0
kampala_elegu,146,73.25,roadside settlement,Nalongo,0.37,0.37,0.037,0.655,0.476,0.226
kampala_elegu,147,73.75,roadside settlement,Nalongo,0.371,0.371,0.038,0.477,0.477,0.048
kampala_elegu,148,74.25,roadside settlement,,0.362,0.362,0.029,0.466,0.466,0.037
kampala_elegu,149,74.75,roadside settlement,,0.403,0.403,0.069,0.518,0.518,0.089
kampala_elegu,150,75.25,roadside settlement,,0.397,0.397,0.063,0.51,0.51,0.082
kampala_elegu,151,75.75,roadside settlement,,0.362,0.362,0.029,0.466,0.527,0.037
kampala_elegu,152,76.25,open road,,0.338,0.338,0.004,0.434,0.51,0.006
kampala_elegu,153,76.75,roadside settlement,,0.345,0.345,0.012,0.575,0.444,0.147
kampala_elegu,154,77.25,roadside settlement,,0.363,0.363,0.03,0.467,0.467,0.038
kampala_elegu,155,77.75,roadside settlement,Namunkanga,0.343,0.343,0.01,0.441,0.598,0.012
kampala_elegu,156,78.25,open road,Namunkanga,0.339,0.339,0.006,0.436,0.436,0.007
kampala_elegu,157,78.75,open road,Namunkanga,0.333,0.333,0.0,0.429,0.429,0.0
kampala_elegu,158,79.25,open road,Namunkanga,0.333,0.333,0.0,0.429,0.429,0.0
kampala_elegu,159,79.75,open road,Namunkanga,0.333,0.333,0.0,0.429,0.429,0.0
kampala_elegu,160,80.25,open road,Namunkanga,0.339,0.339,0.005,0.436,0.436,0.007
kampala_elegu,161,80.75,open road,Namunsaala,0.337,0.337,0.004,0.455,0.433,0.027
kampala_elegu,162,81.25,roadside settlement,Namunsaala,0.34,0.34,0.006,0.437,0.447,0.008
kampala_elegu,163,81.75,roadside settlement,Kakooge,0.411,0.411,0.078,0.545,0.529,0.117
kampala_elegu,164,82.25,roadside settlement,Kakooge,0.43,0.43,0.096,0.552,0.552,0.124
kampala_elegu,165,82.75,town,Kakooge,0.733,0.733,0.4,0.89,0.89,0.462
kampala_elegu,166,83.25,roadside settlement,Haji Yasi,0.429,0.429,0.096,0.552,0.552,0.123
kampala_elegu,167,83.75,roadside settlement,Haji Yasi,0.433,0.433,0.1,0.533,0.533,0.105
kampala_elegu,168,84.25,roadside settlement,Nakaseeta-kalungi,0.433,0.433,0.099,0.533,0.591,0.104
kampala_elegu,169,84.75,open road,Nakaseeta-kalungi,0.339,0.339,0.005,0.436,0.445,0.007
kampala_elegu,170,85.25,open road,Kyabutaika,0.334,0.334,0.001,0.43,0.43,0.001
kampala_elegu,171,85.75,open road,Kyabutaika,0.34,0.34,0.006,0.437,0.437,0.008
kampala_elegu,172,86.25,roadside settlement,Kyabutaika,0.375,0.375,0.042,0.509,0.482,0.08
kampala_elegu,173,86.75,roadside settlement,Kyabutayika,0.351,0.351,0.018,0.451,0.451,0.023
kampala_elegu,174,87.25,open road,Kyabutayika,0.348,0.348,0.015,0.448,0.448,0.019
kampala_elegu,175,87.75,open road,Kyabutayika,0.337,0.337,0.004,0.434,0.434,0.005
kampala_elegu,176,88.25,open road,Kyampisi,0.346,0.346,0.013,0.595,0.445,0.166
kampala_elegu,177,88.75,open road,Kyampisi,0.338,0.338,0.005,0.435,0.435,0.006
kampala_elegu,178,89.25,open road,Kyampisi,0.333,0.333,0.0,0.429,0.688,0.0
kampala_elegu,179,89.75,open road,Bamusuuta,0.338,0.338,0.005,0.454,0.435,0.026
kampala_elegu,180,90.25,roadside settlement,Bamusuuta,0.354,0.354,0.021,0.552,0.455,0.123
kampala_elegu,181,90.75,roadside settlement,Bamusuuta,0.357,0.357,0.023,0.458,0.505,0.03
kampala_elegu,182,91.25,open road,Bamusuuta,0.333,0.333,0.0,0.429,0.429,0.0
kampala_elegu,183,91.75,open road,Kakira Fr,0.338,0.338,0.005,0.578,0.435,0.149
kampala_elegu,184,92.25,open road,Kakira Fr,0.333,0.333,0.0,0.431,0.429,0.002
kampala_elegu,185,92.75,open road,Kakira Fr,0.333,0.333,0.0,0.429,0.429,0.0
kampala_elegu,186,93.25,open road,Katuugo,0.338,0.338,0.005,0.435,0.635,0.007
kampala_elegu,187,93.75,roadside settlement,Katuugo,0.349,0.349,0.015,0.541,0.448,0.113
kampala_elegu,188,94.25,roadside settlement,Katuugo,0.57,0.57,0.237,0.71,0.71,0.281
kampala_elegu,189,94.75,roadside settlement,Katuugo,0.426,0.426,0.093,0.548,0.548,0.12
kampala_elegu,190,95.25,open road,Kaleire,0.341,0.341,0.008,0.439,0.481,0.01
kampala_elegu,191,95.75,open road,Kasanga,0.336,0.336,0.002,0.432,0.484,0.003
kampala_elegu,192,96.25,open road,Kasanga,0.335,0.335,0.002,0.494,0.431,0.065
kampala_elegu,193,96.75,open road,Kasanga,0.338,0.338,0.005,0.435,0.461,0.006
kampala_elegu,194,97.25,roadside settlement,Kasanga,0.345,0.345,0.012,0.529,0.444,0.101
kampala_elegu,195,97.75,roadside settlement,Kasanga,0.357,0.357,0.024,0.467,0.46,0.039
kampala_elegu,196,98.25,open road,Kasanga,0.343,0.343,0.009,0.44,0.44,0.012
kampala_elegu,197,98.75,roadside settlement,,0.362,0.362,0.029,0.466,0.483,0.037
kampala_elegu,198,99.25,roadside settlement,Kyaluweza,0.365,0.365,0.032,0.47,0.59,0.041
kampala_elegu,199,99.75,open road,Kyaluweza,0.333,0.333,0.0,0.429,0.429,0.0
kampala_elegu,200,100.25,open road,Kyaluweza,0.336,0.336,0.002,0.519,0.432,0.09
kampala_elegu,201,100.75,open road,Kyaluweza,0.34,0.34,0.007,0.445,0.438,0.016
kampala_elegu,202,101.25,open road,Kyaluweza,0.335,0.335,0.002,0.431,0.431,0.003
kampala_elegu,203,101.75,open road,Kyaluweza,0.335,0.335,0.002,0.431,0.431,0.002
kampala_elegu,204,102.25,open road,Kyaluweza,0.336,0.336,0.003,0.432,0.432,0.004
kampala_elegu,205,102.75,open road,Kyaluweza,0.335,0.335,0.002,0.496,0.431,0.068
kampala_elegu,206,103.25,open road,Wabigalo,0.341,0.341,0.008,0.439,0.54,0.01
kampala_elegu,207,103.75,open road,Wabigalo,0.341,0.341,0.007,0.67,0.438,0.241
kampala_elegu,208,104.25,open road,Wabigalo,0.348,0.348,0.014,0.525,0.447,0.096
kampala_elegu,209,104.75,roadside settlement,Wabigalo,0.558,0.558,0.224,1.503,1.545,1.074
kampala_elegu,210,105.25,roadside settlement,Wabigalo,0.54,0.54,0.207,1.48,1.658,1.052
kampala_elegu,211,105.75,open road,Wabigalo,0.333,0.333,0.0,0.464,0.429,0.035
kampala_elegu,212,106.25,open road,Namayonjo,0.338,0.338,0.004,0.485,0.434,0.057
kampala_elegu,213,106.75,open road,Namayonjo,0.336,0.336,0.003,0.432,0.539,0.004
kampala_elegu,214,107.25,open road,Namayonjo,0.333,0.333,0.0,0.429,0.429,0.0
kampala_elegu,215,107.75,open road,Namayonjo,0.343,0.343,0.009,0.486,0.441,0.058
kampala_elegu,216,108.25,open road,Namayonjo,0.338,0.338,0.005,0.648,0.435,0.22
kampala_elegu,217,108.75,open road,Kirembo,0.342,0.342,0.009,0.589,0.44,0.161
kampala_elegu,218,109.25,open road,Kirembo,0.335,0.335,0.001,0.43,0.43,0.002
kampala_elegu,219,109.75,open road,Kiwongoire,0.344,0.344,0.011,0.443,0.471,0.014
kampala_elegu,220,110.25,open road,Wabulime,0.337,0.337,0.004,0.433,0.433,0.005
kampala_elegu,221,110.75,open road,Wabulime,0.334,0.334,0.001,0.43,0.431,0.001
kampala_elegu,222,111.25,open road,Wabulime,0.334,0.334,0.001,0.43,0.477,0.001
kampala_elegu,223,111.75,open road,Kakondi,0.336,0.336,0.002,0.432,0.434,0.003
kampala_elegu,224,112.25,open road,Kakondi,0.352,0.352,0.019,0.488,0.453,0.059
kampala_elegu,225,112.75,open road,Kakondi,0.343,0.343,0.01,0.441,0.441,0.013
kampala_elegu,226,113.25,open road,Kakondi,0.341,0.341,0.008,0.439,0.505,0.01
kampala_elegu,227,113.75,open road,Sasira,0.338,0.338,0.005,0.742,0.435,0.314
kampala_elegu,228,114.25,roadside settlement,Sasira,0.38,0.38,0.047,0.573,0.489,0.145
kampala_elegu,229,114.75,roadside settlement,Sasira,0.404,0.404,0.071,0.52,0.52,0.091
kampala_elegu,230,115.25,open road,Sasira,0.345,0.345,0.012,0.443,0.525,0.015
kampala_elegu,231,115.75,open road,Sasira,0.437,0.437,0.104,0.538,0.644,0.11
kampala_elegu,232,116.25,open road,Sasira,0.336,0.336,0.002,0.432,0.58,0.003
kampala_elegu,233,116.75,open road,Sasira,0.334,0.334,0.0,0.429,0.429,0.001
kampala_elegu,234,117.25,open road,,0.335,0.335,0.001,0.557,0.43,0.129
kampala_elegu,235,117.75,open road,,0.336,0.336,0.002,0.651,0.432,0.223
kampala_elegu,236,118.25,open road,,0.346,0.346,0.013,0.445,0.445,0.016
kampala_elegu,237,118.75,open road,,0.335,0.335,0.002,0.431,0.704,0.003
kampala_elegu,238,119.25,open road,,0.334,0.334,0.001,0.43,0.545,0.001
kampala_elegu,239,119.75,open road,Namansa,0.335,0.335,0.001,0.43,0.481,0.002
kampala_elegu,240,120.25,open road,Namansa,0.335,0.335,0.002,0.431,0.431,0.002
kampala_elegu,241,120.75,open road,Namansa,0.336,0.336,0.002,0.445,0.432,0.016
kampala_elegu,242,121.25,roadside settlement,Namansa,0.546,0.546,0.213,1.507,1.488,1.078
kampala_elegu,243,121.75,roadside settlement,Namansa,0.393,0.393,0.059,0.505,0.505,0.076
kampala_elegu,244,122.25,roadside settlement,Namansa,0.353,0.353,0.02,0.454,0.454,0.025
kampala_elegu,245,122.75,open road,Namansa,0.333,0.333,0.0,0.429,0.478,0.0
kampala_elegu,246,123.25,open road,Namansa,0.336,0.336,0.003,0.432,0.432,0.004
kampala_elegu,247,123.75,open road,,0.336,0.336,0.003,0.432,0.519,0.004
kampala_elegu,248,124.25,open road,,0.338,0.338,0.005,0.475,0.435,0.046
kampala_elegu,249,124.75,open road,,0.333,0.333,0.0,0.441,0.429,0.013
kampala_elegu,250,125.25,open road,,0.333,0.333,0.0,0.429,0.461,0.0
kampala_elegu,251,125.75,open road,,0.333,0.333,0.0,0.429,0.429,0.0
kampala_elegu,252,126.25,open road,,0.333,0.333,0.0,0.429,0.429,0.0
kampala_elegu,253,126.75,open road,,0.334,0.334,0.0,0.429,0.429,0.001
kampala_elegu,254,127.25,open road,,0.334,0.334,0.0,0.429,0.5,0.001
kampala_elegu,255,127.75,open road,,0.333,0.333,0.0,0.429,0.429,0.0
kampala_elegu,256,128.25,open road,,0.333,0.333,0.0,0.429,0.429,0.0
kampala_elegu,257,128.75,open road,,0.334,0.334,0.0,0.525,0.429,0.096
kampala_elegu,258,129.25,open road,,0.344,0.344,0.011,0.442,0.442,0.014
kampala_elegu,259,129.75,open road,,0.337,0.337,0.004,0.433,0.452,0.005
kampala_elegu,260,130.25,roadside settlement,,0.398,0.398,0.064,0.511,0.559,0.083
kampala_elegu,261,130.75,roadside settlement,,0.344,0.344,0.01,0.442,0.442,0.013
kampala_elegu,262,131.25,open road,,0.336,0.336,0.003,0.617,0.433,0.189
kampala_elegu,263,131.75,open road,,0.333,0.333,0.0,0.464,0.429,0.035
kampala_elegu,264,132.25,open road,,0.34,0.34,0.007,0.438,0.526,0.009
kampala_elegu,265,132.75,open road,,0.345,0.345,0.012,0.443,0.443,0.015
kampala_elegu,266,133.25,open road,Kyakala,0.344,0.344,0.011,0.443,0.443,0.014
kampala_elegu,267,133.75,roadside settlement,Kyakala,0.355,0.355,0.021,0.456,0.501,0.027
kampala_elegu,268,134.25,roadside settlement,Migyera,0.406,0.406,0.072,0.562,0.522,0.134
kampala_elegu,269,134.75,roadside settlement,Migyera,0.704,0.704,0.37,1.69,1.69,1.262
kampala_elegu,270,135.25,town,Migyera,0.733,0.733,0.4,0.901,0.901,0.473
kampala_elegu,271,135.75,roadside settlement,Migyera,0.444,0.444,0.111,0.571,0.571,0.143
kampala_elegu,272,136.25,roadside settlement,Migyera,0.364,0.364,0.031,0.469,0.659,0.04
kampala_elegu,273,136.75,open road,Migyera,0.337,0.337,0.004,0.433,0.433,0.005
kampala_elegu,274,137.25,open road,Migyera,0.336,0.336,0.002,0.432,0.432,0.003
kampala_elegu,275,137.75,open road,,0.34,0.34,0.006,0.47,0.437,0.042
kampala_elegu,276,138.25,open road,,0.333,0.333,0.0,0.429,0.429,0.0
kampala_elegu,277,138.75,open road,,0.333,0.333,0.0,0.429,0.429,0.0
kampala_elegu,278,139.25,open road,,0.333,0.333,0.0,0.429,0.429,0.0
kampala_elegu,279,139.75,open road,,0.333,0.333,0.0,0.621,0.429,0.193
kampala_elegu,280,140.25,open road,,0.339,0.339,0.005,0.436,0.436,0.007
kampala_elegu,281,140.75,open road,Kyamukonda,0.333,0.333,0.0,0.429,0.429,0.0
kampala_elegu,282,141.25,open road,Kyamukonda,0.333,0.333,0.0,0.429,0.438,0.0
kampala_elegu,283,141.75,open road,Kyamukonda,0.338,0.338,0.005,0.435,0.435,0.007
kampala_elegu,284,142.25,roadside settlement,Kyamukonda,0.394,0.394,0.061,0.507,0.507,0.078
kampala_elegu,285,142.75,roadside settlement,Kyamukonda,0.4,0.4,0.067,0.514,0.514,0.086
kampala_elegu,286,143.25,roadside settlement,Kyamukonda,0.343,0.343,0.01,0.441,0.441,0.013
kampala_elegu,287,143.75,open road,Kyamukonda,0.342,0.342,0.009,0.44,0.44,0.011
kampala_elegu,288,144.25,open road,Kyamukonda,0.334,0.334,0.0,0.429,0.429,0.001
kampala_elegu,289,144.75,open road,,0.333,0.333,0.0,0.429,0.429,0.0
kampala_elegu,290,145.25,open road,,0.333,0.333,0.0,0.429,0.429,0.0
kampala_elegu,291,145.75,open road,,0.333,0.333,0.0,0.429,0.429,0.0
kampala_elegu,292,146.25,open road,,0.339,0.339,0.005,0.436,0.436,0.007
kampala_elegu,293,146.75,open road,,0.333,0.333,0.0,0.429,0.429,0.0
kampala_elegu,294,147.25,open road,Lwambogo,0.334,0.334,0.001,0.466,0.43,0.037
kampala_elegu,295,147.75,open road,Lwambogo,0.35,0.35,0.017,0.566,0.45,0.137
kampala_elegu,296,148.25,open road,Lwambogo,0.334,0.334,0.001,0.43,0.43,0.001
kampala_elegu,297,148.75,open road,Lwambogo,0.335,0.335,0.002,0.431,0.499,0.003
kampala_elegu,298,149.25,open road,Lwambogo,0.333,0.333,0.0,0.429,0.429,0.0
kampala_elegu,299,149.75,open road,Lwambogo,0.337,0.337,0.004,0.434,0.434,0.005
kampala_elegu,300,150.25,open road,Lwambogo,0.337,0.337,0.004,0.434,0.434,0.005
kampala_elegu,301,150.75,open road,,0.333,0.333,0.0,0.429,0.429,0.0
kampala_elegu,302,151.25,open road,,0.333,0.333,0.0,0.429,0.429,0.0
kampala_elegu,303,151.75,open road,,0.333,0.333,0.0,0.429,0.429,0.0
kampala_elegu,304,152.25,open road,,0.333,0.333,0.0,0.429,0.429,0.0
kampala_elegu,305,152.75,open road,,0.334,0.334,0.001,0.43,0.43,0.001
kampala_elegu,306,153.25,open road,,0.334,0.334,0.001,0.453,0.43,0.025
kampala_elegu,307,153.75,open road,,0.338,0.338,0.005,0.435,0.435,0.007
kampala_elegu,308,154.25,open road,,0.342,0.342,0.008,0.439,0.439,0.011
kampala_elegu,309,154.75,roadside settlement,,0.364,0.364,0.031,0.468,0.496,0.039
kampala_elegu,310,155.25,open road,,0.339,0.339,0.006,0.436,0.436,0.007
kampala_elegu,311,155.75,open road,,0.338,0.338,0.004,0.434,0.434,0.006
kampala_elegu,312,156.25,open road,,0.337,0.337,0.004,0.433,0.433,0.005
kampala_elegu,313,156.75,open road,Nakitoma,0.339,0.339,0.006,0.436,0.57,0.008
kampala_elegu,314,157.25,open road,Nakitoma,0.344,0.344,0.011,0.661,0.442,0.232
kampala_elegu,315,157.75,roadside settlement,Nakitoma,0.377,0.377,0.043,0.507,0.484,0.078
kampala_elegu,316,158.25,roadside settlement,Nakitoma,0.454,0.454,0.121,0.584,0.584,0.155
kampala_elegu,317,158.75,roadside settlement,Nakitoma,0.369,0.369,0.035,0.474,0.609,0.045
kampala_elegu,318,159.25,roadside settlement,Nakitoma,0.347,0.347,0.014,0.45,0.447,0.021
kampala_elegu,319,159.75,open road,Nakitoma,0.342,0.342,0.009,0.44,0.44,0.011
kampala_elegu,320,160.25,open road,Bujabe,0.342,0.342,0.009,0.44,0.44,0.012
kampala_elegu,321,160.75,open road,Bujabe,0.347,0.347,0.014,0.447,0.614,0.018
kampala_elegu,322,161.25,open road,Bujabe,0.335,0.335,0.001,0.43,0.43,0.002
kampala_elegu,323,161.75,open road,Bujabe,0.333,0.333,0.0,0.429,0.429,0.0
kampala_elegu,324,162.25,roadside settlement,Bujabe,0.382,0.382,0.049,0.492,0.492,0.063
kampala_elegu,325,162.75,roadside settlement,Bujabe,0.369,0.369,0.036,0.474,0.474,0.046
kampala_elegu,326,163.25,open road,Bujaabe,0.338,0.338,0.004,0.434,0.434,0.006
kampala_elegu,327,163.75,open road,Bujaabe,0.333,0.333,0.0,0.429,0.429,0.0
kampala_elegu,328,164.25,open road,Bujaabe,0.336,0.336,0.002,0.432,0.432,0.003
kampala_elegu,329,164.75,open road,Bujaabe,0.34,0.34,0.007,0.437,0.437,0.009
kampala_elegu,330,165.25,roadside settlement,Kafu,0.345,0.345,0.012,0.444,0.444,0.016
kampala_elegu,331,165.75,roadside settlement,Kafu,0.684,0.684,0.35,1.665,1.665,1.236
kampala_elegu,332,166.25,roadside settlement,Kyani-Kafu,0.598,0.598,0.265,1.555,1.555,1.126
kampala_elegu,333,166.75,roadside settlement,Kyani-Kafu,0.347,0.347,0.014,0.447,0.447,0.018
kampala_elegu,334,167.25,roadside settlement,Kyani-Kafu,0.356,0.356,0.023,0.458,0.458,0.029
kampala_elegu,335,167.75,roadside settlement,Kyani-Kafu,0.453,0.453,0.12,0.583,0.583,0.154
kampala_elegu,336,168.25,roadside settlement,,0.355,0.355,0.022,0.456,0.456,0.028
kampala_elegu,337,168.75,open road,Kyamujumi,0.333,0.333,0.0,0.429,0.429,0.0
kampala_elegu,338,169.25,open road,Kyamujumi,0.333,0.333,0.0,0.429,0.429,0.0
kampala_elegu,339,169.75,open road,Kyamujumi,0.333,0.333,0.0,0.429,0.429,0.0
kampala_elegu,340,170.25,open road,Kyamujumi,0.344,0.344,0.011,0.442,0.442,0.014
kampala_elegu,341,170.75,open road,Kyamujumi,0.338,0.338,0.005,0.435,0.435,0.007
kampala_elegu,342,171.25,open road,Kyamujumi,0.333,0.333,0.0,0.429,0.429,0.0
kampala_elegu,343,171.75,open road,Kyamujumi,0.333,0.333,0.0,0.429,0.429,0.0
kampala_elegu,344,172.25,open road,Kyamujumi,0.333,0.333,0.0,0.429,0.429,0.0
kampala_elegu,345,172.75,open road,,0.333,0.333,0.0,0.429,0.429,0.0
kampala_elegu,346,173.25,open road,,0.333,0.333,0.0,0.429,0.429,0.0
kampala_elegu,347,173.75,open road,,0.333,0.333,0.0,0.429,0.429,0.0
kampala_elegu,348,174.25,open road,,0.339,0.339,0.005,0.436,0.436,0.007
kampala_elegu,349,174.75,open road,,0.333,0.333,0.0,0.429,0.429,0.0
kampala_elegu,350,175.25,open road,,0.333,0.333,0.0,0.429,0.429,0.0
kampala_elegu,351,175.75,open road,,0.333,0.333,0.0,0.429,0.429,0.0
kampala_elegu,352,176.25,open road,,0.333,0.333,0.0,0.429,0.429,0.0
kampala_elegu,353,176.75,open road,,0.333,0.333,0.0,0.429,0.429,0.0
kampala_elegu,354,177.25,open road,,0.338,0.338,0.005,0.435,0.435,0.007
kampala_elegu,355,177.75,open road,,0.344,0.344,0.011,0.443,0.443,0.014
kampala_elegu,356,178.25,roadside settlement,,0.37,0.37,0.037,0.476,0.476,0.047
kampala_elegu,357,178.75,roadside settlement,,0.371,0.371,0.038,0.477,0.477,0.048
kampala_elegu,358,179.25,open road,,0.337,0.337,0.004,0.433,0.433,0.005
kampala_elegu,359,179.75,open road,,0.336,0.336,0.003,0.433,0.433,0.004
kampala_elegu,360,180.25,open road,,0.336,0.336,0.002,0.432,0.432,0.003
kampala_elegu,361,180.75,open road,,0.334,0.334,0.0,0.429,0.429,0.001
kampala_elegu,362,181.25,open road,,0.333,0.333,0.0,0.429,0.429,0.0
kampala_elegu,363,181.75,open road,,0.335,0.335,0.002,0.431,0.431,0.003
kampala_elegu,364,182.25,open road,,0.334,0.334,0.0,0.507,0.429,0.078
kampala_elegu,365,182.75,open road,,0.333,0.333,0.0,0.434,0.429,0.005
kampala_elegu,366,183.25,open road,Rwekunye,0.333,0.333,0.0,0.429,0.429,0.0
kampala_elegu,367,183.75,open road,Rwekunye,0.335,0.335,0.002,0.431,0.431,0.003
kampala_elegu,368,184.25,open road,Rwekunye,0.341,0.341,0.008,0.438,0.473,0.01
kampala_elegu,369,184.75,open road,Rwekunye,0.333,0.333,0.0,0.429,0.429,0.0
kampala_elegu,370,185.25,roadside settlement,Rwekunye,0.4,0.4,0.066,0.514,0.514,0.085
kampala_elegu,371,185.75,roadside settlement,Rwekunye,0.363,0.363,0.03,0.467,0.467,0.039
kampala_elegu,372,186.25,roadside settlement,Rwekunye,0.351,0.351,0.017,0.451,0.451,0.022
kampala_elegu,373,186.75,roadside settlement,Wabitoki,0.344,0.344,0.01,0.442,0.442,0.013
kampala_elegu,374,187.25,roadside settlement,Wabitoki,0.347,0.347,0.014,0.446,0.446,0.018
kampala_elegu,375,187.75,open road,Wabitoki,0.337,0.337,0.004,0.433,0.433,0.005
kampala_elegu,376,188.25,open road,Wabitoki,0.34,0.34,0.007,0.518,0.437,0.089
kampala_elegu,377,188.75,open road,Wabitoki,0.336,0.336,0.002,0.432,0.432,0.003
kampala_elegu,378,189.25,open road,Wabitoki,0.339,0.339,0.005,0.436,0.436,0.007
kampala_elegu,379,189.75,open road,,0.333,0.333,0.0,0.429,0.439,0.0
kampala_elegu,380,190.25,open road,,0.333,0.333,0.0,0.429,0.543,0.0
kampala_elegu,381,190.75,open road,,0.338,0.338,0.005,0.435,0.435,0.007
kampala_elegu,382,191.25,roadside settlement,,0.375,0.375,0.042,0.514,0.482,0.086
kampala_elegu,383,191.75,roadside settlement,,0.385,0.385,0.052,0.496,0.496,0.067
kampala_elegu,384,192.25,roadside settlement,,0.363,0.363,0.029,0.466,0.466,0.038
kampala_elegu,385,192.75,roadside settlement,,0.357,0.357,0.024,0.459,0.536,0.03
kampala_elegu,386,193.25,open road,,0.335,0.335,0.002,0.431,0.431,0.003
kampala_elegu,387,193.75,roadside settlement,,0.367,0.367,0.033,0.471,0.471,0.043
kampala_elegu,388,194.25,roadside settlement,,0.397,0.397,0.064,0.511,0.511,0.082
kampala_elegu,389,194.75,roadside settlement,Kigumba,0.374,0.374,0.04,0.481,0.481,0.052
kampala_elegu,390,195.25,roadside settlement,Kigumba,0.366,0.366,0.033,0.506,0.471,0.077
kampala_elegu,391,195.75,roadside settlement,Kigumba,0.397,0.397,0.064,0.511,0.511,0.082
kampala_elegu,392,196.25,town,Kigumba,0.733,0.733,0.4,0.8,0.8,0.371
kampala_elegu,393,196.75,town,Kigumba,0.733,0.733,0.4,0.835,0.835,0.407
kampala_elegu,394,197.25,roadside settlement,Kigumba,0.421,0.421,0.088,0.542,0.542,0.113
kampala_elegu,395,197.75,roadside settlement,Kigumba,0.38,0.38,0.047,0.489,0.489,0.06
kampala_elegu,396,198.25,roadside settlement,Kigumba,0.385,0.385,0.052,0.495,0.508,0.066
kampala_elegu,397,198.75,roadside settlement,,0.355,0.355,0.022,0.456,0.486,0.028
kampala_elegu,398,199.25,open road,,0.334,0.334,0.0,0.429,0.429,0.001
kampala_elegu,399,199.75,open road,,0.339,0.339,0.005,0.436,0.436,0.007
kampala_elegu,400,200.25,open road,,0.334,0.334,0.0,0.429,0.429,0.001
kampala_elegu,401,200.75,open road,,0.338,0.338,0.005,0.594,0.435,0.165
kampala_elegu,402,201.25,roadside settlement,,0.363,0.363,0.03,0.535,0.467,0.106
kampala_elegu,403,201.75,roadside settlement,,0.414,0.414,0.081,0.533,0.533,0.104
kampala_elegu,404,202.25,roadside settlement,,0.362,0.362,0.029,0.466,0.622,0.037
kampala_elegu,405,202.75,open road,Kikubi,0.334,0.334,0.0,0.429,0.429,0.001
kampala_elegu,406,203.25,open road,Kikubi,0.339,0.339,0.005,0.69,0.436,0.261
kampala_elegu,407,203.75,roadside settlement,Kikubi,0.365,0.365,0.032,0.469,0.469,0.041
kampala_elegu,408,204.25,roadside settlement,Kikubi,0.365,0.365,0.031,0.469,0.469,0.04
kampala_elegu,409,204.75,roadside settlement,Kikubi,0.355,0.355,0.021,0.456,0.675,0.027
kampala_elegu,410,205.25,roadside settlement,Kiryandongo,0.375,0.375,0.042,0.482,0.482,0.054
kampala_elegu,411,205.75,town,Kiryandongo,0.733,0.733,0.4,0.856,0.856,0.427
kampala_elegu,412,206.25,roadside settlement,Kiryandongo,0.548,0.548,0.214,1.493,1.49,1.064
kampala_elegu,413,206.75,roadside settlement,Kiryandongo,0.355,0.355,0.021,0.456,0.626,0.027
kampala_elegu,414,207.25,roadside settlement,Kiryandongo,0.348,0.348,0.014,0.45,0.447,0.021
kampala_elegu,415,207.75,roadside settlement,Kyaisimba,0.356,0.356,0.023,0.458,0.458,0.03
kampala_elegu,416,208.25,open road,Kyaisimba,0.346,0.346,0.013,0.445,0.536,0.017
kampala_elegu,417,208.75,roadside settlement,Kyaisimba,0.355,0.355,0.021,0.644,0.456,0.215
kampala_elegu,418,209.25,roadside settlement,Kyaisimba,0.373,0.373,0.04,0.48,0.48,0.051
kampala_elegu,419,209.75,roadside settlement,Kyaisimba,0.348,0.348,0.015,0.448,0.523,0.019
kampala_elegu,420,210.25,roadside settlement,Kyaisimba,0.373,0.373,0.039,0.482,0.479,0.054
kampala_elegu,421,210.75,roadside settlement,Kirwara,0.345,0.345,0.012,0.444,0.444,0.016
kampala_elegu,422,211.25,open road,Kirwara,0.34,0.34,0.006,0.437,0.662,0.008
kampala_elegu,423,211.75,roadside settlement,Kirwara,0.347,0.347,0.013,0.499,0.446,0.071
kampala_elegu,424,212.25,roadside settlement,Kirwara,0.372,0.372,0.039,0.479,0.493,0.05
kampala_elegu,425,212.75,open road,Kirwara,0.339,0.339,0.006,0.588,0.436,0.16
kampala_elegu,426,213.25,open road,Buyale,0.339,0.339,0.005,0.436,0.546,0.007
kampala_elegu,427,213.75,open road,Buyale,0.345,0.345,0.012,0.444,0.444,0.015
kampala_elegu,428,214.25,roadside settlement,Buyale,0.356,0.356,0.023,0.47,0.458,0.042
kampala_elegu,429,214.75,roadside settlement,Buyale,0.363,0.363,0.029,0.532,0.466,0.104
kampala_elegu,430,215.25,roadside settlement,Buyale,0.365,0.365,0.032,0.516,0.47,0.088
kampala_elegu,431,215.75,roadside settlement,Buyale,0.384,0.384,0.051,0.494,0.494,0.065
kampala_elegu,432,216.25,town,Nyarukonge,0.733,0.733,0.4,0.8,0.812,0.371
kampala_elegu,433,216.75,roadside settlement,Nyarukonge,0.509,0.509,0.175,0.654,0.654,0.225
kampala_elegu,434,217.25,roadside settlement,Nyarukonge,0.503,0.503,0.17,0.647,0.647,0.219
kampala_elegu,435,217.75,roadside settlement,Bweyale,0.537,0.537,0.204,0.69,0.69,0.262
kampala_elegu,436,218.25,town,Bweyale,0.733,0.733,0.4,0.88,0.88,0.451
kampala_elegu,437,218.75,roadside settlement,Bweyale,0.513,0.513,0.179,0.659,0.659,0.231
kampala_elegu,438,219.25,roadside settlement,Kichwabugingo,0.457,0.457,0.123,0.587,0.587,0.158
kampala_elegu,439,219.75,roadside settlement,Kichwabugingo,0.382,0.382,0.049,0.51,0.492,0.081
kampala_elegu,440,220.25,roadside settlement,Kichwabugingo,0.394,0.394,0.06,0.506,0.506,0.078
kampala_elegu,441,220.75,roadside settlement,Kichwabugingo,0.366,0.366,0.033,0.471,0.471,0.042
kampala_elegu,442,221.25,roadside settlement,Kichwabugingo,0.346,0.346,0.012,0.444,0.444,0.016
kampala_elegu,443,221.75,open road,Kichwabugingo,0.34,0.34,0.007,0.437,0.551,0.009
kampala_elegu,444,222.25,roadside settlement,Kichwabugingo,0.346,0.346,0.013,0.445,0.445,0.016
kampala_elegu,445,222.75,roadside settlement,,0.346,0.346,0.013,0.493,0.445,0.064
kampala_elegu,446,223.25,roadside settlement,,0.437,0.437,0.104,0.562,0.562,0.134
kampala_elegu,447,223.75,roadside settlement,,0.382,0.382,0.049,0.492,0.494,0.063
kampala_elegu,448,224.25,open road,,0.339,0.339,0.006,0.436,0.63,0.008
kampala_elegu,449,224.75,open road,,0.346,0.346,0.013,0.445,0.445,0.017
kampala_elegu,450,225.25,roadside settlement,,0.344,0.344,0.01,0.466,0.442,0.037
kampala_elegu,451,225.75,roadside settlement,,0.377,0.377,0.043,0.484,0.484,0.056
kampala_elegu,452,226.25,roadside settlement,,0.342,0.342,0.008,0.439,0.439,0.011
kampala_elegu,453,226.75,roadside settlement,,0.43,0.43,0.096,0.552,0.552,0.124
kampala_elegu,454,227.25,roadside settlement,,0.428,0.428,0.094,0.55,0.55,0.121
kampala_elegu,455,227.75,open road,,0.336,0.336,0.003,0.433,0.433,0.004
kampala_elegu,456,228.25,roadside settlement,,0.35,0.35,0.017,0.685,0.45,0.256
kampala_elegu,457,228.75,roadside settlement,,0.399,0.399,0.066,0.513,0.513,0.084
kampala_elegu,458,229.25,roadside settlement,,0.521,0.521,0.187,0.669,0.669,0.241
kampala_elegu,459,229.75,roadside settlement,,0.39,0.39,0.056,0.501,0.773,0.073
kampala_elegu,460,230.25,roadside settlement,,0.336,0.336,0.003,0.433,0.433,0.004
kampala_elegu,461,230.75,roadside settlement,,0.347,0.347,0.014,0.532,0.446,0.104
kampala_elegu,462,231.25,roadside settlement,,0.385,0.385,0.052,0.495,0.495,0.067
kampala_elegu,463,231.75,open road,,0.334,0.334,0.0,0.429,0.429,0.001
kampala_elegu,464,232.25,open road,,0.338,0.338,0.005,0.435,0.435,0.007
kampala_elegu,465,232.75,open road,,0.335,0.335,0.002,0.431,0.583,0.003
kampala_elegu,466,233.25,roadside settlement,,0.338,0.338,0.005,0.435,0.531,0.006
kampala_elegu,467,233.75,roadside settlement,Nanda,0.356,0.356,0.023,0.458,0.458,0.03
kampala_elegu,468,234.25,open road,Nanda,0.34,0.34,0.006,0.437,0.437,0.008
kampala_elegu,469,234.75,open road,Nanda,0.335,0.335,0.001,0.477,0.43,0.048
kampala_elegu,470,235.25,roadside settlement,Nanda,0.364,0.364,0.031,0.468,0.468,0.039
kampala_elegu,471,235.75,roadside settlement,Nanda,0.453,0.453,0.12,0.583,0.583,0.154
kampala_elegu,472,236.25,roadside settlement,Nanda,0.346,0.346,0.013,0.445,0.47,0.017
kampala_elegu,473,236.75,open road,Nanda,0.336,0.336,0.002,0.432,0.485,0.003
kampala_elegu,474,237.25,open road,Nanda,0.336,0.336,0.003,0.437,0.432,0.009
kampala_elegu,475,237.75,roadside settlement,,0.37,0.37,0.036,0.565,0.475,0.136
kampala_elegu,476,238.25,roadside settlement,,0.357,0.357,0.023,0.459,0.459,0.03
kampala_elegu,477,238.75,roadside settlement,,0.366,0.366,0.032,0.47,0.47,0.042
kampala_elegu,478,239.25,roadside settlement,,0.407,0.407,0.073,0.523,0.523,0.094
kampala_elegu,479,239.75,roadside settlement,,0.341,0.341,0.008,0.439,0.651,0.01
kampala_elegu,480,240.25,open road,,0.337,0.337,0.004,0.433,0.621,0.005
kampala_elegu,481,240.75,open road,,0.342,0.342,0.009,0.44,0.489,0.011
kampala_elegu,482,241.25,open road,,0.338,0.338,0.004,0.434,0.537,0.006
kampala_elegu,483,241.75,roadside settlement,,0.379,0.379,0.046,0.63,0.487,0.201
kampala_elegu,484,242.25,roadside settlement,Kiryandongo,0.384,0.384,0.051,0.494,0.494,0.065
kampala_elegu,485,242.75,open road,Kiryandongo,0.336,0.336,0.003,0.432,0.534,0.004
kampala_elegu,486,243.25,roadside settlement,Kiryandongo,0.339,0.339,0.006,0.436,0.436,0.007
kampala_elegu,487,243.75,roadside settlement,Kiryandongo,0.343,0.343,0.01,0.441,0.468,0.012
kampala_elegu,488,244.25,roadside settlement,Kiryandongo,0.549,0.549,0.216,1.492,1.492,1.063
kampala_elegu,489,244.75,roadside settlement,Kiryandongo,0.58,0.58,0.247,1.532,1.532,1.103
kampala_elegu,490,245.25,roadside settlement,Kiryandongo,0.367,0.367,0.033,0.471,0.471,0.043
kampala_elegu,491,245.75,roadside settlement,Kiryandongo,0.34,0.34,0.007,0.642,0.438,0.213
kampala_elegu,492,246.25,open road,,0.336,0.336,0.002,0.432,0.432,0.003
kampala_elegu,493,246.75,open road,,0.334,0.334,0.001,0.43,0.75,0.001
kampala_elegu,494,247.25,roadside settlement,,0.346,0.346,0.013,0.498,0.445,0.07
kampala_elegu,495,247.75,roadside settlement,,0.391,0.391,0.058,0.503,0.503,0.075
kampala_elegu,496,248.25,roadside settlement,,0.345,0.345,0.012,0.631,0.444,0.203
kampala_elegu,497,248.75,roadside settlement,,0.345,0.345,0.012,0.551,0.443,0.122
kampala_elegu,498,249.25,roadside settlement,,0.357,0.357,0.024,0.459,0.544,0.031
kampala_elegu,499,249.75,roadside settlement,,0.35,0.35,0.017,0.453,0.45,0.025
kampala_elegu,500,250.25,roadside settlement,Karuma,0.36,0.36,0.027,0.463,0.463,0.035
kampala_elegu,501,250.75,roadside settlement,Karuma,0.375,0.375,0.041,0.482,0.482,0.053
kampala_elegu,502,251.25,roadside settlement,Karuma,0.371,0.371,0.037,0.476,0.52,0.048
kampala_elegu,503,251.75,roadside settlement,Karuma,0.395,0.395,0.062,0.508,0.508,0.079
kampala_elegu,504,252.25,town,Karuma,0.733,0.733,0.4,0.901,0.901,0.473
kampala_elegu,505,252.75,roadside settlement,Karuma,0.346,0.346,0.013,0.445,0.621,0.016
kampala_elegu,506,253.25,open road,Karuma,0.5,0.5,0.167,0.6,0.769,0.171
kampala_elegu,507,253.75,open road,Karuma,0.333,0.333,0.0,0.767,0.429,0.339
kampala_elegu,508,254.25,open road,,0.335,0.335,0.001,0.687,0.43,0.258
kampala_elegu,509,254.75,open road,,0.333,0.333,0.0,0.668,0.429,0.239
kampala_elegu,510,255.25,roadside settlement,,0.363,0.363,0.03,0.467,0.467,0.038
kampala_elegu,511,255.75,open road,,0.335,0.335,0.002,0.431,0.431,0.003
kampala_elegu,512,256.25,open road,,0.333,0.333,0.0,0.429,0.429,0.0
kampala_elegu,513,256.75,open road,Akuridia,0.334,0.334,0.0,0.429,0.642,0.001
kampala_elegu,514,257.25,open road,Akuridia,0.333,0.333,0.0,0.594,0.429,0.165
kampala_elegu,515,257.75,roadside settlement,Akuridia,0.452,0.452,0.119,0.582,0.582,0.153
kampala_elegu,516,258.25,roadside settlement,Akuridia,0.448,0.448,0.114,0.575,0.575,0.147
kampala_elegu,517,258.75,roadside settlement,Nora,0.385,0.385,0.052,0.555,0.495,0.126
kampala_elegu,518,259.25,roadside settlement,Nora,0.365,0.365,0.031,0.469,0.469,0.04
kampala_elegu,519,259.75,roadside settlement,Nora,0.357,0.357,0.023,0.459,0.459,0.03
kampala_elegu,520,260.25,roadside settlement,Nora,0.37,0.37,0.037,0.476,0.476,0.047
kampala_elegu,521,260.75,roadside settlement,Bedmot,0.37,0.37,0.036,0.475,0.475,0.047
kampala_elegu,522,261.25,roadside settlement,Bedmot,0.414,0.414,0.081,0.532,0.532,0.104
kampala_elegu,523,261.75,roadside settlement,Bedmot,0.418,0.418,0.085,0.537,0.537,0.109
kampala_elegu,524,262.25,roadside settlement,Bedmot,0.359,0.359,0.026,0.461,0.52,0.033
kampala_elegu,525,262.75,roadside settlement,Obete,0.351,0.351,0.017,0.586,0.451,0.158
kampala_elegu,526,263.25,roadside settlement,Obete,0.39,0.39,0.057,0.502,0.502,0.073
kampala_elegu,527,263.75,roadside settlement,Obete,0.389,0.389,0.055,0.5,0.5,0.071
kampala_elegu,528,264.25,roadside settlement,Agengi,0.446,0.446,0.113,0.574,0.574,0.145
kampala_elegu,529,264.75,roadside settlement,Agengi,0.382,0.382,0.049,0.491,0.491,0.062
kampala_elegu,530,265.25,roadside settlement,Township,0.504,0.504,0.171,0.648,0.648,0.22
kampala_elegu,531,265.75,roadside settlement,Township,0.529,0.529,0.195,0.68,0.68,0.251
kampala_elegu,532,266.25,roadside settlement,Kamudini,0.457,0.457,0.124,0.588,0.588,0.16
kampala_elegu,533,266.75,roadside settlement,Kamudini,0.43,0.43,0.097,0.553,0.553,0.125
kampala_elegu,534,267.25,roadside settlement,Kamudini,0.427,0.427,0.094,0.549,0.549,0.121
kampala_elegu,535,267.75,roadside settlement,Pida,0.392,0.392,0.059,0.504,0.504,0.076
kampala_elegu,536,268.25,roadside settlement,Kamdini,0.349,0.349,0.016,0.449,0.507,0.021
kampala_elegu,537,268.75,roadside settlement,Kamdini,0.377,0.377,0.044,0.543,0.485,0.115
kampala_elegu,538,269.25,roadside settlement,Kamdini,0.388,0.388,0.054,0.498,0.498,0.07
kampala_elegu,539,269.75,roadside settlement,Boroboro B,0.41,0.41,0.077,0.528,0.528,0.099
kampala_elegu,540,270.25,roadside settlement,Boroboro B,0.382,0.382,0.048,0.491,0.525,0.062
kampala_elegu,541,270.75,roadside settlement,Boroboro B,0.352,0.352,0.018,0.471,0.452,0.043
kampala_elegu,542,271.25,roadside settlement,Arukolong,0.396,0.396,0.063,0.509,0.509,0.081
kampala_elegu,543,271.75,roadside settlement,Arukolong,0.36,0.36,0.027,0.463,0.47,0.035
kampala_elegu,544,272.25,roadside settlement,Arukolong,0.387,0.387,0.053,0.497,0.497,0.069
kampala_elegu,545,272.75,roadside settlement,Arukolong,0.353,0.353,0.02,0.454,0.454,0.025
kampala_elegu,546,273.25,roadside settlement,Abang Trc,0.352,0.352,0.018,0.452,0.452,0.023
kampala_elegu,547,273.75,roadside settlement,Abang Trc,0.38,0.38,0.046,0.557,0.488,0.129
kampala_elegu,548,274.25,roadside settlement,Abang East,0.363,0.363,0.029,0.466,0.466,0.038
kampala_elegu,549,274.75,roadside settlement,Abako Adero,0.389,0.389,0.056,0.5,0.5,0.072
kampala_elegu,550,275.25,roadside settlement,Abako Adero,0.384,0.384,0.05,0.493,0.493,0.065
kampala_elegu,551,275.75,roadside settlement,Amwa Trc,0.433,0.433,0.099,0.556,0.556,0.128
kampala_elegu,552,276.25,roadside settlement,Amwa,0.4,0.4,0.067,0.515,0.515,0.086
kampala_elegu,553,276.75,roadside settlement,Amwa,0.346,0.346,0.012,0.444,0.444,0.016
kampala_elegu,554,277.25,roadside settlement,Amwa Headquaters,0.347,0.347,0.014,0.477,0.446,0.048
kampala_elegu,555,277.75,roadside settlement,Amwa Headquaters,0.35,0.35,0.016,0.45,0.469,0.021
kampala_elegu,556,278.25,roadside settlement,Waring,0.342,0.342,0.008,0.516,0.439,0.088
kampala_elegu,557,278.75,roadside settlement,Waring,0.362,0.362,0.028,0.465,0.465,0.036
kampala_elegu,558,279.25,roadside settlement,Cul-banya,0.356,0.356,0.022,0.457,0.457,0.029
kampala_elegu,559,279.75,open road,Cul-banya,0.338,0.338,0.005,0.435,0.435,0.006
kampala_elegu,560,280.25,open road,Lango,0.339,0.339,0.006,0.436,0.436,0.008
kampala_elegu,561,280.75,roadside settlement,Lango,0.354,0.354,0.021,0.579,0.455,0.15
kampala_elegu,562,281.25,roadside settlement,Lango,0.39,0.39,0.057,0.502,0.502,0.073
kampala_elegu,563,281.75,roadside settlement,Bobi,0.386,0.386,0.052,0.496,0.536,0.067
kampala_elegu,564,282.25,roadside settlement,Bobi,0.369,0.369,0.036,0.474,0.536,0.046
kampala_elegu,565,282.75,open road,Omolo,0.333,0.333,0.0,0.429,0.429,0.0
kampala_elegu,566,283.25,roadside settlement,Alati A,0.358,0.358,0.025,0.65,0.46,0.222
kampala_elegu,567,283.75,roadside settlement,Alati A,0.385,0.385,0.052,0.496,0.496,0.067
kampala_elegu,568,284.25,roadside settlement,Arak East,0.364,0.364,0.031,0.468,0.468,0.039
kampala_elegu,569,284.75,roadside settlement,Arak East,0.363,0.363,0.029,0.466,0.591,0.038
kampala_elegu,570,285.25,open road,Arak East,0.337,0.337,0.004,0.433,0.497,0.005
kampala_elegu,571,285.75,roadside settlement,Awei Betty Trc,0.348,0.348,0.014,0.56,0.447,0.132
kampala_elegu,572,286.25,roadside settlement,Awei Betty Trc,0.365,0.365,0.032,0.47,0.47,0.041
kampala_elegu,573,286.75,roadside settlement,Awei Betty Trc,0.393,0.393,0.06,0.506,0.506,0.077
kampala_elegu,574,287.25,roadside settlement,Ngut Cati,0.345,0.345,0.012,0.444,0.444,0.015
kampala_elegu,575,287.75,roadside settlement,Ngut Cati,0.354,0.354,0.02,0.529,0.455,0.101
kampala_elegu,576,288.25,roadside settlement,Ngut Cati,0.376,0.376,0.043,0.484,0.484,0.055
kampala_elegu,577,288.75,roadside settlement,Minakulu,0.355,0.355,0.022,0.457,0.528,0.028
kampala_elegu,578,289.25,open road,Minakulu,0.335,0.335,0.002,0.552,0.431,0.123
kampala_elegu,579,289.75,roadside settlement,Minakulu Trc B,0.43,0.43,0.096,0.553,0.553,0.124
kampala_elegu,580,290.25,roadside settlement,Minakulu Trc B,0.392,0.392,0.059,0.504,0.595,0.076
kampala_elegu,581,290.75,roadside settlement,Minakulu Trc A,0.374,0.374,0.041,0.502,0.481,0.074
kampala_elegu,582,291.25,roadside settlement,Minakulu Trc A,0.516,0.516,0.183,0.663,0.663,0.235
kampala_elegu,583,291.75,roadside settlement,Minakulu Trc A,0.48,0.48,0.147,0.618,0.618,0.189
kampala_elegu,584,292.25,roadside settlement,Mti,0.387,0.387,0.054,0.498,0.498,0.069
kampala_elegu,585,292.75,roadside settlement,Mti,0.357,0.357,0.023,0.459,0.6,0.03
kampala_elegu,586,293.25,open road,Mti,0.335,0.335,0.001,0.43,0.43,0.002
kampala_elegu,587,293.75,roadside settlement,Obalowat,0.345,0.345,0.012,0.542,0.444,0.114
kampala_elegu,588,294.25,roadside settlement,Obalowat,0.376,0.376,0.042,0.483,0.483,0.054
kampala_elegu,589,294.75,roadside settlement,Obalowat,0.433,0.433,0.1,0.557,0.557,0.128
kampala_elegu,590,295.25,roadside settlement,Obalowat,0.371,0.371,0.038,0.477,0.477,0.048
kampala_elegu,591,295.75,roadside settlement,Minakulu,0.397,0.397,0.064,0.511,0.511,0.082
kampala_elegu,592,296.25,roadside settlement,Minakulu,0.347,0.347,0.014,0.446,0.446,0.018
kampala_elegu,593,296.75,roadside settlement,Awimon,0.372,0.372,0.038,0.478,0.478,0.049
kampala_elegu,594,297.25,roadside settlement,Awimon,0.412,0.412,0.079,0.53,0.53,0.101
kampala_elegu,595,297.75,roadside settlement,Awimon,0.353,0.353,0.019,0.512,0.454,0.084
kampala_elegu,596,298.25,roadside settlement,Awimon,0.376,0.376,0.042,0.483,0.483,0.054
kampala_elegu,597,298.75,roadside settlement,,0.366,0.366,0.033,0.471,0.471,0.042
kampala_elegu,598,299.25,roadside settlement,,0.377,0.377,0.044,0.587,0.485,0.159
kampala_elegu,599,299.75,roadside settlement,,0.381,0.381,0.048,0.49,0.49,0.061
kampala_elegu,600,300.25,roadside settlement,Pato,0.402,0.402,0.069,0.517,0.517,0.088
kampala_elegu,601,300.75,roadside settlement,Pato,0.358,0.358,0.024,0.46,0.46,0.031
kampala_elegu,602,301.25,roadside settlement,Pato,0.384,0.384,0.051,0.494,0.494,0.066
kampala_elegu,603,301.75,roadside settlement,Pato,0.39,0.39,0.057,0.502,0.502,0.073
kampala_elegu,604,302.25,roadside settlement,Bobi,0.441,0.441,0.107,0.567,0.567,0.138
kampala_elegu,605,302.75,roadside settlement,Bobi,0.403,0.403,0.07,0.519,0.572,0.09
kampala_elegu,606,303.25,open road,Bobi,0.337,0.337,0.004,0.434,0.434,0.005
kampala_elegu,607,303.75,roadside settlement,Omoro,0.365,0.365,0.032,0.469,0.469,0.041
kampala_elegu,608,304.25,roadside settlement,Omoro,0.361,0.361,0.027,0.464,0.464,0.035
kampala_elegu,609,304.75,roadside settlement,Omoro,0.429,0.429,0.096,0.552,0.552,0.123
kampala_elegu,610,305.25,roadside settlement,Kalamomia,0.355,0.355,0.022,0.456,0.456,0.028
kampala_elegu,611,305.75,roadside settlement,Paranga,0.348,0.348,0.015,0.448,0.448,0.019
kampala_elegu,612,306.25,roadside settlement,Te-owak,0.345,0.345,0.012,0.444,0.444,0.015
kampala_elegu,613,306.75,roadside settlement,Te-owak,0.343,0.343,0.009,0.441,0.497,0.012
kampala_elegu,614,307.25,open road,Te-owak,0.34,0.34,0.007,0.438,0.438,0.009
kampala_elegu,615,307.75,roadside settlement,Odyak,0.341,0.341,0.008,0.499,0.439,0.071
kampala_elegu,616,308.25,roadside settlement,Odyak,0.359,0.359,0.026,0.461,0.461,0.033
kampala_elegu,617,308.75,roadside settlement,Palenga,0.342,0.342,0.008,0.439,0.439,0.011
kampala_elegu,618,309.25,roadside settlement,Palenga,0.474,0.474,0.141,0.61,0.61,0.181
kampala_elegu,619,309.75,roadside settlement,Barogal,0.51,0.51,0.176,0.655,0.655,0.227
kampala_elegu,620,310.25,open road,Barogal,0.34,0.34,0.006,0.437,0.437,0.008
kampala_elegu,621,310.75,roadside settlement,Barogal,0.36,0.36,0.027,0.463,0.463,0.035
kampala_elegu,622,311.25,roadside settlement,Barogal,0.341,0.341,0.008,0.499,0.438,0.071
kampala_elegu,623,311.75,open road,Barogal,0.349,0.349,0.016,0.449,0.449,0.021
kampala_elegu,624,312.25,open road,Barogal,0.343,0.343,0.009,0.441,0.441,0.012
kampala_elegu,625,312.75,open road,Barogal,0.346,0.346,0.013,0.445,0.445,0.016
kampala_elegu,626,313.25,roadside settlement,Barogal,0.358,0.358,0.025,0.461,0.461,0.032
kampala_elegu,627,313.75,roadside settlement,Barogal,0.372,0.372,0.039,0.478,0.478,0.05
kampala_elegu,628,314.25,open road,Barogal,0.353,0.353,0.019,0.454,0.454,0.025
kampala_elegu,629,314.75,roadside settlement,Barogal,0.351,0.351,0.018,0.451,0.451,0.023
kampala_elegu,630,315.25,open road,,0.348,0.348,0.015,0.448,0.448,0.019
kampala_elegu,631,315.75,open road,,0.35,0.35,0.017,0.45,0.456,0.022
kampala_elegu,632,316.25,open road,Abili,0.339,0.339,0.005,0.436,0.436,0.007
kampala_elegu,633,316.75,open road,Abili,0.338,0.338,0.005,0.435,0.435,0.007
kampala_elegu,634,317.25,open road,Abili,0.338,0.338,0.005,0.58,0.435,0.151
kampala_elegu,635,317.75,roadside settlement,Abili,0.35,0.35,0.016,0.45,0.45,0.021
kampala_elegu,636,318.25,roadside settlement,Koro Abili,0.361,0.361,0.028,0.464,0.464,0.036
kampala_elegu,637,318.75,roadside settlement,Koro Abili,0.474,0.474,0.141,0.61,0.61,0.181
kampala_elegu,638,319.25,roadside settlement,Koro Abili,0.379,0.379,0.045,0.487,0.605,0.058
kampala_elegu,639,319.75,roadside settlement,Koro Abili,0.366,0.366,0.033,0.658,0.471,0.229
kampala_elegu,640,320.25,roadside settlement,Lajwatek,0.398,0.398,0.065,0.512,0.512,0.083
kampala_elegu,641,320.75,roadside settlement,Koro,0.363,0.363,0.029,0.466,0.578,0.038
kampala_elegu,642,321.25,roadside settlement,Koro,0.353,0.353,0.02,0.6,0.454,0.171
kampala_elegu,643,321.75,roadside settlement,Koro,0.386,0.386,0.052,0.496,0.496,0.067
kampala_elegu,644,322.25,roadside settlement,Koro,0.384,0.384,0.051,0.494,0.494,0.065
kampala_elegu,645,322.75,roadside settlement,Kal,0.421,0.421,0.088,0.553,0.542,0.124
kampala_elegu,646,323.25,roadside settlement,Kal,0.427,0.427,0.094,0.549,0.599,0.121
kampala_elegu,647,323.75,roadside settlement,Kal,0.454,0.454,0.12,0.583,0.583,0.155
kampala_elegu,648,324.25,roadside settlement,Layibi,0.5,0.5,0.2,0.656,0.656,0.228
kampala_elegu,649,324.75,roadside settlement,Layibi,0.39,0.39,0.09,0.557,0.557,0.129
kampala_elegu,650,325.25,roadside settlement,Layibi,0.359,0.359,0.059,0.513,0.513,0.085
kampala_elegu,651,325.75,roadside settlement,Layibi,0.51,0.51,0.21,0.866,0.657,0.438
kampala_elegu,652,326.25,roadside settlement,Layibi,0.552,0.552,0.252,0.717,0.717,0.289
kampala_elegu,653,326.75,roadside settlement,Kanyagoga C,0.427,0.427,0.127,0.574,0.574,0.145
kampala_elegu,654,327.25,roadside settlement,Kanyagoga C,1.005,1.005,0.705,1.185,1.185,0.757
kampala_elegu,655,327.75,roadside settlement,Kanyagoga C,0.583,0.583,0.283,0.727,0.727,0.299
kampala_elegu,656,328.25,roadside settlement,Kanyagoga C,0.437,0.437,0.103,0.562,0.562,0.133
kampala_elegu,657,328.75,roadside settlement,Kanyagoga C,0.478,0.478,0.144,0.614,0.614,0.186
kampala_elegu,658,329.25,roadside settlement,St Joe,0.447,0.447,0.114,0.575,0.575,0.146
kampala_elegu,659,329.75,roadside settlement,St Joe,0.406,0.406,0.073,0.522,0.522,0.094
kampala_elegu,660,330.25,roadside settlement,Katikati,0.404,0.404,0.07,0.519,0.519,0.09
kampala_elegu,661,330.75,roadside settlement,Katikati,0.444,0.444,0.11,0.571,0.571,0.142
kampala_elegu,662,331.25,roadside settlement,Lacor,0.521,0.521,0.187,0.669,0.669,0.241
kampala_elegu,663,331.75,roadside settlement,Lacor,0.521,0.521,0.187,0.669,0.669,0.241
kampala_elegu,664,332.25,roadside settlement,Lacor,0.469,0.469,0.136,0.603,0.603,0.174
kampala_elegu,665,332.75,roadside settlement,Pukure,0.413,0.413,0.08,0.531,0.531,0.103
kampala_elegu,666,333.25,roadside settlement,Pukure,0.366,0.366,0.033,0.471,0.471,0.042
kampala_elegu,667,333.75,roadside settlement,Pukure,0.385,0.385,0.052,0.496,0.496,0.067
kampala_elegu,668,334.25,roadside settlement,Awer,0.466,0.466,0.133,0.6,0.6,0.171
kampala_elegu,669,334.75,roadside settlement,Awer,0.724,0.724,0.39,2.502,2.502,2.073
kampala_elegu,670,335.25,roadside settlement,Lwalakwar,0.38,0.38,0.047,0.488,0.488,0.06
kampala_elegu,671,335.75,roadside settlement,Lwalakwar,0.37,0.37,0.037,0.476,0.476,0.048
kampala_elegu,672,336.25,roadside settlement,Lwalakwar,0.368,0.368,0.034,0.473,0.473,0.044
kampala_elegu,673,336.75,roadside settlement,Lwalakwar,0.378,0.378,0.045,0.487,0.487,0.058
kampala_elegu,674,337.25,roadside settlement,Pukure Lc1,0.352,0.352,0.019,0.453,0.456,0.024
kampala_elegu,675,337.75,roadside settlement,Pukure Lc1,0.368,0.368,0.035,0.473,0.473,0.044
kampala_elegu,676,338.25,roadside settlement,Keyo,0.375,0.375,0.042,0.482,0.482,0.054
kampala_elegu,677,338.75,roadside settlement,Keyo,0.363,0.363,0.029,0.466,0.466,0.038
kampala_elegu,678,339.25,roadside settlement,Keyo,0.374,0.374,0.041,0.481,0.481,0.053
kampala_elegu,679,339.75,town,Keyo,0.733,0.733,0.4,0.8,0.8,0.371
kampala_elegu,680,340.25,town,Keyo,0.733,0.733,0.4,0.8,0.8,0.371
kampala_elegu,681,340.75,open road,Pakiri,0.346,0.346,0.012,0.444,0.444,0.016
kampala_elegu,682,341.25,open road,Amilobo Lc1,0.342,0.342,0.009,0.44,0.44,0.011
kampala_elegu,683,341.75,open road,Amilobo Lc1,0.34,0.34,0.007,0.438,0.484,0.009
kampala_elegu,684,342.25,open road,Amilobo Lc1,0.344,0.344,0.01,0.442,0.622,0.013
kampala_elegu,685,342.75,roadside settlement,Awer,0.357,0.357,0.024,0.46,0.631,0.031
kampala_elegu,686,343.25,roadside settlement,Awer,0.354,0.354,0.02,0.455,0.586,0.026
kampala_elegu,687,343.75,roadside settlement,Awer,0.438,0.438,0.105,0.628,0.563,0.199
kampala_elegu,688,344.25,town,Awer,0.733,0.733,0.4,0.8,0.8,0.371
kampala_elegu,689,344.75,open road,Awer,0.34,0.34,0.007,0.537,0.437,0.108
kampala_elegu,690,345.25,roadside settlement,Awer,0.345,0.345,0.012,0.444,0.444,0.015
kampala_elegu,691,345.75,roadside settlement,Awer,0.342,0.342,0.008,0.439,0.439,0.011
kampala_elegu,692,346.25,roadside settlement,Yilo,0.351,0.351,0.018,0.451,0.451,0.023
kampala_elegu,693,346.75,roadside settlement,Yilo,0.369,0.369,0.036,0.474,0.474,0.046
kampala_elegu,694,347.25,roadside settlement,Yilo,0.348,0.348,0.015,0.448,0.448,0.019
kampala_elegu,695,347.75,roadside settlement,Yilo,0.373,0.373,0.04,0.48,0.48,0.052
kampala_elegu,696,348.25,roadside settlement,Yilo,0.349,0.349,0.016,0.449,0.449,0.02
kampala_elegu,697,348.75,roadside settlement,Yilo,0.356,0.356,0.022,0.457,0.457,0.029
kampala_elegu,698,349.25,roadside settlement,Yilo,0.372,0.372,0.038,0.478,0.478,0.049
kampala_elegu,699,349.75,roadside settlement,Yilo,0.365,0.365,0.032,0.47,0.47,0.041
kampala_elegu,700,350.25,roadside settlement,Oduu Lc1,0.348,0.348,0.014,0.447,0.447,0.019
kampala_elegu,701,350.75,roadside settlement,Oduu Lc1,0.395,0.395,0.062,0.508,0.508,0.08
kampala_elegu,702,351.25,roadside settlement,Oduu Lc1,0.383,0.383,0.05,0.492,0.492,0.064
kampala_elegu,703,351.75,town,Oduu Lc1,0.733,0.733,0.4,0.916,0.916,0.487
kampala_elegu,704,352.25,town,Oduu Lc1,0.733,0.733,0.4,0.88,0.88,0.451
kampala_elegu,705,352.75,open road,Oduu,0.343,0.343,0.009,0.441,0.441,0.012
kampala_elegu,706,353.25,open road,Oduu,0.355,0.355,0.022,0.456,0.456,0.028
kampala_elegu,707,353.75,roadside settlement,Oduu,0.375,0.375,0.042,0.482,0.482,0.054
kampala_elegu,708,354.25,open road,Oduu,0.346,0.346,0.013,0.445,0.486,0.017
kampala_elegu,709,354.75,open road,Oduu,0.338,0.338,0.005,0.435,0.435,0.006
kampala_elegu,710,355.25,open road,Oduu,0.344,0.344,0.01,0.442,0.442,0.013
kampala_elegu,711,355.75,open road,Patiko,0.355,0.355,0.022,0.457,0.457,0.028
kampala_elegu,712,356.25,roadside settlement,Patiko,0.357,0.357,0.023,0.459,0.459,0.03
kampala_elegu,713,356.75,roadside settlement,Patiko,0.379,0.379,0.045,0.487,0.487,0.058
kampala_elegu,714,357.25,town,Patiko,0.733,0.733,0.4,0.834,0.834,0.406
kampala_elegu,715,357.75,roadside settlement,Katikati B,0.36,0.36,0.026,0.463,0.463,0.034
kampala_elegu,716,358.25,roadside settlement,Katikati B,0.36,0.36,0.026,0.462,0.462,0.034
kampala_elegu,717,358.75,open road,Katikati B Lc1,0.343,0.343,0.009,0.441,0.441,0.012
kampala_elegu,718,359.25,roadside settlement,Katikati B Lc1,0.361,0.361,0.027,0.464,0.464,0.035
kampala_elegu,719,359.75,roadside settlement,Katikati B Lc1,0.362,0.362,0.028,0.465,0.465,0.037
kampala_elegu,720,360.25,roadside settlement,Agole,0.366,0.366,0.032,0.47,0.47,0.042
kampala_elegu,721,360.75,roadside settlement,Agole,0.381,0.381,0.047,0.489,0.489,0.061
kampala_elegu,722,361.25,roadside settlement,Agole,0.366,0.366,0.032,0.47,0.47,0.042
kampala_elegu,723,361.75,roadside settlement,Agole,0.429,0.429,0.096,0.552,0.552,0.123
kampala_elegu,724,362.25,roadside settlement,Kal Centre,0.483,0.483,0.15,0.621,0.621,0.193
kampala_elegu,725,362.75,town,Kal Centre,0.9,0.9,0.567,1.925,1.925,1.496
kampala_elegu,726,363.25,town,Pabo,0.733,0.733,0.4,0.89,0.89,0.462
kampala_elegu,727,363.75,roadside settlement,Pabo,0.362,0.362,0.028,0.465,0.465,0.036
kampala_elegu,728,364.25,roadside settlement,Pabo,0.389,0.389,0.055,0.5,0.5,0.071
kampala_elegu,729,364.75,roadside settlement,Pabo,0.364,0.364,0.031,0.468,0.468,0.04
kampala_elegu,730,365.25,roadside settlement,,0.371,0.371,0.038,0.478,0.58,0.049
kampala_elegu,731,365.75,roadside settlement,,0.354,0.354,0.02,0.455,0.455,0.026
kampala_elegu,732,366.25,roadside settlement,,0.35,0.35,0.017,0.45,0.463,0.022
kampala_elegu,733,366.75,roadside settlement,,0.349,0.349,0.015,0.448,0.448,0.02
kampala_elegu,734,367.25,roadside settlement,,0.348,0.348,0.014,0.447,0.465,0.018
kampala_elegu,735,367.75,open road,,0.338,0.338,0.005,0.435,0.518,0.007
kampala_elegu,736,368.25,open road,,0.335,0.335,0.002,0.431,0.431,0.002
kampala_elegu,737,368.75,open road,,0.339,0.339,0.006,0.436,0.436,0.008
kampala_elegu,738,369.25,open road,Pawel Pukumu,0.339,0.339,0.006,0.436,0.436,0.007
kampala_elegu,739,369.75,roadside settlement,Pawel Pukumu,0.346,0.346,0.013,0.445,0.445,0.016
kampala_elegu,740,370.25,open road,Pawel Pukumu,0.337,0.337,0.004,0.499,0.433,0.071
kampala_elegu,741,370.75,town,Pawel Pukumu,0.733,0.733,0.4,0.8,0.8,0.371
kampala_elegu,742,371.25,roadside settlement,Pawel Pukumu,0.346,0.346,0.013,0.445,0.445,0.016
kampala_elegu,743,371.75,open road,Pawel Pukumu,0.336,0.336,0.003,0.432,0.432,0.004
kampala_elegu,744,372.25,open road,Pawel Pukumu,0.344,0.344,0.01,0.442,0.49,0.013
kampala_elegu,745,372.75,open road,Pawel,0.348,0.348,0.015,0.448,0.611,0.019
kampala_elegu,746,373.25,open road,Pawel,0.335,0.335,0.002,0.431,0.431,0.002
kampala_elegu,747,373.75,roadside settlement,Pawel,0.361,0.361,0.028,0.464,0.464,0.036
kampala_elegu,748,374.25,roadside settlement,Pawel,0.382,0.382,0.049,0.491,0.491,0.063
kampala_elegu,749,374.75,roadside settlement,Pawel,0.356,0.356,0.023,0.458,0.458,0.03
kampala_elegu,750,375.25,open road,Pawel,0.339,0.339,0.006,0.436,0.436,0.008
kampala_elegu,751,375.75,open road,Pawel,0.337,0.337,0.004,0.433,0.433,0.005
kampala_elegu,752,376.25,open road,,0.343,0.343,0.01,0.441,0.444,0.013
kampala_elegu,753,376.75,roadside settlement,,0.347,0.347,0.014,0.447,0.492,0.018
kampala_elegu,754,377.25,roadside settlement,,0.358,0.358,0.024,0.46,0.46,0.031
kampala_elegu,755,377.75,open road,,0.339,0.339,0.006,0.436,0.436,0.008
kampala_elegu,756,378.25,open road,,0.344,0.344,0.01,0.442,0.579,0.013
kampala_elegu,757,378.75,open road,,0.334,0.334,0.0,0.429,0.597,0.001
kampala_elegu,758,379.25,open road,,0.335,0.335,0.002,0.431,0.467,0.003
kampala_elegu,759,379.75,open road,,0.341,0.341,0.008,0.439,0.439,0.01
kampala_elegu,760,380.25,open road,,0.347,0.347,0.014,0.446,0.491,0.017
kampala_elegu,761,380.75,open road,,0.344,0.344,0.011,0.443,0.443,0.014
kampala_elegu,762,381.25,open road,,0.35,0.35,0.016,0.45,0.45,0.021
kampala_elegu,763,381.75,open road,,0.333,0.333,0.0,0.429,0.429,0.0
kampala_elegu,764,382.25,open road,,0.336,0.336,0.002,0.432,0.432,0.003
kampala_elegu,765,382.75,roadside settlement,,0.357,0.357,0.024,0.46,0.474,0.031
kampala_elegu,766,383.25,open road,,0.336,0.336,0.003,0.432,0.494,0.004
kampala_elegu,767,383.75,open road,Palukere West,0.342,0.342,0.008,0.439,0.439,0.011
kampala_elegu,768,384.25,open road,Palukere West,0.34,0.34,0.006,0.437,0.66,0.008
kampala_elegu,769,384.75,roadside settlement,Palukere West,0.341,0.341,0.008,0.438,0.627,0.01
kampala_elegu,770,385.25,roadside settlement,Palukere West,0.361,0.361,0.028,0.465,0.535,0.036
kampala_elegu,771,385.75,open road,Palukere West,0.336,0.336,0.002,0.432,0.52,0.003
kampala_elegu,772,386.25,open road,Palukere West,0.333,0.333,0.0,0.429,0.429,0.0
kampala_elegu,773,386.75,open road,Palukere West,0.338,0.338,0.005,0.435,0.435,0.007
kampala_elegu,774,387.25,open road,Palukere West,0.335,0.335,0.002,0.431,0.431,0.003
kampala_elegu,775,387.75,roadside settlement,,0.345,0.345,0.011,0.443,0.443,0.014
kampala_elegu,776,388.25,roadside settlement,Pawiro,0.347,0.347,0.014,0.474,0.447,0.045
kampala_elegu,777,388.75,roadside settlement,Pawiro,0.353,0.353,0.019,0.453,0.453,0.025
kampala_elegu,778,389.25,roadside settlement,Pawiro,0.356,0.356,0.022,0.457,0.457,0.029
kampala_elegu,779,389.75,roadside settlement,Pawiro,0.344,0.344,0.011,0.443,0.443,0.014
kampala_elegu,780,390.25,roadside settlement,Pawiro,0.359,0.359,0.026,0.462,0.462,0.033
kampala_elegu,781,390.75,roadside settlement,Pawiro,0.369,0.369,0.035,0.474,0.474,0.045
kampala_elegu,782,391.25,roadside settlement,Pupwonya North Lc1,0.347,0.347,0.014,0.447,0.447,0.018
kampala_elegu,783,391.75,roadside settlement,Pupwonya North Lc1,0.371,0.371,0.038,0.477,0.477,0.048
kampala_elegu,784,392.25,roadside settlement,Pupwonya North Lc1,0.411,0.411,0.078,0.529,0.529,0.1
kampala_elegu,785,392.75,roadside settlement,Atiak,0.362,0.362,0.029,0.466,0.466,0.037
kampala_elegu,786,393.25,roadside settlement,Atiak,0.403,0.403,0.069,0.518,0.518,0.089
kampala_elegu,787,393.75,town,Atiak,0.733,0.733,0.4,0.883,0.883,0.454
kampala_elegu,788,394.25,town,Aciak,0.733,0.733,0.4,0.865,0.865,0.437
kampala_elegu,789,394.75,roadside settlement,Kal West,0.402,0.402,0.069,0.517,0.517,0.089
kampala_elegu,790,395.25,roadside settlement,Kal East Lc1,0.378,0.378,0.045,0.486,0.486,0.057
kampala_elegu,791,395.75,roadside settlement,Kal East Lc1,0.346,0.346,0.013,0.445,0.445,0.017
kampala_elegu,792,396.25,roadside settlement,Kal East Lc1,0.368,0.368,0.035,0.473,0.473,0.045
kampala_elegu,793,396.75,roadside settlement,Kal East Lc1,0.361,0.361,0.027,0.464,0.504,0.035
kampala_elegu,794,397.25,roadside settlement,,0.365,0.365,0.031,0.469,0.473,0.04
kampala_elegu,795,397.75,roadside settlement,,0.371,0.371,0.037,0.476,0.476,0.048
kampala_elegu,796,398.25,roadside settlement,,0.372,0.372,0.039,0.478,0.478,0.05
kampala_elegu,797,398.75,roadside settlement,,0.378,0.378,0.044,0.485,0.485,0.057
kampala_elegu,798,399.25,roadside settlement,Pacilo,0.348,0.348,0.014,0.447,0.447,0.019
kampala_elegu,799,399.75,roadside settlement,Pacilo,0.342,0.342,0.008,0.439,0.439,0.011
kampala_elegu,800,400.25,open road,Pacilo,0.339,0.339,0.006,0.436,0.436,0.007
kampala_elegu,801,400.75,open road,Pacilo,0.336,0.336,0.003,0.432,0.432,0.004
kampala_elegu,802,401.25,roadside settlement,Pacilo,0.355,0.355,0.022,0.456,0.456,0.028
kampala_elegu,803,401.75,roadside settlement,Pacilo,0.368,0.368,0.034,0.473,0.473,0.044
kampala_elegu,804,402.25,roadside settlement,Pacilo,0.345,0.345,0.011,0.443,0.443,0.014
kampala_elegu,805,402.75,open road,Pacilo East,0.342,0.342,0.008,0.439,0.439,0.011
kampala_elegu,806,403.25,roadside settlement,Pacilo East,0.347,0.347,0.014,0.446,0.446,0.017
kampala_elegu,807,403.75,roadside settlement,Pacilo East,0.358,0.358,0.025,0.46,0.46,0.032
kampala_elegu,808,404.25,roadside settlement,Pacilo East,0.4,0.4,0.066,0.514,0.514,0.085
kampala_elegu,809,404.75,roadside settlement,Pacilo East,0.37,0.37,0.036,0.475,0.475,0.047
kampala_elegu,810,405.25,open road,Pacilo East,0.345,0.345,0.012,0.443,0.443,0.015
kampala_elegu,811,405.75,roadside settlement,Pacilo East,0.352,0.352,0.019,0.453,0.453,0.024
kampala_elegu,812,406.25,open road,Pacilo East,0.336,0.336,0.003,0.432,0.432,0.004
kampala_elegu,813,406.75,open road,,0.333,0.333,0.0,0.429,0.429,0.0
kampala_elegu,814,407.25,open road,,0.336,0.336,0.003,0.432,0.432,0.004
kampala_elegu,815,407.75,open road,,0.337,0.337,0.004,0.433,0.433,0.005
kampala_elegu,816,408.25,open road,,0.335,0.335,0.001,0.43,0.43,0.002
kampala_elegu,817,408.75,open road,,0.333,0.333,0.0,0.429,0.448,0.0
kampala_elegu,818,409.25,open road,,0.345,0.345,0.012,0.443,0.479,0.015
kampala_elegu,819,409.75,open road,,0.335,0.335,0.002,0.431,0.431,0.003
kampala_elegu,820,410.25,open road,,0.335,0.335,0.001,0.43,0.43,0.002
kampala_elegu,821,410.75,open road,,0.333,0.333,0.0,0.429,0.519,0.0
kampala_elegu,822,411.25,open road,,0.333,0.333,0.0,0.429,0.429,0.0
kampala_elegu,823,411.75,open road,,0.333,0.333,0.0,0.429,0.429,0.0
kampala_elegu,824,412.25,open road,,0.333,0.333,0.0,0.429,0.511,0.0
kampala_elegu,825,412.75,open road,,0.339,0.339,0.006,0.436,0.476,0.008
kampala_elegu,826,413.25,open road,,0.344,0.344,0.011,0.442,0.454,0.014
kampala_elegu,827,413.75,open road,,0.417,0.417,0.083,0.512,0.512,0.083
kampala_elegu,828,414.25,open road,Bibia East,0.338,0.338,0.005,0.435,0.435,0.007
kampala_elegu,829,414.75,open road,Bibia East,0.349,0.349,0.016,0.449,0.449,0.02
kampala_elegu,830,415.25,open road,Bibia East,0.349,0.349,0.016,0.449,0.639,0.02
kampala_elegu,831,415.75,open road,Bibia East,0.345,0.345,0.012,0.443,0.501,0.015
kampala_elegu,832,416.25,open road,Bibia East,0.349,0.349,0.016,0.449,0.514,0.02
kampala_elegu,833,416.75,open road,Bibia East,0.339,0.339,0.006,0.436,0.436,0.008
kampala_elegu,834,417.25,open road,Bibia East,0.34,0.34,0.007,0.438,0.438,0.009
kampala_elegu,835,417.75,open road,Bibia,0.333,0.333,0.0,0.429,0.429,0.0
kampala_elegu,836,418.25,open road,Bibia,0.344,0.344,0.011,0.443,0.443,0.014
kampala_elegu,837,418.75,roadside settlement,Bibia,0.351,0.351,0.017,0.451,0.451,0.022
kampala_elegu,838,419.25,town,Bibia,0.733,0.733,0.4,0.8,0.8,0.371
kampala_elegu,839,419.75,roadside settlement,Bibia West,0.392,0.392,0.059,0.504,0.504,0.076
kampala_elegu,840,420.25,open road,Bibia West,0.333,0.333,0.0,0.429,0.429,0.0
kampala_elegu,841,420.75,open road,Bibia West,0.344,0.344,0.01,0.442,0.442,0.013
kampala_elegu,842,421.25,open road,Bibia West,0.333,0.333,0.0,0.429,0.438,0.0
kampala_elegu,843,421.75,roadside settlement,,0.369,0.369,0.036,0.474,0.474,0.046
kampala_elegu,844,422.25,roadside settlement,,0.363,0.363,0.03,0.467,0.507,0.038
kampala_elegu,845,422.75,roadside settlement,,0.346,0.346,0.013,0.445,0.471,0.017
kampala_elegu,846,423.25,roadside settlement,,0.383,0.383,0.05,0.492,0.492,0.064
kampala_elegu,847,423.75,roadside settlement,,0.382,0.382,0.049,0.492,0.492,0.063
kampala_elegu,848,424.25,roadside settlement,,0.369,0.369,0.035,0.474,0.509,0.045
kampala_elegu,849,424.75,open road,,0.359,0.359,0.025,0.461,0.461,0.033
kampala_elegu,850,425.25,open road,,0.351,0.351,0.018,0.451,0.451,0.023
kampala_elegu,851,425.75,open road,Bibia West Lc1,0.339,0.339,0.006,0.436,0.436,0.008
kampala_elegu,852,426.25,open road,Bibia West Lc1,0.34,0.34,0.006,0.437,0.437,0.008
kampala_elegu,853,426.75,open road,Bibia West Lc1,0.339,0.339,0.005,0.436,0.436,0.007
kampala_elegu,854,427.25,open road,Bibia West Lc1,0.356,0.356,0.023,0.458,0.458,0.029
kampala_elegu,855,427.75,open road,Bibia West Lc1,0.356,0.356,0.023,0.458,0.458,0.029
kampala_elegu,856,428.25,open road,Bibia West Lc1,0.337,0.337,0.004,0.433,0.433,0.005
kampala_elegu,857,428.75,roadside settlement,Bibia West Lc1,0.386,0.386,0.053,0.497,0.497,0.068
kampala_elegu,858,429.25,roadside settlement,Bibia West Lc1,0.513,0.513,0.179,0.659,0.659,0.231
kampala_elegu,859,429.75,town,,1.067,1.067,0.733,2.88,2.88,2.451
kampala_elegu,860,430.25,roadside settlement,,0.419,0.419,0.085,0.538,0.538,0.11
kampala_elegu,861,430.65911696159094,roadside settlement,,0.65,0.65,0.316,1.621,1.621,1.192
kampala_hoima,0,0.25,town,Mugema,0.737,0.737,0.403,0.976,0.976,0.547
kampala_hoima,1,0.75,town,Namungoona,0.733,0.733,0.4,0.962,0.962,0.534
kampala_hoima,2,1.25,town,Namugoona Roundabout,0.737,0.737,0.403,0.976,0.976,0.547
kampala_hoima,3,1.75,town,Namugoona Roundabout,0.733,0.733,0.433,0.8,0.8,0.371
kampala_hoima,4,2.25,town,Nansana West II A,0.737,0.737,0.403,0.976,0.976,0.547
kampala_hoima,5,2.75,town,Nansana East II A,0.733,0.733,0.4,1.122,0.937,0.694
kampala_hoima,6,3.25,town,Nansana East II A,0.737,0.737,0.403,0.976,0.976,0.547
kampala_hoima,7,3.75,town,Nansana West II B,0.733,0.733,0.4,0.949,0.949,0.521
kampala_hoima,8,4.25,town,Nansana,0.903,0.903,0.57,1.976,1.976,1.547
kampala_hoima,9,4.75,town,Nansana West I A,0.733,0.733,0.4,0.949,0.949,0.521
kampala_hoima,10,5.25,town,Nansana West I B,0.733,0.733,0.4,0.937,0.965,0.508
kampala_hoima,11,5.75,town,,0.733,0.733,0.4,0.949,0.949,0.521
kampala_hoima,12,6.25,town,,0.983,0.983,0.65,2.046,2.046,1.617
kampala_hoima,13,6.75,town,Ocheng A,0.733,0.733,0.4,0.949,0.949,0.521
kampala_hoima,14,7.25,town,Ocheng B,0.733,0.733,0.4,0.925,1.026,0.496
kampala_hoima,15,7.75,roadside settlement,Ocheng B,0.705,0.705,0.372,1.801,1.692,1.373
kampala_hoima,16,8.25,town,Naluvule,0.737,0.737,0.403,0.976,0.976,0.547
kampala_hoima,17,8.75,roadside settlement,Kayunga,0.413,0.413,0.079,0.53,0.53,0.102
kampala_hoima,18,9.25,roadside settlement,Kayunga,0.537,0.537,0.204,0.69,0.69,0.262
kampala_hoima,19,9.75,roadside settlement,Gombe A,0.564,0.564,0.23,0.725,0.725,0.296
kampala_hoima,20,10.25,roadside settlement,Kasangobe,0.546,0.546,0.212,0.701,0.701,0.273
kampala_hoima,21,10.75,town,Kasangobe,0.733,0.733,0.4,0.89,0.89,0.462
kampala_hoima,22,11.25,town,Wakiso,0.733,0.733,0.4,1.041,0.901,0.612
kampala_hoima,23,11.75,town,Kisimbiri Central,0.733,0.733,0.4,0.913,0.913,0.484
kampala_hoima,24,12.25,roadside settlement,Kyoga,0.554,0.554,0.221,0.713,0.713,0.284
kampala_hoima,25,12.75,roadside settlement,Kyoga,0.498,0.498,0.165,0.641,0.692,0.212
kampala_hoima,26,13.25,roadside settlement,Namusera,0.475,0.475,0.142,0.864,0.611,0.435
kampala_hoima,27,13.75,roadside settlement,Namusera,0.554,0.554,0.221,0.713,0.713,0.284
kampala_hoima,28,14.25,roadside settlement,Namusera,0.554,0.554,0.221,0.713,0.797,0.284
kampala_hoima,29,14.75,roadside settlement,Namusera,0.377,0.377,0.043,0.498,0.484,0.07
kampala_hoima,30,15.25,roadside settlement,Nkoowe,0.529,0.529,0.195,0.68,0.68,0.251
kampala_hoima,31,15.75,roadside settlement,Nkoowe,0.537,0.537,0.204,0.69,0.69,0.262
kampala_hoima,32,16.25,roadside settlement,Nkoowe,0.508,0.508,0.175,0.653,0.688,0.224
kampala_hoima,33,16.75,roadside settlement,Nkoowe,0.403,0.403,0.069,0.518,0.859,0.089
kampala_hoima,34,17.25,roadside settlement,Kikubampanga,0.408,0.408,0.075,0.525,0.525,0.097
kampala_hoima,35,17.75,roadside settlement,Kikubampanga,0.442,0.442,0.109,0.569,0.569,0.14
kampala_hoima,36,18.25,roadside settlement,Kikubampanga,0.345,0.345,0.012,0.444,0.466,0.015
kampala_hoima,37,18.75,roadside settlement,Kikubampanga,0.356,0.356,0.023,0.891,0.458,0.463
kampala_hoima,38,19.25,roadside settlement,Kikubampanga,0.487,0.487,0.153,0.626,0.626,0.197
kampala_hoima,39,19.75,roadside settlement,Kikubampanga,0.546,0.546,0.212,0.701,0.701,0.273
kampala_hoima,40,20.25,roadside settlement,Kikubampanga,0.537,0.537,0.204,0.69,0.761,0.262
kampala_hoima,41,20.75,roadside settlement,Kigaaga,0.464,0.464,0.131,0.597,0.597,0.168
kampala_hoima,42,21.25,roadside settlement,Kigaaga,0.463,0.463,0.129,0.595,0.595,0.166
kampala_hoima,43,21.75,town,Kakiri,0.733,0.733,0.4,0.913,0.913,0.484
kampala_hoima,44,22.25,roadside settlement,Kisenyi,0.564,0.564,0.23,0.725,0.725,0.296
kampala_hoima,45,22.75,roadside settlement,Kisenyi,0.405,0.405,0.072,0.559,0.521,0.131
kampala_hoima,46,23.25,roadside settlement,Kambe,0.417,0.417,0.083,0.536,0.536,0.107
kampala_hoima,47,23.75,roadside settlement,Kambe,0.456,0.456,0.123,0.586,0.586,0.158
kampala_hoima,48,24.25,roadside settlement,Bulonda,0.484,0.484,0.151,0.622,0.622,0.194
kampala_hoima,49,24.75,roadside settlement,Bulonda,0.454,0.454,0.121,0.584,0.692,0.156
kampala_hoima,50,25.25,roadside settlement,Bulonda,0.48,0.48,0.147,0.617,1.169,0.189
kampala_hoima,51,25.75,roadside settlement,Nakyelongoosa,0.386,0.386,0.053,0.496,0.789,0.068
kampala_hoima,52,26.25,roadside settlement,Kikandwa,0.495,0.495,0.162,0.636,0.636,0.208
kampala_hoima,53,26.75,roadside settlement,Kikandwa,0.537,0.537,0.204,0.69,0.69,0.262
kampala_hoima,54,27.25,roadside settlement,Kikandwa,0.396,0.396,0.062,0.509,0.509,0.08
kampala_hoima,55,27.75,roadside settlement,Lugombe,0.4,0.4,0.066,0.514,0.795,0.085
kampala_hoima,56,28.25,roadside settlement,Lugombe,0.37,0.37,0.037,0.476,0.476,0.048
kampala_hoima,57,28.75,roadside settlement,Mwera,0.352,0.352,0.018,0.452,0.452,0.023
kampala_hoima,58,29.25,roadside settlement,Mwera,0.398,0.398,0.065,0.818,0.512,0.389
kampala_hoima,59,29.75,roadside settlement,Mwera,0.537,0.537,0.204,0.69,0.69,0.262
kampala_hoima,60,30.25,roadside settlement,Mwera,0.472,0.472,0.139,0.607,0.607,0.178
kampala_hoima,61,30.75,roadside settlement,Nampunge,0.447,0.447,0.114,0.575,0.575,0.146
kampala_hoima,62,31.25,roadside settlement,Nampunge,0.494,0.494,0.161,0.635,0.635,0.207
kampala_hoima,63,31.75,roadside settlement,Nampunge,0.554,0.554,0.221,0.713,0.713,0.284
kampala_hoima,64,32.25,roadside settlement,Nampunge,0.529,0.529,0.195,0.68,0.68,0.251
kampala_hoima,65,32.75,roadside settlement,Ggala Nalya,0.399,0.399,0.065,0.512,0.619,0.084
kampala_hoima,66,33.25,roadside settlement,Gobero,0.356,0.356,0.022,0.457,0.834,0.029
kampala_hoima,67,33.75,roadside settlement,Gobero,0.421,0.421,0.088,0.542,0.542,0.113
kampala_hoima,68,34.25,roadside settlement,Gobero,0.5,0.5,0.167,0.6,0.6,0.171
kampala_hoima,69,34.75,roadside settlement,Gobero,0.344,0.344,0.01,0.481,0.442,0.053
kampala_hoima,70,35.25,open road,Gobero,0.338,0.338,0.004,0.434,0.434,0.006
kampala_hoima,71,35.75,open road,Gobero,0.351,0.351,0.018,0.451,0.451,0.023
kampala_hoima,72,36.25,open road,Busaku,0.336,0.336,0.003,0.647,0.432,0.219
kampala_hoima,73,36.75,roadside settlement,Busaku,0.355,0.355,0.021,0.456,0.474,0.028
kampala_hoima,74,37.25,roadside settlement,Busaku,0.376,0.376,0.042,0.483,0.483,0.054
kampala_hoima,75,37.75,roadside settlement,Busaku,0.363,0.363,0.03,0.674,0.467,0.245
kampala_hoima,76,38.25,roadside settlement,Busaku,0.379,0.379,0.045,0.487,0.575,0.058
kampala_hoima,77,38.75,roadside settlement,Busaku,0.349,0.349,0.016,0.449,0.514,0.02
kampala_hoima,78,39.25,roadside settlement,Namayumba,0.398,0.398,0.065,0.764,0.512,0.335
kampala_hoima,79,39.75,roadside settlement,Namayumba,0.511,0.511,0.177,0.657,0.657,0.228
kampala_hoima,80,40.25,roadside settlement,Namayumba,0.537,0.537,0.204,0.69,0.69,0.262
kampala_hoima,81,40.75,roadside settlement,Namayumba,0.529,0.529,0.195,0.68,0.68,0.251
kampala_hoima,82,41.25,roadside settlement,Kavule,0.395,0.395,0.062,0.508,0.508,0.079
kampala_hoima,83,41.75,roadside settlement,Kavule,0.36,0.36,0.027,0.463,0.463,0.034
kampala_hoima,84,42.25,roadside settlement,Namayumba,0.387,0.387,0.054,0.639,0.498,0.21
kampala_hoima,85,42.75,roadside settlement,Namayumba,0.369,0.369,0.036,0.475,0.671,0.046
kampala_hoima,86,43.25,roadside settlement,Namayumba,0.418,0.418,0.085,0.538,0.538,0.109
kampala_hoima,87,43.75,roadside settlement,Kyanuuna,0.373,0.373,0.04,0.48,0.591,0.051
kampala_hoima,88,44.25,open road,Kyanuuna,0.343,0.343,0.009,0.441,0.538,0.012
kampala_hoima,89,44.75,roadside settlement,Kyanuuna,0.369,0.369,0.036,0.475,0.475,0.046
kampala_hoima,90,45.25,roadside settlement,Kyanuna,0.403,0.403,0.07,0.519,0.519,0.09
kampala_hoima,91,45.75,roadside settlement,Kyanuna,0.371,0.371,0.038,0.477,0.477,0.048
kampala_hoima,92,46.25,open road,Kyanuna,0.341,0.341,0.008,0.439,0.538,0.01
kampala_hoima,93,46.75,roadside settlement,Mikka,0.354,0.354,0.021,0.455,0.544,0.027
kampala_hoima,94,47.25,roadside settlement,Mikka,0.451,0.451,0.118,0.58,0.58,0.151
kampala_hoima,95,47.75,open road,Busunju D,0.339,0.339,0.006,0.436,0.436,0.008
kampala_hoima,96,48.25,roadside settlement,Kibubula C,0.347,0.347,0.014,0.446,0.446,0.017
kampala_hoima,97,48.75,roadside settlement,Kibubula C,0.442,0.442,0.109,0.569,0.569,0.14
kampala_hoima,98,49.25,roadside settlement,Busunju,0.564,0.564,0.23,0.725,0.725,0.296
kampala_hoima,99,49.75,roadside settlement,Kibubula A,0.478,0.478,0.145,0.615,0.615,0.186
kampala_hoima,100,50.25,roadside settlement,Busunju A,0.42,0.42,0.086,1.018,0.54,0.589
kampala_hoima,101,50.75,roadside settlement,Busunju A,0.374,0.374,0.04,0.481,0.481,0.052
kampala_hoima,102,51.25,roadside settlement,Mbalala,0.369,0.369,0.036,0.475,0.475,0.046
kampala_hoima,103,51.75,roadside settlement,Mbalala,0.458,0.458,0.125,0.589,0.589,0.16
kampala_hoima,104,52.25,roadside settlement,Kitamaavu,0.481,0.481,0.147,0.618,0.618,0.19
kampala_hoima,105,52.75,roadside settlement,Kitamaavu,0.364,0.364,0.031,0.468,0.739,0.039
kampala_hoima,106,53.25,open road,Kitamaavu,0.347,0.347,0.014,0.446,0.488,0.017
kampala_hoima,107,53.75,open road,Kikunyu,0.336,0.336,0.003,0.433,0.612,0.004
kampala_hoima,108,54.25,open road,Namigavu,0.333,0.333,0.0,0.559,0.429,0.131
kampala_hoima,109,54.75,open road,Namigavu,0.339,0.339,0.006,0.546,0.436,0.118
kampala_hoima,110,55.25,roadside settlement,Namigavu,0.398,0.398,0.064,0.828,0.511,0.4
kampala_hoima,111,55.75,roadside settlement,Bombo (namigavu),0.365,0.365,0.032,0.47,0.652,0.041
kampala_hoima,112,56.25,roadside settlement,Kibisi,0.383,0.383,0.05,0.493,0.527,0.064
kampala_hoima,113,56.75,roadside settlement,Kibisi,0.393,0.393,0.06,0.505,0.591,0.077
kampala_hoima,114,57.25,roadside settlement,Kanyale (namigavu),0.396,0.396,0.062,0.509,0.509,0.08
kampala_hoima,115,57.75,roadside settlement,Wangoma,0.363,0.363,0.029,0.466,0.694,0.038
kampala_hoima,116,58.25,roadside settlement,Wangoma,0.366,0.366,0.033,0.471,0.471,0.042
kampala_hoima,117,58.75,roadside settlement,Wangoma,0.34,0.34,0.007,0.437,0.437,0.009
kampala_hoima,118,59.25,roadside settlement,Mate,0.473,0.473,0.139,0.73,0.608,0.301
kampala_hoima,119,59.75,roadside settlement,Matte,0.366,0.366,0.033,0.619,0.471,0.191
kampala_hoima,120,60.25,open road,Matte,0.5,0.5,0.167,0.862,0.6,0.434
kampala_hoima,121,60.75,open road,Matte,0.333,0.333,0.0,0.947,0.429,0.519
kampala_hoima,122,61.25,open road,Matte,0.5,0.5,0.167,0.6,0.6,0.171
kampala_hoima,123,61.75,open road,Nana,0.342,0.342,0.009,0.44,0.883,0.012
kampala_hoima,124,62.25,roadside settlement,Nana,0.364,0.364,0.031,0.468,0.676,0.039
kampala_hoima,125,62.75,roadside settlement,Nana,0.5,0.5,0.167,0.604,0.6,0.176
kampala_hoima,126,63.25,roadside settlement,Kabongezo,0.505,0.505,0.171,0.66,0.649,0.231
kampala_hoima,127,63.75,roadside settlement,Kabongezo,0.39,0.39,0.057,0.889,0.502,0.461
kampala_hoima,128,64.25,roadside settlement,Kabongezo,0.371,0.371,0.038,0.477,0.477,0.048
kampala_hoima,129,64.75,roadside settlement,Kikandwa,0.382,0.382,0.048,0.491,0.491,0.062
kampala_hoima,130,65.25,roadside settlement,Bombo,0.365,0.365,0.031,0.469,0.469,0.04
kampala_hoima,131,65.75,roadside settlement,Bombo (nakwaya),0.378,0.378,0.044,0.486,0.507,0.057
kampala_hoima,132,66.25,roadside settlement,Bombo (nakwaya),0.375,0.375,0.042,0.482,0.885,0.053
kampala_hoima,133,66.75,roadside settlement,Nakwaya B,0.378,0.378,0.044,0.579,0.485,0.15
kampala_hoima,134,67.25,roadside settlement,Nakwaya B,0.416,0.416,0.082,0.534,0.534,0.106
kampala_hoima,135,67.75,roadside settlement,Bukalamuli,0.378,0.378,0.044,0.486,0.486,0.057
kampala_hoima,136,68.25,roadside settlement,Nakwaya,0.383,0.383,0.05,0.493,0.493,0.064
kampala_hoima,137,68.75,roadside settlement,Kituuma,0.5,0.5,0.167,0.6,0.6,0.171
kampala_hoima,138,69.25,roadside settlement,Kituuma,0.365,0.365,0.032,0.47,0.47,0.041
kampala_hoima,139,69.75,roadside settlement,Kituuma,0.448,0.448,0.114,0.575,0.575,0.147
kampala_hoima,140,70.25,roadside settlement,Temanekali A,0.391,0.391,0.058,0.53,0.503,0.102
kampala_hoima,141,70.75,roadside settlement,Temanekali A,0.388,0.388,0.055,0.499,0.499,0.07
kampala_hoima,142,71.25,roadside settlement,Temanekali A,0.358,0.358,0.025,0.461,0.461,0.032
kampala_hoima,143,71.75,roadside settlement,Kasokolindo,0.353,0.353,0.02,0.454,0.661,0.026
kampala_hoima,144,72.25,roadside settlement,Kasokolindo,0.369,0.369,0.036,0.474,0.818,0.046
kampala_hoima,145,72.75,roadside settlement,Mataagi,0.377,0.377,0.043,0.484,0.507,0.056
kampala_hoima,146,73.25,roadside settlement,Bukomero B,0.405,0.405,0.072,0.567,0.521,0.138
kampala_hoima,147,73.75,roadside settlement,Bukomero B,0.393,0.393,0.06,0.505,0.505,0.077
kampala_hoima,148,74.25,roadside settlement,Bukomero B,0.428,0.428,0.094,0.55,0.55,0.121
kampala_hoima,149,74.75,roadside settlement,Bukomero Central,0.537,0.537,0.204,0.69,0.69,0.262
kampala_hoima,150,75.25,roadside settlement,Bukomero Central,0.5,0.5,0.167,0.6,0.6,0.171
kampala_hoima,151,75.75,roadside settlement,Kakunyu A,0.529,0.529,0.195,0.68,0.68,0.251
kampala_hoima,152,76.25,roadside settlement,Kakunyu A,0.417,0.417,0.084,0.536,0.536,0.108
kampala_hoima,153,76.75,roadside settlement,Kalagala B,0.36,0.36,0.027,0.463,0.463,0.035
kampala_hoima,154,77.25,roadside settlement,Kateera,0.359,0.359,0.025,0.651,0.461,0.223
kampala_hoima,155,77.75,roadside settlement,Kateera,0.413,0.413,0.079,0.536,0.53,0.107
kampala_hoima,156,78.25,roadside settlement,Kateera,0.445,0.445,0.112,0.639,0.572,0.21
kampala_hoima,157,78.75,roadside settlement,Kalagala,0.365,0.365,0.031,0.469,0.469,0.04
kampala_hoima,158,79.25,roadside settlement,Kalagala,0.365,0.365,0.032,0.469,0.469,0.041
kampala_hoima,159,79.75,roadside settlement,Kalagala,0.351,0.351,0.018,0.651,0.452,0.223
kampala_hoima,160,80.25,roadside settlement,Kyamanyoli,0.358,0.358,0.025,0.527,0.46,0.099
kampala_hoima,161,80.75,roadside settlement,Kyamanyoli,0.361,0.361,0.028,0.507,0.465,0.078
kampala_hoima,162,81.25,open road,Kyamanyoli,0.5,0.5,0.167,0.6,0.6,0.171
kampala_hoima,163,81.75,open road,Kyamanyoli,0.343,0.343,0.01,0.626,0.441,0.197
kampala_hoima,164,82.25,open road,Kayunga,0.34,0.34,0.007,0.739,0.437,0.311
kampala_hoima,165,82.75,roadside settlement,Kayunga,0.344,0.344,0.011,0.845,0.443,0.417
kampala_hoima,166,83.25,roadside settlement,Kayunga,0.365,0.365,0.032,0.481,0.47,0.053
kampala_hoima,167,83.75,roadside settlement,Mpangala East,0.383,0.383,0.05,0.493,0.493,0.064
kampala_hoima,168,84.25,roadside settlement,Mpangala East,0.382,0.382,0.048,0.491,0.491,0.062
kampala_hoima,169,84.75,roadside settlement,Mpangala West,0.355,0.355,0.022,0.457,0.457,0.028
kampala_hoima,170,85.25,roadside settlement,Kiyamba,0.358,0.358,0.025,0.461,0.646,0.032
kampala_hoima,171,85.75,roadside settlement,Kiyamba,0.357,0.357,0.024,0.459,0.459,0.031
kampala_hoima,172,86.25,roadside settlement,Kiyamba,0.345,0.345,0.012,0.444,0.444,0.016
kampala_hoima,173,86.75,roadside settlement,Kyoomya,0.344,0.344,0.01,0.445,0.442,0.016
kampala_hoima,174,87.25,roadside settlement,Kyoomya,0.352,0.352,0.018,0.452,0.452,0.024
kampala_hoima,175,87.75,roadside settlement,Kyoomya,0.356,0.356,0.023,0.458,0.458,0.03
kampala_hoima,176,88.25,roadside settlement,Nakaseeta,0.344,0.344,0.011,0.443,0.463,0.014
kampala_hoima,177,88.75,open road,Nakaseeta,0.34,0.34,0.007,0.437,0.437,0.009
kampala_hoima,178,89.25,roadside settlement,Nakaseeta,0.373,0.373,0.039,0.479,0.48,0.051
kampala_hoima,179,89.75,roadside settlement,Nakaseeta,0.364,0.364,0.031,0.468,0.468,0.039
kampala_hoima,180,90.25,open road,Ssinde,0.341,0.341,0.008,0.439,0.644,0.01
kampala_hoima,181,90.75,roadside settlement,Ssinde,0.355,0.355,0.021,0.456,0.456,0.027
kampala_hoima,182,91.25,roadside settlement,Ssinde,0.354,0.354,0.021,0.456,0.456,0.027
kampala_hoima,183,91.75,roadside settlement,Ssinde,0.347,0.347,0.014,0.446,0.446,0.018
kampala_hoima,184,92.25,roadside settlement,Ssinde,0.345,0.345,0.011,0.443,0.443,0.014
kampala_hoima,185,92.75,roadside settlement,Lunya,0.344,0.344,0.01,0.442,0.738,0.013
kampala_hoima,186,93.25,roadside settlement,Lunya,0.38,0.38,0.046,0.488,0.913,0.059
kampala_hoima,187,93.75,roadside settlement,Lunya,0.362,0.362,0.029,0.736,0.466,0.308
kampala_hoima,188,94.25,roadside settlement,Kitutumuzi,0.386,0.386,0.053,0.496,0.496,0.068
kampala_hoima,189,94.75,roadside settlement,Lunya,0.373,0.373,0.04,0.479,0.569,0.051
kampala_hoima,190,95.25,roadside settlement,Lunya,0.353,0.353,0.02,0.454,0.57,0.025
kampala_hoima,191,95.75,roadside settlement,Lunya,0.351,0.351,0.018,0.451,0.802,0.023
kampala_hoima,192,96.25,roadside settlement,Lunya,0.353,0.353,0.02,0.454,0.454,0.025
kampala_hoima,193,96.75,roadside settlement,Kawanda-namawugulu,0.368,0.368,0.034,0.473,0.711,0.044
kampala_hoima,194,97.25,roadside settlement,Kawaawa,0.356,0.356,0.023,0.458,0.458,0.03
kampala_hoima,195,97.75,roadside settlement,Kawaawa,0.355,0.355,0.021,0.456,0.456,0.027
kampala_hoima,196,98.25,roadside settlement,Kawaawa,0.369,0.369,0.036,0.475,0.553,0.046
kampala_hoima,197,98.75,roadside settlement,Kattanzige,0.454,0.454,0.121,0.584,0.584,0.155
kampala_hoima,198,99.25,roadside settlement,Kattanzige,0.537,0.537,0.204,0.69,0.69,0.262
kampala_hoima,199,99.75,town,Lwamata Central,0.733,0.733,0.4,0.901,0.901,0.473
kampala_hoima,200,100.25,roadside settlement,Lwamata Central,0.408,0.408,0.075,0.672,0.524,0.243
kampala_hoima,201,100.75,roadside settlement,Lwamata,0.369,0.369,0.036,0.475,0.475,0.046
kampala_hoima,202,101.25,roadside settlement,Kittankula,0.362,0.362,0.028,0.465,0.465,0.036
kampala_hoima,203,101.75,roadside settlement,Kittankula,0.36,0.36,0.027,0.463,0.463,0.035
kampala_hoima,204,102.25,roadside settlement,Busabulongo,0.36,0.36,0.026,0.462,0.462,0.034
kampala_hoima,205,102.75,roadside settlement,Busabulongo,0.384,0.384,0.05,0.493,0.493,0.065
kampala_hoima,206,103.25,roadside settlement,Busabulongo,0.377,0.377,0.043,0.484,0.484,0.056
kampala_hoima,207,103.75,roadside settlement,Kyekumbya (kyekumbya),0.355,0.355,0.022,0.456,0.456,0.028
kampala_hoima,208,104.25,roadside settlement,Kyekumbya (kyekumbya),0.362,0.362,0.029,0.466,0.466,0.037
kampala_hoima,209,104.75,roadside settlement,Kyekumbya (kyekumbya),0.374,0.374,0.04,0.481,0.767,0.052
kampala_hoima,210,105.25,roadside settlement,Kyekumbya (kyekumbya),0.386,0.386,0.053,0.496,0.496,0.068
kampala_hoima,211,105.75,roadside settlement,Kyekumbya (kyekumbya),0.385,0.385,0.052,0.596,0.495,0.167
kampala_hoima,212,106.25,roadside settlement,Kyekumbya (kyekumbya),0.352,0.352,0.018,0.452,0.452,0.023
kampala_hoima,213,106.75,roadside settlement,,0.349,0.349,0.016,0.481,0.449,0.053
kampala_hoima,214,107.25,roadside settlement,,0.355,0.355,0.022,0.456,0.566,0.028
kampala_hoima,215,107.75,roadside settlement,,0.36,0.36,0.026,0.462,0.474,0.034
kampala_hoima,216,108.25,roadside settlement,Kirinda,0.366,0.366,0.032,0.47,0.654,0.042
kampala_hoima,217,108.75,open road,Kirinda,0.336,0.336,0.003,0.574,0.432,0.146
kampala_hoima,218,109.25,roadside settlement,Kirinda,0.351,0.351,0.017,0.818,0.451,0.389
kampala_hoima,219,109.75,roadside settlement,Kirinda,0.448,0.448,0.114,0.75,0.575,0.321
kampala_hoima,220,110.25,roadside settlement,Kirinda,0.537,0.537,0.204,0.69,0.69,0.262
kampala_hoima,221,110.75,roadside settlement,Kirinda,0.39,0.39,0.057,0.502,0.507,0.073
kampala_hoima,222,111.25,roadside settlement,Kyetume A,0.358,0.358,0.024,0.46,0.46,0.031
kampala_hoima,223,111.75,roadside settlement,Kyetume A,0.5,0.5,0.167,0.6,0.6,0.171
kampala_hoima,224,112.25,roadside settlement,Kyetume A,0.433,0.433,0.1,0.557,0.557,0.128
kampala_hoima,225,112.75,roadside settlement,Kagobe,0.35,0.35,0.017,0.45,0.581,0.022
kampala_hoima,226,113.25,roadside settlement,Kagobe,0.352,0.352,0.018,0.452,0.552,0.023
kampala_hoima,227,113.75,roadside settlement,Lwaminyol,0.346,0.346,0.012,0.444,0.444,0.016
kampala_hoima,228,114.25,roadside settlement,Lwaminyol,0.353,0.353,0.019,0.546,0.454,0.118
kampala_hoima,229,114.75,roadside settlement,Kyanga,0.5,0.5,0.167,0.6,0.6,0.171
kampala_hoima,230,115.25,roadside settlement,Luwunga.b,0.465,0.465,0.132,0.905,0.598,0.477
kampala_hoima,231,115.75,town,Hospital,0.733,0.733,0.4,0.897,0.897,0.468
kampala_hoima,232,116.25,roadside settlement,Hospital,0.452,0.452,0.118,0.581,0.581,0.152
kampala_hoima,233,116.75,roadside settlement,Kiboga Town,0.469,0.469,0.136,0.603,0.603,0.174
kampala_hoima,234,117.25,roadside settlement,Kiboga,0.537,0.537,0.204,0.69,0.786,0.262
kampala_hoima,235,117.75,roadside settlement,Kabakanjagala,0.518,0.518,0.185,0.667,0.862,0.238
kampala_hoima,236,118.25,roadside settlement,Kabakanjagala,0.384,0.384,0.05,0.493,0.493,0.065
kampala_hoima,237,118.75,roadside settlement,Katuugo,0.408,0.408,0.074,0.524,0.524,0.095
kampala_hoima,238,119.25,roadside settlement,Katuugo,0.401,0.401,0.068,0.657,0.516,0.228
kampala_hoima,239,119.75,roadside settlement,Kalagi A,0.38,0.38,0.046,0.488,0.571,0.059
kampala_hoima,240,120.25,roadside settlement,Kalagi A,0.358,0.358,0.024,0.46,0.46,0.031
kampala_hoima,241,120.75,roadside settlement,Kalagi B,0.511,0.511,0.178,0.657,0.657,0.229
kampala_hoima,242,121.25,roadside settlement,Kalagi B,0.392,0.392,0.059,0.504,0.643,0.076
kampala_hoima,243,121.75,roadside settlement,Masodde,0.355,0.355,0.021,0.685,0.456,0.256
kampala_hoima,244,122.25,roadside settlement,Masodde,0.41,0.41,0.076,0.527,0.527,0.098
kampala_hoima,245,122.75,roadside settlement,Masodde,0.376,0.376,0.043,0.484,0.484,0.055
kampala_hoima,246,123.25,roadside settlement,Kikweyengo,0.345,0.345,0.012,0.556,0.444,0.128
kampala_hoima,247,123.75,roadside settlement,Kikweyengo,0.362,0.362,0.029,0.655,0.466,0.226
kampala_hoima,248,124.25,roadside settlement,Kikweyengo,0.381,0.381,0.048,0.535,0.49,0.106
kampala_hoima,249,124.75,roadside settlement,Kikweyengo,0.367,0.367,0.034,0.472,0.472,0.043
kampala_hoima,250,125.25,roadside settlement,Kyakayingo,0.357,0.357,0.024,0.459,0.467,0.031
kampala_hoima,251,125.75,roadside settlement,Kisekende,0.36,0.36,0.026,0.463,0.599,0.034
kampala_hoima,252,126.25,open road,Kisekende,0.338,0.338,0.005,0.435,0.461,0.007
kampala_hoima,253,126.75,roadside settlement,Lwansama,0.355,0.355,0.022,0.581,0.457,0.152
kampala_hoima,254,127.25,roadside settlement,Lwansama,0.362,0.362,0.029,0.466,0.466,0.037
kampala_hoima,255,127.75,roadside settlement,Lwansama,0.368,0.368,0.035,0.473,0.473,0.045
kampala_hoima,256,128.25,roadside settlement,Lwampalala,0.343,0.343,0.009,0.44,0.66,0.012
kampala_hoima,257,128.75,open road,Lwampalala,0.336,0.336,0.003,0.433,0.433,0.004
kampala_hoima,258,129.25,open road,Kikolimbo,0.337,0.337,0.004,0.434,0.625,0.005
kampala_hoima,259,129.75,roadside settlement,Kikolimbo,0.358,0.358,0.025,0.46,0.46,0.032
kampala_hoima,260,130.25,roadside settlement,Kikolimbo,0.344,0.344,0.011,0.443,0.502,0.014
kampala_hoima,261,130.75,open road,Kiyombya A,0.34,0.34,0.007,0.53,0.437,0.102
kampala_hoima,262,131.25,roadside settlement,Kiyombya A,0.367,0.367,0.034,0.472,0.472,0.043
kampala_hoima,263,131.75,roadside settlement,Kiyombya A,0.345,0.345,0.012,0.444,0.725,0.015
kampala_hoima,264,132.25,open road,Watuba,0.339,0.339,0.006,0.436,0.495,0.007
kampala_hoima,265,132.75,roadside settlement,Watuba,0.347,0.347,0.013,0.507,0.446,0.078
kampala_hoima,266,133.25,roadside settlement,Wattuba East,0.361,0.361,0.028,0.464,0.464,0.036
kampala_hoima,267,133.75,roadside settlement,Wattuba East,0.444,0.444,0.11,0.57,0.57,0.142
kampala_hoima,268,134.25,roadside settlement,Mutuba,0.427,0.427,0.094,0.549,0.549,0.12
kampala_hoima,269,134.75,roadside settlement,Kyakayamba,0.353,0.353,0.02,0.454,0.54,0.025
kampala_hoima,270,135.25,open road,Kyakayamba,0.336,0.336,0.003,0.432,0.482,0.004
kampala_hoima,271,135.75,open road,Kyakayamba,0.339,0.339,0.006,0.436,0.436,0.007
kampala_hoima,272,136.25,open road,Kyakayamba,0.335,0.335,0.002,0.431,0.431,0.002
kampala_hoima,273,136.75,open road,Bekiina,0.337,0.337,0.004,0.579,0.434,0.15
kampala_hoima,274,137.25,open road,Bekiina,0.348,0.348,0.014,0.508,0.447,0.079
kampala_hoima,275,137.75,open road,Bekiina,0.339,0.339,0.006,0.436,0.436,0.007
kampala_hoima,276,138.25,open road,Mukyenda,0.333,0.333,0.0,0.429,0.529,0.0
kampala_hoima,277,138.75,roadside settlement,Mukyenda,0.439,0.439,0.106,0.565,0.565,0.136
kampala_hoima,278,139.25,roadside settlement,Mukyenda,0.529,0.529,0.195,0.68,0.68,0.251
kampala_hoima,279,139.75,roadside settlement,Mukyenda,0.397,0.397,0.064,0.511,0.511,0.082
kampala_hoima,280,140.25,roadside settlement,Kikoma A,0.358,0.358,0.025,0.461,0.466,0.032
kampala_hoima,281,140.75,open road,Kikoma A,0.341,0.341,0.007,0.438,0.438,0.01
kampala_hoima,282,141.25,open road,Kikoma A,0.336,0.336,0.002,0.449,0.432,0.02
kampala_hoima,283,141.75,roadside settlement,Kyanawaalu,0.349,0.349,0.016,0.449,0.449,0.021
kampala_hoima,284,142.25,roadside settlement,Kyanawaalu,0.38,0.38,0.047,0.489,0.489,0.06
kampala_hoima,285,142.75,roadside settlement,Kyanawaalu,0.353,0.353,0.019,0.453,0.5,0.025
kampala_hoima,286,143.25,open road,Kyanawaalu,0.335,0.335,0.001,0.43,0.43,0.002
kampala_hoima,287,143.75,open road,Kyanawaalu,0.333,0.333,0.0,0.429,0.429,0.0
kampala_hoima,288,144.25,open road,Kamirambazzi,0.334,0.334,0.0,0.429,0.508,0.001
kampala_hoima,289,144.75,open road,Kamirambazzi,0.336,0.336,0.003,0.432,0.432,0.004
kampala_hoima,290,145.25,roadside settlement,Kamirambazzi,0.36,0.36,0.026,0.463,0.463,0.034
kampala_hoima,291,145.75,roadside settlement,Kamirambazzi,0.366,0.366,0.033,0.598,0.471,0.169
kampala_hoima,292,146.25,roadside settlement,Kamirambazzi,0.368,0.368,0.035,0.473,0.473,0.045
kampala_hoima,293,146.75,roadside settlement,Bukwiri Trading Centre,0.345,0.345,0.012,0.444,0.659,0.016
kampala_hoima,294,147.25,roadside settlement,Bukwiri Trading Centre,0.358,0.358,0.025,0.695,0.46,0.267
kampala_hoima,295,147.75,roadside settlement,Bukwiri Trading Centre,0.384,0.384,0.051,0.494,0.508,0.066
kampala_hoima,296,148.25,roadside settlement,Bukwiri,0.483,0.483,0.15,0.621,0.621,0.193
kampala_hoima,297,148.75,open road,Bukwiri,0.341,0.341,0.007,0.438,0.438,0.01
kampala_hoima,298,149.25,open road,Kayunga,0.338,0.338,0.004,0.658,0.434,0.229
kampala_hoima,299,149.75,open road,Kayunga,0.344,0.344,0.011,0.443,0.443,0.014
kampala_hoima,300,150.25,open road,Kayunga,0.347,0.347,0.014,0.446,0.689,0.017
kampala_hoima,301,150.75,open road,Lwebisiriza,0.338,0.338,0.005,0.524,0.435,0.095
kampala_hoima,302,151.25,open road,Lwebisiriza,0.339,0.339,0.006,0.589,0.436,0.161
kampala_hoima,303,151.75,roadside settlement,Lwebisiriza,0.379,0.379,0.046,0.487,0.487,0.059
kampala_hoima,304,152.25,roadside settlement,Lwebisiriza,0.365,0.365,0.032,0.47,0.558,0.041
kampala_hoima,305,152.75,open road,Katanabirwa,0.337,0.337,0.004,0.434,0.54,0.005
kampala_hoima,306,153.25,roadside settlement,Katanabirwa,0.497,0.497,0.163,0.638,0.638,0.21
kampala_hoima,307,153.75,roadside settlement,Katanabirwa,0.503,0.503,0.17,0.647,0.647,0.218
kampala_hoima,308,154.25,roadside settlement,Katanabirwa,0.389,0.389,0.056,0.63,0.501,0.201
kampala_hoima,309,154.75,roadside settlement,Katanabirwa,0.364,0.364,0.031,0.468,0.525,0.04
kampala_hoima,310,155.25,open road,Nkulubanyi,0.333,0.333,0.0,0.429,0.429,0.0
kampala_hoima,311,155.75,open road,Nkulubanyi,0.336,0.336,0.002,0.656,0.432,0.227
kampala_hoima,312,156.25,roadside settlement,Nkulubanyi,0.349,0.349,0.015,0.448,0.474,0.02
kampala_hoima,313,156.75,open road,Nkulubanyi,0.342,0.342,0.008,0.439,0.689,0.011
kampala_hoima,314,157.25,open road,Nkulubanyi,0.333,0.333,0.0,0.582,0.429,0.153
kampala_hoima,315,157.75,open road,Kalagi,0.334,0.334,0.0,0.542,0.429,0.114
kampala_hoima,316,158.25,open road,Kalagi,0.346,0.346,0.013,0.445,0.445,0.016
kampala_hoima,317,158.75,open road,Kalagi,0.343,0.343,0.009,0.518,0.44,0.089
kampala_hoima,318,159.25,open road,Kalagi,0.334,0.334,0.0,0.429,0.429,0.001
kampala_hoima,319,159.75,roadside settlement,Mumasole,0.352,0.352,0.019,0.452,0.508,0.024
kampala_hoima,320,160.25,roadside settlement,Karagi,0.424,0.424,0.091,0.546,0.546,0.117
kampala_hoima,321,160.75,roadside settlement,Karagi,0.367,0.367,0.033,0.471,0.471,0.043
kampala_hoima,322,161.25,open road,Karagi,0.333,0.333,0.0,0.429,0.429,0.0
kampala_hoima,323,161.75,open road,Kyabadeba,0.335,0.335,0.002,0.431,0.481,0.002
kampala_hoima,324,162.25,roadside settlement,Kyakabuga,0.364,0.364,0.031,0.605,0.468,0.177
kampala_hoima,325,162.75,roadside settlement,Kyakabuga,0.401,0.401,0.067,0.515,0.515,0.087
kampala_hoima,326,163.25,roadside settlement,Kyakabuga,0.348,0.348,0.015,0.448,0.693,0.019
kampala_hoima,327,163.75,roadside settlement,Munsambya,0.37,0.37,0.037,0.624,0.476,0.195
kampala_hoima,328,164.25,roadside settlement,Munsambya,0.429,0.429,0.096,0.552,0.552,0.123
kampala_hoima,329,164.75,roadside settlement,Kawungeera,0.346,0.346,0.013,0.755,0.445,0.327
kampala_hoima,330,165.25,roadside settlement,Kawungeera,0.355,0.355,0.021,0.573,0.456,0.145
kampala_hoima,331,165.75,open road,Kawungeera,0.342,0.342,0.009,0.44,0.44,0.011
kampala_hoima,332,166.25,open road,Nsambya,0.336,0.336,0.003,0.433,0.734,0.004
kampala_hoima,333,166.75,open road,Nsambya,0.339,0.339,0.006,0.436,0.64,0.007
kampala_hoima,334,167.25,roadside settlement,Nsambya,0.35,0.35,0.017,0.523,0.45,0.094
kampala_hoima,335,167.75,roadside settlement,Kilimanjaro,0.347,0.347,0.014,0.446,0.446,0.018
kampala_hoima,336,168.25,roadside settlement,Kilimanjaro,0.38,0.38,0.046,0.488,0.532,0.059
kampala_hoima,337,168.75,roadside settlement,Kilimanjaro,0.342,0.342,0.009,0.44,0.44,0.011
kampala_hoima,338,169.25,roadside settlement,Kikonda A,0.363,0.363,0.029,0.466,0.466,0.038
kampala_hoima,339,169.75,roadside settlement,Kikonda A,0.381,0.381,0.048,0.49,0.498,0.062
kampala_hoima,340,170.25,roadside settlement,Kikonda,0.529,0.529,0.195,0.68,0.68,0.251
kampala_hoima,341,170.75,roadside settlement,Kikonda B,0.376,0.376,0.043,0.483,0.483,0.055
kampala_hoima,342,171.25,roadside settlement,Kikonda B,0.361,0.361,0.028,0.464,0.464,0.036
kampala_hoima,343,171.75,roadside settlement,Kalongo,0.35,0.35,0.016,0.45,0.45,0.021
kampala_hoima,344,172.25,roadside settlement,Kalongo,0.346,0.346,0.013,0.445,0.445,0.016
kampala_hoima,345,172.75,open road,Kalongo,0.336,0.336,0.003,0.432,0.435,0.004
kampala_hoima,346,173.25,open road,Kalongo,0.342,0.342,0.008,0.439,0.439,0.011
kampala_hoima,347,173.75,open road,Kalongo,0.347,0.347,0.014,0.447,0.447,0.018
kampala_hoima,348,174.25,open road,Kasambya I,0.333,0.333,0.0,0.429,0.429,0.0
kampala_hoima,349,174.75,open road,Kasambya I,0.334,0.334,0.001,0.43,0.43,0.001
kampala_hoima,350,175.25,roadside settlement,Kategeira,0.347,0.347,0.013,0.521,0.446,0.092
kampala_hoima,351,175.75,roadside settlement,Kategeira,0.355,0.355,0.022,0.508,0.456,0.079
kampala_hoima,352,176.25,roadside settlement,Kategeira,0.39,0.39,0.057,0.655,0.502,0.226
kampala_hoima,353,176.75,roadside settlement,Katereiga I,0.363,0.363,0.03,0.471,0.467,0.043
kampala_hoima,354,177.25,roadside settlement,Katereiga I,0.346,0.346,0.013,0.445,0.518,0.017
kampala_hoima,355,177.75,open road,Kihuura I,0.345,0.345,0.012,0.502,0.443,0.074
kampala_hoima,356,178.25,roadside settlement,Kihuura Ii,0.344,0.344,0.011,0.603,0.443,0.175
kampala_hoima,357,178.75,roadside settlement,Kihuura Ii,0.352,0.352,0.018,0.611,0.452,0.182
kampala_hoima,358,179.25,roadside settlement,Butema,0.344,0.344,0.01,0.564,0.442,0.135
kampala_hoima,359,179.75,roadside settlement,Butema,0.417,0.417,0.084,0.536,0.536,0.108
kampala_hoima,360,180.25,roadside settlement,Butema,0.385,0.385,0.052,0.495,0.495,0.066
kampala_hoima,361,180.75,open road,Kihenda,0.342,0.342,0.009,0.44,0.592,0.011
kampala_hoima,362,181.25,open road,Kinogozi,0.5,0.5,0.167,0.6,0.754,0.171
kampala_hoima,363,181.75,roadside settlement,Kinogozi,0.36,0.36,0.027,0.463,0.714,0.035
kampala_hoima,364,182.25,open road,Kacungiro (kinogozi),0.339,0.339,0.005,0.445,0.436,0.016
kampala_hoima,365,182.75,open road,Kinogozi East,0.338,0.338,0.005,0.436,0.435,0.008
kampala_hoima,366,183.25,roadside settlement,Kinogozi East,0.353,0.353,0.02,0.454,0.454,0.026
kampala_hoima,367,183.75,roadside settlement,Kinogozi East,0.352,0.352,0.019,0.453,0.453,0.024
kampala_hoima,368,184.25,open road,Kidaiko,0.346,0.346,0.013,0.445,0.445,0.016
kampala_hoima,369,184.75,open road,Kidaiko,0.341,0.341,0.007,0.512,0.438,0.084
kampala_hoima,370,185.25,open road,Kyentale,0.342,0.342,0.009,0.647,0.44,0.219
kampala_hoima,371,185.75,roadside settlement,Kyentale,0.355,0.355,0.022,0.456,0.456,0.028
kampala_hoima,372,186.25,roadside settlement,Kyentale,0.36,0.36,0.027,0.463,0.57,0.034
kampala_hoima,373,186.75,roadside settlement,Kihemba,0.365,0.365,0.032,0.627,0.47,0.198
kampala_hoima,374,187.25,roadside settlement,Kihemba,0.378,0.378,0.045,0.692,0.486,0.264
kampala_hoima,375,187.75,roadside settlement,Kihemba,0.355,0.355,0.022,0.666,0.457,0.238
kampala_hoima,376,188.25,roadside settlement,Butanjwa,0.349,0.349,0.015,0.636,0.448,0.208
kampala_hoima,377,188.75,roadside settlement,Butanjwa,0.362,0.362,0.029,0.466,0.466,0.037
kampala_hoima,378,189.25,roadside settlement,Butanjwa,0.365,0.365,0.032,0.47,0.731,0.041
kampala_hoima,379,189.75,roadside settlement,Bwikya Cell,0.375,0.375,0.042,0.482,0.497,0.053
kampala_hoima,380,190.25,town,Bwikya Cell,0.733,0.733,0.4,0.8,0.8,0.371
kampala_hoima,381,190.75,town,Bwikya Cell,0.733,0.733,0.4,0.8,0.8,0.371
kampala_hoima,382,191.25,town,Kinubi Cell,0.867,0.867,0.533,0.996,0.996,0.568
kampala_hoima,383,191.75,town,Kinubi Cell,0.867,0.867,0.533,1.024,1.025,0.595
kampala_hoima,384,192.25,town,Kinubi Cell,0.733,0.733,0.4,0.8,0.8,0.371
kampala_hoima,385,192.75,town,Kijungu Cell,0.733,0.733,0.4,1.005,0.8,0.576
kampala_hoima,386,193.25,town,Market Cell,0.867,0.867,0.533,0.933,0.933,0.505
kampala_hoima,387,193.75,town,Hospital Cell,0.9,0.9,0.567,1.8,1.8,1.371
kampala_hoima,388,194.12838337547012,town,Hoima,0.733,0.733,0.4,0.8,0.8,0.371
kampala_katuna,0,0.25,town,Spier Zone,0.733,0.733,0.4,0.835,0.835,0.407
kampala_katuna,1,0.75,town,Mutaawe Zone,0.733,0.733,0.4,0.937,0.937,0.508
kampala_katuna,2,1.25,town,Nsiike I Zone,0.737,0.737,0.403,0.976,0.976,0.547
kampala_katuna,3,1.75,town,Nabuny zone A,0.733,0.733,0.4,0.914,0.914,0.486
kampala_katuna,4,2.25,town,Kabusu (zone),0.733,0.733,0.433,0.976,0.976,0.547
kampala_katuna,5,2.75,town,Kabusu,0.737,0.737,0.403,0.976,0.976,0.547
kampala_katuna,6,3.25,town,Nalukolongo,0.737,0.737,0.403,0.976,0.976,0.547
kampala_katuna,7,3.75,town,Musoke Zone,0.737,0.737,0.403,0.976,0.976,0.547
kampala_katuna,8,4.25,town,Natete Central C Zone,0.737,0.737,0.403,0.976,0.976,0.547
kampala_katuna,9,4.75,town,Natete Central B Zone,0.9,0.9,0.567,1.962,1.962,1.534
kampala_katuna,10,5.25,town,Kitaka,0.737,0.737,0.403,0.976,0.976,0.547
kampala_katuna,11,5.75,town,Kitaka Zone,0.737,0.737,0.403,0.976,0.976,0.547
kampala_katuna,12,6.25,town,Kigwanya,0.737,0.737,0.403,0.976,0.976,0.547
kampala_katuna,13,6.75,town,Busega,0.733,0.733,0.4,0.8,0.8,0.371
kampala_katuna,14,7.25,roadside settlement,Nkokonjeru A,0.382,0.382,0.048,0.491,0.491,0.062
kampala_katuna,15,7.75,town,Nkokonjeru,0.737,0.737,0.403,0.976,0.976,0.547
kampala_katuna,16,8.25,town,Kyengera,0.737,0.737,0.403,0.976,0.976,0.547
kampala_katuna,17,8.75,town,Central(kyengera),0.733,0.733,0.433,0.949,0.949,0.521
kampala_katuna,18,9.25,town,Mugongo,0.733,0.733,0.4,0.925,0.925,0.496
kampala_katuna,19,9.75,town,Wakimese,0.737,0.737,0.403,0.976,0.976,0.547
kampala_katuna,20,10.25,town,Wakimese,0.733,0.733,0.4,0.826,0.826,0.397
kampala_katuna,21,10.75,town,Kiyanja,0.733,0.733,0.4,0.851,0.851,0.423
kampala_katuna,22,11.25,roadside settlement,Kiyanja,0.451,0.451,0.118,0.61,0.58,0.181
kampala_katuna,23,11.75,town,Tega,0.737,0.737,0.403,0.976,0.976,0.547
kampala_katuna,24,12.25,town,Nabbingo,0.733,0.733,0.4,0.937,0.937,0.508
kampala_katuna,25,12.75,town,Namagoma B,0.867,0.867,0.533,1.046,1.046,0.618
kampala_katuna,26,13.25,roadside settlement,Kitemu Central,0.812,0.812,0.479,0.968,0.968,0.54
kampala_katuna,27,13.75,town,Kitemu,0.87,0.87,0.537,1.109,1.109,0.68
kampala_katuna,28,14.25,town,Mukono,0.733,0.733,0.4,0.962,0.962,0.534
kampala_katuna,29,14.75,town,Nsangi,0.733,0.733,0.4,0.925,0.925,0.496
kampala_katuna,30,15.25,town,Nsangi,0.733,0.733,0.4,0.962,0.962,0.534
kampala_katuna,31,15.75,town,Nakatema,0.733,0.733,0.4,0.937,0.937,0.508
kampala_katuna,32,16.25,town,Nsangi,0.867,0.867,0.533,1.083,1.083,0.654
kampala_katuna,33,16.75,town,Buwaali,0.733,0.733,0.4,0.937,0.996,0.508
kampala_katuna,34,17.25,roadside settlement,Buwaali,0.493,0.493,0.16,0.634,0.782,0.206
kampala_katuna,35,17.75,roadside settlement,Mpiringisa,0.373,0.373,0.04,0.581,0.48,0.152
kampala_katuna,36,18.25,roadside settlement,Mpiringisa,0.554,0.554,0.221,0.713,0.713,0.284
kampala_katuna,37,18.75,town,Mpiringisa,0.737,0.737,0.403,1.087,0.976,0.659
kampala_katuna,38,19.25,town,Bujaasi,0.733,0.733,0.4,0.925,0.925,0.496
kampala_katuna,39,19.75,town,Bujaasi,0.733,0.733,0.4,0.937,0.937,0.508
kampala_katuna,40,20.25,roadside settlement,Bujaasi,0.361,0.361,0.028,0.464,1.01,0.035
kampala_katuna,41,20.75,open road,Bujaasi,0.34,0.34,0.006,0.437,0.437,0.008
kampala_katuna,42,21.25,roadside settlement,Nakirebe,0.355,0.355,0.022,0.456,0.456,0.028
kampala_katuna,43,21.75,roadside settlement,Nakirebe,0.49,0.49,0.157,0.665,0.63,0.237
kampala_katuna,44,22.25,town,Nakirebe,0.737,0.737,0.403,0.976,0.976,0.547
kampala_katuna,45,22.75,town,Kataba,0.733,0.733,0.4,0.962,0.962,0.534
kampala_katuna,46,23.25,roadside settlement,Kataba,0.546,0.546,0.212,0.701,0.701,0.273
kampala_katuna,47,23.75,roadside settlement,Kataba,0.362,0.362,0.029,0.465,0.465,0.037
kampala_katuna,48,24.25,roadside settlement,Kataba,0.387,0.387,0.054,0.554,0.498,0.125
kampala_katuna,49,24.75,roadside settlement,Kiwamirembe,0.397,0.397,0.064,0.511,0.511,0.082
kampala_katuna,50,25.25,roadside settlement,Kiwamirembe,0.464,0.464,0.13,0.974,0.596,0.545
kampala_katuna,51,25.75,roadside settlement,Katende,0.517,0.517,0.183,0.752,0.664,0.324
kampala_katuna,52,26.25,roadside settlement,Katende,0.385,0.385,0.052,0.495,1.121,0.066
kampala_katuna,53,26.75,roadside settlement,Katende,0.432,0.432,0.098,0.555,0.619,0.126
kampala_katuna,54,27.25,roadside settlement,Kavule,0.554,0.554,0.221,0.713,0.713,0.284
kampala_katuna,55,27.75,roadside settlement,Kavule,0.364,0.364,0.031,0.469,0.688,0.04
kampala_katuna,56,28.25,open road,Lungala,0.334,0.334,0.0,0.429,0.429,0.001
kampala_katuna,57,28.75,roadside settlement,Lungala,0.35,0.35,0.017,0.931,0.45,0.503
kampala_katuna,58,29.25,roadside settlement,Lungala,0.414,0.414,0.081,0.533,0.533,0.104
kampala_katuna,59,29.75,roadside settlement,Lungala,0.418,0.418,0.084,0.537,0.537,0.109
kampala_katuna,60,30.25,roadside settlement,Nkonge,0.363,0.363,0.029,0.466,0.699,0.038
kampala_katuna,61,30.75,roadside settlement,Ggala,0.35,0.35,0.017,0.45,0.45,0.021
kampala_katuna,62,31.25,roadside settlement,Ggala,0.39,0.39,0.056,0.722,0.501,0.294
kampala_katuna,63,31.75,roadside settlement,Police Centre,0.42,0.42,0.087,0.69,0.54,0.261
kampala_katuna,64,32.25,roadside settlement,Police Centre,0.429,0.429,0.096,0.552,0.552,0.123
kampala_katuna,65,32.75,roadside settlement,Police Centre,0.4,0.4,0.067,0.515,1.198,0.086
kampala_katuna,66,33.25,roadside settlement,Mawonve,0.358,0.358,0.025,0.668,0.461,0.239
kampala_katuna,67,33.75,roadside settlement,Kalagala,0.399,0.399,0.065,0.646,0.513,0.217
kampala_katuna,68,34.25,roadside settlement,Kalagala,0.484,0.484,0.15,0.622,0.622,0.193
kampala_katuna,69,34.75,roadside settlement,Kalagala,0.466,0.466,0.133,0.6,0.795,0.171
kampala_katuna,70,35.25,roadside settlement,Kalagala,0.342,0.342,0.009,0.44,0.44,0.011
kampala_katuna,71,35.75,roadside settlement,Nakigudde,0.5,0.5,0.167,0.959,0.6,0.53
kampala_katuna,72,36.25,roadside settlement,Nakigudde,0.5,0.5,0.167,0.6,0.6,0.171
kampala_katuna,73,36.75,roadside settlement,Mpambire,0.372,0.372,0.039,0.478,0.478,0.05
kampala_katuna,74,37.25,roadside settlement,Mpambire,0.462,0.462,0.129,0.594,0.594,0.166
kampala_katuna,75,37.75,roadside settlement,Mpambire,0.438,0.438,0.104,0.563,0.857,0.134
kampala_katuna,76,38.25,roadside settlement,Mpambire,0.344,0.344,0.01,0.442,0.762,0.013
kampala_katuna,77,38.75,open road,Nambi,0.333,0.333,0.0,0.429,0.429,0.0
kampala_katuna,78,39.25,open road,Nambi,0.339,0.339,0.006,0.917,0.436,0.489
kampala_katuna,79,39.75,roadside settlement,Bubuule,0.386,0.386,0.053,0.496,0.496,0.068
kampala_katuna,80,40.25,roadside settlement,Bubuule,0.443,0.443,0.109,0.545,0.545,0.117
kampala_katuna,81,40.75,roadside settlement,Kabira,0.368,0.368,0.034,0.473,0.473,0.044
kampala_katuna,82,41.25,roadside settlement,Kabira,0.383,0.383,0.049,0.492,0.492,0.063
kampala_katuna,83,41.75,roadside settlement,Kwaba Kabira,0.388,0.388,0.055,0.702,0.499,0.273
kampala_katuna,84,42.25,roadside settlement,Kwaba Kabira,0.387,0.387,0.054,0.498,0.931,0.069
kampala_katuna,85,42.75,roadside settlement,Kwaba Kabira,0.351,0.351,0.017,0.451,0.782,0.022
kampala_katuna,86,43.25,open road,Butenga,0.333,0.333,0.0,0.429,0.429,0.0
kampala_katuna,87,43.75,open road,Butenga,0.34,0.34,0.006,0.437,0.437,0.008
kampala_katuna,88,44.25,roadside settlement,Butenga,0.353,0.353,0.019,0.938,0.454,0.509
kampala_katuna,89,44.75,roadside settlement,Butenga,0.363,0.363,0.03,0.467,0.483,0.039
kampala_katuna,90,45.25,roadside settlement,Kanyike,0.363,0.363,0.03,0.9,0.467,0.471
kampala_katuna,91,45.75,roadside settlement,Kanyike,0.453,0.453,0.12,0.583,0.583,0.154
kampala_katuna,92,46.25,roadside settlement,Kikunyu,0.554,0.554,0.221,0.713,0.713,0.284
kampala_katuna,93,46.75,roadside settlement,Kikunyu B,0.448,0.448,0.114,0.575,0.575,0.147
kampala_katuna,94,47.25,roadside settlement,Kamengo B,0.521,0.521,0.187,0.669,0.669,0.241
kampala_katuna,95,47.75,roadside settlement,Kamengo B,0.489,0.489,0.156,0.629,0.629,0.2
kampala_katuna,96,48.25,roadside settlement,Bwamulamira,0.396,0.396,0.062,0.509,0.64,0.08
kampala_katuna,97,48.75,roadside settlement,Bwamulamira,0.378,0.378,0.044,0.486,0.486,0.057
kampala_katuna,98,49.25,roadside settlement,Nabbuzi,0.364,0.364,0.031,0.468,0.468,0.04
kampala_katuna,99,49.75,roadside settlement,Nabbuzi,0.378,0.378,0.044,0.486,0.486,0.057
kampala_katuna,100,50.25,roadside settlement,Nabbuzi,0.373,0.373,0.04,0.48,0.565,0.051
kampala_katuna,101,50.75,open road,Nabbuzi,0.335,0.335,0.001,0.43,0.505,0.002
kampala_katuna,102,51.25,open road,Budde - Kiyonsa,0.333,0.333,0.0,0.429,0.713,0.0
kampala_katuna,103,51.75,open road,Budde - Kiyonsa,0.333,0.333,0.0,0.429,0.429,0.0
kampala_katuna,104,52.25,roadside settlement,Budde - Kiyonsa,0.379,0.379,0.045,0.604,0.487,0.176
kampala_katuna,105,52.75,roadside settlement,Kyabadaaza - Ntula,0.368,0.368,0.034,0.473,0.473,0.044
kampala_katuna,106,53.25,roadside settlement,Kyabadaaza - Ntula,0.511,0.511,0.178,0.796,0.657,0.368
kampala_katuna,107,53.75,roadside settlement,Kyabadaaza - Ntula,0.5,0.5,0.167,0.6,0.6,0.171
kampala_katuna,108,54.25,roadside settlement,Kabuye - Bbumbu,0.395,0.395,0.061,0.508,0.544,0.079
kampala_katuna,109,54.75,roadside settlement,Kabuye - Ntaayi,0.364,0.364,0.031,0.468,0.468,0.039
kampala_katuna,110,55.25,open road,Kabuye - Ntaayi,0.346,0.346,0.013,0.445,0.867,0.017
kampala_katuna,111,55.75,open road,Kabuye Bumbu,0.334,0.334,0.001,0.43,0.43,0.001
kampala_katuna,112,56.25,open road,Kalandazi Fr,0.334,0.334,0.0,0.429,0.429,0.001
kampala_katuna,113,56.75,open road,Kalandazi Fr,0.336,0.336,0.003,0.432,0.432,0.004
kampala_katuna,114,57.25,open road,Kalandazi Fr,0.34,0.34,0.006,0.437,0.437,0.008
kampala_katuna,115,57.75,open road,Kalandazi Fr,0.335,0.335,0.002,0.431,0.431,0.002
kampala_katuna,116,58.25,open road,Kalandazi Fr,0.334,0.334,0.0,0.429,0.429,0.001
kampala_katuna,117,58.75,open road,Kanani,0.344,0.344,0.011,0.612,0.442,0.183
kampala_katuna,118,59.25,roadside settlement,Mitala Maria Central,0.351,0.351,0.017,0.693,0.451,0.265
kampala_katuna,119,59.75,roadside settlement,Mitala Maria Central,0.348,0.348,0.015,0.448,0.466,0.019
kampala_katuna,120,60.25,open road,Mitala Maria Central,0.344,0.344,0.01,0.442,0.442,0.013
kampala_katuna,121,60.75,roadside settlement,Mitala Maria,0.348,0.348,0.015,0.979,0.448,0.551
kampala_katuna,122,61.25,roadside settlement,Mitala Maria,0.359,0.359,0.025,0.709,0.461,0.281
kampala_katuna,123,61.75,roadside settlement,Mitala Maria,0.451,0.451,0.118,0.58,0.58,0.151
kampala_katuna,124,62.25,roadside settlement,Magya,0.44,0.44,0.107,0.566,0.566,0.138
kampala_katuna,125,62.75,roadside settlement,Magya,0.502,0.502,0.169,0.646,0.646,0.217
kampala_katuna,126,63.25,roadside settlement,Buwama B,0.499,0.499,0.166,0.642,0.642,0.213
kampala_katuna,127,63.75,town,Buwama B,0.733,0.733,0.4,0.937,0.937,0.508
kampala_katuna,128,64.25,town,Buwama A,0.733,0.733,0.4,0.901,0.94,0.473
kampala_katuna,129,64.75,roadside settlement,Buwama A,0.378,0.378,0.044,0.666,0.485,0.238
kampala_katuna,130,65.25,roadside settlement,Buwama A,0.37,0.37,0.037,0.828,0.476,0.4
kampala_katuna,131,65.75,roadside settlement,Mbiizinya,0.428,0.428,0.095,0.551,0.551,0.122
kampala_katuna,132,66.25,roadside settlement,Mbiizinya,0.448,0.448,0.115,0.576,0.88,0.148
kampala_katuna,133,66.75,roadside settlement,Mbiizinya,0.351,0.351,0.017,0.451,0.74,0.022
kampala_katuna,134,67.25,roadside settlement,Mbiizinya,0.367,0.367,0.033,0.471,0.471,0.043
kampala_katuna,135,67.75,roadside settlement,Mbiizinya,0.389,0.389,0.056,0.5,0.5,0.072
kampala_katuna,136,68.25,roadside settlement,Buyaya-kitojjo,0.35,0.35,0.017,0.45,0.45,0.021
kampala_katuna,137,68.75,open road,Buyaya-kitojjo,0.341,0.341,0.008,0.439,0.439,0.01
kampala_katuna,138,69.25,open road,Buyaya-kitojjo,0.334,0.334,0.001,0.43,0.43,0.001
kampala_katuna,139,69.75,open road,Kwabba,0.334,0.334,0.0,0.429,0.429,0.001
kampala_katuna,140,70.25,roadside settlement,Kwabba,0.345,0.345,0.012,0.451,0.443,0.023
kampala_katuna,141,70.75,roadside settlement,Kwabba,0.385,0.385,0.052,0.496,0.496,0.067
kampala_katuna,142,71.25,roadside settlement,Nabusanke B,0.366,0.366,0.032,0.47,0.47,0.042
kampala_katuna,143,71.75,town,Nabusanke B,0.733,0.733,0.4,0.914,0.914,0.485
kampala_katuna,144,72.25,roadside settlement,Nabusanke A,0.544,0.544,0.21,0.699,0.699,0.27
kampala_katuna,145,72.75,roadside settlement,Kikomazi,0.378,0.378,0.044,0.65,0.486,0.222
kampala_katuna,146,73.25,roadside settlement,Kikomazi,0.402,0.402,0.069,0.735,0.517,0.306
kampala_katuna,147,73.75,roadside settlement,Kalagala Kikutuzi,0.411,0.411,0.077,0.528,0.528,0.099
kampala_katuna,148,74.25,town,Kalagala Kikutuzi,0.733,0.733,0.4,0.8,0.8,0.371
kampala_katuna,149,74.75,roadside settlement,Kalagala Kikutuzi,0.465,0.465,0.132,0.598,0.598,0.17
kampala_katuna,150,75.25,roadside settlement,Kayabwe Trc,0.573,0.573,0.24,0.737,0.737,0.308
kampala_katuna,151,75.75,roadside settlement,Kayabwe Trc,0.554,0.554,0.221,0.713,0.713,0.284
kampala_katuna,152,76.25,roadside settlement,Kayabwe Trc,0.529,0.529,0.195,0.68,0.68,0.251
kampala_katuna,153,76.75,roadside settlement,Kayabwe Trc,0.441,0.441,0.108,0.567,0.567,0.138
kampala_katuna,154,77.25,roadside settlement,Kayabwe Trc,0.383,0.383,0.05,0.493,0.493,0.064
kampala_katuna,155,77.75,roadside settlement,Kayabwe Trc,0.35,0.35,0.017,0.45,0.45,0.022
kampala_katuna,156,78.25,open road,,0.335,0.335,0.002,0.431,0.431,0.003
kampala_katuna,157,78.75,open road,,0.333,0.333,0.0,0.429,0.429,0.0
kampala_katuna,158,79.25,open road,,0.339,0.339,0.005,0.436,0.436,0.007
kampala_katuna,159,79.75,open road,Lbanda A,0.341,0.341,0.008,0.439,0.439,0.01
kampala_katuna,160,80.25,roadside settlement,Lbanda A,0.384,0.384,0.051,0.494,0.494,0.065
kampala_katuna,161,80.75,roadside settlement,Lbanda A,0.365,0.365,0.032,0.575,0.47,0.147
kampala_katuna,162,81.25,roadside settlement,Lbanda A,0.379,0.379,0.046,0.738,0.488,0.31
kampala_katuna,163,81.75,roadside settlement,Lbanda A,0.38,0.38,0.046,0.788,0.488,0.359
kampala_katuna,164,82.25,roadside settlement,Kayunga,0.444,0.444,0.111,0.571,0.724,0.143
kampala_katuna,165,82.75,roadside settlement,Kayunga,0.359,0.359,0.026,0.461,0.748,0.033
kampala_katuna,166,83.25,roadside settlement,Kayunga,0.352,0.352,0.019,0.453,0.504,0.024
kampala_katuna,167,83.75,open road,Kayunga,0.348,0.348,0.014,0.809,0.447,0.38
kampala_katuna,168,84.25,roadside settlement,Mugge,0.37,0.37,0.037,0.752,0.476,0.324
kampala_katuna,169,84.75,roadside settlement,Mugge,0.392,0.392,0.059,0.504,0.504,0.075
kampala_katuna,170,85.25,roadside settlement,Mugge,0.379,0.379,0.046,0.487,0.876,0.059
kampala_katuna,171,85.75,roadside settlement,Lubanga,0.431,0.431,0.098,0.554,0.6,0.125
kampala_katuna,172,86.25,roadside settlement,Lubanga,0.529,0.529,0.195,0.68,0.68,0.251
kampala_katuna,173,86.75,roadside settlement,Lubanga,0.421,0.421,0.087,0.541,0.541,0.112
kampala_katuna,174,87.25,open road,Lubanga,0.338,0.338,0.005,0.435,0.435,0.007
kampala_katuna,175,87.75,open road,,0.352,0.352,0.018,0.452,0.452,0.023
kampala_katuna,176,88.25,open road,,0.344,0.344,0.01,0.442,0.442,0.013
kampala_katuna,177,88.75,open road,,0.349,0.349,0.016,0.449,0.449,0.02
kampala_katuna,178,89.25,open road,,0.339,0.339,0.005,0.436,0.436,0.007
kampala_katuna,179,89.75,open road,,0.338,0.338,0.005,0.435,0.435,0.007
kampala_katuna,180,90.25,open road,Kaziru,0.348,0.348,0.014,0.447,0.447,0.018
kampala_katuna,181,90.75,open road,Kaziru,0.349,0.349,0.016,0.449,0.449,0.02
kampala_katuna,182,91.25,open road,Kaziru,0.349,0.349,0.016,0.449,0.449,0.02
kampala_katuna,183,91.75,roadside settlement,Kaziru,0.379,0.379,0.045,0.487,0.487,0.058
kampala_katuna,184,92.25,roadside settlement,Kaziru,0.344,0.344,0.011,0.442,0.442,0.014
kampala_katuna,185,92.75,open road,Kaziru,0.338,0.338,0.005,0.435,0.435,0.007
kampala_katuna,186,93.25,open road,Kaziru,0.334,0.334,0.0,0.429,0.429,0.001
kampala_katuna,187,93.75,open road,Kaziru,0.333,0.333,0.0,0.429,0.429,0.0
kampala_katuna,188,94.25,open road,Kamuwunga,0.333,0.333,0.0,0.429,0.429,0.0
kampala_katuna,189,94.75,open road,Kamuwunga,0.333,0.333,0.0,0.429,0.429,0.0
kampala_katuna,190,95.25,open road,Kamuwunga,0.334,0.334,0.0,0.429,0.429,0.001
kampala_katuna,191,95.75,open road,Kamuwunga,0.334,0.334,0.0,0.429,0.429,0.001
kampala_katuna,192,96.25,open road,Agip,0.333,0.333,0.0,0.429,0.429,0.0
kampala_katuna,193,96.75,open road,Agip,0.34,0.34,0.006,0.437,0.437,0.008
kampala_katuna,194,97.25,open road,Agip,0.334,0.334,0.001,0.43,0.43,0.001
kampala_katuna,195,97.75,roadside settlement,Magezi Cell,0.346,0.346,0.012,0.444,0.444,0.016
kampala_katuna,196,98.25,town,Magezi Cell,0.733,0.733,0.4,10.8,10.8,10.371
kampala_katuna,197,98.75,town,Magezi Cell,0.733,0.733,0.4,0.949,0.949,0.521
kampala_katuna,198,99.25,town,Juma Cell,0.733,0.733,0.4,0.925,0.925,0.496
kampala_katuna,199,99.75,roadside settlement,Kaliro Cell,0.583,0.583,0.249,0.749,0.749,0.321
kampala_katuna,200,100.25,roadside settlement,Kaliro A,0.496,0.496,0.162,0.637,0.637,0.209
kampala_katuna,201,100.75,roadside settlement,"Kirinya 'a""",0.452,0.452,0.119,0.581,0.581,0.153
kampala_katuna,202,101.25,roadside settlement,Bajja,0.394,0.394,0.06,0.711,0.506,0.283
kampala_katuna,203,101.75,roadside settlement,Bajja,0.465,0.465,0.131,0.597,0.597,0.169
kampala_katuna,204,102.25,roadside settlement,Kayunga,0.419,0.419,0.086,0.539,0.541,0.11
kampala_katuna,205,102.75,roadside settlement,Kayunga,0.364,0.364,0.03,0.467,0.795,0.039
kampala_katuna,206,103.25,roadside settlement,Lukuli,0.35,0.35,0.017,0.494,0.45,0.065
kampala_katuna,207,103.75,roadside settlement,Bukullula,0.438,0.438,0.105,0.634,0.563,0.206
kampala_katuna,208,104.25,roadside settlement,Bukullula,0.443,0.443,0.11,0.57,0.57,0.142
kampala_katuna,209,104.75,roadside settlement,Mukono North,0.365,0.365,0.031,0.469,0.634,0.04
kampala_katuna,210,105.25,roadside settlement,Mukono North,0.658,0.658,0.325,1.632,1.632,1.203
kampala_katuna,211,105.75,roadside settlement,Mukono South,0.634,0.634,0.3,1.6,1.6,1.172
kampala_katuna,212,106.25,roadside settlement,Kisanje East,0.381,0.381,0.048,0.49,0.49,0.061
kampala_katuna,213,106.75,roadside settlement,Kisanje East,0.357,0.357,0.023,0.459,0.596,0.03
kampala_katuna,214,107.25,roadside settlement,Kisanje East,0.342,0.342,0.008,0.665,0.439,0.237
kampala_katuna,215,107.75,roadside settlement,Busanso,0.356,0.356,0.023,0.458,0.458,0.029
kampala_katuna,216,108.25,roadside settlement,Busanso,0.353,0.353,0.019,0.584,0.453,0.155
kampala_katuna,217,108.75,roadside settlement,Kabale,0.502,0.502,0.169,0.645,0.645,0.217
kampala_katuna,218,109.25,roadside settlement,Kabale,0.5,0.5,0.166,0.642,0.642,0.214
kampala_katuna,219,109.75,roadside settlement,Kabaale Ii,0.404,0.404,0.071,0.52,0.52,0.091
kampala_katuna,220,110.25,roadside settlement,Kamutuuza,0.351,0.351,0.017,0.451,0.694,0.022
kampala_katuna,221,110.75,roadside settlement,Kamutuuza,0.365,0.365,0.032,0.943,0.469,0.514
kampala_katuna,222,111.25,roadside settlement,Kamutuuza,0.379,0.379,0.046,0.487,0.907,0.059
kampala_katuna,223,111.75,open road,Kamutuuza,0.334,0.334,0.001,0.762,0.43,0.333
kampala_katuna,224,112.25,roadside settlement,Butende,0.437,0.437,0.104,0.633,0.562,0.205
kampala_katuna,225,112.75,roadside settlement,Butende,0.554,0.554,0.221,0.713,0.713,0.284
kampala_katuna,226,113.25,roadside settlement,Butende,0.382,0.382,0.049,0.492,0.556,0.063
kampala_katuna,227,113.75,roadside settlement,Kiwanyizi,0.384,0.384,0.05,1.064,0.493,0.635
kampala_katuna,228,114.25,roadside settlement,Mpugwe,0.509,0.509,0.176,0.914,0.655,0.485
kampala_katuna,229,114.75,roadside settlement,Mpugwe,0.521,0.521,0.187,0.669,0.669,0.241
kampala_katuna,230,115.25,roadside settlement,Mpugwe,0.423,0.423,0.09,0.544,0.569,0.116
kampala_katuna,231,115.75,roadside settlement,Nsangamu,0.397,0.397,0.064,0.511,0.511,0.082
kampala_katuna,232,116.25,roadside settlement,Kadugala,0.405,0.405,0.072,0.521,0.54,0.092
kampala_katuna,233,116.75,roadside settlement,Kadugala,0.415,0.415,0.081,0.533,0.701,0.105
kampala_katuna,234,117.25,open road,Kadugala,0.339,0.339,0.006,0.436,0.436,0.008
kampala_katuna,235,117.75,open road,Kyalusowe,0.347,0.347,0.014,0.447,0.447,0.018
kampala_katuna,236,118.25,roadside settlement,Kyalusowe,0.38,0.38,0.047,0.706,0.489,0.278
kampala_katuna,237,118.75,roadside settlement,Kyalusowe A,0.391,0.391,0.058,0.774,0.503,0.345
kampala_katuna,238,119.25,town,Kyalusowe A,0.733,0.733,0.4,1.008,0.8,0.579
kampala_katuna,239,119.75,town,Kassana,0.733,0.733,0.4,0.824,0.824,0.396
kampala_katuna,240,120.25,town,Kassana,0.733,0.733,0.4,0.8,0.8,0.371
kampala_katuna,241,120.75,town,Kassana,0.733,0.733,0.4,0.8,0.8,0.371
kampala_katuna,242,121.25,roadside settlement,Kayirikiti,0.428,0.428,0.094,0.55,0.587,0.121
kampala_katuna,243,121.75,town,Kayirikiti,0.733,0.733,0.4,0.827,0.827,0.398
kampala_katuna,244,122.25,town,Kayirikiti,0.737,0.737,0.403,0.976,0.976,0.547
kampala_katuna,245,122.75,town,Binyonyi A,0.733,0.733,0.4,0.925,1.094,0.496
kampala_katuna,246,123.25,town,Kitaka,0.733,0.733,0.4,0.901,1.041,0.473
kampala_katuna,247,123.75,town,Market Triangle,0.733,0.733,0.4,0.901,0.901,0.473
kampala_katuna,248,124.25,town,Nakayiba B,0.733,0.733,0.4,0.89,0.89,0.462
kampala_katuna,249,124.75,town,Nakayiba A,0.733,0.733,0.4,0.88,0.88,0.451
kampala_katuna,250,125.25,town,Kirumba B,0.733,0.733,0.4,0.8,0.8,0.371
kampala_katuna,251,125.75,town,Kirumba C,0.733,0.733,0.4,1.044,0.8,0.616
kampala_katuna,252,126.25,town,Mutuba Musisi,0.733,0.733,0.4,1.035,0.804,0.606
kampala_katuna,253,126.75,town,Mutuba Musisi,0.733,0.733,0.4,1.062,0.8,0.634
kampala_katuna,254,127.25,town,Cinema,0.733,0.733,0.4,0.911,0.845,0.483
kampala_katuna,255,127.75,town,Market,0.733,0.733,0.433,0.8,0.939,0.371
kampala_katuna,256,128.25,roadside settlement,Old Kumbu,0.419,0.419,0.086,0.539,0.539,0.11
kampala_katuna,257,128.75,roadside settlement,Old Kumbu,0.524,0.524,0.191,0.674,0.674,0.245
kampala_katuna,258,129.25,roadside settlement,Kijjabwemi B,0.583,0.583,0.249,0.749,0.758,0.321
kampala_katuna,259,129.75,town,Kijjabwemi B,0.733,0.733,0.4,0.962,1.26,0.534
kampala_katuna,260,130.25,roadside settlement,Kijjabwemi B,0.348,0.348,0.015,0.448,0.519,0.019
kampala_katuna,261,130.75,roadside settlement,Kyabakuza Trading Centre,0.355,0.355,0.022,0.457,0.457,0.028
kampala_katuna,262,131.25,town,Kyabakuza Trading Centre,0.733,0.733,0.4,1.064,0.913,0.635
kampala_katuna,263,131.75,town,Kyanja,0.733,0.733,0.4,0.842,0.842,0.413
kampala_katuna,264,132.25,roadside settlement,Kyabakuza B,0.435,0.435,0.101,0.559,0.559,0.13
kampala_katuna,265,132.75,roadside settlement,Kyabakuza B,0.405,0.405,0.072,0.596,0.521,0.167
kampala_katuna,266,133.25,roadside settlement,Kyabakuza B,0.422,0.422,0.089,0.542,0.542,0.114
kampala_katuna,267,133.75,roadside settlement,Kyabakuza B,0.345,0.345,0.012,0.444,0.823,0.015
kampala_katuna,268,134.25,roadside settlement,,0.354,0.354,0.021,1.152,0.455,0.723
kampala_katuna,269,134.75,roadside settlement,,0.428,0.428,0.095,0.836,0.551,0.407
kampala_katuna,270,135.25,roadside settlement,Kyabbogo,0.417,0.417,0.084,0.536,0.767,0.108
kampala_katuna,271,135.75,roadside settlement,Kyabbogo,0.35,0.35,0.017,0.45,0.732,0.021
kampala_katuna,272,136.25,roadside settlement,Kyabbogo,0.38,0.38,0.047,0.93,0.489,0.501
kampala_katuna,273,136.75,roadside settlement,Kyabbogo,0.413,0.413,0.08,0.531,0.946,0.102
kampala_katuna,274,137.25,roadside settlement,Kyabbogo,0.352,0.352,0.019,0.678,0.453,0.25
kampala_katuna,275,137.75,roadside settlement,Kabwami A,0.422,0.422,0.089,0.542,0.542,0.114
kampala_katuna,276,138.25,roadside settlement,Nkoni A,0.369,0.369,0.035,0.474,0.513,0.045
kampala_katuna,277,138.75,roadside settlement,Nkoni A,0.485,0.485,0.152,0.623,0.623,0.195
kampala_katuna,278,139.25,roadside settlement,Nkoni,0.354,0.354,0.02,0.471,0.455,0.043
kampala_katuna,279,139.75,roadside settlement,Nkoni Hill,0.375,0.375,0.042,0.483,0.483,0.054
kampala_katuna,280,140.25,roadside settlement,Kyagoma,0.373,0.373,0.04,0.479,0.479,0.051
kampala_katuna,281,140.75,roadside settlement,Kyagoma,0.417,0.417,0.083,0.536,0.536,0.107
kampala_katuna,282,141.25,roadside settlement,Kikonge,0.41,0.41,0.077,0.527,0.527,0.098
kampala_katuna,283,141.75,roadside settlement,Nkarwe,0.402,0.402,0.069,0.517,0.854,0.088
kampala_katuna,284,142.25,roadside settlement,Nkarwe,0.385,0.385,0.052,0.59,0.495,0.162
kampala_katuna,285,142.75,roadside settlement,Mirembe (Kagganda),0.436,0.436,0.103,0.561,0.619,0.132
kampala_katuna,286,143.25,roadside settlement,Mirembe (Kagganda),0.383,0.383,0.05,0.82,0.493,0.391
kampala_katuna,287,143.75,roadside settlement,Kagganda,0.368,0.368,0.035,0.473,0.586,0.045
kampala_katuna,288,144.25,roadside settlement,Kagganda,0.391,0.391,0.057,0.502,1.037,0.074
kampala_katuna,289,144.75,roadside settlement,Kyoko,0.41,0.41,0.076,0.527,0.902,0.098
kampala_katuna,290,145.25,open road,Kyoko,0.336,0.336,0.003,0.432,0.432,0.004
kampala_katuna,291,145.75,open road,Kyoko,0.333,0.333,0.0,0.429,0.429,0.0
kampala_katuna,292,146.25,roadside settlement,Kyoko,0.348,0.348,0.015,0.591,0.448,0.163
kampala_katuna,293,146.75,roadside settlement,Kaboyo Sula,0.403,0.403,0.069,0.687,0.518,0.258
kampala_katuna,294,147.25,roadside settlement,Kaboyo Sula,0.381,0.381,0.048,0.905,0.49,0.477
kampala_katuna,295,147.75,roadside settlement,Kaboyo Sula,0.396,0.396,0.063,0.509,0.509,0.081
kampala_katuna,296,148.25,roadside settlement,Nakalembe,0.477,0.477,0.143,0.613,0.742,0.184
kampala_katuna,297,148.75,town,Kinoni,0.733,0.733,0.4,0.901,0.901,0.473
kampala_katuna,298,149.25,town,Middle,0.733,0.733,0.4,0.901,0.901,0.473
kampala_katuna,299,149.75,roadside settlement,Western,0.546,0.546,0.212,0.701,0.701,0.273
kampala_katuna,300,150.25,roadside settlement,Western,0.402,0.402,0.068,0.517,1.008,0.088
kampala_katuna,301,150.75,open road,Western,0.334,0.334,0.0,0.429,0.489,0.001
kampala_katuna,302,151.25,roadside settlement,Kyekulula,0.363,0.363,0.03,0.717,0.467,0.288
kampala_katuna,303,151.75,roadside settlement,Kyekulula,0.399,0.399,0.066,0.513,0.513,0.084
kampala_katuna,304,152.25,roadside settlement,Kyekulula,0.387,0.387,0.054,0.498,0.551,0.07
kampala_katuna,305,152.75,open road,Kyekulula,0.338,0.338,0.005,0.435,0.435,0.007
kampala_katuna,306,153.25,roadside settlement,Bunyere,0.354,0.354,0.021,0.753,0.456,0.325
kampala_katuna,307,153.75,roadside settlement,Degeya,0.39,0.39,0.056,0.779,0.501,0.35
kampala_katuna,308,154.25,roadside settlement,Degeya,0.429,0.429,0.095,0.551,0.551,0.122
kampala_katuna,309,154.75,roadside settlement,Degeya,0.448,0.448,0.115,0.577,0.631,0.148
kampala_katuna,310,155.25,roadside settlement,Degeya,0.34,0.34,0.006,0.437,1.054,0.008
kampala_katuna,311,155.75,open road,Bwami,0.339,0.339,0.006,0.436,0.436,0.007
kampala_katuna,312,156.25,roadside settlement,Bwami,0.349,0.349,0.016,0.449,0.449,0.02
kampala_katuna,313,156.75,open road,Bwami,0.339,0.339,0.005,0.523,0.436,0.094
kampala_katuna,314,157.25,roadside settlement,Bwami,0.343,0.343,0.01,0.861,0.441,0.433
kampala_katuna,315,157.75,roadside settlement,Kabarungi,0.46,0.46,0.127,0.708,0.592,0.28
kampala_katuna,316,158.25,roadside settlement,Kabarungi,0.365,0.365,0.031,0.469,0.469,0.04
kampala_katuna,317,158.75,roadside settlement,Kabarungi,0.35,0.35,0.017,0.45,0.561,0.022
kampala_katuna,318,159.25,roadside settlement,Kabarungi,0.346,0.346,0.013,0.445,0.57,0.016
kampala_katuna,319,159.75,roadside settlement,Industry,0.356,0.356,0.022,0.457,0.67,0.029
kampala_katuna,320,160.25,town,Industry,0.9,0.9,0.567,1.843,1.843,1.414
kampala_katuna,321,160.75,town,Industry,0.9,0.9,0.567,1.952,1.89,1.524
kampala_katuna,322,161.25,roadside settlement,Mbiriizi,0.537,0.537,0.204,0.69,0.69,0.262
kampala_katuna,323,161.75,roadside settlement,Police,0.368,0.368,0.034,0.684,0.473,0.255
kampala_katuna,324,162.25,roadside settlement,Police,0.354,0.354,0.02,0.455,0.455,0.026
kampala_katuna,325,162.75,roadside settlement,Kyereme,0.352,0.352,0.019,0.591,0.453,0.163
kampala_katuna,326,163.25,roadside settlement,Kyereme,0.35,0.35,0.017,0.45,0.818,0.022
kampala_katuna,327,163.75,open road,Kyereme,0.334,0.334,0.001,0.43,0.44,0.001
kampala_katuna,328,164.25,roadside settlement,Kyereme,0.341,0.341,0.008,0.916,0.438,0.488
kampala_katuna,329,164.75,roadside settlement,Kyawagonya,0.369,0.369,0.036,0.475,0.482,0.046
kampala_katuna,330,165.25,open road,Kitakomaga,0.354,0.354,0.021,0.534,0.456,0.105
kampala_katuna,331,165.75,roadside settlement,Kitakomaga,0.349,0.349,0.015,0.448,0.808,0.02
kampala_katuna,332,166.25,roadside settlement,Kitakomaga,0.353,0.353,0.019,0.453,0.453,0.025
kampala_katuna,333,166.75,roadside settlement,Kyetume,0.517,0.517,0.184,0.665,0.665,0.236
kampala_katuna,334,167.25,roadside settlement,Kyetume,0.507,0.507,0.174,0.652,0.652,0.223
kampala_katuna,335,167.75,roadside settlement,Gankanga,0.35,0.35,0.017,0.45,0.496,0.021
kampala_katuna,336,168.25,open road,Gankanga,0.336,0.336,0.003,0.432,0.646,0.004
kampala_katuna,337,168.75,open road,Gankanga,0.347,0.347,0.014,0.446,0.5,0.017
kampala_katuna,338,169.25,open road,Kyegera B,0.342,0.342,0.009,0.44,0.44,0.011
kampala_katuna,339,169.75,roadside settlement,Pida,0.427,0.427,0.093,0.549,0.549,0.12
kampala_katuna,340,170.25,town,Pida,0.733,0.733,0.4,0.812,0.812,0.383
kampala_katuna,341,170.75,roadside settlement,Kyandazima,0.345,0.345,0.012,0.444,0.459,0.016
kampala_katuna,342,171.25,roadside settlement,Kyandazima,0.381,0.381,0.047,0.726,0.489,0.298
kampala_katuna,343,171.75,roadside settlement,Kirumba,0.345,0.345,0.012,0.515,0.444,0.087
kampala_katuna,344,172.25,roadside settlement,Kirumba,0.342,0.342,0.008,0.439,0.439,0.011
kampala_katuna,345,172.75,roadside settlement,Kirumba,0.389,0.389,0.056,0.501,0.718,0.072
kampala_katuna,346,173.25,roadside settlement,Kirumba,0.361,0.361,0.027,0.498,0.464,0.07
kampala_katuna,347,173.75,roadside settlement,Mpumudde (Lwakibirizi),0.39,0.39,0.056,0.819,0.501,0.39
kampala_katuna,348,174.25,roadside settlement,Mpumudde (Lwakibirizi),0.432,0.432,0.099,0.556,0.721,0.127
kampala_katuna,349,174.75,roadside settlement,Mpumudde (Lwakibirizi),0.362,0.362,0.029,0.466,0.876,0.037
kampala_katuna,350,175.25,roadside settlement,Mpumudde (Lwakibirizi),0.397,0.397,0.064,0.511,0.511,0.082
kampala_katuna,351,175.75,roadside settlement,Kanyogogga,0.38,0.38,0.047,0.489,0.489,0.06
kampala_katuna,352,176.25,roadside settlement,Kanyogogga,0.382,0.382,0.049,0.491,0.491,0.063
kampala_katuna,353,176.75,town,Byuma,0.733,0.733,0.4,0.913,0.913,0.484
kampala_katuna,354,177.25,town,Kyazanga,0.733,0.733,0.4,0.88,0.88,0.451
kampala_katuna,355,177.75,town,Central,0.733,0.733,0.4,0.88,0.88,0.451
kampala_katuna,356,178.25,roadside settlement,Bukyanagandi,0.546,0.546,0.212,0.701,0.701,0.273
kampala_katuna,357,178.75,roadside settlement,Bukyanagandi,0.417,0.417,0.084,0.643,0.536,0.214
kampala_katuna,358,179.25,roadside settlement,Lwentale North,0.369,0.369,0.036,0.726,0.474,0.298
kampala_katuna,359,179.75,roadside settlement,Lwentale North,0.379,0.379,0.045,0.487,0.487,0.058
kampala_katuna,360,180.25,roadside settlement,Kiganda,0.352,0.352,0.019,0.453,0.453,0.024
kampala_katuna,361,180.75,roadside settlement,Kiganda,0.381,0.381,0.048,0.49,0.49,0.062
kampala_katuna,362,181.25,roadside settlement,Kiganda,0.342,0.342,0.008,0.945,0.439,0.516
kampala_katuna,363,181.75,roadside settlement,Malongo,0.351,0.351,0.017,0.865,0.451,0.436
kampala_katuna,364,182.25,roadside settlement,Malongo,0.384,0.384,0.051,0.739,0.494,0.311
kampala_katuna,365,182.75,roadside settlement,Malongo,0.345,0.345,0.012,0.444,0.444,0.016
kampala_katuna,366,183.25,roadside settlement,Kitesa,0.38,0.38,0.047,0.489,0.737,0.06
kampala_katuna,367,183.75,open road,Kitesa,0.344,0.344,0.011,0.442,0.513,0.014
kampala_katuna,368,184.25,roadside settlement,Kitesa,0.346,0.346,0.013,0.445,0.549,0.016
kampala_katuna,369,184.75,roadside settlement,Gyenda,0.352,0.352,0.019,0.453,0.791,0.024
kampala_katuna,370,185.25,roadside settlement,Gyenda,0.529,0.529,0.195,0.68,0.68,0.251
kampala_katuna,371,185.75,roadside settlement,Katovu Trc,0.515,0.515,0.182,0.662,0.662,0.234
kampala_katuna,372,186.25,roadside settlement,Katovu Trc,0.373,0.373,0.04,0.48,0.48,0.052
kampala_katuna,373,186.75,roadside settlement,Ntula A,0.388,0.388,0.055,0.499,0.499,0.071
kampala_katuna,374,187.25,roadside settlement,Ntula A,0.354,0.354,0.02,0.457,0.455,0.029
kampala_katuna,375,187.75,roadside settlement,Katovu Central,0.362,0.362,0.028,0.465,0.465,0.037
kampala_katuna,376,188.25,roadside settlement,Katovu Central,0.49,0.49,0.157,0.63,0.63,0.201
kampala_katuna,377,188.75,roadside settlement,Katovu Central,0.356,0.356,0.023,0.458,0.723,0.029
kampala_katuna,378,189.25,open road,Katovu Central,0.339,0.339,0.006,0.436,0.437,0.008
kampala_katuna,379,189.75,open road,Katovu B,0.349,0.349,0.016,0.449,0.449,0.02
kampala_katuna,380,190.25,open road,Bulimbale,0.333,0.333,0.0,0.429,0.429,0.0
kampala_katuna,381,190.75,open road,Bulimbale,0.342,0.342,0.009,0.481,0.44,0.053
kampala_katuna,382,191.25,open road,Bulimbale,0.339,0.339,0.006,0.436,0.509,0.008
kampala_katuna,383,191.75,open road,Bulimbale,0.338,0.338,0.005,0.435,0.435,0.007
kampala_katuna,384,192.25,open road,Bulimbale,0.341,0.341,0.008,0.558,0.439,0.13
kampala_katuna,385,192.75,roadside settlement,BULIMBALE,0.35,0.35,0.016,0.45,0.45,0.021
kampala_katuna,386,193.25,roadside settlement,Ngango,0.38,0.38,0.046,0.488,0.488,0.059
kampala_katuna,387,193.75,roadside settlement,Ngango,0.401,0.401,0.067,0.515,0.526,0.087
kampala_katuna,388,194.25,roadside settlement,Kasambya (Katovu),0.452,0.452,0.118,0.581,0.642,0.152
kampala_katuna,389,194.75,open road,Kasambya (Katovu),0.344,0.344,0.01,0.442,0.442,0.013
kampala_katuna,390,195.25,open road,Mikoma,0.334,0.334,0.0,0.429,0.429,0.001
kampala_katuna,391,195.75,roadside settlement,Mikoma,0.391,0.391,0.058,0.503,0.503,0.074
kampala_katuna,392,196.25,roadside settlement,Kalagala B,0.348,0.348,0.015,0.448,0.448,0.019
kampala_katuna,393,196.75,roadside settlement,Kalagala B,0.375,0.375,0.042,0.482,0.482,0.054
kampala_katuna,394,197.25,roadside settlement,Kasese,0.508,0.508,0.174,0.765,0.653,0.336
kampala_katuna,395,197.75,town,Lyantonde,0.733,0.733,0.4,0.89,0.89,0.462
kampala_katuna,396,198.25,roadside settlement,Kaliro A,0.546,0.546,0.212,0.701,0.701,0.273
kampala_katuna,397,198.75,roadside settlement,Kaliro A,0.366,0.366,0.032,0.47,0.47,0.042
kampala_katuna,398,199.25,roadside settlement,Kyabazala,0.36,0.36,0.027,0.463,0.463,0.035
kampala_katuna,399,199.75,roadside settlement,Kyabazala,0.344,0.344,0.011,0.766,0.443,0.338
kampala_katuna,400,200.25,roadside settlement,Kyabazala,0.347,0.347,0.014,0.446,0.52,0.018
kampala_katuna,401,200.75,open road,Kyabazala,0.337,0.337,0.004,0.434,0.478,0.005
kampala_katuna,402,201.25,open road,Kyabazala,0.339,0.339,0.006,0.436,0.436,0.008
kampala_katuna,403,201.75,roadside settlement,Kyabazala,0.37,0.37,0.037,0.476,0.476,0.047
kampala_katuna,404,202.25,open road,,0.338,0.338,0.005,0.435,0.435,0.007
kampala_katuna,405,202.75,open road,,0.342,0.342,0.009,0.44,0.44,0.012
kampala_katuna,406,203.25,open road,,0.333,0.333,0.0,0.429,0.429,0.0
kampala_katuna,407,203.75,open road,,0.338,0.338,0.005,0.435,0.435,0.007
kampala_katuna,408,204.25,roadside settlement,,0.356,0.356,0.022,0.482,0.457,0.054
kampala_katuna,409,204.75,open road,,0.335,0.335,0.002,0.431,0.431,0.002
kampala_katuna,410,205.25,open road,,0.344,0.344,0.01,0.569,0.442,0.14
kampala_katuna,411,205.75,open road,,0.333,0.333,0.0,0.429,0.429,0.0
kampala_katuna,412,206.25,open road,,0.333,0.333,0.0,0.628,0.429,0.199
kampala_katuna,413,206.75,roadside settlement,,0.35,0.35,0.017,0.45,0.466,0.021
kampala_katuna,414,207.25,open road,,0.339,0.339,0.006,0.972,0.436,0.543
kampala_katuna,415,207.75,open road,,0.34,0.34,0.006,0.512,0.437,0.084
kampala_katuna,416,208.25,roadside settlement,,0.361,0.361,0.028,0.465,0.465,0.036
kampala_katuna,417,208.75,open road,,0.338,0.338,0.005,0.435,0.567,0.007
kampala_katuna,418,209.25,open road,,0.338,0.338,0.005,0.435,0.671,0.007
kampala_katuna,419,209.75,open road,,0.333,0.333,0.0,0.429,0.692,0.0
kampala_katuna,420,210.25,open road,Karengo,0.339,0.339,0.005,0.436,0.436,0.007
kampala_katuna,421,210.75,open road,Karengo,0.334,0.334,0.0,0.429,0.444,0.001
kampala_katuna,422,211.25,open road,Karengo,0.338,0.338,0.005,0.435,0.435,0.007
kampala_katuna,423,211.75,roadside settlement,Karengo,0.35,0.35,0.017,0.45,0.45,0.022
kampala_katuna,424,212.25,roadside settlement,Akageti,0.503,0.503,0.169,0.646,0.646,0.218
kampala_katuna,425,212.75,roadside settlement,Akageti,0.422,0.422,0.089,0.543,0.543,0.115
kampala_katuna,426,213.25,open road,Karengo,0.333,0.333,0.0,0.429,0.445,0.0
kampala_katuna,427,213.75,open road,Karengo,0.338,0.338,0.005,0.435,0.435,0.007
kampala_katuna,428,214.25,open road,Karengo,0.333,0.333,0.0,0.429,0.429,0.0
kampala_katuna,429,214.75,open road,Karengo,0.338,0.338,0.005,0.435,0.435,0.007
kampala_katuna,430,215.25,open road,,0.338,0.338,0.005,0.435,0.435,0.007
kampala_katuna,431,215.75,open road,,0.333,0.333,0.0,0.429,0.429,0.0
kampala_katuna,432,216.25,open road,,0.334,0.334,0.001,0.43,0.43,0.001
kampala_katuna,433,216.75,open road,,0.333,0.333,0.0,0.429,0.429,0.0
kampala_katuna,434,217.25,open road,,0.337,0.337,0.004,0.433,0.433,0.005
kampala_katuna,435,217.75,open road,,0.339,0.339,0.006,0.436,0.444,0.007
kampala_katuna,436,218.25,open road,,0.344,0.344,0.01,0.442,0.442,0.013
kampala_katuna,437,218.75,open road,Bumaranjara,0.333,0.333,0.0,0.571,0.429,0.143
kampala_katuna,438,219.25,roadside settlement,Bumaranjara,0.345,0.345,0.012,0.68,0.444,0.252
kampala_katuna,439,219.75,roadside settlement,Bumaranjara,0.368,0.368,0.034,0.473,0.763,0.044
kampala_katuna,440,220.25,roadside settlement,Bumaranjara,0.364,0.364,0.031,0.468,0.468,0.039
kampala_katuna,441,220.75,roadside settlement,Bumaranjara,0.355,0.355,0.022,0.456,0.456,0.028
kampala_katuna,442,221.25,roadside settlement,Bumaranjara,0.355,0.355,0.022,0.457,0.564,0.028
kampala_katuna,443,221.75,open road,Bumaranjara,0.334,0.334,0.0,0.429,0.429,0.001
kampala_katuna,444,222.25,open road,,0.333,0.333,0.0,0.429,0.429,0.0
kampala_katuna,445,222.75,open road,,0.334,0.334,0.0,0.429,0.429,0.001
kampala_katuna,446,223.25,open road,,0.339,0.339,0.005,0.436,0.436,0.007
kampala_katuna,447,223.75,open road,,0.334,0.334,0.001,0.635,0.43,0.207
kampala_katuna,448,224.25,open road,,0.336,0.336,0.003,0.433,0.433,0.004
kampala_katuna,449,224.75,roadside settlement,,0.349,0.349,0.015,0.518,0.448,0.089
kampala_katuna,450,225.25,roadside settlement,Nombi,0.353,0.353,0.02,0.454,0.454,0.026
kampala_katuna,451,225.75,open road,Nombi,0.336,0.336,0.003,0.432,0.762,0.004
kampala_katuna,452,226.25,open road,Nombi,0.334,0.334,0.0,0.429,0.429,0.001
kampala_katuna,453,226.75,open road,Nombi,0.333,0.333,0.0,0.507,0.429,0.078
kampala_katuna,454,227.25,open road,Sanga B,0.333,0.333,0.0,0.429,0.429,0.0
kampala_katuna,455,227.75,roadside settlement,Sanga B,0.372,0.372,0.038,0.478,0.478,0.049
kampala_katuna,456,228.25,roadside settlement,Sanga A,0.712,0.712,0.379,1.701,1.701,1.273
kampala_katuna,457,228.75,roadside settlement,Sanga A,0.419,0.419,0.086,0.539,0.539,0.11
kampala_katuna,458,229.25,roadside settlement,Sanga A,0.349,0.349,0.015,0.448,0.454,0.02
kampala_katuna,459,229.75,open road,Sanga A,0.333,0.333,0.0,0.429,0.429,0.0
kampala_katuna,460,230.25,open road,Sanga A,0.334,0.334,0.0,0.429,0.429,0.001
kampala_katuna,461,230.75,open road,Kibega,0.334,0.334,0.0,0.429,0.429,0.001
kampala_katuna,462,231.25,open road,Kibega,0.333,0.333,0.0,0.429,0.429,0.0
kampala_katuna,463,231.75,roadside settlement,Kibega,0.351,0.351,0.017,0.451,0.451,0.022
kampala_katuna,464,232.25,roadside settlement,Kibega,0.353,0.353,0.019,0.454,0.454,0.025
kampala_katuna,465,232.75,open road,Kibega,0.333,0.333,0.0,0.479,0.429,0.05
kampala_katuna,466,233.25,open road,,0.333,0.333,0.0,0.702,0.429,0.273
kampala_katuna,467,233.75,roadside settlement,Kyibega,0.349,0.349,0.015,0.448,0.448,0.02
kampala_katuna,468,234.25,roadside settlement,Kyibega,0.349,0.349,0.015,0.448,0.562,0.02
kampala_katuna,469,234.75,open road,Kyibega,0.338,0.338,0.005,0.435,0.435,0.007
kampala_katuna,470,235.25,open road,Kyibega,0.334,0.334,0.001,0.995,0.43,0.567
kampala_katuna,471,235.75,open road,Kibega,0.505,0.505,0.172,1.435,1.435,1.007
kampala_katuna,472,236.25,open road,Kibega,0.337,0.337,0.004,0.434,0.789,0.005
kampala_katuna,473,236.75,open road,Kibega,0.342,0.342,0.009,0.44,0.55,0.011
kampala_katuna,474,237.25,open road,Kibega,0.338,0.338,0.005,0.435,0.478,0.007
kampala_katuna,475,237.75,open road,Kibega,0.339,0.339,0.006,0.437,0.436,0.009
kampala_katuna,476,238.25,open road,,0.335,0.335,0.001,0.43,0.43,0.002
kampala_katuna,477,238.75,open road,,0.338,0.338,0.005,0.435,0.435,0.007
kampala_katuna,478,239.25,open road,,0.334,0.334,0.001,0.43,0.43,0.001
kampala_katuna,479,239.75,open road,,0.34,0.34,0.007,0.437,0.437,0.009
kampala_katuna,480,240.25,open road,,0.338,0.338,0.005,0.435,0.435,0.007
kampala_katuna,481,240.75,open road,,0.339,0.339,0.005,0.436,0.436,0.007
kampala_katuna,482,241.25,open road,,0.333,0.333,0.0,0.437,0.429,0.009
kampala_katuna,483,241.75,open road,,0.333,0.333,0.0,0.429,0.429,0.0
kampala_katuna,484,242.25,open road,,0.338,0.338,0.005,0.435,0.435,0.007
kampala_katuna,485,242.75,open road,,0.338,0.338,0.005,0.435,0.435,0.007
kampala_katuna,486,243.25,open road,,0.338,0.338,0.005,0.435,0.435,0.007
kampala_katuna,487,243.75,open road,,0.338,0.338,0.005,0.435,0.435,0.007
kampala_katuna,488,244.25,open road,Kamatarisi,0.338,0.338,0.005,0.435,0.435,0.007
kampala_katuna,489,244.75,open road,Kamatarisi,0.338,0.338,0.005,0.556,0.435,0.128
kampala_katuna,490,245.25,open road,Kamatarisi,0.338,0.338,0.005,0.783,0.435,0.355
kampala_katuna,491,245.75,open road,Kamatarisi,0.333,0.333,0.0,0.429,0.62,0.0
kampala_katuna,492,246.25,open road,Kamatarisi,0.338,0.338,0.005,0.435,0.435,0.007
kampala_katuna,493,246.75,open road,Kamatarisi,0.338,0.338,0.005,0.435,0.435,0.007
kampala_katuna,494,247.25,open road,Kamatarisi,0.34,0.34,0.007,0.59,0.438,0.162
kampala_katuna,495,247.75,roadside settlement,Kasharara,0.366,0.366,0.033,0.471,0.656,0.042
kampala_katuna,496,248.25,roadside settlement,Kihangire Cell,0.369,0.369,0.035,0.474,0.474,0.045
kampala_katuna,497,248.75,roadside settlement,Kihangire Cell,0.358,0.358,0.025,0.461,0.461,0.032
kampala_katuna,498,249.25,roadside settlement,Kihangire Cell,0.404,0.404,0.07,0.519,0.519,0.09
kampala_katuna,499,249.75,roadside settlement,Biharwe East Cell,0.546,0.546,0.212,0.701,0.701,0.273
kampala_katuna,500,250.25,roadside settlement,Biharwe Central Cell,0.525,0.525,0.191,0.675,0.675,0.246
kampala_katuna,501,250.75,roadside settlement,Kanyara Cell,0.409,0.409,0.076,0.526,0.526,0.098
kampala_katuna,502,251.25,roadside settlement,Rwabishekye-kanyara,0.376,0.376,0.043,0.585,0.484,0.156
kampala_katuna,503,251.75,roadside settlement,Rwabishekye-kanyara,0.374,0.374,0.041,0.481,0.481,0.053
kampala_katuna,504,252.25,roadside settlement,Kibwera,0.364,0.364,0.031,0.468,0.468,0.039
kampala_katuna,505,252.75,roadside settlement,Kibwera,0.354,0.354,0.02,0.455,0.527,0.026
kampala_katuna,506,253.25,roadside settlement,Rwagaju,0.368,0.368,0.035,0.473,0.473,0.045
kampala_katuna,507,253.75,roadside settlement,Kibwera,0.361,0.361,0.027,0.464,0.464,0.035
kampala_katuna,508,254.25,roadside settlement,Kibwera,0.358,0.358,0.025,0.461,0.692,0.032
kampala_katuna,509,254.75,roadside settlement,Migamba,0.361,0.361,0.028,0.465,0.516,0.036
kampala_katuna,510,255.25,open road,Migamba,0.344,0.344,0.01,0.442,0.482,0.013
kampala_katuna,511,255.75,open road,Migamba,0.344,0.344,0.01,0.442,0.442,0.013
kampala_katuna,512,256.25,roadside settlement,Rwebihuro,0.438,0.438,0.105,0.564,0.564,0.135
kampala_katuna,513,256.75,roadside settlement,Rwebihuro,0.398,0.398,0.065,0.512,0.512,0.084
kampala_katuna,514,257.25,open road,Rwebihuro,0.345,0.345,0.012,10.443,10.443,10.015
kampala_katuna,515,257.75,open road,Rwobuyenje,0.34,0.34,0.007,0.47,0.438,0.042
kampala_katuna,516,258.25,roadside settlement,Makenke,0.395,0.395,0.062,0.508,0.508,0.08
kampala_katuna,517,258.75,roadside settlement,Makenke,0.391,0.391,0.058,0.503,0.503,0.074
kampala_katuna,518,259.25,roadside settlement,Makenke,0.339,0.339,0.039,0.484,0.484,0.055
kampala_katuna,519,259.75,roadside settlement,Nyamityobora Fr,0.388,0.388,0.054,0.559,0.498,0.131
kampala_katuna,520,260.25,roadside settlement,Nyamityobora Fr,0.373,0.373,0.04,0.48,0.48,0.052
kampala_katuna,521,260.75,roadside settlement,Forest Reserve,0.401,0.401,0.068,0.707,0.516,0.279
kampala_katuna,522,261.25,roadside settlement,Forest Reserve,0.468,0.468,0.135,0.704,0.602,0.275
kampala_katuna,523,261.75,town,Market,0.733,0.733,0.4,0.901,0.901,0.473
kampala_katuna,524,262.25,town,Agip,0.733,0.733,0.4,0.8,0.8,0.371
kampala_katuna,525,262.75,town,Muti,0.733,0.733,0.4,1.052,0.896,0.623
kampala_katuna,526,263.25,town,Boma A,0.9,0.9,0.6,0.967,0.967,0.538
kampala_katuna,527,263.75,town,Boma,0.733,0.733,0.4,0.8,0.8,0.371
kampala_katuna,528,264.25,town,Boma B,0.733,0.733,0.4,0.8,0.8,0.371
kampala_katuna,529,264.75,town,Kashanyarazi,0.733,0.733,0.4,0.8,0.881,0.371
kampala_katuna,530,265.25,town,Kashanyarazi,0.733,0.733,0.4,0.8,0.896,0.371
kampala_katuna,531,265.75,roadside settlement,Kashanyarazi,0.377,0.377,0.043,0.484,0.484,0.056
kampala_katuna,532,266.25,roadside settlement,Nyamitanga,0.361,0.361,0.027,0.512,0.464,0.084
kampala_katuna,533,266.75,roadside settlement,Nyamitanga,0.381,0.381,0.047,0.49,0.49,0.061
kampala_katuna,534,267.25,roadside settlement,Nyamitanga,0.383,0.383,0.05,0.492,0.492,0.064
kampala_katuna,535,267.75,roadside settlement,Ruti,0.36,0.36,0.026,0.463,0.463,0.034
kampala_katuna,536,268.25,roadside settlement,Ruti,0.571,0.571,0.238,1.52,1.52,1.091
kampala_katuna,537,268.75,town,Ruti,0.903,0.903,0.57,1.976,1.976,1.547
kampala_katuna,538,269.25,roadside settlement,Katozho,0.546,0.546,0.212,0.701,0.701,0.273
kampala_katuna,539,269.75,roadside settlement,Nakiojo,0.514,0.514,0.181,0.661,0.661,0.232
kampala_katuna,540,270.25,roadside settlement,Nakiojo,0.444,0.444,0.111,0.571,0.579,0.143
kampala_katuna,541,270.75,roadside settlement,Nakiojo,0.361,0.361,0.028,0.465,0.465,0.036
kampala_katuna,542,271.25,roadside settlement,Nakiojo,0.35,0.35,0.017,0.45,0.45,0.021
kampala_katuna,543,271.75,roadside settlement,Nakiojo,0.5,0.5,0.2,0.6,0.6,0.171
kampala_katuna,544,272.25,open road,Nakiojo,0.346,0.346,0.012,0.548,0.444,0.119
kampala_katuna,545,272.75,roadside settlement,,0.32,0.32,0.02,0.756,0.457,0.328
kampala_katuna,546,273.25,roadside settlement,,0.388,0.388,0.054,0.498,0.762,0.07
kampala_katuna,547,273.75,open road,,0.339,0.339,0.006,0.436,0.57,0.007
kampala_katuna,548,274.25,open road,,0.333,0.333,0.0,0.429,0.429,0.0
kampala_katuna,549,274.75,open road,,0.338,0.338,0.005,0.435,0.435,0.007
kampala_katuna,550,275.25,open road,,0.345,0.345,0.012,0.444,0.444,0.015
kampala_katuna,551,275.75,open road,,0.338,0.338,0.005,0.474,0.435,0.045
kampala_katuna,552,276.25,roadside settlement,,0.359,0.359,0.026,0.462,0.462,0.033
kampala_katuna,553,276.75,roadside settlement,,0.342,0.342,0.008,0.439,0.453,0.011
kampala_katuna,554,277.25,roadside settlement,,0.351,0.351,0.018,0.452,0.452,0.023
kampala_katuna,555,277.75,roadside settlement,Ruchenche,0.368,0.368,0.035,0.473,0.473,0.045
kampala_katuna,556,278.25,open road,Ruchenche,0.34,0.34,0.006,0.437,0.437,0.008
kampala_katuna,557,278.75,roadside settlement,Ruchenche,0.363,0.363,0.03,0.539,0.467,0.11
kampala_katuna,558,279.25,roadside settlement,Ruchenche,0.363,0.363,0.03,0.467,0.467,0.039
kampala_katuna,559,279.75,open road,Ruchenche,0.334,0.334,0.0,0.429,0.429,0.001
kampala_katuna,560,280.25,open road,Ruchenche,0.344,0.344,0.011,0.443,0.443,0.014
kampala_katuna,561,280.75,roadside settlement,Rugando,0.366,0.366,0.032,0.47,0.47,0.042
kampala_katuna,562,281.25,roadside settlement,Rugando,0.409,0.409,0.076,0.526,0.526,0.097
kampala_katuna,563,281.75,roadside settlement,Rugando,0.358,0.358,0.025,0.46,0.466,0.032
kampala_katuna,564,282.25,open road,Rugando,0.344,0.344,0.011,0.443,0.538,0.014
kampala_katuna,565,282.75,roadside settlement,Rugando,0.387,0.387,0.054,0.498,0.498,0.07
kampala_katuna,566,283.25,roadside settlement,Rugando,0.42,0.42,0.086,0.539,0.539,0.111
kampala_katuna,567,283.75,roadside settlement,,0.376,0.376,0.042,0.483,0.483,0.054
kampala_katuna,568,284.25,open road,,0.341,0.341,0.007,0.438,0.438,0.01
kampala_katuna,569,284.75,open road,,0.334,0.334,0.0,0.429,0.429,0.001
kampala_katuna,570,285.25,roadside settlement,,0.345,0.345,0.012,0.443,0.443,0.015
kampala_katuna,571,285.75,roadside settlement,,0.356,0.356,0.023,0.66,0.458,0.231
kampala_katuna,572,286.25,open road,Kihonzi,0.342,0.342,0.008,0.439,0.579,0.011
kampala_katuna,573,286.75,open road,Kihonzi,0.333,0.333,0.0,0.429,0.429,0.0
kampala_katuna,574,287.25,open road,Kihonzi,0.346,0.346,0.013,0.445,0.445,0.016
kampala_katuna,575,287.75,roadside settlement,Kihonzi,0.37,0.37,0.037,0.476,0.476,0.047
kampala_katuna,576,288.25,roadside settlement,Kihonzi,0.388,0.388,0.055,0.499,0.499,0.071
kampala_katuna,577,288.75,roadside settlement,Kihonzi,0.41,0.41,0.077,0.527,0.527,0.099
kampala_katuna,578,289.25,roadside settlement,Kihonzi,0.382,0.382,0.049,0.491,0.491,0.063
kampala_katuna,579,289.75,roadside settlement,Nyakagando,0.342,0.342,0.008,0.439,0.439,0.011
kampala_katuna,580,290.25,roadside settlement,Nyakagando,0.376,0.376,0.042,0.483,0.483,0.054
kampala_katuna,581,290.75,roadside settlement,Nyakagando,0.348,0.348,0.015,0.447,0.447,0.019
kampala_katuna,582,291.25,roadside settlement,Nyakagando,0.356,0.356,0.023,0.478,0.458,0.049
kampala_katuna,583,291.75,roadside settlement,Nyakagando,0.377,0.377,0.043,0.484,0.484,0.056
kampala_katuna,584,292.25,roadside settlement,Nyakagando,0.361,0.361,0.028,0.464,0.464,0.036
kampala_katuna,585,292.75,roadside settlement,Nyakagando,0.384,0.384,0.051,0.494,0.494,0.065
kampala_katuna,586,293.25,roadside settlement,Nyakagando,0.359,0.359,0.026,0.461,0.461,0.033
kampala_katuna,587,293.75,open road,Biti,0.34,0.34,0.007,0.437,0.437,0.009
kampala_katuna,588,294.25,roadside settlement,Biti,0.376,0.376,0.042,0.483,0.483,0.054
kampala_katuna,589,294.75,roadside settlement,Biti,0.378,0.378,0.045,0.486,0.486,0.058
kampala_katuna,590,295.25,roadside settlement,Biti,0.338,0.338,0.005,0.435,0.435,0.006
kampala_katuna,591,295.75,open road,Biti,0.342,0.342,0.008,0.439,0.439,0.011
kampala_katuna,592,296.25,open road,Biti,0.334,0.334,0.001,0.452,0.43,0.024
kampala_katuna,593,296.75,roadside settlement,Biti,0.357,0.357,0.024,0.459,0.459,0.031
kampala_katuna,594,297.25,roadside settlement,Biti,0.347,0.347,0.014,0.446,0.446,0.017
kampala_katuna,595,297.75,roadside settlement,Biti,0.446,0.446,0.113,0.574,0.574,0.145
kampala_katuna,596,298.25,roadside settlement,,0.537,0.537,0.204,0.69,0.69,0.262
kampala_katuna,597,298.75,roadside settlement,,0.503,0.503,0.17,0.647,0.647,0.219
kampala_katuna,598,299.25,roadside settlement,,0.351,0.351,0.017,0.451,0.451,0.022
kampala_katuna,599,299.75,open road,,0.341,0.341,0.007,0.438,0.438,0.01
kampala_katuna,600,300.25,roadside settlement,,0.38,0.38,0.046,0.488,0.488,0.059
kampala_katuna,601,300.75,roadside settlement,,0.414,0.414,0.081,0.533,0.533,0.104
kampala_katuna,602,301.25,roadside settlement,,0.514,0.514,0.181,0.661,0.661,0.232
kampala_katuna,603,301.75,roadside settlement,,0.381,0.381,0.047,0.489,0.489,0.061
kampala_katuna,604,302.25,roadside settlement,,0.341,0.341,0.008,0.439,0.439,0.01
kampala_katuna,605,302.75,open road,,0.334,0.334,0.0,0.429,0.429,0.001
kampala_katuna,606,303.25,roadside settlement,,0.369,0.369,0.036,0.475,0.475,0.046
kampala_katuna,607,303.75,roadside settlement,,0.387,0.387,0.053,0.771,0.497,0.343
kampala_katuna,608,304.25,roadside settlement,Kyempisi,0.343,0.343,0.01,0.441,0.441,0.012
kampala_katuna,609,304.75,roadside settlement,Kyempisi,0.351,0.351,0.017,0.451,0.451,0.022
kampala_katuna,610,305.25,roadside settlement,Kyempisi,0.352,0.352,0.018,0.452,0.452,0.023
kampala_katuna,611,305.75,open road,Kyempisi,0.349,0.349,0.015,0.448,0.619,0.02
kampala_katuna,612,306.25,open road,Nyamukana Trading Centre,0.342,0.342,0.008,0.439,0.439,0.011
kampala_katuna,613,306.75,roadside settlement,Nyamukana Trading Centre,0.369,0.369,0.035,0.474,0.474,0.045
kampala_katuna,614,307.25,roadside settlement,Nyamukana Trading Centre,0.529,0.529,0.195,0.68,0.68,0.251
kampala_katuna,615,307.75,roadside settlement,Kashenyi,0.377,0.377,0.044,0.485,0.485,0.057
kampala_katuna,616,308.25,roadside settlement,Kashenyi,0.348,0.348,0.014,0.447,0.447,0.018
kampala_katuna,617,308.75,open road,Kyakahetsi,0.336,0.336,0.003,0.433,0.433,0.004
kampala_katuna,618,309.25,open road,Kyakahetsi,0.347,0.347,0.014,0.446,0.446,0.017
kampala_katuna,619,309.75,open road,Nyakakiri,0.336,0.336,0.002,0.432,0.432,0.003
kampala_katuna,620,310.25,roadside settlement,Nyakakiri,0.363,0.363,0.029,0.466,0.466,0.038
kampala_katuna,621,310.75,open road,Nyakakiri,0.338,0.338,0.005,0.832,0.435,0.404
kampala_katuna,622,311.25,open road,Nyaruteme,0.336,0.336,0.003,0.432,0.432,0.004
kampala_katuna,623,311.75,roadside settlement,Nyaruteme,0.36,0.36,0.027,0.463,0.569,0.035
kampala_katuna,624,312.25,open road,Nyaruteme,0.341,0.341,0.008,0.438,0.447,0.01
kampala_katuna,625,312.75,open road,Rwempiri,0.34,0.34,0.007,1.195,0.437,0.766
kampala_katuna,626,313.25,roadside settlement,Rwempiri,0.343,0.343,0.009,0.823,0.44,0.394
kampala_katuna,627,313.75,roadside settlement,Rwempiri,0.354,0.354,0.021,0.455,0.455,0.027
kampala_katuna,628,314.25,roadside settlement,Kanyakungu,0.36,0.36,0.026,0.463,0.594,0.034
kampala_katuna,629,314.75,roadside settlement,Kashasha,0.406,0.406,0.072,0.522,0.599,0.093
kampala_katuna,630,315.25,roadside settlement,Kashasha,0.435,0.435,0.102,0.56,0.56,0.131
kampala_katuna,631,315.75,roadside settlement,Itojo Trading Centre,0.453,0.453,0.12,0.583,0.583,0.154
kampala_katuna,632,316.25,roadside settlement,Itojo Trading Centre,0.372,0.372,0.039,0.589,0.478,0.161
kampala_katuna,633,316.75,open road,Itojo Trading Centre,0.343,0.343,0.01,0.441,0.441,0.013
kampala_katuna,634,317.25,open road,Kakiizi,0.334,0.334,0.0,0.429,0.688,0.001
kampala_katuna,635,317.75,open road,Ruhanga,0.34,0.34,0.007,0.437,0.437,0.009
kampala_katuna,636,318.25,roadside settlement,Ruhanga,0.385,0.385,0.052,0.495,0.495,0.067
kampala_katuna,637,318.75,roadside settlement,Migorora,0.374,0.374,0.041,0.491,0.481,0.062
kampala_katuna,638,319.25,roadside settlement,Nyamuhani,0.362,0.362,0.028,0.465,0.518,0.036
kampala_katuna,639,319.75,open road,Nyamuhani,0.339,0.339,0.005,0.436,0.612,0.007
kampala_katuna,640,320.25,open road,Nyamuhani,0.344,0.344,0.01,0.442,0.622,0.013
kampala_katuna,641,320.75,roadside settlement,Kahunga I,0.351,0.351,0.017,0.451,0.596,0.022
kampala_katuna,642,321.25,roadside settlement,Kahunga Trc,0.406,0.406,0.073,0.522,0.522,0.094
kampala_katuna,643,321.75,roadside settlement,Kahunga Trc,0.366,0.366,0.032,0.47,0.47,0.042
kampala_katuna,644,322.25,roadside settlement,Nyakihanga,0.366,0.366,0.032,0.47,0.498,0.042
kampala_katuna,645,322.75,roadside settlement,Nyakihanga,0.363,0.363,0.029,0.466,0.584,0.038
kampala_katuna,646,323.25,open road,Nyakihanga,0.335,0.335,0.002,0.431,0.431,0.003
kampala_katuna,647,323.75,open road,Nyakihanga,0.349,0.349,0.015,0.448,0.535,0.02
kampala_katuna,648,324.25,roadside settlement,Nyabubare,0.343,0.343,0.01,0.441,0.441,0.013
kampala_katuna,649,324.75,roadside settlement,Nyabubare,0.351,0.351,0.017,0.451,0.451,0.022
kampala_katuna,650,325.25,town,Cell Iii,0.733,0.733,0.4,0.8,0.8,0.371
kampala_katuna,651,325.75,town,Cell Iii,0.733,0.733,0.4,0.8,0.8,0.371
kampala_katuna,652,326.25,town,Ntungamo,0.733,0.733,0.4,0.865,0.865,0.436
kampala_katuna,653,326.75,town,Cell Vi,0.733,0.733,0.4,0.879,0.879,0.451
kampala_katuna,654,327.25,town,Cell I,0.733,0.733,0.4,0.8,0.8,0.371
kampala_katuna,655,327.75,roadside settlement,Kyamate,0.36,0.36,0.027,0.463,0.463,0.034
kampala_katuna,656,328.25,roadside settlement,Orubaare,0.359,0.359,0.025,0.561,0.461,0.133
kampala_katuna,657,328.75,open road,Orubaare,0.34,0.34,0.006,0.437,0.437,0.008
kampala_katuna,658,329.25,roadside settlement,Orubaare,0.345,0.345,0.012,0.444,0.594,0.015
kampala_katuna,659,329.75,roadside settlement,Orubaare,0.355,0.355,0.022,0.457,0.468,0.028
kampala_katuna,660,330.25,roadside settlement,Kabagyendo,0.444,0.444,0.111,0.832,0.547,0.404
kampala_katuna,661,330.75,roadside settlement,Kabagyendo,0.36,0.36,0.027,0.761,0.463,0.332
kampala_katuna,662,331.25,roadside settlement,Kabagyendo,0.427,0.427,0.094,0.549,0.919,0.121
kampala_katuna,663,331.75,roadside settlement,Kabagyendo,0.361,0.361,0.028,0.464,0.558,0.035
kampala_katuna,664,332.25,open road,Kabagyendo,0.341,0.341,0.007,0.438,0.438,0.01
kampala_katuna,665,332.75,open road,Muyogo,0.339,0.339,0.006,0.436,0.461,0.008
kampala_katuna,666,333.25,open road,Muyogo,0.339,0.339,0.006,0.436,0.436,0.008
kampala_katuna,667,333.75,open road,Muyogo,0.333,0.333,0.0,0.429,0.429,0.0
kampala_katuna,668,334.25,open road,Muyogo,0.333,0.333,0.0,0.429,0.581,0.0
kampala_katuna,669,334.75,open road,Muyogo,0.339,0.339,0.005,0.436,0.447,0.007
kampala_katuna,670,335.25,roadside settlement,Kyamugashe Ii,0.369,0.369,0.035,0.486,0.474,0.058
kampala_katuna,671,335.75,roadside settlement,Kyamugashe Ii,0.369,0.369,0.036,0.475,0.475,0.046
kampala_katuna,672,336.25,roadside settlement,Kyamugashe Ii,0.378,0.378,0.044,0.486,0.486,0.057
kampala_katuna,673,336.75,roadside settlement,Kyamugashe Ii,0.348,0.348,0.015,0.447,0.516,0.019
kampala_katuna,674,337.25,open road,Kyamugashe Ii,0.34,0.34,0.007,0.437,0.437,0.009
kampala_katuna,675,337.75,open road,Kyamugashe I,0.351,0.351,0.017,0.451,0.451,0.022
kampala_katuna,676,338.25,open road,Kyamugashe I,0.336,0.336,0.003,0.432,0.432,0.004
kampala_katuna,677,338.75,open road,Kyamugashe I,0.333,0.333,0.0,0.429,0.429,0.0
kampala_katuna,678,339.25,open road,Omungyenyi,0.339,0.339,0.006,0.436,0.436,0.008
kampala_katuna,679,339.75,roadside settlement,Omungyenyi,0.454,0.454,0.121,0.584,0.584,0.156
kampala_katuna,680,340.25,roadside settlement,Omungyenyi,0.415,0.415,0.082,0.534,0.534,0.106
kampala_katuna,681,340.75,roadside settlement,Rwabaramira,0.358,0.358,0.025,0.702,0.461,0.273
kampala_katuna,682,341.25,open road,Rwabaramira,0.337,0.337,0.004,0.681,0.434,0.253
kampala_katuna,683,341.75,open road,Rwabaramira,0.341,0.341,0.008,0.542,0.438,0.114
kampala_katuna,684,342.25,open road,Rwabaramira,0.34,0.34,0.006,0.437,0.808,0.008
kampala_katuna,685,342.75,roadside settlement,Rwemiriro Ii,0.362,0.362,0.029,0.466,0.466,0.037
kampala_katuna,686,343.25,roadside settlement,Rwemiriro Ii,0.369,0.369,0.036,0.475,0.475,0.046
kampala_katuna,687,343.75,roadside settlement,Rwemiriro I,0.374,0.374,0.041,0.481,0.481,0.053
kampala_katuna,688,344.25,roadside settlement,Rwemiriro I,0.386,0.386,0.052,0.496,0.496,0.067
kampala_katuna,689,344.75,roadside settlement,Rwemiriro I,0.427,0.427,0.093,0.549,0.549,0.12
kampala_katuna,690,345.25,roadside settlement,Rubaare Ii,0.434,0.434,0.1,0.557,0.557,0.129
kampala_katuna,691,345.75,roadside settlement,Rubaare Ii,0.415,0.415,0.082,0.562,0.534,0.134
kampala_katuna,692,346.25,town,Nyalubale,0.733,0.733,0.4,0.89,0.89,0.462
kampala_katuna,693,346.75,roadside settlement,Nyalubale,0.459,0.459,0.125,0.59,0.59,0.161
kampala_katuna,694,347.25,roadside settlement,Kyabukuju I,0.354,0.354,0.02,0.455,0.455,0.026
kampala_katuna,695,347.75,roadside settlement,Kyabukuju I,0.352,0.352,0.018,0.461,0.452,0.032
kampala_katuna,696,348.25,roadside settlement,Rukiri,0.35,0.35,0.017,0.45,0.511,0.021
kampala_katuna,697,348.75,roadside settlement,Rukiri,0.356,0.356,0.022,0.457,0.457,0.029
kampala_katuna,698,349.25,open road,Rukiri,0.337,0.337,0.004,0.64,0.434,0.211
kampala_katuna,699,349.75,open road,Rukiri,0.343,0.343,0.01,0.441,0.471,0.013
kampala_katuna,700,350.25,open road,Rukiri,0.335,0.335,0.001,0.43,0.43,0.002
kampala_katuna,701,350.75,open road,Enshenyi,0.337,0.337,0.004,0.433,0.433,0.005
kampala_katuna,702,351.25,open road,Enshenyi,0.335,0.335,0.002,0.578,0.431,0.149
kampala_katuna,703,351.75,open road,Enshenyi,0.338,0.338,0.005,0.435,0.435,0.006
kampala_katuna,704,352.25,open road,Enshenyi,0.336,0.336,0.002,0.432,0.432,0.003
kampala_katuna,705,352.75,open road,Enshenyi,0.343,0.343,0.01,0.441,0.441,0.013
kampala_katuna,706,353.25,open road,Enshenyi,0.335,0.335,0.001,0.447,0.43,0.018
kampala_katuna,707,353.75,open road,Enshenyi,0.335,0.335,0.001,0.496,0.43,0.068
kampala_katuna,708,354.25,open road,Rushenyi,0.347,0.347,0.014,0.447,0.447,0.018
kampala_katuna,709,354.75,open road,Rushenyi,0.334,0.334,0.001,0.43,0.43,0.001
kampala_katuna,710,355.25,open road,Rushenyi,0.333,0.333,0.0,0.429,0.429,0.0
kampala_katuna,711,355.75,open road,Rushenyi,0.338,0.338,0.005,0.435,0.435,0.007
kampala_katuna,712,356.25,roadside settlement,Orwina,0.341,0.341,0.008,0.749,0.439,0.32
kampala_katuna,713,356.75,roadside settlement,Orwina,0.372,0.372,0.038,0.766,0.478,0.338
kampala_katuna,714,357.25,roadside settlement,Rwentobo,0.465,0.465,0.132,0.671,0.598,0.242
kampala_katuna,715,357.75,roadside settlement,Rwentobo,0.464,0.464,0.13,0.596,0.596,0.168
kampala_katuna,716,358.25,roadside settlement,Rwentobo,0.344,0.344,0.01,0.442,0.442,0.013
kampala_katuna,717,358.75,roadside settlement,Rwentobo,0.351,0.351,0.018,0.464,0.452,0.035
kampala_katuna,718,359.25,roadside settlement,Rwentobo,0.353,0.353,0.02,0.488,0.454,0.059
kampala_katuna,719,359.75,open road,Nyabugando Ii,0.336,0.336,0.003,0.455,0.433,0.027
kampala_katuna,720,360.25,roadside settlement,Nyabugando Ii,0.414,0.414,0.081,0.533,0.533,0.104
kampala_katuna,721,360.75,roadside settlement,Nyabugando Ii,0.386,0.386,0.053,0.496,0.496,0.068
kampala_katuna,722,361.25,roadside settlement,Nyanga I,0.374,0.374,0.04,0.793,0.481,0.364
kampala_katuna,723,361.75,roadside settlement,Nyanga I,0.4,0.4,0.067,0.709,0.515,0.281
kampala_katuna,724,362.25,roadside settlement,Nyanga I,0.382,0.382,0.048,0.525,0.491,0.096
kampala_katuna,725,362.75,roadside settlement,Mishenyi,0.36,0.36,0.026,0.997,0.462,0.569
kampala_katuna,726,363.25,roadside settlement,Mishenyi,0.341,0.341,0.008,0.975,0.438,0.546
kampala_katuna,727,363.75,roadside settlement,Kabira,0.349,0.349,0.015,0.943,0.448,0.514
kampala_katuna,728,364.25,roadside settlement,Katooma Iii,0.374,0.374,0.041,0.832,0.481,0.404
kampala_katuna,729,364.75,roadside settlement,Rwahi,0.554,0.554,0.221,0.878,0.713,0.449
kampala_katuna,730,365.25,roadside settlement,Rwahi,0.485,0.485,0.151,0.901,0.623,0.472
kampala_katuna,731,365.75,roadside settlement,Nyaruhanga,0.399,0.399,0.066,1.078,0.513,0.649
kampala_katuna,732,366.25,roadside settlement,Nyaruhanga,0.348,0.348,0.015,0.755,0.448,0.327
kampala_katuna,733,366.75,roadside settlement,Nyakasa,0.347,0.347,0.014,0.519,0.446,0.09
kampala_katuna,734,367.25,roadside settlement,Kafuka,0.5,0.5,0.167,0.6,0.737,0.171
kampala_katuna,735,367.75,roadside settlement,Kafuka,0.361,0.361,0.027,0.464,0.903,0.035
kampala_katuna,736,368.25,roadside settlement,Rwabahazi,0.355,0.355,0.022,0.456,0.742,0.028
kampala_katuna,737,368.75,roadside settlement,Rwabahazi,0.381,0.381,0.048,0.49,0.636,0.061
kampala_katuna,738,369.25,roadside settlement,Muhanga,0.388,0.388,0.055,0.499,0.499,0.07
kampala_katuna,739,369.75,roadside settlement,Muhanga,0.537,0.537,0.204,0.69,0.69,0.262
kampala_katuna,740,370.25,roadside settlement,Kitaburaza,0.41,0.41,0.077,0.736,0.527,0.308
kampala_katuna,741,370.75,roadside settlement,Rwakahuku,0.364,0.364,0.031,0.468,0.468,0.04
kampala_katuna,742,371.25,roadside settlement,Rwakahuku,0.355,0.355,0.022,0.457,0.457,0.028
kampala_katuna,743,371.75,roadside settlement,Butobere (Butare),0.384,0.384,0.051,0.494,0.494,0.065
kampala_katuna,744,372.25,roadside settlement,Nyakanengo,0.372,0.372,0.039,0.479,0.479,0.05
kampala_katuna,745,372.75,roadside settlement,Nyaruhanga (Highland),0.363,0.363,0.03,0.834,0.467,0.405
kampala_katuna,746,373.25,roadside settlement,Kabaare,0.5,0.5,0.167,0.6,0.6,0.171
kampala_katuna,747,373.75,roadside settlement,Kabaare,0.394,0.394,0.061,0.507,0.507,0.078
kampala_katuna,748,374.25,roadside settlement,Kabaare,0.389,0.389,0.055,0.5,0.5,0.071
kampala_katuna,749,374.75,roadside settlement,Bukinda,0.416,0.416,0.083,0.535,0.535,0.106
kampala_katuna,750,375.25,roadside settlement,Kagunga (Rutare),0.386,0.386,0.053,0.921,0.496,0.493
kampala_katuna,751,375.75,roadside settlement,Kagunga (Rutare),0.461,0.461,0.128,0.593,0.593,0.165
kampala_katuna,752,376.25,roadside settlement,Rwakimuri,0.497,0.497,0.164,0.64,0.64,0.211
kampala_katuna,753,376.75,roadside settlement,Rwakimuri,0.42,0.42,0.087,0.599,0.54,0.17
kampala_katuna,754,377.25,roadside settlement,Kitaburaza (Nyakabungo),0.363,0.363,0.029,0.466,0.466,0.038
kampala_katuna,755,377.75,roadside settlement,Kitaburaza (Nyakabungo),0.358,0.358,0.025,0.646,0.46,0.217
kampala_katuna,756,378.25,roadside settlement,Keihimbi,0.359,0.359,0.026,0.969,0.462,0.54
kampala_katuna,757,378.75,roadside settlement,Kyobugombe,0.341,0.341,0.008,0.438,1.063,0.01
kampala_katuna,758,379.25,roadside settlement,Kyobugombe,0.378,0.378,0.044,0.485,1.173,0.057
kampala_katuna,759,379.75,roadside settlement,Kyobugombe,0.433,0.433,0.1,0.557,0.557,0.128
kampala_katuna,760,380.25,roadside settlement,Ahakabiri,0.343,0.343,0.009,0.44,0.44,0.012
kampala_katuna,761,380.75,open road,Nkumbura,0.336,0.336,0.003,0.433,0.433,0.004
kampala_katuna,762,381.25,roadside settlement,Nkumbura,0.401,0.401,0.068,0.516,0.718,0.087
kampala_katuna,763,381.75,roadside settlement,Ahamumba,0.383,0.383,0.05,0.493,0.832,0.064
kampala_katuna,764,382.25,roadside settlement,Bugarama,0.643,0.643,0.309,0.75,0.75,0.321
kampala_katuna,765,382.75,roadside settlement,Bugarama,0.638,0.638,0.304,0.744,0.883,0.315
kampala_katuna,766,383.25,roadside settlement,Nyakigugwe,0.4,0.4,0.067,0.514,0.514,0.086
kampala_katuna,767,383.75,roadside settlement,Nyakigugwe,0.767,0.767,0.433,0.921,0.867,0.493
kampala_katuna,768,384.25,roadside settlement,Rwakaceregye,0.5,0.5,0.166,0.604,0.604,0.176
kampala_katuna,769,384.75,roadside settlement,Ahakatooma,0.379,0.379,0.046,0.487,0.493,0.059
kampala_katuna,770,385.25,roadside settlement,Kaharo,0.381,0.381,0.048,0.701,0.49,0.272
kampala_katuna,771,385.75,roadside settlement,Kimbugu,0.388,0.388,0.054,0.498,0.498,0.07
kampala_katuna,772,386.25,roadside settlement,Kamunoga,0.678,0.678,0.345,0.796,0.796,0.367
kampala_katuna,773,386.75,roadside settlement,Kibumba,0.5,0.5,0.167,0.776,0.6,0.347
kampala_katuna,774,387.25,roadside settlement,Ahamuremere,0.349,0.349,0.016,0.655,0.449,0.226
kampala_katuna,775,387.75,roadside settlement,Rwabashenyi,0.5,0.5,0.167,0.778,0.6,0.349
kampala_katuna,776,388.25,roadside settlement,Rwabashenyi,0.35,0.35,0.017,0.98,0.45,0.552
kampala_katuna,777,388.75,roadside settlement,Kirandura,0.5,0.5,0.2,0.965,0.6,0.537
kampala_katuna,778,389.25,roadside settlement,Kasharara,0.363,0.363,0.03,0.811,0.467,0.383
kampala_katuna,779,389.75,roadside settlement,Kasharara,0.5,0.5,0.167,0.645,0.6,0.216
kampala_katuna,780,390.25,open road,Nyaruhanga,0.5,0.5,0.167,1.085,0.6,0.657
kampala_katuna,781,390.75,open road,Nyarungwe,0.334,0.334,0.0,0.789,0.429,0.36
kampala_katuna,782,391.25,roadside settlement,Nyarungwe,0.342,0.342,0.009,0.811,0.44,0.383
kampala_katuna,783,391.75,open road,Kabaraga,0.348,0.348,0.014,0.551,0.447,0.122
kampala_katuna,784,392.25,open road,Kanyankwanzi,0.5,0.5,0.167,0.6,0.905,0.171
kampala_katuna,785,392.75,roadside settlement,Karuhuma,0.5,0.5,0.167,0.6,1.22,0.171
kampala_katuna,786,393.25,roadside settlement,Kanyankwanzi,0.344,0.344,0.01,0.442,0.948,0.013
kampala_katuna,787,393.75,roadside settlement,Rwashenyire,0.346,0.346,0.013,0.445,0.445,0.016
kampala_katuna,788,394.25,open road,Rwashenyire,0.5,0.5,0.167,0.6,0.845,0.171
kampala_katuna,789,394.75,roadside settlement,Nyakahita (Nyakagyera),0.5,0.5,0.167,0.6,0.98,0.171
kampala_katuna,790,395.25,open road,Omubushenshero,0.334,0.334,0.001,0.43,0.431,0.001
kampala_katuna,791,395.75,roadside settlement,Bunombe (Nyakagyera),0.5,0.5,0.167,0.6,1.039,0.171
kampala_katuna,792,396.25,roadside settlement,Karubanda (Kyanamira),0.5,0.5,0.167,0.6,0.851,0.171
kampala_katuna,793,396.75,roadside settlement,Karubanda (Kyanamira),0.371,0.371,0.038,0.477,0.72,0.049
kampala_katuna,794,397.25,roadside settlement,Kabatogote,0.535,0.535,0.201,0.649,1.083,0.221
kampala_katuna,795,397.75,roadside settlement,Rwanyabiboga,0.767,0.767,0.433,0.867,0.867,0.438
kampala_katuna,796,398.25,roadside settlement,Nyakahita (Katookye),0.374,0.374,0.041,0.5,0.481,0.072
kampala_katuna,797,398.75,roadside settlement,Rugarama Ii,0.446,0.446,0.112,0.573,0.573,0.145
kampala_katuna,798,399.25,roadside settlement,Nkombe,0.628,0.628,0.294,0.769,0.769,0.34
kampala_katuna,799,399.75,roadside settlement,Nyarukonkoromi,0.519,0.519,0.186,0.668,0.668,0.239
kampala_katuna,800,400.25,roadside settlement,Mafuga,0.5,0.5,0.167,0.6,0.6,0.171
kampala_katuna,801,400.75,town,Nyakahita (Kigongi),0.733,0.733,0.4,0.857,0.8,0.428
kampala_katuna,802,401.25,town,Kigongi B,0.733,0.733,0.4,0.822,0.822,0.394
kampala_katuna,803,401.75,town,Kigongi A,0.733,0.733,0.4,0.881,0.881,0.452
kampala_katuna,804,402.25,town,Bitaka,0.733,0.733,0.4,0.827,0.827,0.398
kampala_katuna,805,402.75,town,Igabiro (Mwanjari),0.733,0.733,0.4,0.882,0.882,0.453
kampala_katuna,806,403.25,town,Nyangande,0.733,0.733,0.4,0.913,0.913,0.484
kampala_katuna,807,403.75,roadside settlement,Nyangande,0.529,0.529,0.195,0.68,0.68,0.251
kampala_katuna,808,404.25,roadside settlement,,0.463,0.463,0.129,0.595,0.595,0.166
kampala_katuna,809,404.75,roadside settlement,Rwagana,0.509,0.509,0.175,0.654,0.654,0.225
kampala_katuna,810,405.25,roadside settlement,Omukirwa,0.484,0.484,0.151,0.622,0.622,0.194
kampala_katuna,811,405.75,roadside settlement,Karubanda (Karubanda),0.523,0.523,0.19,0.672,0.672,0.244
kampala_katuna,812,406.25,roadside settlement,Karubanda (Karubanda),0.571,0.571,0.238,0.687,0.687,0.258
kampala_katuna,813,406.75,roadside settlement,Kazigizigi,0.376,0.376,0.043,0.484,0.484,0.055
kampala_katuna,814,407.25,roadside settlement,Rwabirundo,0.405,0.405,0.072,0.521,0.521,0.093
kampala_katuna,815,407.75,roadside settlement,Rwabirundo,0.358,0.358,0.024,0.46,0.46,0.031
kampala_katuna,816,408.25,roadside settlement,Butare,0.374,0.374,0.04,0.481,0.481,0.052
kampala_katuna,817,408.75,roadside settlement,Butare,0.348,0.348,0.015,0.447,0.447,0.019
kampala_katuna,818,409.25,open road,Nyakatooma (Kicumbi),0.5,0.5,0.167,0.6,0.6,0.171
kampala_katuna,819,409.75,roadside settlement,Nyakatooma (Kicumbi),0.346,0.346,0.013,0.445,0.445,0.017
kampala_katuna,820,410.25,roadside settlement,Nyamurindira A,0.387,0.387,0.054,0.674,0.498,0.245
kampala_katuna,821,410.75,roadside settlement,Nyamurindira A,0.46,0.46,0.126,0.594,0.591,0.165
kampala_katuna,822,411.25,roadside settlement,Nyakateete B,0.403,0.403,0.07,0.519,0.552,0.09
kampala_katuna,823,411.75,roadside settlement,Nyakateete A,0.383,0.383,0.05,0.493,0.819,0.064
kampala_katuna,824,412.25,roadside settlement,Kyarugondo,0.352,0.352,0.018,0.485,0.452,0.057
kampala_katuna,825,412.75,roadside settlement,Kyarugondo,0.359,0.359,0.026,0.462,0.462,0.033
kampala_katuna,826,413.25,roadside settlement,Nyakasharara,0.347,0.347,0.013,0.446,0.446,0.017
kampala_katuna,827,413.75,roadside settlement,Rwamacumu,0.349,0.349,0.016,0.449,0.449,0.02
kampala_katuna,828,414.25,roadside settlement,Nyakatugunda (Kasheregenyi),0.357,0.357,0.024,0.459,0.459,0.031
kampala_katuna,829,414.75,roadside settlement,Nyakatugunda (Kasheregenyi),0.345,0.345,0.012,0.444,0.444,0.016
kampala_katuna,830,415.25,roadside settlement,Nyakarindi,0.358,0.358,0.025,0.46,0.46,0.032
kampala_katuna,831,415.75,roadside settlement,Rukaranga,0.346,0.346,0.013,0.445,0.445,0.016
kampala_katuna,832,416.25,roadside settlement,Rukaranga,0.345,0.345,0.012,0.443,0.443,0.015
kampala_katuna,833,416.75,roadside settlement,Murambo (Buranga),0.352,0.352,0.019,0.453,0.453,0.024
kampala_katuna,834,417.25,roadside settlement,Murambo (Buranga),0.353,0.353,0.02,0.454,0.454,0.025
kampala_katuna,835,417.75,open road,Murambo (Buranga),0.334,0.334,0.001,0.43,0.43,0.001
kampala_katuna,836,418.25,open road,Rushebeya (Buranga),0.334,0.334,0.0,0.429,0.429,0.001
kampala_katuna,837,418.75,open road,Kabaliisa,0.335,0.335,0.002,0.431,0.431,0.002
kampala_katuna,838,419.25,roadside settlement,Kabaliisa,0.5,0.5,0.167,0.6,0.6,0.171
kampala_katuna,839,419.75,roadside settlement,Nyamengo (Kacerere),0.363,0.363,0.03,0.467,0.467,0.038
kampala_katuna,840,420.25,open road,Nyamengo (Kacerere),0.345,0.345,0.012,0.443,0.443,0.015
kampala_katuna,841,420.75,roadside settlement,Kamuganguzi,0.365,0.365,0.031,0.482,0.469,0.054
kampala_katuna,842,421.25,roadside settlement,Kamuganguzi,0.379,0.379,0.045,0.487,0.487,0.058
kampala_katuna,843,421.75,roadside settlement,Nyamirima,0.372,0.372,0.039,0.479,0.479,0.05
kampala_katuna,844,422.25,roadside settlement,,0.37,0.37,0.037,0.476,0.476,0.047
kampala_katuna,845,422.75,roadside settlement,,0.422,0.422,0.088,0.542,0.542,0.113
kampala_katuna,846,423.25,roadside settlement,Katuna,0.499,0.499,0.165,0.641,0.641,0.212
kampala_katuna,847,423.75,roadside settlement,Katuna-Border,0.5,0.5,0.167,0.625,0.625,0.196
kampala_katuna,848,424.25,roadside settlement,Burambira-Katuna,0.5,0.5,0.167,0.611,0.611,0.183
kampala_katuna,849,424.75,roadside settlement,Burambira-Katuna,0.5,0.5,0.167,0.6,0.6,0.171
kampala_katuna,850,425.25,roadside settlement,Burambira-Katuna,0.388,0.388,0.055,0.499,0.499,0.07
kampala_katuna,851,425.6525266379382,roadside settlement,Burambira (Mukarangye),0.5,0.5,0.167,0.6,0.6,0.171
kampala_malaba,0,0.25,town,Radio Uganda,3.233,3.233,2.933,3.318,3.335,2.89
kampala_malaba,1,0.75,town,Community Flats,0.9,0.9,0.6,1.8,1.8,1.371
kampala_malaba,2,1.25,town,Ngabo,0.9,0.9,0.6,0.967,0.967,0.538
kampala_malaba,3,1.75,town,Lugogo,0.733,0.733,0.433,0.889,0.889,0.46
kampala_malaba,4,2.25,town,,2.4,2.4,2.1,2.467,2.467,2.038
kampala_malaba,5,2.75,town,,3.817,3.817,3.517,4.009,3.912,3.58
kampala_malaba,6,3.25,town,Nsimbwe-kasi,0.9,0.9,0.567,1.949,1.949,1.521
kampala_malaba,7,3.75,town,Nakawa Vocation Institute,1.733,1.733,1.4,1.8,1.966,1.371
kampala_malaba,8,4.25,town,Central,0.733,0.733,0.4,0.8,0.8,0.371
kampala_malaba,9,4.75,town,K 10,0.733,0.733,0.4,0.8,0.8,0.371
kampala_malaba,10,5.25,town,K 10,0.733,0.733,0.4,0.8,0.8,0.371
kampala_malaba,11,5.75,town,K 7,0.737,0.737,0.403,0.976,0.976,0.547
kampala_malaba,12,6.25,town,B 4,0.737,0.737,0.403,0.976,0.976,0.547
kampala_malaba,13,6.75,town,Kireka,0.733,0.733,0.4,0.925,0.925,0.496
kampala_malaba,14,7.25,town,Kireka,0.733,0.733,0.4,0.913,0.913,0.484
kampala_malaba,15,7.75,town,Kireka Central,0.9,0.9,0.567,1.913,1.913,1.484
kampala_malaba,16,8.25,town,Kireka Central,0.733,0.733,0.4,0.925,0.925,0.496
kampala_malaba,17,8.75,town,Bbuto,0.737,0.737,0.403,0.976,0.976,0.547
kampala_malaba,18,9.25,town,Kigandazi,0.733,0.733,0.4,0.962,0.962,0.534
kampala_malaba,19,9.75,town,Namulondo,0.733,0.733,0.4,0.949,0.949,0.521
kampala_malaba,20,10.25,town,Namulondo,0.733,0.733,0.4,0.962,0.962,0.534
kampala_malaba,21,10.75,roadside settlement,Kireku Railway,0.554,0.554,0.221,0.713,0.713,0.284
kampala_malaba,22,11.25,roadside settlement,Namanve,0.506,0.506,0.173,0.651,0.651,0.223
kampala_malaba,23,11.75,roadside settlement,Namanve,0.35,0.35,0.016,0.45,0.45,0.021
kampala_malaba,24,12.25,town,Mawotto,0.733,0.733,0.4,0.911,0.8,0.483
kampala_malaba,25,12.75,town,Mawotto,0.733,0.733,0.4,0.8,0.8,0.371
kampala_malaba,26,13.25,roadside settlement,Kiwanga Lwanda,0.379,0.379,0.045,0.487,0.487,0.058
kampala_malaba,27,13.75,town,Kiwanga Lwanda,0.733,0.733,0.4,0.8,0.8,0.371
kampala_malaba,28,14.25,roadside settlement,Baggala,0.412,0.412,0.079,0.53,0.552,0.102
kampala_malaba,29,14.75,town,Baggala,0.733,0.733,0.4,1.037,0.875,0.608
kampala_malaba,30,15.25,town,Seeta,0.733,0.733,0.433,0.913,0.913,0.484
kampala_malaba,31,15.75,town,Ntinda,0.733,0.733,0.4,0.901,0.901,0.473
kampala_malaba,32,16.25,roadside settlement,Ntinda,0.399,0.399,0.065,0.513,0.513,0.084
kampala_malaba,33,16.75,town,Kigunga,0.733,0.733,0.4,0.901,0.901,0.473
kampala_malaba,34,17.25,roadside settlement,Kigunga,0.408,0.408,0.075,0.524,0.524,0.096
kampala_malaba,35,17.75,roadside settlement,Lower Kauga,0.514,0.514,0.181,0.661,0.661,0.233
kampala_malaba,36,18.25,town,Lower Kauga,0.733,0.733,0.4,0.925,0.925,0.496
kampala_malaba,37,18.75,town,Butebe,0.733,0.733,0.4,0.898,0.898,0.47
kampala_malaba,38,19.25,town,Butebe,0.9,0.9,0.567,1.901,1.901,1.473
kampala_malaba,39,19.75,town,Mukono,0.733,0.733,0.4,0.925,0.925,0.496
kampala_malaba,40,20.25,town,Total,0.733,0.733,0.433,0.925,0.925,0.496
kampala_malaba,41,20.75,town,Gunga,0.733,0.733,0.4,0.962,0.962,0.534
kampala_malaba,42,21.25,town,Agip,0.733,0.733,0.4,0.89,0.89,0.462
kampala_malaba,43,21.75,town,Ggulu A,0.733,0.733,0.4,0.962,0.962,0.534
kampala_malaba,44,22.25,roadside settlement,Ngandu,0.546,0.546,0.212,0.701,0.701,0.273
kampala_malaba,45,22.75,roadside settlement,Kigombya North,0.554,0.554,0.221,0.713,0.713,0.284
kampala_malaba,46,23.25,town,Kigombya North,0.733,0.733,0.4,0.901,1.019,0.473
kampala_malaba,47,23.75,roadside settlement,Kigombya South,0.373,0.373,0.039,0.479,0.479,0.051
kampala_malaba,48,24.25,town,"Lwanyonyi, Kamwaka Close",0.9,0.9,0.567,1.8,1.8,1.371
kampala_malaba,49,24.75,roadside settlement,"Lwanyonyi, Kamwaka Close",0.362,0.362,0.028,0.465,0.465,0.036
kampala_malaba,50,25.25,roadside settlement,"Lwanyonyi, Kamwaka Close",0.363,0.363,0.03,0.467,0.475,0.039
kampala_malaba,51,25.75,open road,Kiwugo,0.344,0.344,0.011,0.442,0.442,0.014
kampala_malaba,52,26.25,open road,Kasenge B,0.352,0.352,0.018,0.452,0.452,0.023
kampala_malaba,53,26.75,roadside settlement,Kasenge B,0.371,0.371,0.037,0.477,0.477,0.048
kampala_malaba,54,27.25,roadside settlement,Kasenge B,0.401,0.401,0.067,0.515,0.515,0.087
kampala_malaba,55,27.75,town,Mbalala,0.733,0.733,0.4,0.89,0.89,0.462
kampala_malaba,56,28.25,town,Mbalala,0.733,0.733,0.4,0.925,0.925,0.496
kampala_malaba,57,28.75,town,Mbalala,0.9,0.9,0.567,1.949,1.949,1.521
kampala_malaba,58,29.25,roadside settlement,Kasenge A,0.413,0.413,0.08,0.531,0.531,0.102
kampala_malaba,59,29.75,roadside settlement,Namawojjolo West,0.372,0.372,0.039,0.479,0.479,0.05
kampala_malaba,60,30.25,roadside settlement,Namawojjolo West,0.398,0.398,0.065,0.512,0.512,0.084
kampala_malaba,61,30.75,roadside settlement,Namawojjolo West,0.546,0.546,0.212,0.701,0.701,0.273
kampala_malaba,62,31.25,town,Namawojjolo East,0.733,0.733,0.4,0.913,0.913,0.484
kampala_malaba,63,31.75,roadside settlement,Namawojjolo East,0.537,0.537,0.204,0.69,0.69,0.262
kampala_malaba,64,32.25,roadside settlement,Walusubi,0.554,0.554,0.221,0.713,0.713,0.284
kampala_malaba,65,32.75,roadside settlement,Walusubi,0.452,0.452,0.119,0.581,0.581,0.153
kampala_malaba,66,33.25,roadside settlement,Kyawanvubu,0.369,0.369,0.036,0.511,0.475,0.083
kampala_malaba,67,33.75,roadside settlement,Kayanja,0.443,0.443,0.11,0.702,0.57,0.273
kampala_malaba,68,34.25,roadside settlement,Namataba Central,0.537,0.537,0.204,0.691,0.69,0.263
kampala_malaba,69,34.75,roadside settlement,Galabi,0.546,0.546,0.212,0.701,0.701,0.273
kampala_malaba,70,35.25,roadside settlement,Galabi,0.458,0.458,0.125,0.589,0.589,0.16
kampala_malaba,71,35.75,roadside settlement,Kayanja,0.537,0.537,0.204,0.69,0.69,0.262
kampala_malaba,72,36.25,roadside settlement,Kayanja,0.554,0.554,0.221,0.713,0.713,0.284
kampala_malaba,73,36.75,roadside settlement,Namagunga A,0.415,0.415,0.082,0.536,0.534,0.107
kampala_malaba,74,37.25,roadside settlement,Namagunga A,0.443,0.443,0.109,0.569,0.569,0.141
kampala_malaba,75,37.75,roadside settlement,Namagunga B,0.529,0.529,0.195,0.68,0.68,0.251
kampala_malaba,76,38.25,roadside settlement,Kasaku,0.38,0.38,0.047,0.684,0.489,0.255
kampala_malaba,77,38.75,open road,Kasaku,0.355,0.355,0.022,0.723,0.457,0.295
kampala_malaba,78,39.25,open road,Kasaku,0.346,0.346,0.013,0.569,0.445,0.14
kampala_malaba,79,39.75,open road,Najumba,0.34,0.34,0.007,0.438,0.723,0.009
kampala_malaba,80,40.25,roadside settlement,Lugazi,0.351,0.351,0.017,0.451,0.669,0.022
kampala_malaba,81,40.75,roadside settlement,Lugazi,0.342,0.342,0.008,0.439,0.439,0.011
kampala_malaba,82,41.25,roadside settlement,Lugazi,0.453,0.453,0.12,0.583,0.583,0.154
kampala_malaba,83,41.75,town,Kitega,0.733,0.733,0.4,0.901,0.901,0.473
kampala_malaba,84,42.25,roadside settlement,Kitega,0.507,0.507,0.174,0.652,0.652,0.223
kampala_malaba,85,42.75,roadside settlement,Nakazzadde,0.573,0.573,0.24,0.858,0.737,0.43
kampala_malaba,86,43.25,town,Nakazzadde,0.733,0.733,0.4,0.991,0.925,0.562
kampala_malaba,87,43.75,town,Lugazi,0.737,0.737,0.403,0.976,0.976,0.547
kampala_malaba,88,44.25,town,Cable,0.733,0.733,0.433,0.847,0.847,0.418
kampala_malaba,89,44.75,roadside settlement,Jagary,0.408,0.408,0.075,0.525,0.588,0.097
kampala_malaba,90,45.25,roadside settlement,Jagary,0.335,0.335,0.002,0.431,0.566,0.003
kampala_malaba,91,45.75,open road,Kinawataka,0.338,0.338,0.005,0.435,0.666,0.007
kampala_malaba,92,46.25,open road,Hospital,0.346,0.346,0.013,0.445,0.445,0.016
kampala_malaba,93,46.75,roadside settlement,Bulyantete,0.362,0.362,0.028,0.505,0.465,0.076
kampala_malaba,94,47.25,roadside settlement,Bulyantete,0.41,0.41,0.077,0.708,0.527,0.28
kampala_malaba,95,47.75,roadside settlement,Tebalowoza,0.521,0.521,0.187,0.722,0.669,0.294
kampala_malaba,96,48.25,roadside settlement,Tebalowoza,0.513,0.513,0.179,0.659,0.659,0.231
kampala_malaba,97,48.75,roadside settlement,Sagazi East,0.521,0.521,0.187,0.669,0.669,0.241
kampala_malaba,98,49.25,roadside settlement,Kasininya,0.441,0.441,0.107,0.567,0.805,0.138
kampala_malaba,99,49.75,roadside settlement,Kasininya,0.384,0.384,0.051,0.661,0.494,0.232
kampala_malaba,100,50.25,roadside settlement,Kasininya,0.348,0.348,0.014,0.483,0.447,0.055
kampala_malaba,101,50.75,open road,Dangala A,0.333,0.333,0.0,0.429,1.139,0.0
kampala_malaba,102,51.25,open road,Dangala A,0.334,0.334,0.0,0.47,0.429,0.042
kampala_malaba,103,51.75,open road,Dangala A,0.337,0.337,0.004,0.451,0.434,0.023
kampala_malaba,104,52.25,roadside settlement,Nsakya A,0.375,0.375,0.042,0.746,0.482,0.317
kampala_malaba,105,52.75,town,Najjembe,0.733,0.733,0.4,0.911,0.89,0.483
kampala_malaba,106,53.25,roadside settlement,Najjembe,0.412,0.412,0.079,0.53,0.53,0.101
kampala_malaba,107,53.75,open road,Nsakya B,0.334,0.334,0.001,0.43,0.616,0.001
kampala_malaba,108,54.25,open road,Mubango,0.333,0.333,0.0,0.429,0.924,0.0
kampala_malaba,109,54.75,open road,Mubango,0.338,0.338,0.005,0.435,0.483,0.007
kampala_malaba,110,55.25,open road,Mubango,0.334,0.334,0.0,0.429,0.456,0.001
kampala_malaba,111,55.75,open road,Mubango,0.334,0.334,0.0,0.478,0.429,0.049
kampala_malaba,112,56.25,open road,Najembe,0.333,0.333,0.0,0.676,0.429,0.248
kampala_malaba,113,56.75,open road,Najembe,0.344,0.344,0.011,0.443,0.584,0.014
kampala_malaba,114,57.25,open road,Najembe,0.334,0.334,0.0,0.429,0.72,0.001
kampala_malaba,115,57.75,open road,Najembe,0.339,0.339,0.005,0.992,0.436,0.564
kampala_malaba,116,58.25,open road,Najembe,0.333,0.333,0.0,0.631,0.429,0.203
kampala_malaba,117,58.75,open road,Najembe,0.334,0.334,0.0,0.51,0.429,0.081
kampala_malaba,118,59.25,open road,,0.339,0.339,0.005,0.436,0.786,0.007
kampala_malaba,119,59.75,open road,,0.333,0.333,0.0,0.429,0.576,0.0
kampala_malaba,120,60.25,open road,Lugalambo,0.333,0.333,0.0,0.429,0.429,0.0
kampala_malaba,121,60.75,open road,Lugalambo,0.335,0.335,0.001,0.501,0.43,0.073
kampala_malaba,122,61.25,open road,Lugalambo,0.341,0.341,0.007,0.6,0.438,0.171
kampala_malaba,123,61.75,open road,Lugalambo,0.344,0.344,0.01,0.442,0.442,0.013
kampala_malaba,124,62.25,open road,Lugalambo,0.347,0.347,0.014,0.446,0.446,0.017
kampala_malaba,125,62.75,open road,Lugalambo,0.333,0.333,0.0,0.429,0.429,0.0
kampala_malaba,126,63.25,open road,Namatogonya,0.334,0.334,0.001,0.43,0.624,0.001
kampala_malaba,127,63.75,open road,Namatogonya,0.338,0.338,0.005,0.435,0.765,0.007
kampala_malaba,128,64.25,roadside settlement,Namatogonya,0.355,0.355,0.021,0.935,0.456,0.507
kampala_malaba,129,64.75,roadside settlement,Kiryante,0.394,0.394,0.061,0.556,0.507,0.128
kampala_malaba,130,65.25,roadside settlement,Kiryante,0.383,0.383,0.05,0.493,0.493,0.064
kampala_malaba,131,65.75,roadside settlement,Kiryante,0.421,0.421,0.087,0.576,0.541,0.148
kampala_malaba,132,66.25,roadside settlement,Namanyonyi,0.546,0.546,0.212,0.701,0.701,0.273
kampala_malaba,133,66.75,roadside settlement,Namanyonyi,0.521,0.521,0.187,0.669,0.669,0.241
kampala_malaba,134,67.25,roadside settlement,Namanyonyi,0.529,0.529,0.195,0.68,0.68,0.251
kampala_malaba,135,67.75,roadside settlement,Lugazi,0.409,0.409,0.076,0.526,0.526,0.097
kampala_malaba,136,68.25,roadside settlement,Lugazi,0.521,0.521,0.187,0.871,0.669,0.442
kampala_malaba,137,68.75,town,Lugazi,0.733,0.733,0.4,0.949,0.949,0.521
kampala_malaba,138,69.25,roadside settlement,Wampala,0.537,0.537,0.204,0.69,0.69,0.262
kampala_malaba,139,69.75,town,Wampala,0.733,0.733,0.4,0.937,0.937,0.508
kampala_malaba,140,70.25,roadside settlement,Njeru,0.546,0.546,0.212,0.701,0.701,0.273
kampala_malaba,141,70.75,town,Njeru,0.733,0.733,0.4,0.913,0.913,0.484
kampala_malaba,142,71.25,roadside settlement,Namuwaya,0.537,0.537,0.204,0.69,0.85,0.262
kampala_malaba,143,71.75,roadside settlement,Naava,0.529,0.529,0.195,0.68,0.72,0.251
kampala_malaba,144,72.25,town,Naava Road,0.733,0.733,0.4,0.856,0.93,0.427
kampala_malaba,145,72.75,roadside settlement,Naava Road,0.355,0.355,0.022,0.456,0.557,0.028
kampala_malaba,146,73.25,roadside settlement,Triangle,0.389,0.389,0.055,0.5,0.5,0.071
kampala_malaba,147,73.75,town,Upper Naava,0.733,0.733,0.433,0.815,0.815,0.387
kampala_malaba,148,74.25,town,Naminya,0.733,0.733,0.433,0.818,0.818,0.389
kampala_malaba,149,74.75,roadside settlement,Naminya,0.633,0.633,0.333,0.733,0.733,0.305
kampala_malaba,150,75.25,roadside settlement,Nalufenya B,0.322,0.322,0.022,0.46,0.46,0.031
kampala_malaba,151,75.75,roadside settlement,Nalufenya B,0.341,0.341,0.041,0.487,0.487,0.059
kampala_malaba,152,76.25,town,Ambercourt,0.733,0.733,0.433,0.8,0.8,0.371
kampala_malaba,153,76.75,town,Mvule,0.733,0.733,0.433,0.8,0.8,0.371
kampala_malaba,154,77.25,roadside settlement,Mvule,0.317,0.317,0.017,0.567,0.453,0.138
kampala_malaba,155,77.75,roadside settlement,Mvule,0.317,0.317,0.017,0.505,0.453,0.076
kampala_malaba,156,78.25,town,Mvule,0.733,0.733,0.433,0.8,0.8,0.371
kampala_malaba,157,78.75,town,Railways,0.733,0.733,0.433,0.8,0.8,0.371
kampala_malaba,158,79.25,roadside settlement,Railways,0.355,0.355,0.055,0.507,0.507,0.079
kampala_malaba,159,79.75,town,Rubaga,0.733,0.733,0.433,0.8,0.8,0.371
kampala_malaba,160,80.25,town,Masese III,0.733,0.733,0.433,0.937,0.937,0.508
kampala_malaba,161,80.75,roadside settlement,Masese III,0.878,0.878,0.578,1.04,1.246,0.612
kampala_malaba,162,81.25,roadside settlement,Kamuli Road,0.327,0.327,0.027,0.467,0.595,0.039
kampala_malaba,163,81.75,town,Eastern Cell,0.733,0.733,0.433,0.8,0.8,0.371
kampala_malaba,164,82.25,town,Stadium,0.733,0.733,0.433,0.939,0.89,0.511
kampala_malaba,165,82.75,town,Kalina Cell,0.733,0.733,0.433,0.901,0.901,0.473
kampala_malaba,166,83.25,town,Church,0.733,0.733,0.433,0.913,0.913,0.484
kampala_malaba,167,83.75,town,Wanyange Central LC I,0.733,0.733,0.433,0.89,0.89,0.462
kampala_malaba,168,84.25,roadside settlement,Wanyange Central LC I,0.507,0.507,0.207,0.725,0.725,0.296
kampala_malaba,169,84.75,roadside settlement,Wanyange Lake LC I,0.499,0.499,0.199,0.713,0.713,0.284
kampala_malaba,170,85.25,roadside settlement,Wanyange Central LC I,0.43,0.43,0.13,0.615,0.762,0.186
kampala_malaba,171,85.75,town,Walumbe LC I,0.733,0.733,0.433,0.88,0.88,0.451
kampala_malaba,172,86.25,town,Wairaka A LC I,0.733,0.733,0.433,0.8,0.8,0.371
kampala_malaba,173,86.75,roadside settlement,Mwiri Primary LC I,0.325,0.325,0.025,0.464,0.464,0.035
kampala_malaba,174,87.25,roadside settlement,Mwiri Primary LC I,0.357,0.357,0.057,0.51,0.755,0.081
kampala_malaba,175,87.75,open road,Namaziba,0.3,0.3,0.0,0.429,0.479,0.001
kampala_malaba,176,88.25,open road,Go Moja,0.33,0.33,0.03,0.471,0.471,0.042
kampala_malaba,177,88.75,open road,Go Moja,0.334,0.334,0.0,0.709,0.429,0.281
kampala_malaba,178,89.25,roadside settlement,Go Moja,0.354,0.354,0.021,0.602,0.455,0.174
kampala_malaba,179,89.75,roadside settlement,Single Quaters,0.344,0.344,0.011,0.443,0.546,0.014
kampala_malaba,180,90.25,open road,Single Quaters,0.333,0.333,0.0,0.429,0.639,0.0
kampala_malaba,181,90.75,open road,Majimazuri,0.339,0.339,0.005,0.713,0.436,0.284
kampala_malaba,182,91.25,open road,Majimazuri,0.349,0.349,0.016,0.449,0.449,0.021
kampala_malaba,183,91.75,open road,Majimazuri,0.333,0.333,0.0,0.429,0.628,0.0
kampala_malaba,184,92.25,open road,Hio LC I,0.336,0.336,0.003,0.843,0.432,0.415
kampala_malaba,185,92.75,open road,Hio LC I,0.351,0.351,0.018,0.552,0.451,0.123
kampala_malaba,186,93.25,open road,Hio LC I,0.355,0.355,0.021,0.504,0.456,0.075
kampala_malaba,187,93.75,roadside settlement,Wandago,0.474,0.474,0.141,0.61,0.61,0.181
kampala_malaba,188,94.25,roadside settlement,Wandago,0.43,0.43,0.097,0.553,0.715,0.125
kampala_malaba,189,94.75,roadside settlement,Wandago,0.39,0.39,0.056,0.501,0.501,0.072
kampala_malaba,190,95.25,roadside settlement,Magamaga,0.425,0.425,0.092,0.611,0.546,0.182
kampala_malaba,191,95.75,town,Magamaga,0.733,0.733,0.4,0.88,0.88,0.451
kampala_malaba,192,96.25,town,Magamaga,0.733,0.733,0.4,0.88,0.88,0.451
kampala_malaba,193,96.75,town,Wabulungu trading centre,0.733,0.733,0.4,0.8,0.8,0.371
kampala_malaba,194,97.25,roadside settlement,Buwanga B,0.372,0.372,0.039,0.479,0.581,0.05
kampala_malaba,195,97.75,roadside settlement,Buwanga B,0.417,0.417,0.083,0.536,0.59,0.107
kampala_malaba,196,98.25,roadside settlement,Buwanga B,0.531,0.531,0.197,1.468,1.634,1.039
kampala_malaba,197,98.75,roadside settlement,Buwanga B,0.524,0.524,0.191,1.46,1.46,1.031
kampala_malaba,198,99.25,roadside settlement,Magamaga,0.398,0.398,0.065,10.512,10.512,10.084
kampala_malaba,199,99.75,roadside settlement,Musita A,0.392,0.392,0.058,0.503,0.503,0.075
kampala_malaba,200,100.25,roadside settlement,Musita A,0.455,0.455,0.122,0.585,0.585,0.157
kampala_malaba,201,100.75,town,Musita A,0.733,0.733,0.4,0.949,0.949,0.521
kampala_malaba,202,101.25,roadside settlement,Musita A,0.441,0.441,0.108,0.567,0.625,0.139
kampala_malaba,203,101.75,roadside settlement,Waitambugwe,0.408,0.408,0.075,0.582,0.524,0.153
kampala_malaba,204,102.25,roadside settlement,Waitambugwe,0.376,0.376,0.042,0.483,0.672,0.054
kampala_malaba,205,102.75,roadside settlement,Nawangiri,0.385,0.385,0.051,0.658,0.495,0.229
kampala_malaba,206,103.25,town,Batambogwe,0.733,0.733,0.4,0.822,0.822,0.393
kampala_malaba,207,103.75,town,Batambogwe,0.733,0.733,0.4,0.809,0.809,0.381
kampala_malaba,208,104.25,roadside settlement,Batambogwe,0.385,0.385,0.051,0.495,0.495,0.066
kampala_malaba,209,104.75,town,Wainya,0.733,0.733,0.4,0.8,0.8,0.371
kampala_malaba,210,105.25,roadside settlement,Bulanga,0.45,0.45,0.116,0.578,0.578,0.149
kampala_malaba,211,105.75,town,Bulanga,0.733,0.733,0.4,0.89,0.89,0.462
kampala_malaba,212,106.25,town,Namasoga,0.733,0.733,0.4,0.829,0.829,0.401
kampala_malaba,213,106.75,roadside settlement,Namasoga,0.37,0.37,0.037,0.476,0.781,0.048
kampala_malaba,214,107.25,roadside settlement,Namasoga,0.346,0.346,0.012,0.444,0.444,0.016
kampala_malaba,215,107.75,roadside settlement,Namasoga,0.392,0.392,0.059,0.504,0.504,0.075
kampala_malaba,216,108.25,roadside settlement,Namasoga,0.358,0.358,0.025,0.461,0.461,0.032
kampala_malaba,217,108.75,roadside settlement,Walukuba,0.35,0.35,0.017,0.45,0.507,0.022
kampala_malaba,218,109.25,open road,Namakunyu,0.35,0.35,0.016,0.45,0.45,0.021
kampala_malaba,219,109.75,roadside settlement,Namakunyu,0.375,0.375,0.042,0.483,0.483,0.054
kampala_malaba,220,110.25,roadside settlement,Namakunyu,0.372,0.372,0.039,0.479,0.479,0.05
kampala_malaba,221,110.75,roadside settlement,Iwawu,0.416,0.416,0.083,0.535,0.535,0.106
kampala_malaba,222,111.25,roadside settlement,Iwawu,0.37,0.37,0.037,0.476,0.512,0.048
kampala_malaba,223,111.75,roadside settlement,Bukoyo,0.413,0.413,0.08,0.662,0.531,0.234
kampala_malaba,224,112.25,roadside settlement,Bukoyo,0.524,0.524,0.191,0.674,0.674,0.246
kampala_malaba,225,112.75,roadside settlement,Bukoyo,0.451,0.451,0.118,0.58,0.58,0.151
kampala_malaba,226,113.25,roadside settlement,Bukoyo,0.413,0.413,0.08,0.531,0.673,0.103
kampala_malaba,227,113.75,town,Walugogo Estate,0.733,0.733,0.4,0.8,0.8,0.371
kampala_malaba,228,114.25,town,Nkaatu Proper,0.867,0.867,0.533,1.058,1.058,0.629
kampala_malaba,229,114.75,town,Nkatu Main,0.9,0.9,0.567,1.079,1.079,0.651
kampala_malaba,230,115.25,town,Iganga,0.737,0.737,0.403,0.976,0.976,0.547
kampala_malaba,231,115.75,town,Mutukula A,0.733,0.733,0.433,0.937,0.937,0.508
kampala_malaba,232,116.25,town,Mutukula,0.733,0.733,0.4,0.85,0.939,0.422
kampala_malaba,233,116.75,roadside settlement,Busei Central,0.537,0.537,0.204,0.699,0.69,0.27
kampala_malaba,234,117.25,town,Busei A,0.733,0.733,0.4,0.937,0.937,0.508
kampala_malaba,235,117.75,town,Busei A,0.733,0.733,0.4,0.835,0.835,0.407
kampala_malaba,236,118.25,roadside settlement,Busei B,0.413,0.413,0.079,0.53,0.618,0.102
kampala_malaba,237,118.75,roadside settlement,Nakalama North,0.356,0.356,0.023,0.458,0.656,0.029
kampala_malaba,238,119.25,open road,Nakalama North,0.341,0.341,0.007,0.438,0.438,0.01
kampala_malaba,239,119.75,town,Nakalama North,0.733,0.733,0.4,0.805,0.805,0.377
kampala_malaba,240,120.25,town,Nakalama,0.733,0.733,0.433,0.949,0.949,0.521
kampala_malaba,241,120.75,roadside settlement,Nakalama South,0.418,0.418,0.085,0.537,0.537,0.109
kampala_malaba,242,121.25,roadside settlement,Nakalama South,0.353,0.353,0.02,0.454,0.454,0.025
kampala_malaba,243,121.75,open road,Nakalama South,0.333,0.333,0.0,0.429,0.505,0.0
kampala_malaba,244,122.25,open road,Bukooboli,0.34,0.34,0.007,0.437,0.618,0.009
kampala_malaba,245,122.75,roadside settlement,Bukooboli,0.357,0.357,0.024,0.459,0.459,0.03
kampala_malaba,246,123.25,roadside settlement,Bukooboli,0.368,0.368,0.034,0.473,0.581,0.044
kampala_malaba,247,123.75,roadside settlement,Bukooboli,0.363,0.363,0.03,0.467,0.467,0.038
kampala_malaba,248,124.25,roadside settlement,Butende,0.341,0.341,0.008,0.439,0.439,0.01
kampala_malaba,249,124.75,open road,Butende,0.339,0.339,0.005,0.436,0.436,0.007
kampala_malaba,250,125.25,open road,Butende,0.34,0.34,0.007,0.463,0.438,0.034
kampala_malaba,251,125.75,roadside settlement,Butende,0.364,0.364,0.031,0.609,0.468,0.18
kampala_malaba,252,126.25,roadside settlement,Butende,0.529,0.529,0.195,0.704,0.68,0.275
kampala_malaba,253,126.75,roadside settlement,Butende,0.389,0.389,0.055,0.5,0.514,0.071
kampala_malaba,254,127.25,roadside settlement,Butende,0.349,0.349,0.016,0.449,0.725,0.02
kampala_malaba,255,127.75,open road,Butende,0.335,0.335,0.002,0.431,0.431,0.002
kampala_malaba,256,128.25,roadside settlement,Busesa,0.36,0.36,0.027,0.531,0.463,0.103
kampala_malaba,257,128.75,roadside settlement,Busesa,0.352,0.352,0.018,0.622,0.452,0.194
kampala_malaba,258,129.25,roadside settlement,Busesa,0.498,0.498,0.165,0.641,0.641,0.212
kampala_malaba,259,129.75,roadside settlement,Ibaako,0.384,0.384,0.051,0.497,0.494,0.069
kampala_malaba,260,130.25,roadside settlement,Ibaako,0.424,0.424,0.09,0.545,0.545,0.116
kampala_malaba,261,130.75,roadside settlement,Idudi C,0.425,0.425,0.092,0.546,0.546,0.118
kampala_malaba,262,131.25,roadside settlement,Idudi C,0.503,0.503,0.169,0.646,0.646,0.218
kampala_malaba,263,131.75,roadside settlement,Idudi D,0.546,0.546,0.212,0.701,0.701,0.273
kampala_malaba,264,132.25,town,Idudi A,0.733,0.733,0.4,0.901,0.901,0.473
kampala_malaba,265,132.75,roadside settlement,Idudi B,0.486,0.486,0.152,0.625,0.625,0.196
kampala_malaba,266,133.25,roadside settlement,Bukasozi,0.378,0.378,0.044,0.486,0.521,0.057
kampala_malaba,267,133.75,roadside settlement,Bukasozi,0.395,0.395,0.062,0.508,0.508,0.079
kampala_malaba,268,134.25,roadside settlement,Bwigula,0.393,0.393,0.06,0.506,0.506,0.077
kampala_malaba,269,134.75,roadside settlement,Bwigula,0.439,0.439,0.106,0.565,0.565,0.136
kampala_malaba,270,135.25,roadside settlement,Butaba,0.472,0.472,0.139,0.607,0.607,0.178
kampala_malaba,271,135.75,roadside settlement,Butaba,0.375,0.375,0.042,0.483,0.483,0.054
kampala_malaba,272,136.25,roadside settlement,Butaba,0.391,0.391,0.058,0.503,0.503,0.075
kampala_malaba,273,136.75,roadside settlement,Butaba,0.369,0.369,0.035,0.474,0.598,0.045
kampala_malaba,274,137.25,open road,Butaba,0.333,0.333,0.0,0.429,0.429,0.0
kampala_malaba,275,137.75,open road,Nakawa,0.333,0.333,0.0,0.429,0.429,0.0
kampala_malaba,276,138.25,roadside settlement,Nakawa,0.355,0.355,0.021,0.463,0.456,0.034
kampala_malaba,277,138.75,roadside settlement,Nakawa,0.379,0.379,0.046,0.488,0.488,0.059
kampala_malaba,278,139.25,roadside settlement,Busowa North,0.462,0.462,0.129,0.594,0.594,0.166
kampala_malaba,279,139.75,roadside settlement,Busowa North,0.521,0.521,0.187,0.669,0.669,0.241
kampala_malaba,280,140.25,roadside settlement,Busowa South,0.513,0.513,0.179,0.659,0.659,0.231
kampala_malaba,281,140.75,roadside settlement,Busowa Central,0.407,0.407,0.073,0.523,0.523,0.094
kampala_malaba,282,141.25,roadside settlement,Bugongo,0.346,0.346,0.013,0.445,0.445,0.016
kampala_malaba,283,141.75,roadside settlement,Namalenha,0.356,0.356,0.022,0.457,0.457,0.029
kampala_malaba,284,142.25,roadside settlement,Namalenha,0.378,0.378,0.045,0.486,0.486,0.058
kampala_malaba,285,142.75,open road,Namalenha,0.338,0.338,0.005,0.435,0.435,0.006
kampala_malaba,286,143.25,open road,Lwaba,0.34,0.34,0.006,0.437,0.437,0.008
kampala_malaba,287,143.75,roadside settlement,Lwaba,0.386,0.386,0.052,0.496,0.496,0.067
kampala_malaba,288,144.25,roadside settlement,Lwaba,0.426,0.426,0.093,0.548,0.548,0.119
kampala_malaba,289,144.75,roadside settlement,Ndifakulya,0.383,0.383,0.05,0.521,0.493,0.092
kampala_malaba,290,145.25,roadside settlement,Ndifakulya,0.403,0.403,0.07,0.519,0.519,0.09
kampala_malaba,291,145.75,roadside settlement,Ndifakulya,0.433,0.433,0.1,0.557,0.557,0.128
kampala_malaba,292,146.25,roadside settlement,Ndeeba,0.456,0.456,0.123,0.586,0.586,0.158
kampala_malaba,293,146.75,roadside settlement,Ndifakulya,0.564,0.564,0.23,0.725,0.725,0.296
kampala_malaba,294,147.25,roadside settlement,Bwole,0.521,0.521,0.187,0.669,0.669,0.241
kampala_malaba,295,147.75,town,Bwole,0.733,0.733,0.4,0.89,0.89,0.462
kampala_malaba,296,148.25,town,Bugiri,0.733,0.733,0.4,0.89,0.89,0.462
kampala_malaba,297,148.75,roadside settlement,Nkusi A,0.427,0.427,0.093,0.549,0.549,0.12
kampala_malaba,298,149.25,roadside settlement,Bugiri,0.467,0.467,0.133,0.719,0.6,0.29
kampala_malaba,299,149.75,roadside settlement,Butambula,0.537,0.537,0.204,0.69,0.69,0.262
kampala_malaba,300,150.25,roadside settlement,Kiyinikibi East,0.537,0.537,0.204,0.69,0.69,0.262
kampala_malaba,301,150.75,roadside settlement,Kiyinikibi East,0.359,0.359,0.026,0.461,0.709,0.033
kampala_malaba,302,151.25,open road,Bukonde B,0.341,0.341,0.008,0.439,0.439,0.01
kampala_malaba,303,151.75,roadside settlement,Bukonde B,0.354,0.354,0.021,0.455,0.455,0.027
kampala_malaba,304,152.25,roadside settlement,Bukonde B,0.384,0.384,0.051,0.494,0.494,0.065
kampala_malaba,305,152.75,roadside settlement,Bukonde A,0.367,0.367,0.033,0.471,0.531,0.043
kampala_malaba,306,153.25,roadside settlement,Bukonde A,0.347,0.347,0.014,0.446,0.49,0.018
kampala_malaba,307,153.75,open road,Namayemba Central B,0.334,0.334,0.0,0.429,0.429,0.001
kampala_malaba,308,154.25,roadside settlement,Namayemba Central B,0.357,0.357,0.024,0.536,0.459,0.107
kampala_malaba,309,154.75,roadside settlement,Namayemba East B,0.396,0.396,0.063,0.51,0.51,0.081
kampala_malaba,310,155.25,roadside settlement,Namayemba,0.435,0.435,0.102,0.56,0.56,0.131
kampala_malaba,311,155.75,roadside settlement,Namayemba,0.529,0.529,0.195,0.68,0.68,0.251
kampala_malaba,312,156.25,roadside settlement,Namayemba,0.509,0.509,0.175,0.654,0.654,0.225
kampala_malaba,313,156.75,roadside settlement,Namayemba Central A,0.395,0.395,0.062,0.508,0.508,0.079
kampala_malaba,314,157.25,roadside settlement,Namayemba East A,0.395,0.395,0.061,0.507,0.507,0.079
kampala_malaba,315,157.75,roadside settlement,Namayemba East A,0.355,0.355,0.022,0.456,0.513,0.028
kampala_malaba,316,158.25,open road,Nakonkolo,0.336,0.336,0.003,0.433,0.433,0.004
kampala_malaba,317,158.75,open road,Nakonkolo,0.34,0.34,0.006,0.437,0.437,0.008
kampala_malaba,318,159.25,roadside settlement,Nakonkolo,0.339,0.339,0.006,0.436,0.436,0.007
kampala_malaba,319,159.75,roadside settlement,Nakonkolo,0.443,0.443,0.109,0.569,0.569,0.141
kampala_malaba,320,160.25,roadside settlement,Nankongolo,0.418,0.418,0.085,0.537,0.537,0.109
kampala_malaba,321,160.75,roadside settlement,Bugosere,0.386,0.386,0.052,0.496,0.496,0.067
kampala_malaba,322,161.25,roadside settlement,Bugosere,0.395,0.395,0.062,0.508,0.508,0.079
kampala_malaba,323,161.75,roadside settlement,Buwuni,0.375,0.375,0.042,0.482,0.482,0.054
kampala_malaba,324,162.25,roadside settlement,Buwuni,0.366,0.366,0.032,0.47,0.47,0.042
kampala_malaba,325,162.75,roadside settlement,Butebe B,0.529,0.529,0.195,0.68,0.68,0.251
kampala_malaba,326,163.25,roadside settlement,Buwuni,0.521,0.521,0.187,0.669,0.669,0.241
kampala_malaba,327,163.75,roadside settlement,Makhoma A,0.51,0.51,0.176,0.655,0.655,0.227
kampala_malaba,328,164.25,roadside settlement,Kibimba,0.411,0.411,0.078,0.528,0.528,0.1
kampala_malaba,329,164.75,roadside settlement,Kibimba,0.351,0.351,0.018,0.451,0.451,0.023
kampala_malaba,330,165.25,open road,Kibimba,0.333,0.333,0.0,0.429,0.429,0.0
kampala_malaba,331,165.75,open road,Kibimba,0.333,0.333,0.0,0.429,0.429,0.0
kampala_malaba,332,166.25,open road,Kibimba,0.34,0.34,0.007,0.437,0.437,0.009
kampala_malaba,333,166.75,open road,Butema,0.336,0.336,0.002,0.474,0.432,0.045
kampala_malaba,334,167.25,roadside settlement,Butema,0.345,0.345,0.012,0.444,0.444,0.016
kampala_malaba,335,167.75,roadside settlement,Butema,0.352,0.352,0.019,0.453,0.453,0.024
kampala_malaba,336,168.25,roadside settlement,Butema,0.368,0.368,0.035,0.473,0.473,0.045
kampala_malaba,337,168.75,roadside settlement,Bulema,0.402,0.402,0.069,0.517,0.517,0.089
kampala_malaba,338,169.25,roadside settlement,Bulema,0.372,0.372,0.039,0.479,0.479,0.05
kampala_malaba,339,169.75,roadside settlement,Buwayo,0.391,0.391,0.057,0.502,0.502,0.074
kampala_malaba,340,170.25,roadside settlement,Muwayo,0.416,0.416,0.083,0.535,0.535,0.107
kampala_malaba,341,170.75,roadside settlement,Muwayo,0.537,0.537,0.204,0.69,0.69,0.262
kampala_malaba,342,171.25,roadside settlement,Muwayo,0.437,0.437,0.104,0.562,0.562,0.134
kampala_malaba,343,171.75,roadside settlement,Bubango,0.354,0.354,0.021,0.455,0.455,0.027
kampala_malaba,344,172.25,roadside settlement,Bubango,0.406,0.406,0.072,0.731,0.521,0.302
kampala_malaba,345,172.75,roadside settlement,Bubango,0.415,0.415,0.082,0.61,0.534,0.181
kampala_malaba,346,173.25,open road,Bubango,0.334,0.334,0.001,0.496,0.43,0.068
kampala_malaba,347,173.75,open road,Bubango,0.339,0.339,0.006,0.436,0.504,0.008
kampala_malaba,348,174.25,open road,Namutere,0.334,0.334,0.0,0.429,0.429,0.001
kampala_malaba,349,174.75,open road,Namutere,0.481,0.481,0.148,10.58,10.797,10.152
kampala_malaba,350,175.25,town,Namutere,1.0,1.0,0.667,1.067,1.067,0.638
kampala_malaba,351,175.75,open road,Namutere,0.366,0.366,0.033,0.471,0.471,0.042
kampala_malaba,352,176.25,open road,Bubango,0.333,0.333,0.0,0.429,0.429,0.0
kampala_malaba,353,176.75,open road,Bubango,0.344,0.344,0.01,0.442,0.442,0.013
kampala_malaba,354,177.25,open road,Bubango,0.333,0.333,0.0,0.468,0.429,0.04
kampala_malaba,355,177.75,open road,West Bugwe Fr.,0.333,0.333,0.0,0.429,0.429,0.0
kampala_malaba,356,178.25,open road,West Bugwe Fr.,0.333,0.333,0.0,0.429,0.684,0.0
kampala_malaba,357,178.75,open road,West Bugwe Fr.,0.333,0.333,0.0,0.429,0.483,0.0
kampala_malaba,358,179.25,open road,West Bugwe Fr.,0.333,0.333,0.0,0.429,0.603,0.0
kampala_malaba,359,179.75,open road,West Bugwe Fr.,0.333,0.333,0.0,0.429,0.553,0.0
kampala_malaba,360,180.25,open road,Bukade,0.333,0.333,0.0,0.519,0.429,0.09
kampala_malaba,361,180.75,open road,Bukade,0.34,0.34,0.007,0.565,0.437,0.136
kampala_malaba,362,181.25,open road,Busitema University,0.346,0.346,0.012,0.444,0.444,0.016
kampala_malaba,363,181.75,open road,Busitema University,0.341,0.341,0.007,0.438,0.438,0.01
kampala_malaba,364,182.25,open road,Busitema University,0.334,0.334,0.0,0.429,0.66,0.001
kampala_malaba,365,182.75,roadside settlement,Busitema Trc,0.393,0.393,0.06,0.506,0.506,0.077
kampala_malaba,366,183.25,town,Busitema Trc,0.867,0.867,0.533,0.985,0.985,0.556
kampala_malaba,367,183.75,roadside settlement,Busitima,0.497,0.497,0.164,0.601,0.601,0.173
kampala_malaba,368,184.25,roadside settlement,Buwuchi,0.36,0.36,0.026,0.551,0.463,0.122
kampala_malaba,369,184.75,roadside settlement,Buwuchi,0.358,0.358,0.024,0.46,0.46,0.031
kampala_malaba,370,185.25,roadside settlement,Ndaiga,0.421,0.421,0.088,0.542,0.542,0.113
kampala_malaba,371,185.75,roadside settlement,Ndaiga,0.414,0.414,0.081,0.533,0.533,0.104
kampala_malaba,372,186.25,roadside settlement,Ndaiga,0.355,0.355,0.022,0.457,0.589,0.028
kampala_malaba,373,186.75,open road,Busabi,0.34,0.34,0.007,0.438,0.438,0.009
kampala_malaba,374,187.25,open road,Busabi,0.34,0.34,0.006,0.437,0.437,0.008
kampala_malaba,375,187.75,open road,Malawa 'a',0.333,0.333,0.0,0.429,0.429,0.0
kampala_malaba,376,188.25,open road,Malawa 'a',0.333,0.333,0.0,0.433,0.429,0.004
kampala_malaba,377,188.75,roadside settlement,Malawa 'a',0.358,0.358,0.025,0.461,0.461,0.032
kampala_malaba,378,189.25,roadside settlement,Malawa 'a',0.396,0.396,0.062,0.509,0.509,0.08
kampala_malaba,379,189.75,roadside settlement,Papoli,0.346,0.346,0.013,0.445,0.445,0.016
kampala_malaba,380,190.25,roadside settlement,Papoli,0.345,0.345,0.012,0.467,0.444,0.039
kampala_malaba,381,190.75,roadside settlement,Papoli,0.362,0.362,0.029,0.466,0.466,0.037
kampala_malaba,382,191.25,roadside settlement,Papoli,0.345,0.345,0.012,0.444,0.444,0.015
kampala_malaba,383,191.75,open road,Pakamalung 'a',0.333,0.333,0.0,0.429,0.429,0.0
kampala_malaba,384,192.25,open road,Pakamalung 'a',0.338,0.338,0.005,0.451,0.435,0.023
kampala_malaba,385,192.75,open road,Podut A 'b',0.334,0.334,0.0,0.429,0.429,0.001
kampala_malaba,386,193.25,roadside settlement,Podut A 'b',0.342,0.342,0.009,0.543,0.44,0.115
kampala_malaba,387,193.75,roadside settlement,Podoti,0.504,0.504,0.17,0.647,0.647,0.219
kampala_malaba,388,194.25,roadside settlement,Podoti,0.386,0.386,0.053,0.496,0.496,0.068
kampala_malaba,389,194.75,roadside settlement,Asinget 'b',0.361,0.361,0.028,0.464,0.464,0.036
kampala_malaba,390,195.25,roadside settlement,Asinge,0.343,0.343,0.01,0.441,0.441,0.012
kampala_malaba,391,195.75,roadside settlement,Asinge,0.356,0.356,0.023,0.558,0.458,0.13
kampala_malaba,392,196.25,roadside settlement,Katerema C 'a',0.388,0.388,0.054,0.523,0.498,0.094
kampala_malaba,393,196.75,roadside settlement,Katerema C 'a',0.367,0.367,0.034,0.472,0.472,0.043
kampala_malaba,394,197.25,roadside settlement,Aburi 'a',0.357,0.357,0.023,0.459,0.458,0.03
kampala_malaba,395,197.75,roadside settlement,Aburi 'a',0.378,0.378,0.045,0.486,0.486,0.057
kampala_malaba,396,198.25,roadside settlement,Magoro 'b',0.417,0.417,0.083,0.536,0.536,0.107
kampala_malaba,397,198.75,roadside settlement,Magoro 'b',0.361,0.361,0.028,0.464,0.464,0.036
kampala_malaba,398,199.25,roadside settlement,Opedede 'a',0.348,0.348,0.014,0.447,0.447,0.018
kampala_malaba,399,199.75,roadside settlement,Opedede 'a',0.34,0.34,0.007,0.614,0.438,0.185
kampala_malaba,400,200.25,roadside settlement,Sukulu,0.371,0.371,0.038,0.542,0.477,0.114
kampala_malaba,401,200.75,roadside settlement,Sukulu,0.444,0.444,0.111,0.571,0.571,0.142
kampala_malaba,402,201.25,roadside settlement,Sukulu,0.529,0.529,0.195,0.68,0.68,0.251
kampala_malaba,403,201.75,roadside settlement,Amagoro 'b',0.442,0.442,0.109,0.569,0.569,0.14
kampala_malaba,404,202.25,roadside settlement,Ticaf 'a',0.509,0.509,0.175,0.654,0.654,0.226
kampala_malaba,405,202.75,roadside settlement,Ticaf 'a',0.637,0.637,0.304,0.748,0.748,0.319
kampala_malaba,406,203.25,town,Osukuru Corner 'b',0.733,0.733,0.4,0.884,0.884,0.456
kampala_malaba,407,203.75,roadside settlement,Osukuru Corner 'b',0.458,0.458,0.125,0.589,0.589,0.16
kampala_malaba,408,204.25,roadside settlement,Amagoro B Central 'b',0.41,0.41,0.077,0.559,0.527,0.131
kampala_malaba,409,204.75,roadside settlement,Amagoro B South,0.371,0.371,0.038,0.632,0.477,0.204
kampala_malaba,410,205.25,roadside settlement,Asinge 'b' A,0.355,0.355,0.021,0.688,0.456,0.259
kampala_malaba,411,205.75,roadside settlement,Asinge 'b' A,0.444,0.444,0.11,0.57,0.576,0.142
kampala_malaba,412,206.25,roadside settlement,Amagoro A South,0.412,0.412,0.079,0.53,0.582,0.102
kampala_malaba,413,206.75,roadside settlement,Amagoro A South,0.351,0.351,0.018,0.451,0.617,0.023
kampala_malaba,414,207.25,roadside settlement,Asinge 'a',0.36,0.36,0.026,0.462,0.594,0.034
kampala_malaba,415,207.75,open road,Asinge 'a',0.334,0.334,0.0,0.429,0.655,0.001
kampala_malaba,416,208.25,open road,Oriyoyi,0.344,0.344,0.011,0.442,0.442,0.014
kampala_malaba,417,208.75,roadside settlement,Oriyoyi,0.359,0.359,0.026,0.553,0.462,0.124
kampala_malaba,418,209.25,roadside settlement,Oriyoyi,0.387,0.387,0.054,0.498,0.498,0.069
kampala_malaba,419,209.75,roadside settlement,Oriyoi Central,0.354,0.354,0.021,0.455,0.55,0.027
kampala_malaba,420,210.25,open road,Oriyoi 'a',0.338,0.338,0.004,0.434,0.434,0.006
kampala_malaba,421,210.75,open road,Oriyoi 'a',0.344,0.344,0.011,0.443,0.443,0.014
kampala_malaba,422,211.25,roadside settlement,Asinge 'a',0.357,0.357,0.023,0.459,0.459,0.03
kampala_malaba,423,211.75,roadside settlement,Asinge 'a',0.438,0.438,0.105,0.563,0.563,0.134
kampala_malaba,424,212.25,roadside settlement,Asinge 'a',0.378,0.378,0.044,0.485,0.485,0.057
kampala_malaba,425,212.75,roadside settlement,Amagoro Central,0.402,0.402,0.068,0.516,0.516,0.088
kampala_malaba,426,213.25,town,Asinge 'b',0.733,0.733,0.4,0.8,0.8,0.371
kampala_malaba,427,213.75,roadside settlement,Asinge 'b',0.411,0.411,0.077,0.528,0.528,0.1
kampala_malaba,428,214.25,town,Obore Central 'a',0.983,0.983,0.65,1.05,1.05,0.621
kampala_malaba,429,214.75,town,Malaba 'b' East,1.067,1.067,0.767,2.8,2.8,2.371
kampala_malaba,430,215.25,town,Malaba 'a' South,0.733,0.733,0.4,0.803,0.803,0.375
kampala_malaba,431,215.54290306534605,roadside settlement,Malaba 'a' South,0.34,0.34,0.04,0.486,0.486,0.057
