corridor,piece,km_mid,car|town speed limit,car|roadside activity,car|joining roads,car|signals and crossings,car|speed humps (assumed),car|police posts,car|weighbridge,car|hills (trucks),car|curves,truck|town speed limit,truck|roadside activity,truck|joining roads,truck|signals and crossings,truck|speed humps (assumed),truck|police posts,truck|weighbridge,truck|hills (trucks),truck|curves
kampala_elegu,0,0.25,0.0,0.003,0.003,0.0,0.133,0.0,0.0,0.0,0.0,0.0,0.176,0.116,0.0,0.2,0.0,0.0,0.0,0.0
kampala_elegu,1,0.75,0.0,0.003,0.003,0.5,0.133,0.0,0.0,0.0,0.0,0.0,0.176,0.116,0.5,0.2,0.0,0.0,0.0,0.0
kampala_elegu,2,1.25,0.0,0.003,0.003,0.0,0.133,0.0,0.0,0.0,0.0,0.0,0.106,0.106,0.0,0.2,0.0,0.0,0.0,0.0
kampala_elegu,3,1.75,0.0,0.003,0.003,0.083,0.133,0.0,0.0,0.0,0.0,0.0,0.176,0.116,0.083,0.2,0.0,0.0,0.0,0.0
kampala_elegu,4,2.25,0.0,0.003,0.003,0.0,0.133,0.0,0.0,0.0,0.0,0.0,0.176,0.116,0.0,0.2,0.0,0.0,0.0,0.0
kampala_elegu,5,2.75,0.036,0.0,0.0,0.0,0.133,0.0,0.0,0.0,0.0,0.0,0.125,0.065,0.0,0.2,0.0,0.0,0.0,0.0
kampala_elegu,6,3.25,0.007,0.0,0.0,0.0,0.133,0.0,0.0,0.0,0.0,0.0,0.162,0.103,0.0,0.2,0.0,0.0,0.0,0.0
kampala_elegu,7,3.75,0.0,0.003,0.003,0.0,0.133,0.0,0.0,0.0,0.0,0.0,0.176,0.116,0.0,0.2,0.0,0.0,0.0,0.0
kampala_elegu,8,4.25,0.0,0.003,0.003,0.0,0.133,0.0,0.0,0.0,0.0,0.0,0.176,0.116,0.0,0.2,0.0,0.0,0.0,0.0
kampala_elegu,9,4.75,0.036,0.0,0.0,0.0,0.133,0.0,0.0,0.0,0.0,0.0,0.125,0.065,0.0,0.2,0.0,0.0,0.0,0.0
kampala_elegu,10,5.25,0.0,0.003,0.003,0.0,0.133,0.0,0.0,0.0,0.0,0.0,0.176,0.116,0.0,0.2,0.0,0.0,0.0,0.0
kampala_elegu,11,5.75,0.036,0.0,0.0,0.0,0.133,0.0,0.0,0.0,0.0,0.0,0.125,0.065,0.0,0.2,0.0,0.0,0.0,0.0
kampala_elegu,12,6.25,0.046,0.0,0.0,0.0,0.133,0.0,0.0,0.0,0.0,0.0,0.113,0.053,0.0,0.2,0.0,0.0,0.0,0.0
kampala_elegu,13,6.75,0.017,0.0,0.0,0.0,0.133,0.0,0.0,0.0,0.0,0.0,0.149,0.09,0.0,0.2,0.0,0.0,0.0,0.0
kampala_elegu,14,7.25,0.046,0.0,0.0,0.0,0.133,0.0,0.0,0.0,0.0,0.0,0.113,0.053,0.0,0.2,0.0,0.0,0.0,0.0
kampala_elegu,15,7.75,0.202,0.0,0.0,0.0,0.133,0.0,0.0,0.0,0.0,0.085,0.0,0.0,0.0,0.2,0.0,0.0,0.0,0.0
kampala_elegu,16,8.25,0.123,0.0,0.0,0.0,0.133,0.0,0.0,0.0,0.0,0.0,0.013,0.013,0.0,0.2,0.0,0.0,0.0,0.0
kampala_elegu,17,8.75,0.0,0.003,0.003,0.0,0.133,0.0,0.0,0.0,0.0,0.0,0.176,0.116,0.0,0.2,0.0,0.0,0.0,0.0
kampala_elegu,18,9.25,0.103,0.0,0.0,0.0,0.133,0.0,0.0,0.0,0.0,0.0,0.039,0.039,0.0,0.2,0.0,0.0,0.0,0.0
kampala_elegu,19,9.75,0.0,0.049,0.012,0.0,0.0,0.0,0.0,0.0,0.0,0.0,0.063,0.015,0.0,0.0,0.0,0.0,0.0,0.0
kampala_elegu,20,10.25,0.213,0.0,0.0,0.0,0.133,0.0,0.0,0.0,0.0,0.102,0.0,0.0,0.0,0.2,0.0,0.0,0.0,0.0
kampala_elegu,21,10.75,0.0,0.055,0.012,0.0,0.0,0.0,0.0,0.0,0.0,0.0,0.071,0.015,0.0,0.0,0.0,0.0,0.0,0.0
kampala_elegu,22,11.25,0.0,0.073,0.019,0.0,0.0,0.0,0.0,0.0,0.0,0.0,0.094,0.024,0.0,0.0,0.0,0.0,0.0,0.0
kampala_elegu,23,11.75,0.0,0.055,0.018,0.0,0.0,0.0,0.0,0.0,0.0,0.0,0.071,0.023,0.0,0.0,0.0,0.0,0.0,0.0
kampala_elegu,24,12.25,0.0,0.065,0.032,0.0,0.0,0.0,0.0,0.0,0.0,0.0,0.063,0.041,0.0,0.0,0.0,0.0,0.0,0.0
kampala_elegu,25,12.75,0.0,0.003,0.003,0.0,0.133,0.0,0.0,0.0,0.0,0.0,0.07,0.07,0.0,0.2,0.0,0.0,0.0,0.0
kampala_elegu,26,13.25,0.0,0.003,0.003,0.0,0.133,0.0,0.0,0.0,0.0,0.0,0.176,0.116,0.0,0.2,0.0,0.0,0.0,0.0
kampala_elegu,27,13.75,0.027,0.0,0.0,0.0,0.133,0.0,0.0,0.0,0.0,0.0,0.137,0.077,0.0,0.2,0.0,0.0,0.0,0.0
kampala_elegu,28,14.25,0.027,0.0,0.0,0.0,0.133,0.0,0.0,0.0,0.0,0.0,0.137,0.077,0.0,0.2,0.0,0.0,0.0,0.0
kampala_elegu,29,14.75,0.017,0.0,0.0,0.0,0.133,0.0,0.0,0.0,0.0,0.0,0.149,0.09,0.0,0.2,0.0,0.0,0.0,0.0
kampala_elegu,30,15.25,0.017,0.0,0.0,0.0,0.133,0.0,0.0,0.0,0.0,0.0,0.149,0.09,0.0,0.2,0.0,0.0,0.0,0.0
kampala_elegu,31,15.75,0.063,0.0,0.0,0.0,0.133,0.0,0.0,0.0,0.0,0.0,0.09,0.031,0.0,0.2,0.0,0.0,0.0,0.0
kampala_elegu,32,16.25,0.0,0.029,0.036,0.0,0.0,0.0,0.0,0.0,0.0,0.0,0.0,0.0,0.0,0.0,0.0,0.0,0.074,0.0
kampala_elegu,33,16.75,0.0,0.012,0.005,0.0,0.0,0.0,0.0,0.0,0.0,0.0,0.0,0.0,0.0,0.0,0.0,0.0,0.03,0.0
kampala_elegu,34,17.25,0.0,0.037,0.0,0.0,0.0,0.0,0.0,0.0,0.0,0.0,0.047,0.0,0.0,0.0,0.0,0.0,0.0,0.0
kampala_elegu,35,17.75,0.0,0.023,0.0,0.0,0.0,0.0,0.0,0.0,0.0,0.0,0.029,0.0,0.0,0.0,0.0,0.0,0.0,0.0
kampala_elegu,36,18.25,0.0,0.023,0.017,0.0,0.0,0.0,0.0,0.0,0.0,0.0,0.03,0.022,0.0,0.0,0.0,0.0,0.0,0.0
kampala_elegu,37,18.75,0.195,0.0,0.0,0.0,0.133,0.0,0.0,0.0,0.0,0.08,0.0,0.0,0.0,0.2,0.0,0.0,0.0,0.0
kampala_elegu,38,19.25,0.0,0.074,0.013,0.0,0.0,0.0,0.0,0.0,0.0,0.0,0.0,0.0,0.0,0.0,0.0,0.0,0.077,0.0
kampala_elegu,39,19.75,0.0,0.036,0.011,0.0,0.0,0.0,0.0,0.0,0.0,0.0,0.045,0.015,0.0,0.0,0.0,0.0,0.0,0.0
kampala_elegu,40,20.25,0.0,0.185,0.016,0.0,0.0,0.0,0.0,0.0,0.0,0.0,0.238,0.02,0.0,0.0,0.0,0.0,0.0,0.0
kampala_elegu,41,20.75,0.0,0.078,0.0,0.0,0.0,0.0,0.0,0.0,0.0,0.0,0.1,0.0,0.0,0.0,0.0,0.0,0.0,0.0
kampala_elegu,42,21.25,0.0,0.065,0.0,0.0,0.0,0.0,0.0,0.0,0.0,0.0,0.0,0.0,0.0,0.0,0.0,0.0,0.34,0.0
kampala_elegu,43,21.75,0.0,0.036,0.011,0.0,0.0,0.0,0.0,0.0,0.0,0.0,0.047,0.015,0.0,0.0,0.0,0.0,0.0,0.0
kampala_elegu,44,22.25,0.0,0.008,0.016,0.0,0.0,0.0,0.0,0.0,0.0,0.0,0.011,0.021,0.0,0.0,0.0,0.0,0.0,0.0
kampala_elegu,45,22.75,0.0,0.004,0.005,0.0,0.0,0.0,0.0,0.0,0.0,0.0,0.005,0.007,0.0,0.0,0.0,0.0,0.0,0.0
kampala_elegu,46,23.25,0.0,0.043,0.018,0.0,0.0,0.0,0.0,0.0,0.0,0.0,0.055,0.023,0.0,0.0,0.0,0.0,0.0,0.0
kampala_elegu,47,23.75,0.0,0.062,0.032,0.0,0.0,0.0,0.0,0.0,0.0,0.0,0.08,0.041,0.0,0.0,0.0,0.0,0.0,0.0
kampala_elegu,48,24.25,0.0,0.026,0.017,0.0,0.0,0.0,0.0,0.0,0.0,0.0,0.032,0.022,0.0,0.0,0.0,0.0,0.0,0.0
kampala_elegu,49,24.75,0.0,0.012,0.011,0.0,0.0,0.0,0.0,0.0,0.0,0.0,0.015,0.014,0.0,0.0,0.0,0.0,0.0,0.0
kampala_elegu,50,25.25,0.0,0.016,0.011,0.0,0.0,0.0,0.0,0.0,0.0,0.0,0.0,0.0,0.0,0.0,0.0,0.0,0.132,0.0
kampala_elegu,51,25.75,0.0,0.043,0.006,0.0,0.0,0.0,0.0,0.0,0.0,0.0,0.055,0.007,0.0,0.0,0.0,0.0,0.0,0.0
kampala_elegu,52,26.25,0.0,0.033,0.017,0.0,0.0,0.0,0.0,0.0,0.0,0.0,0.043,0.022,0.0,0.0,0.0,0.0,0.0,0.0
kampala_elegu,53,26.75,0.0,0.019,0.011,0.0,0.0,0.0,0.0,0.0,0.0,0.0,0.001,0.001,0.0,0.0,0.0,0.0,0.0,0.0
kampala_elegu,54,27.25,0.0,0.042,0.006,0.0,0.0,0.0,0.0,0.0,0.0,0.0,0.054,0.007,0.0,0.0,0.0,0.0,0.0,0.0
kampala_elegu,55,27.75,0.0,0.072,0.019,0.0,0.0,0.0,0.0,0.0,0.0,0.0,0.052,0.024,0.0,0.0,0.0,0.0,0.0,0.0
kampala_elegu,56,28.25,0.0,0.053,0.038,0.0,0.0,0.0,0.0,0.0,0.0,0.0,0.068,0.048,0.0,0.0,0.0,0.0,0.0,0.0
kampala_elegu,57,28.75,0.0,0.063,0.025,0.083,0.0,0.0,0.0,0.0,0.0,0.0,0.0,0.0,0.083,0.0,0.0,0.0,0.068,0.0
kampala_elegu,58,29.25,0.054,0.0,0.0,0.0,0.133,0.0,0.0,0.0,0.0,0.0,0.101,0.042,0.0,0.2,0.0,0.0,0.0,0.0
kampala_elegu,59,29.75,0.063,0.0,0.0,0.0,0.133,0.0,0.0,0.0,0.0,0.0,0.09,0.031,0.0,0.2,0.0,0.0,0.0,0.0
kampala_elegu,60,30.25,0.128,0.0,0.0,0.0,0.133,0.0,0.0,0.0,0.0,0.0,0.007,0.007,0.0,0.2,0.0,0.0,0.0,0.0
kampala_elegu,61,30.75,0.0,0.065,0.0,0.0,0.0,0.0,0.0,0.0,0.0,0.0,0.083,0.0,0.0,0.0,0.0,0.0,0.0,0.0
kampala_elegu,62,31.25,0.0,0.022,0.0,0.0,0.0,0.0,0.0,0.0,0.0,0.0,0.0,0.0,0.0,0.0,0.0,0.0,0.176,0.0
kampala_elegu,63,31.75,0.0,0.042,0.0,0.0,0.0,0.0,0.0,0.0,0.0,0.0,0.053,0.0,0.0,0.0,0.0,0.0,0.0,0.0
kampala_elegu,64,32.25,0.0,0.021,0.011,0.0,0.0,0.0,0.0,0.0,0.0,0.0,0.027,0.014,0.0,0.0,0.0,0.0,0.0,0.0
kampala_elegu,65,32.75,0.0,0.014,0.011,0.083,0.0,0.0,0.0,0.0,0.0,0.0,0.0,0.0,0.083,0.0,0.0,0.0,0.078,0.0
kampala_elegu,66,33.25,0.0,0.045,0.006,0.167,0.0,0.0,0.0,0.0,0.0,0.0,0.0,0.0,0.167,0.0,0.0,0.0,0.119,0.0
kampala_elegu,67,33.75,0.0,0.039,0.0,0.0,0.0,0.0,0.0,0.0,0.0,0.0,0.05,0.0,0.0,0.0,0.0,0.0,0.0,0.0
kampala_elegu,68,34.25,0.0,0.008,0.0,0.0,0.0,0.0,0.0,0.0,0.0,0.0,0.0,0.0,0.0,0.0,0.0,0.0,0.153,0.0
kampala_elegu,69,34.75,0.0,0.146,0.015,0.0,0.0,0.0,0.0,0.0,0.0,0.0,0.0,0.0,0.0,0.0,0.0,0.0,0.201,0.0
kampala_elegu,70,35.25,0.0,0.116,0.021,0.0,0.0,0.0,0.0,0.0,0.0,0.0,0.149,0.027,0.0,0.0,0.0,0.0,0.0,0.0
kampala_elegu,71,35.75,0.0,0.007,0.011,0.0,0.0,0.0,0.0,0.0,0.0,0.0,0.0,0.0,0.0,0.0,0.0,0.0,0.367,0.0
kampala_elegu,72,36.25,0.0,0.007,0.011,0.0,0.0,0.0,0.0,0.0,0.0,0.0,0.009,0.014,0.0,0.0,0.0,0.0,0.0,0.0
kampala_elegu,73,36.75,0.0,0.004,0.0,0.0,0.0,0.0,0.0,0.0,0.0,0.0,0.005,0.0,0.0,0.0,0.0,0.0,0.0,0.0
kampala_elegu,74,37.25,0.0,0.032,0.011,0.0,0.0,0.0,0.0,0.0,0.0,0.0,0.0,0.0,0.0,0.0,0.0,0.0,0.227,0.0
kampala_elegu,75,37.75,0.0,0.024,0.011,0.0,0.0,0.0,0.0,0.0,0.0,0.0,0.031,0.014,0.0,0.0,0.0,0.0,0.0,0.0
kampala_elegu,76,38.25,0.0,0.008,0.005,0.0,0.0,0.0,0.0,0.0,0.0,0.0,0.0,0.0,0.0,0.0,0.0,0.0,0.408,0.0
kampala_elegu,77,38.75,0.0,0.019,0.011,0.0,0.0,0.0,0.0,0.0,0.0,0.0,0.025,0.014,0.0,0.0,0.0,0.0,0.0,0.0
kampala_elegu,78,39.25,0.0,0.034,0.011,0.0,0.0,0.0,0.0,0.0,0.0,0.0,0.035,0.015,0.0,0.0,0.0,0.0,0.0,0.0
kampala_elegu,79,39.75,0.036,0.0,0.0,0.0,0.133,0.0,0.0,0.0,0.0,0.0,0.125,0.065,0.0,0.2,0.0,0.0,0.0,0.0
kampala_elegu,80,40.25,0.046,0.0,0.0,0.0,0.133,0.0,0.0,0.0,0.0,0.0,0.113,0.053,0.0,0.2,0.0,0.0,0.0,0.0
kampala_elegu,81,40.75,0.0,0.097,0.034,0.0,0.0,0.0,0.0,0.0,0.0,0.0,0.125,0.044,0.0,0.0,0.0,0.0,0.0,0.0
kampala_elegu,82,41.25,0.0,0.062,0.018,0.0,0.0,0.0,0.0,0.0,0.0,0.0,0.08,0.024,0.0,0.0,0.0,0.0,0.0,0.0
kampala_elegu,83,41.75,0.0,0.093,0.02,0.0,0.0,0.0,0.0,0.0,0.0,0.0,0.12,0.026,0.0,0.0,0.0,0.0,0.0,0.0
kampala_elegu,84,42.25,0.0,0.04,0.018,0.0,0.0,0.0,0.0,0.0,0.0,0.0,0.0,0.0,0.0,0.0,0.0,0.0,0.018,0.0
kampala_elegu,85,42.75,0.0,0.078,0.019,0.0,0.0,0.0,0.0,0.0,0.0,0.0,0.101,0.025,0.0,0.0,0.0,0.0,0.0,0.0
kampala_elegu,86,43.25,0.172,0.0,0.0,0.0,0.133,0.0,0.0,0.0,0.0,0.049,0.0,0.0,0.0,0.2,0.0,0.0,0.0,0.0
kampala_elegu,87,43.75,0.189,0.0,0.0,0.0,0.133,0.0,0.0,0.0,0.0,0.0,0.0,0.0,0.0,0.2,0.0,0.0,0.03,0.0
kampala_elegu,88,44.25,0.036,0.0,0.0,0.0,0.133,0.0,0.0,0.0,0.0,0.0,0.125,0.065,0.0,0.2,0.0,0.0,0.0,0.0
kampala_elegu,89,44.75,0.183,0.0,0.0,0.0,0.133,0.0,0.0,0.0,0.0,0.064,0.0,0.0,0.0,0.2,0.0,0.0,0.0,0.0
kampala_elegu,90,45.25,0.0,0.055,0.025,0.0,0.0,0.0,0.0,0.0,0.0,0.0,0.0,0.0,0.0,0.0,0.0,0.0,0.084,0.0
kampala_elegu,91,45.75,0.0,0.125,0.029,0.0,0.0,0.0,0.0,0.0,0.0,0.0,0.046,0.037,0.0,0.0,0.0,0.0,0.0,0.0
kampala_elegu,92,46.25,0.0,0.155,0.0,0.0,0.0,0.0,0.0,0.0,0.0,0.0,0.199,0.0,0.0,0.0,0.0,0.0,0.0,0.0
kampala_elegu,93,46.75,0.0,0.02,0.017,0.0,0.0,0.0,0.0,0.0,0.0,0.0,0.025,0.021,0.0,0.0,0.0,0.0,0.0,0.0
kampala_elegu,94,47.25,0.0,0.042,0.012,0.0,0.0,0.0,0.0,0.0,0.0,0.0,0.054,0.015,0.0,0.0,0.0,0.0,0.0,0.0
kampala_elegu,95,47.75,0.0,0.07,0.019,0.0,0.0,0.0,0.0,0.0,0.0,0.0,0.013,0.013,0.0,0.0,0.0,0.0,0.0,0.0
kampala_elegu,96,48.25,0.0,0.152,0.064,0.083,0.0,0.0,0.0,0.0,0.0,0.0,0.143,0.082,0.083,0.0,0.0,0.0,0.0,0.0
kampala_elegu,97,48.75,0.0,0.073,0.026,0.0,0.0,0.0,0.0,0.0,0.0,0.0,0.094,0.033,0.0,0.0,0.0,0.0,0.0,0.0
kampala_elegu,98,49.25,0.0,0.023,0.011,0.0,0.0,0.0,0.0,0.0,0.0,0.0,0.03,0.014,0.0,0.0,0.0,0.0,0.0,0.0
kampala_elegu,99,49.75,0.0,0.108,0.035,0.0,0.0,0.0,0.0,0.0,0.0,0.0,0.104,0.045,0.0,0.0,0.0,0.0,0.0,0.0
kampala_elegu,100,50.25,0.0,0.126,0.052,0.083,0.0,0.0,0.0,0.0,0.0,0.0,0.162,0.067,0.083,0.0,0.0,0.0,0.0,0.0
kampala_elegu,101,50.75,0.0,0.045,0.024,0.0,0.0,0.0,0.0,0.0,0.0,0.0,0.058,0.031,0.0,0.0,0.0,0.0,0.0,0.0
kampala_elegu,102,51.25,0.0,0.035,0.017,0.0,0.0,0.0,0.0,0.0,0.0,0.0,0.046,0.022,0.0,0.0,0.0,0.0,0.0,0.0
kampala_elegu,103,51.75,0.0,0.036,0.017,0.083,0.0,0.0,0.0,0.0,0.0,0.0,0.0,0.0,0.083,0.0,0.0,0.0,0.018,0.0
kampala_elegu,104,52.25,0.0,0.034,0.017,0.0,0.0,0.0,0.0,0.0,0.0,0.0,0.044,0.022,0.0,0.0,0.0,0.0,0.0,0.0
kampala_elegu,105,52.75,0.0,0.002,0.0,0.0,0.0,0.0,0.0,0.0,0.0,0.0,0.003,0.0,0.0,0.0,0.0,0.0,0.0,0.0
kampala_elegu,106,53.25,0.0,0.008,0.005,0.0,0.0,0.0,0.0,0.0,0.0,0.0,0.0,0.0,0.0,0.0,0.0,0.0,0.105,0.0
kampala_elegu,107,53.75,0.0,0.017,0.005,0.0,0.0,0.0,0.0,0.0,0.0,0.0,0.0,0.0,0.0,0.0,0.0,0.0,0.111,0.0
kampala_elegu,108,54.25,0.0,0.013,0.0,0.0,0.0,0.0,0.0,0.0,0.0,0.0,0.017,0.0,0.0,0.0,0.0,0.0,0.0,0.0
kampala_elegu,109,54.75,0.0,0.039,0.011,0.0,0.0,0.0,0.0,0.0,0.0,0.0,0.0,0.0,0.0,0.0,0.0,0.0,0.063,0.0
kampala_elegu,110,55.25,0.0,0.079,0.006,0.083,0.0,0.0,0.0,0.0,0.0,0.0,0.083,0.008,0.083,0.0,0.0,0.0,0.0,0.0
kampala_elegu,111,55.75,0.0,0.12,0.007,0.083,0.0,0.0,0.0,0.0,0.0,0.0,0.155,0.009,0.083,0.0,0.0,0.0,0.0,0.0
kampala_elegu,112,56.25,0.0,0.131,0.022,0.0,0.0,0.0,0.0,0.0,0.0,0.0,0.169,0.028,0.0,0.0,0.0,0.0,0.0,0.0
kampala_elegu,113,56.75,0.054,0.0,0.0,0.167,0.133,0.0,0.0,0.0,0.0,0.0,0.101,0.084,0.167,0.2,0.0,0.0,0.0,0.0
kampala_elegu,114,57.25,0.0,0.003,0.003,0.083,0.133,0.0,0.0,0.0,0.0,0.0,0.176,0.116,0.083,0.2,0.0,0.0,0.0,0.0
kampala_elegu,115,57.75,0.0,0.003,0.003,0.0,0.133,0.0,0.0,0.0,0.0,0.0,0.176,0.116,0.0,0.2,0.0,0.0,0.0,0.0
kampala_elegu,116,58.25,0.145,0.0,0.0,0.083,0.133,0.0,0.0,0.0,0.0,0.015,0.0,0.0,0.083,0.2,0.0,0.0,0.0,0.0
kampala_elegu,117,58.75,0.126,0.0,0.0,0.0,0.133,0.0,0.0,0.0,0.0,0.0,0.009,0.009,0.0,0.2,0.0,0.0,0.0,0.0
kampala_elegu,118,59.25,0.046,0.0,0.0,0.0,0.133,0.0,0.0,0.0,0.0,0.0,0.113,0.053,0.0,0.2,0.0,0.0,0.0,0.0
kampala_elegu,119,59.75,0.046,0.0,0.0,0.0,0.133,0.0,0.0,0.0,0.0,0.0,0.113,0.053,0.0,0.2,0.0,0.0,0.0,0.0
kampala_elegu,120,60.25,0.0,0.099,0.013,0.0,0.0,0.0,0.0,0.0,0.0,0.0,0.128,0.017,0.0,0.0,0.0,0.0,0.0,0.0
kampala_elegu,121,60.75,0.0,0.014,0.005,0.083,0.0,0.0,0.0,0.0,0.0,0.0,0.017,0.007,0.083,0.0,0.0,0.0,0.0,0.0
kampala_elegu,122,61.25,0.0,0.036,0.017,0.0,0.0,0.0,0.0,0.0,0.0,0.0,0.047,0.022,0.0,0.0,0.0,10.0,0.0,0.0
kampala_elegu,123,61.75,0.0,0.013,0.005,0.0,0.0,0.0,0.0,0.0,0.0,0.0,0.017,0.007,0.0,0.0,0.0,0.0,0.0,0.0
kampala_elegu,124,62.25,0.0,0.037,0.006,0.0,0.0,0.0,0.0,0.0,0.0,0.0,0.0,0.0,0.0,0.0,0.0,0.0,0.075,0.0
kampala_elegu,125,62.75,0.0,0.054,0.0,0.0,0.0,0.0,0.0,0.0,0.0,0.0,0.07,0.0,0.0,0.0,0.0,0.0,0.0,0.0
kampala_elegu,126,63.25,0.0,0.109,0.014,0.0,0.0,0.0,0.0,0.0,0.0,0.0,0.111,0.017,0.0,0.0,0.0,0.0,0.0,0.0
kampala_elegu,127,63.75,0.0,0.044,0.006,0.0,0.0,0.0,0.0,0.0,0.0,0.0,0.056,0.007,0.0,0.0,0.0,0.0,0.0,0.0
kampala_elegu,128,64.25,0.0,0.074,0.019,0.0,0.0,0.0,0.0,0.0,0.0,0.0,0.095,0.024,0.0,0.0,0.0,0.0,0.0,0.0
kampala_elegu,129,64.75,0.0,0.034,0.017,0.0,0.0,0.0,0.0,0.0,0.0,0.0,0.044,0.022,0.0,0.0,0.0,0.0,0.0,0.0
kampala_elegu,130,65.25,0.0,0.044,0.018,0.0,0.0,0.0,0.0,0.0,0.0,0.0,0.0,0.0,0.0,0.0,0.0,0.0,0.073,0.0
kampala_elegu,131,65.75,0.0,0.196,0.069,0.0,0.0,0.0,0.0,0.0,0.0,0.0,0.252,0.089,0.0,0.0,0.0,0.0,0.0,0.0
kampala_elegu,132,66.25,0.0,0.085,0.048,0.0,0.0,0.0,0.0,0.0,0.0,0.0,0.109,0.062,0.0,0.0,0.0,0.0,0.0,0.0
kampala_elegu,133,66.75,0.0,0.028,0.011,0.0,0.0,0.0,0.0,0.0,0.0,0.0,0.036,0.014,0.0,0.0,0.0,0.0,0.0,0.0
kampala_elegu,134,67.25,0.0,0.018,0.011,0.0,0.0,0.0,0.0,0.0,0.0,0.0,0.0,0.0,0.0,0.0,0.0,0.0,0.213,0.0
kampala_elegu,135,67.75,0.0,0.064,0.019,0.0,0.0,0.0,0.0,0.0,0.0,0.0,0.082,0.024,0.0,0.0,0.0,0.0,0.0,0.0
kampala_elegu,136,68.25,0.0,0.02,0.005,0.0,0.0,0.0,0.0,0.0,0.0,0.0,0.026,0.007,0.0,0.0,0.0,0.0,0.0,0.0
kampala_elegu,137,68.75,0.0,0.014,0.016,0.0,0.0,0.0,0.0,0.0,0.0,0.0,0.017,0.021,0.0,0.0,0.0,0.0,0.0,0.0
kampala_elegu,138,69.25,0.0,0.047,0.006,0.083,0.0,0.0,0.0,0.0,0.0,0.0,0.061,0.007,0.083,0.0,0.0,0.0,0.0,0.0
kampala_elegu,139,69.75,0.0,0.055,0.0,0.0,0.0,0.0,0.0,0.0,0.0,0.0,0.07,0.0,0.0,0.0,0.0,0.0,0.0,0.0
kampala_elegu,140,70.25,0.0,0.015,0.005,0.0,0.0,0.0,0.0,0.0,0.0,0.0,0.019,0.007,0.0,0.0,0.0,0.0,0.0,0.0
kampala_elegu,141,70.75,0.0,0.02,0.005,0.083,0.0,0.0,0.0,0.0,0.0,0.0,0.026,0.007,0.083,0.0,0.0,0.0,0.0,0.0
kampala_elegu,142,71.25,0.0,0.042,0.006,0.083,0.0,0.0,0.0,0.0,0.0,0.0,0.054,0.007,0.083,0.0,0.0,0.0,0.0,0.0
kampala_elegu,143,71.75,0.0,0.185,0.016,0.0,0.0,0.0,0.0,0.0,0.0,0.0,0.238,0.02,0.0,0.0,0.0,0.0,0.0,0.0
kampala_elegu,144,72.25,0.0,0.043,0.0,0.083,0.0,0.0,0.0,0.0,0.0,0.0,0.055,0.0,0.083,0.0,0.0,0.0,0.0,0.0
kampala_elegu,145,72.75,0.0,0.0,0.0,0.0,0.0,0.0,0.0,0.0,0.0,0.0,0.0,0.0,0.0,0.0,0.0,0.0,0.0,0.0
kampala_elegu,146,73.25,0.0,0.032,0.006,0.0,0.0,0.0,0.0,0.0,0.0,0.0,0.0,0.0,0.0,0.0,0.0,0.0,0.179,0.0
kampala_elegu,147,73.75,0.0,0.038,0.0,0.0,0.0,0.0,0.0,0.0,0.0,0.0,0.048,0.0,0.0,0.0,0.0,0.0,0.0,0.0
kampala_elegu,148,74.25,0.0,0.024,0.005,0.0,0.0,0.0,0.0,0.0,0.0,0.0,0.03,0.007,0.0,0.0,0.0,0.0,0.0,0.0
kampala_elegu,149,74.75,0.0,0.064,0.006,0.0,0.0,0.0,0.0,0.0,0.0,0.0,0.083,0.008,0.0,0.0,0.0,0.0,0.0,0.0
kampala_elegu,150,75.25,0.0,0.058,0.006,0.0,0.0,0.0,0.0,0.0,0.0,0.0,0.075,0.008,0.0,0.0,0.0,0.0,0.0,0.0
kampala_elegu,151,75.75,0.0,0.024,0.005,0.0,0.0,0.0,0.0,0.0,0.0,0.0,0.03,0.007,0.0,0.0,0.0,0.0,0.0,0.0
kampala_elegu,152,76.25,0.0,0.004,0.0,0.0,0.0,0.0,0.0,0.0,0.0,0.0,0.006,0.0,0.0,0.0,0.0,0.0,0.0,0.0
kampala_elegu,153,76.75,0.0,0.012,0.0,0.0,0.0,0.0,0.0,0.0,0.0,0.0,0.0,0.0,0.0,0.0,0.0,0.0,0.132,0.0
kampala_elegu,154,77.25,0.0,0.025,0.005,0.0,0.0,0.0,0.0,0.0,0.0,0.0,0.032,0.007,0.0,0.0,0.0,0.0,0.0,0.0
kampala_elegu,155,77.75,0.0,0.01,0.0,0.0,0.0,0.0,0.0,0.0,0.0,0.0,0.012,0.0,0.0,0.0,0.0,0.0,0.0,0.0
kampala_elegu,156,78.25,0.0,0.006,0.0,0.0,0.0,0.0,0.0,0.0,0.0,0.0,0.007,0.0,0.0,0.0,0.0,0.0,0.0,0.0
kampala_elegu,157,78.75,0.0,0.0,0.0,0.0,0.0,0.0,0.0,0.0,0.0,0.0,0.0,0.0,0.0,0.0,0.0,0.0,0.0,0.0
kampala_elegu,158,79.25,0.0,0.0,0.0,0.0,0.0,0.0,0.0,0.0,0.0,0.0,0.0,0.0,0.0,0.0,0.0,0.0,0.0,0.0
kampala_elegu,159,79.75,0.0,0.0,0.0,0.0,0.0,0.0,0.0,0.0,0.0,0.0,0.0,0.0,0.0,0.0,0.0,0.0,0.0,0.0
kampala_elegu,160,80.25,0.0,0.0,0.005,0.0,0.0,0.0,0.0,0.0,0.0,0.0,0.001,0.003,0.0,0.0,0.0,0.0,0.0,0.0
kampala_elegu,161,80.75,0.0,0.004,0.0,0.0,0.0,0.0,0.0,0.0,0.0,0.0,0.0,0.0,0.0,0.0,0.0,0.0,0.022,0.0
kampala_elegu,162,81.25,0.0,0.006,0.0,0.0,0.0,0.0,0.0,0.0,0.0,0.0,0.008,0.0,0.0,0.0,0.0,0.0,0.0,0.0
kampala_elegu,163,81.75,0.0,0.068,0.012,0.0,0.0,0.0,0.0,0.0,0.0,0.0,0.0,0.0,0.0,0.0,0.0,0.0,0.017,0.0
kampala_elegu,164,82.25,0.0,0.091,0.006,0.0,0.0,0.0,0.0,0.0,0.0,0.0,0.117,0.008,0.0,0.0,0.0,0.0,0.0,0.0
kampala_elegu,165,82.75,0.063,0.0,0.0,0.0,0.133,0.0,0.0,0.0,0.0,0.0,0.09,0.031,0.0,0.2,0.0,0.0,0.0,0.0
kampala_elegu,166,83.25,0.0,0.086,0.013,0.0,0.0,0.0,0.0,0.0,0.0,0.0,0.11,0.017,0.0,0.0,0.0,0.0,0.0,0.0
kampala_elegu,167,83.75,0.0,0.011,0.005,0.083,0.0,0.0,0.0,0.0,0.0,0.0,0.015,0.007,0.083,0.0,0.0,0.0,0.0,0.0
kampala_elegu,168,84.25,0.0,0.011,0.005,0.083,0.0,0.0,0.0,0.0,0.0,0.0,0.014,0.007,0.083,0.0,0.0,0.0,0.0,0.0
kampala_elegu,169,84.75,0.0,0.0,0.005,0.0,0.0,0.0,0.0,0.0,0.0,0.0,0.001,0.007,0.0,0.0,0.0,0.0,0.0,0.0
kampala_elegu,170,85.25,0.0,0.001,0.0,0.0,0.0,0.0,0.0,0.0,0.0,0.0,0.001,0.0,0.0,0.0,0.0,0.0,0.0,0.0
kampala_elegu,171,85.75,0.0,0.001,0.005,0.0,0.0,0.0,0.0,0.0,0.0,0.0,0.002,0.007,0.0,0.0,0.0,0.0,0.0,0.0
kampala_elegu,172,86.25,0.0,0.032,0.011,0.0,0.0,0.0,0.0,0.0,0.0,0.0,0.0,0.0,0.0,0.0,0.0,0.0,0.027,0.0
kampala_elegu,173,86.75,0.0,0.018,0.0,0.0,0.0,0.0,0.0,0.0,0.0,0.0,0.023,0.0,0.0,0.0,0.0,0.0,0.0,0.0
kampala_elegu,174,87.25,0.0,0.01,0.005,0.0,0.0,0.0,0.0,0.0,0.0,0.0,0.013,0.007,0.0,0.0,0.0,0.0,0.0,0.0
kampala_elegu,175,87.75,0.0,0.004,0.0,0.0,0.0,0.0,0.0,0.0,0.0,0.0,0.005,0.0,0.0,0.0,0.0,0.0,0.0,0.0
kampala_elegu,176,88.25,0.0,0.008,0.005,0.0,0.0,0.0,0.0,0.0,0.0,0.0,0.0,0.0,0.0,0.0,0.0,0.0,0.15,0.0
kampala_elegu,177,88.75,0.0,0.005,0.0,0.0,0.0,0.0,0.0,0.0,0.0,0.0,0.006,0.0,0.0,0.0,0.0,0.0,0.0,0.0
kampala_elegu,178,89.25,0.0,0.0,0.0,0.0,0.0,0.0,0.0,0.0,0.0,0.0,0.0,0.0,0.0,0.0,0.0,0.0,0.0,0.0
kampala_elegu,179,89.75,0.0,0.0,0.005,0.0,0.0,0.0,0.0,0.0,0.0,0.0,0.0,0.0,0.0,0.0,0.0,0.0,0.019,0.0
kampala_elegu,180,90.25,0.0,0.016,0.005,0.0,0.0,0.0,0.0,0.0,0.0,0.0,0.0,0.0,0.0,0.0,0.0,0.0,0.097,0.0
kampala_elegu,181,90.75,0.0,0.007,0.016,0.0,0.0,0.0,0.0,0.0,0.0,0.0,0.01,0.021,0.0,0.0,0.0,0.0,0.0,0.0
kampala_elegu,182,91.25,0.0,0.0,0.0,0.0,0.0,0.0,0.0,0.0,0.0,0.0,0.0,0.0,0.0,0.0,0.0,0.0,0.0,0.0
kampala_elegu,183,91.75,0.0,0.0,0.005,0.0,0.0,0.0,0.0,0.0,0.0,0.0,0.0,0.0,0.0,0.0,0.0,0.0,0.142,0.0
kampala_elegu,184,92.25,0.0,0.0,0.0,0.0,0.0,0.0,0.0,0.0,0.0,0.0,0.0,0.0,0.0,0.0,0.0,0.0,0.002,0.0
kampala_elegu,185,92.75,0.0,0.0,0.0,0.0,0.0,0.0,0.0,0.0,0.0,0.0,0.0,0.0,0.0,0.0,0.0,0.0,0.0,0.0
kampala_elegu,186,93.25,0.0,0.0,0.005,0.0,0.0,0.0,0.0,0.0,0.0,0.0,0.0,0.007,0.0,0.0,0.0,0.0,0.0,0.0
kampala_elegu,187,93.75,0.0,0.015,0.0,0.0,0.0,0.0,0.0,0.0,0.0,0.0,0.0,0.0,0.0,0.0,0.0,0.0,0.093,0.0
kampala_elegu,188,94.25,0.0,0.127,0.037,0.083,0.0,0.0,0.0,0.0,0.0,0.0,0.162,0.047,0.083,0.0,0.0,0.0,0.0,0.0
kampala_elegu,189,94.75,0.0,0.088,0.006,0.0,0.0,0.0,0.0,0.0,0.0,0.0,0.113,0.008,0.0,0.0,0.0,0.0,0.0,0.0
kampala_elegu,190,95.25,0.0,0.003,0.005,0.0,0.0,0.0,0.0,0.0,0.0,0.0,0.004,0.007,0.0,0.0,0.0,0.0,0.0,0.0
kampala_elegu,191,95.75,0.0,0.002,0.0,0.0,0.0,0.0,0.0,0.0,0.0,0.0,0.003,0.0,0.0,0.0,0.0,0.0,0.0,0.0
kampala_elegu,192,96.25,0.0,0.002,0.0,0.0,0.0,0.0,0.0,0.0,0.0,0.0,0.0,0.0,0.0,0.0,0.0,0.0,0.063,0.0
kampala_elegu,193,96.75,0.0,0.005,0.0,0.0,0.0,0.0,0.0,0.0,0.0,0.0,0.006,0.0,0.0,0.0,0.0,0.0,0.0,0.0
kampala_elegu,194,97.25,0.0,0.012,0.0,0.0,0.0,0.0,0.0,0.0,0.0,0.0,0.0,0.0,0.0,0.0,0.0,0.0,0.086,0.0
kampala_elegu,195,97.75,0.0,0.014,0.011,0.0,0.0,0.0,0.0,0.0,0.0,0.0,0.0,0.0,0.0,0.0,0.0,0.0,0.008,0.0
kampala_elegu,196,98.25,0.0,0.009,0.0,0.0,0.0,0.0,0.0,0.0,0.0,0.0,0.012,0.0,0.0,0.0,0.0,0.0,0.0,0.0
kampala_elegu,197,98.75,0.0,0.029,0.0,0.0,0.0,0.0,0.0,0.0,0.0,0.0,0.037,0.0,0.0,0.0,0.0,0.0,0.0,0.0
kampala_elegu,198,99.25,0.0,0.032,0.0,0.0,0.0,0.0,0.0,0.0,0.0,0.0,0.041,0.0,0.0,0.0,0.0,0.0,0.0,0.0
kampala_elegu,199,99.75,0.0,0.0,0.0,0.0,0.0,0.0,0.0,0.0,0.0,0.0,0.0,0.0,0.0,0.0,0.0,0.0,0.0,0.0
kampala_elegu,200,100.25,0.0,0.002,0.0,0.0,0.0,0.0,0.0,0.0,0.0,0.0,0.0,0.0,0.0,0.0,0.0,0.0,0.087,0.0
kampala_elegu,201,100.75,0.0,0.002,0.005,0.0,0.0,0.0,0.0,0.0,0.0,0.0,0.0,0.0,0.0,0.0,0.0,0.0,0.007,0.0
kampala_elegu,202,101.25,0.0,0.002,0.0,0.0,0.0,0.0,0.0,0.0,0.0,0.0,0.003,0.0,0.0,0.0,0.0,0.0,0.0,0.0
kampala_elegu,203,101.75,0.0,0.002,0.0,0.0,0.0,0.0,0.0,0.0,0.0,0.0,0.002,0.0,0.0,0.0,0.0,0.0,0.0,0.0
kampala_elegu,204,102.25,0.0,0.003,0.0,0.0,0.0,0.0,0.0,0.0,0.0,0.0,0.004,0.0,0.0,0.0,0.0,0.0,0.0,0.0
kampala_elegu,205,102.75,0.0,0.002,0.0,0.0,0.0,0.0,0.0,0.0,0.0,0.0,0.0,0.0,0.0,0.0,0.0,0.0,0.065,0.0
kampala_elegu,206,103.25,0.0,0.003,0.005,0.0,0.0,0.0,0.0,0.0,0.0,0.0,0.004,0.007,0.0,0.0,0.0,0.0,0.0,0.0
kampala_elegu,207,103.75,0.0,0.002,0.005,0.0,0.0,0.0,0.0,0.0,0.0,0.0,0.0,0.0,0.0,0.0,0.0,0.0,0.231,0.0
kampala_elegu,208,104.25,0.0,0.004,0.01,0.0,0.0,0.0,0.0,0.0,0.0,0.0,0.0,0.0,0.0,0.0,0.0,0.0,0.078,0.0
kampala_elegu,209,104.75,0.0,0.042,0.018,0.0,0.0,0.167,0.0,0.0,0.0,0.0,0.054,0.023,0.0,0.0,1.0,0.0,0.0,0.0
kampala_elegu,210,105.25,0.0,0.024,0.017,0.0,0.0,0.167,0.0,0.0,0.0,0.0,0.031,0.022,0.0,0.0,1.0,0.0,0.0,0.0
kampala_elegu,211,105.75,0.0,0.0,0.0,0.0,0.0,0.0,0.0,0.0,0.0,0.0,0.0,0.0,0.0,0.0,0.0,0.0,0.035,0.0
kampala_elegu,212,106.25,0.0,0.004,0.0,0.0,0.0,0.0,0.0,0.0,0.0,0.0,0.0,0.0,0.0,0.0,0.0,0.0,0.051,0.0
kampala_elegu,213,106.75,0.0,0.003,0.0,0.0,0.0,0.0,0.0,0.0,0.0,0.0,0.004,0.0,0.0,0.0,0.0,0.0,0.0,0.0
kampala_elegu,214,107.25,0.0,0.0,0.0,0.0,0.0,0.0,0.0,0.0,0.0,0.0,0.0,0.0,0.0,0.0,0.0,0.0,0.0,0.0
kampala_elegu,215,107.75,0.0,0.004,0.005,0.0,0.0,0.0,0.0,0.0,0.0,0.0,0.0,0.0,0.0,0.0,0.0,0.0,0.046,0.0
kampala_elegu,216,108.25,0.0,0.005,0.0,0.0,0.0,0.0,0.0,0.0,0.0,0.0,0.0,0.0,0.0,0.0,0.0,0.0,0.214,0.0
kampala_elegu,217,108.75,0.0,0.004,0.005,0.0,0.0,0.0,0.0,0.0,0.0,0.0,0.0,0.0,0.0,0.0,0.0,0.0,0.15,0.0
kampala_elegu,218,109.25,0.0,0.001,0.0,0.0,0.0,0.0,0.0,0.0,0.0,0.0,0.002,0.0,0.0,0.0,0.0,0.0,0.0,0.0
kampala_elegu,219,109.75,0.0,0.011,0.0,0.0,0.0,0.0,0.0,0.0,0.0,0.0,0.014,0.0,0.0,0.0,0.0,0.0,0.0,0.0
kampala_elegu,220,110.25,0.0,0.004,0.0,0.0,0.0,0.0,0.0,0.0,0.0,0.0,0.005,0.0,0.0,0.0,0.0,0.0,0.0,0.0
kampala_elegu,221,110.75,0.0,0.001,0.0,0.0,0.0,0.0,0.0,0.0,0.0,0.0,0.001,0.0,0.0,0.0,0.0,0.0,0.0,0.0
kampala_elegu,222,111.25,0.0,0.001,0.0,0.0,0.0,0.0,0.0,0.0,0.0,0.0,0.001,0.0,0.0,0.0,0.0,0.0,0.0,0.0
kampala_elegu,223,111.75,0.0,0.002,0.0,0.0,0.0,0.0,0.0,0.0,0.0,0.0,0.003,0.0,0.0,0.0,0.0,0.0,0.0,0.0
kampala_elegu,224,112.25,0.0,0.009,0.011,0.0,0.0,0.0,0.0,0.0,0.0,0.0,0.0,0.0,0.0,0.0,0.0,0.0,0.035,0.0
kampala_elegu,225,112.75,0.0,0.01,0.0,0.0,0.0,0.0,0.0,0.0,0.0,0.0,0.013,0.0,0.0,0.0,0.0,0.0,0.0,0.0
kampala_elegu,226,113.25,0.0,0.003,0.005,0.0,0.0,0.0,0.0,0.0,0.0,0.0,0.004,0.007,0.0,0.0,0.0,0.0,0.0,0.0
kampala_elegu,227,113.75,0.0,0.005,0.0,0.0,0.0,0.0,0.0,0.0,0.0,0.0,0.0,0.0,0.0,0.0,0.0,0.0,0.307,0.0
kampala_elegu,228,114.25,0.0,0.037,0.011,0.0,0.0,0.0,0.0,0.0,0.0,0.0,0.0,0.0,0.0,0.0,0.0,0.0,0.084,0.0
kampala_elegu,229,114.75,0.0,0.055,0.018,0.0,0.0,0.0,0.0,0.0,0.0,0.0,0.071,0.023,0.0,0.0,0.0,0.0,0.0,0.0
kampala_elegu,230,115.25,0.0,0.006,0.005,0.0,0.0,0.0,0.0,0.0,0.0,0.0,0.008,0.007,0.0,0.0,0.0,0.0,0.0,0.0
kampala_elegu,231,115.75,0.0,0.005,0.016,0.083,0.0,0.0,0.0,0.0,0.0,0.0,0.006,0.02,0.083,0.0,0.0,0.0,0.0,0.0
kampala_elegu,232,116.25,0.0,0.002,0.0,0.0,0.0,0.0,0.0,0.0,0.0,0.0,0.003,0.0,0.0,0.0,0.0,0.0,0.0,0.0
kampala_elegu,233,116.75,0.0,0.0,0.0,0.0,0.0,0.0,0.0,0.0,0.0,0.0,0.001,0.0,0.0,0.0,0.0,0.0,0.0,0.0
kampala_elegu,234,117.25,0.0,0.001,0.0,0.0,0.0,0.0,0.0,0.0,0.0,0.0,0.0,0.0,0.0,0.0,0.0,0.0,0.127,0.0
kampala_elegu,235,117.75,0.0,0.002,0.0,0.0,0.0,0.0,0.0,0.0,0.0,0.0,0.0,0.0,0.0,0.0,0.0,0.0,0.22,0.0
kampala_elegu,236,118.25,0.0,0.008,0.005,0.0,0.0,0.0,0.0,0.0,0.0,0.0,0.01,0.007,0.0,0.0,0.0,0.0,0.0,0.0
kampala_elegu,237,118.75,0.0,0.002,0.0,0.0,0.0,0.0,0.0,0.0,0.0,0.0,0.003,0.0,0.0,0.0,0.0,0.0,0.0,0.0
kampala_elegu,238,119.25,0.0,0.001,0.0,0.0,0.0,0.0,0.0,0.0,0.0,0.0,0.001,0.0,0.0,0.0,0.0,0.0,0.0,0.0
kampala_elegu,239,119.75,0.0,0.001,0.0,0.0,0.0,0.0,0.0,0.0,0.0,0.0,0.002,0.0,0.0,0.0,0.0,0.0,0.0,0.0
kampala_elegu,240,120.25,0.0,0.002,0.0,0.0,0.0,0.0,0.0,0.0,0.0,0.0,0.002,0.0,0.0,0.0,0.0,0.0,0.0,0.0
kampala_elegu,241,120.75,0.0,0.002,0.0,0.0,0.0,0.0,0.0,0.0,0.0,0.0,0.0,0.0,0.0,0.0,0.0,0.0,0.013,0.0
kampala_elegu,242,121.25,0.0,0.041,0.006,0.0,0.0,0.167,0.0,0.0,0.0,0.0,0.0,0.0,0.0,0.0,1.0,0.0,0.019,0.0
kampala_elegu,243,121.75,0.0,0.049,0.012,0.0,0.0,0.0,0.0,0.0,0.0,0.0,0.063,0.015,0.0,0.0,0.0,0.0,0.0,0.0
kampala_elegu,244,122.25,0.0,0.009,0.011,0.0,0.0,0.0,0.0,0.0,0.0,0.0,0.012,0.014,0.0,0.0,0.0,0.0,0.0,0.0
kampala_elegu,245,122.75,0.0,0.0,0.0,0.0,0.0,0.0,0.0,0.0,0.0,0.0,0.0,0.0,0.0,0.0,0.0,0.0,0.0,0.0
kampala_elegu,246,123.25,0.0,0.003,0.0,0.0,0.0,0.0,0.0,0.0,0.0,0.0,0.004,0.0,0.0,0.0,0.0,0.0,0.0,0.0
kampala_elegu,247,123.75,0.0,0.003,0.0,0.0,0.0,0.0,0.0,0.0,0.0,0.0,0.004,0.0,0.0,0.0,0.0,0.0,0.0,0.0
kampala_elegu,248,124.25,0.0,0.0,0.005,0.0,0.0,0.0,0.0,0.0,0.0,0.0,0.0,0.0,0.0,0.0,0.0,0.0,0.04,0.0
kampala_elegu,249,124.75,0.0,0.0,0.0,0.0,0.0,0.0,0.0,0.0,0.0,0.0,0.0,0.0,0.0,0.0,0.0,0.0,0.013,0.0
kampala_elegu,250,125.25,0.0,0.0,0.0,0.0,0.0,0.0,0.0,0.0,0.0,0.0,0.0,0.0,0.0,0.0,0.0,0.0,0.0,0.0
kampala_elegu,251,125.75,0.0,0.0,0.0,0.0,0.0,0.0,0.0,0.0,0.0,0.0,0.0,0.0,0.0,0.0,0.0,0.0,0.0,0.0
kampala_elegu,252,126.25,0.0,0.0,0.0,0.0,0.0,0.0,0.0,0.0,0.0,0.0,0.0,0.0,0.0,0.0,0.0,0.0,0.0,0.0
kampala_elegu,253,126.75,0.0,0.0,0.0,0.0,0.0,0.0,0.0,0.0,0.0,0.0,0.001,0.0,0.0,0.0,0.0,0.0,0.0,0.0
kampala_elegu,254,127.25,0.0,0.0,0.0,0.0,0.0,0.0,0.0,0.0,0.0,0.0,0.001,0.0,0.0,0.0,0.0,0.0,0.0,0.0
kampala_elegu,255,127.75,0.0,0.0,0.0,0.0,0.0,0.0,0.0,0.0,0.0,0.0,0.0,0.0,0.0,0.0,0.0,0.0,0.0,0.0
kampala_elegu,256,128.25,0.0,0.0,0.0,0.0,0.0,0.0,0.0,0.0,0.0,0.0,0.0,0.0,0.0,0.0,0.0,0.0,0.0,0.0
kampala_elegu,257,128.75,0.0,0.0,0.0,0.0,0.0,0.0,0.0,0.0,0.0,0.0,0.0,0.0,0.0,0.0,0.0,0.0,0.096,0.0
kampala_elegu,258,129.25,0.0,0.0,0.01,0.0,0.0,0.0,0.0,0.0,0.0,0.0,0.001,0.013,0.0,0.0,0.0,0.0,0.0,0.0
kampala_elegu,259,129.75,0.0,0.004,0.0,0.0,0.0,0.0,0.0,0.0,0.0,0.0,0.005,0.0,0.0,0.0,0.0,0.0,0.0,0.0
kampala_elegu,260,130.25,0.0,0.043,0.024,0.0,0.0,0.0,0.0,0.0,0.0,0.0,0.055,0.031,0.0,0.0,0.0,0.0,0.0,0.0
kampala_elegu,261,130.75,0.0,0.005,0.005,0.0,0.0,0.0,0.0,0.0,0.0,0.0,0.007,0.007,0.0,0.0,0.0,0.0,0.0,0.0
kampala_elegu,262,131.25,0.0,0.003,0.0,0.0,0.0,0.0,0.0,0.0,0.0,0.0,0.0,0.0,0.0,0.0,0.0,0.0,0.185,0.0
kampala_elegu,263,131.75,0.0,0.0,0.0,0.0,0.0,0.0,0.0,0.0,0.0,0.0,0.0,0.0,0.0,0.0,0.0,0.0,0.035,0.0
kampala_elegu,264,132.25,0.0,0.002,0.005,0.0,0.0,0.0,0.0,0.0,0.0,0.0,0.003,0.007,0.0,0.0,0.0,0.0,0.0,0.0
kampala_elegu,265,132.75,0.0,0.006,0.005,0.0,0.0,0.0,0.0,0.0,0.0,0.0,0.008,0.007,0.0,0.0,0.0,0.0,0.0,0.0
kampala_elegu,266,133.25,0.0,0.006,0.005,0.0,0.0,0.0,0.0,0.0,0.0,0.0,0.008,0.007,0.0,0.0,0.0,0.0,0.0,0.0
kampala_elegu,267,133.75,0.0,0.016,0.005,0.0,0.0,0.0,0.0,0.0,0.0,0.0,0.021,0.007,0.0,0.0,0.0,0.0,0.0,0.0
kampala_elegu,268,134.25,0.0,0.051,0.024,0.0,0.0,0.0,0.0,0.0,0.0,0.0,0.0,0.0,0.0,0.0,0.0,0.0,0.041,0.0
kampala_elegu,269,134.75,0.0,0.188,0.024,0.0,0.0,0.167,0.0,0.0,0.0,0.0,0.242,0.031,0.0,0.0,1.0,0.0,0.0,0.0
kampala_elegu,270,135.25,0.054,0.0,0.0,0.0,0.133,0.0,0.0,0.0,0.0,0.0,0.101,0.042,0.0,0.2,0.0,0.0,0.0,0.0
kampala_elegu,271,135.75,0.0,0.095,0.02,0.0,0.0,0.0,0.0,0.0,0.0,0.0,0.123,0.026,0.0,0.0,0.0,0.0,0.0,0.0
kampala_elegu,272,136.25,0.0,0.021,0.011,0.0,0.0,0.0,0.0,0.0,0.0,0.0,0.027,0.014,0.0,0.0,0.0,0.0,0.0,0.0
kampala_elegu,273,136.75,0.0,0.004,0.0,0.0,0.0,0.0,0.0,0.0,0.0,0.0,0.005,0.0,0.0,0.0,0.0,0.0,0.0,0.0
kampala_elegu,274,137.25,0.0,0.002,0.0,0.0,0.0,0.0,0.0,0.0,0.0,0.0,0.003,0.0,0.0,0.0,0.0,0.0,0.0,0.0
kampala_elegu,275,137.75,0.0,0.001,0.005,0.0,0.0,0.0,0.0,0.0,0.0,0.0,0.0,0.0,0.0,0.0,0.0,0.0,0.034,0.0
kampala_elegu,276,138.25,0.0,0.0,0.0,0.0,0.0,0.0,0.0,0.0,0.0,0.0,0.0,0.0,0.0,0.0,0.0,0.0,0.0,0.0
kampala_elegu,277,138.75,0.0,0.0,0.0,0.0,0.0,0.0,0.0,0.0,0.0,0.0,0.0,0.0,0.0,0.0,0.0,0.0,0.0,0.0
kampala_elegu,278,139.25,0.0,0.0,0.0,0.0,0.0,0.0,0.0,0.0,0.0,0.0,0.0,0.0,0.0,0.0,0.0,0.0,0.0,0.0
kampala_elegu,279,139.75,0.0,0.0,0.0,0.0,0.0,0.0,0.0,0.0,0.0,0.0,0.0,0.0,0.0,0.0,0.0,0.0,0.193,0.0
kampala_elegu,280,140.25,0.0,0.0,0.005,0.0,0.0,0.0,0.0,0.0,0.0,0.0,0.001,0.007,0.0,0.0,0.0,0.0,0.0,0.0
kampala_elegu,281,140.75,0.0,0.0,0.0,0.0,0.0,0.0,0.0,0.0,0.0,0.0,0.0,0.0,0.0,0.0,0.0,0.0,0.0,0.0
kampala_elegu,282,141.25,0.0,0.0,0.0,0.0,0.0,0.0,0.0,0.0,0.0,0.0,0.0,0.0,0.0,0.0,0.0,0.0,0.0,0.0
kampala_elegu,283,141.75,0.0,0.0,0.005,0.0,0.0,0.0,0.0,0.0,0.0,0.0,0.0,0.007,0.0,0.0,0.0,0.0,0.0,0.0
kampala_elegu,284,142.25,0.0,0.045,0.018,0.0,0.0,0.0,0.0,0.0,0.0,0.0,0.058,0.023,0.0,0.0,0.0,0.0,0.0,0.0
kampala_elegu,285,142.75,0.0,0.056,0.012,0.0,0.0,0.0,0.0,0.0,0.0,0.0,0.073,0.015,0.0,0.0,0.0,0.0,0.0,0.0
kampala_elegu,286,143.25,0.0,0.005,0.005,0.0,0.0,0.0,0.0,0.0,0.0,0.0,0.006,0.007,0.0,0.0,0.0,0.0,0.0,0.0
kampala_elegu,287,143.75,0.0,0.004,0.005,0.0,0.0,0.0,0.0,0.0,0.0,0.0,0.005,0.007,0.0,0.0,0.0,0.0,0.0,0.0
kampala_elegu,288,144.25,0.0,0.0,0.0,0.0,0.0,0.0,0.0,0.0,0.0,0.0,0.001,0.0,0.0,0.0,0.0,0.0,0.0,0.0
kampala_elegu,289,144.75,0.0,0.0,0.0,0.0,0.0,0.0,0.0,0.0,0.0,0.0,0.0,0.0,0.0,0.0,0.0,0.0,0.0,0.0
kampala_elegu,290,145.25,0.0,0.0,0.0,0.0,0.0,0.0,0.0,0.0,0.0,0.0,0.0,0.0,0.0,0.0,0.0,0.0,0.0,0.0
kampala_elegu,291,145.75,0.0,0.0,0.0,0.0,0.0,0.0,0.0,0.0,0.0,0.0,0.0,0.0,0.0,0.0,0.0,0.0,0.0,0.0
kampala_elegu,292,146.25,0.0,0.0,0.005,0.0,0.0,0.0,0.0,0.0,0.0,0.0,0.001,0.007,0.0,0.0,0.0,0.0,0.0,0.0
kampala_elegu,293,146.75,0.0,0.0,0.0,0.0,0.0,0.0,0.0,0.0,0.0,0.0,0.0,0.0,0.0,0.0,0.0,0.0,0.0,0.0
kampala_elegu,294,147.25,0.0,0.001,0.0,0.0,0.0,0.0,0.0,0.0,0.0,0.0,0.0,0.0,0.0,0.0,0.0,0.0,0.036,0.0
kampala_elegu,295,147.75,0.0,0.007,0.011,0.0,0.0,0.0,0.0,0.0,0.0,0.0,0.0,0.0,0.0,0.0,0.0,0.0,0.115,0.0
kampala_elegu,296,148.25,0.0,0.001,0.0,0.0,0.0,0.0,0.0,0.0,0.0,0.0,0.001,0.0,0.0,0.0,0.0,0.0,0.0,0.0
kampala_elegu,297,148.75,0.0,0.002,0.0,0.0,0.0,0.0,0.0,0.0,0.0,0.0,0.003,0.0,0.0,0.0,0.0,0.0,0.0,0.0
kampala_elegu,298,149.25,0.0,0.0,0.0,0.0,0.0,0.0,0.0,0.0,0.0,0.0,0.0,0.0,0.0,0.0,0.0,0.0,0.0,0.0
kampala_elegu,299,149.75,0.0,0.004,0.0,0.0,0.0,0.0,0.0,0.0,0.0,0.0,0.005,0.0,0.0,0.0,0.0,0.0,0.0,0.0
kampala_elegu,300,150.25,0.0,0.004,0.0,0.0,0.0,0.0,0.0,0.0,0.0,0.0,0.005,0.0,0.0,0.0,0.0,0.0,0.0,0.0
kampala_elegu,301,150.75,0.0,0.0,0.0,0.0,0.0,0.0,0.0,0.0,0.0,0.0,0.0,0.0,0.0,0.0,0.0,0.0,0.0,0.0
kampala_elegu,302,151.25,0.0,0.0,0.0,0.0,0.0,0.0,0.0,0.0,0.0,0.0,0.0,0.0,0.0,0.0,0.0,0.0,0.0,0.0
kampala_elegu,303,151.75,0.0,0.0,0.0,0.0,0.0,0.0,0.0,0.0,0.0,0.0,0.0,0.0,0.0,0.0,0.0,0.0,0.0,0.0
kampala_elegu,304,152.25,0.0,0.0,0.0,0.0,0.0,0.0,0.0,0.0,0.0,0.0,0.0,0.0,0.0,0.0,0.0,0.0,0.0,0.0
kampala_elegu,305,152.75,0.0,0.001,0.0,0.0,0.0,0.0,0.0,0.0,0.0,0.0,0.001,0.0,0.0,0.0,0.0,0.0,0.0,0.0
kampala_elegu,306,153.25,0.0,0.001,0.0,0.0,0.0,0.0,0.0,0.0,0.0,0.0,0.0,0.0,0.0,0.0,0.0,0.0,0.024,0.0
kampala_elegu,307,153.75,0.0,0.0,0.005,0.0,0.0,0.0,0.0,0.0,0.0,0.0,0.0,0.007,0.0,0.0,0.0,0.0,0.0,0.0
kampala_elegu,308,154.25,0.0,0.003,0.005,0.0,0.0,0.0,0.0,0.0,0.0,0.0,0.004,0.007,0.0,0.0,0.0,0.0,0.0,0.0
kampala_elegu,309,154.75,0.0,0.025,0.005,0.0,0.0,0.0,0.0,0.0,0.0,0.0,0.033,0.007,0.0,0.0,0.0,0.0,0.0,0.0
kampala_elegu,310,155.25,0.0,0.006,0.0,0.0,0.0,0.0,0.0,0.0,0.0,0.0,0.007,0.0,0.0,0.0,0.0,0.0,0.0,0.0
kampala_elegu,311,155.75,0.0,0.004,0.0,0.0,0.0,0.0,0.0,0.0,0.0,0.0,0.006,0.0,0.0,0.0,0.0,0.0,0.0,0.0
kampala_elegu,312,156.25,0.0,0.004,0.0,0.0,0.0,0.0,0.0,0.0,0.0,0.0,0.005,0.0,0.0,0.0,0.0,0.0,0.0,0.0
kampala_elegu,313,156.75,0.0,0.006,0.0,0.0,0.0,0.0,0.0,0.0,0.0,0.0,0.008,0.0,0.0,0.0,0.0,0.0,0.0,0.0
kampala_elegu,314,157.25,0.0,0.0,0.01,0.0,0.0,0.0,0.0,0.0,0.0,0.0,0.0,0.0,0.0,0.0,0.0,0.0,0.219,0.0
kampala_elegu,315,157.75,0.0,0.016,0.028,0.0,0.0,0.0,0.0,0.0,0.0,0.0,0.0,0.0,0.0,0.0,0.0,0.0,0.023,0.0
kampala_elegu,316,158.25,0.0,0.094,0.034,0.0,0.0,0.0,0.0,0.0,0.0,0.0,0.121,0.044,0.0,0.0,0.0,0.0,0.0,0.0
kampala_elegu,317,158.75,0.0,0.025,0.011,0.0,0.0,0.0,0.0,0.0,0.0,0.0,0.032,0.014,0.0,0.0,0.0,0.0,0.0,0.0
kampala_elegu,318,159.25,0.0,0.009,0.005,0.0,0.0,0.0,0.0,0.0,0.0,0.0,0.0,0.0,0.0,0.0,0.0,0.0,0.003,0.0
kampala_elegu,319,159.75,0.0,0.004,0.005,0.0,0.0,0.0,0.0,0.0,0.0,0.0,0.005,0.007,0.0,0.0,0.0,0.0,0.0,0.0
kampala_elegu,320,160.25,0.0,0.004,0.005,0.0,0.0,0.0,0.0,0.0,0.0,0.0,0.005,0.007,0.0,0.0,0.0,0.0,0.0,0.0
kampala_elegu,321,160.75,0.0,0.004,0.01,0.0,0.0,0.0,0.0,0.0,0.0,0.0,0.005,0.013,0.0,0.0,0.0,0.0,0.0,0.0
kampala_elegu,322,161.25,0.0,0.001,0.0,0.0,0.0,0.0,0.0,0.0,0.0,0.0,0.002,0.0,0.0,0.0,0.0,0.0,0.0,0.0
kampala_elegu,323,161.75,0.0,0.0,0.0,0.0,0.0,0.0,0.0,0.0,0.0,0.0,0.0,0.0,0.0,0.0,0.0,0.0,0.0,0.0
kampala_elegu,324,162.25,0.0,0.039,0.011,0.0,0.0,0.0,0.0,0.0,0.0,0.0,0.05,0.015,0.0,0.0,0.0,0.0,0.0,0.0
kampala_elegu,325,162.75,0.0,0.031,0.006,0.0,0.0,0.0,0.0,0.0,0.0,0.0,0.039,0.007,0.0,0.0,0.0,0.0,0.0,0.0
kampala_elegu,326,163.25,0.0,0.004,0.0,0.0,0.0,0.0,0.0,0.0,0.0,0.0,0.006,0.0,0.0,0.0,0.0,0.0,0.0,0.0
kampala_elegu,327,163.75,0.0,0.0,0.0,0.0,0.0,0.0,0.0,0.0,0.0,0.0,0.0,0.0,0.0,0.0,0.0,0.0,0.0,0.0
kampala_elegu,328,164.25,0.0,0.002,0.0,0.0,0.0,0.0,0.0,0.0,0.0,0.0,0.003,0.0,0.0,0.0,0.0,0.0,0.0,0.0
kampala_elegu,329,164.75,0.0,0.002,0.005,0.0,0.0,0.0,0.0,0.0,0.0,0.0,0.002,0.007,0.0,0.0,0.0,0.0,0.0,0.0
kampala_elegu,330,165.25,0.0,0.012,0.0,0.0,0.0,0.0,0.0,0.0,0.0,0.0,0.016,0.0,0.0,0.0,0.0,0.0,0.0,0.0
kampala_elegu,331,165.75,0.0,0.179,0.008,0.0,0.0,0.167,0.0,0.0,0.0,0.0,0.23,0.01,0.0,0.0,1.0,0.0,0.0,0.0
kampala_elegu,332,166.25,0.0,0.083,0.019,0.0,0.0,0.167,0.0,0.0,0.0,0.0,0.106,0.025,0.0,0.0,1.0,0.0,0.0,0.0
kampala_elegu,333,166.75,0.0,0.009,0.005,0.0,0.0,0.0,0.0,0.0,0.0,0.0,0.011,0.007,0.0,0.0,0.0,0.0,0.0,0.0
kampala_elegu,334,167.25,0.0,0.023,0.0,0.0,0.0,0.0,0.0,0.0,0.0,0.0,0.029,0.0,0.0,0.0,0.0,0.0,0.0,0.0
kampala_elegu,335,167.75,0.0,0.115,0.007,0.0,0.0,0.0,0.0,0.0,0.0,0.0,0.147,0.009,0.0,0.0,0.0,0.0,0.0,0.0
kampala_elegu,336,168.25,0.0,0.022,0.0,0.0,0.0,0.0,0.0,0.0,0.0,0.0,0.028,0.0,0.0,0.0,0.0,0.0,0.0,0.0
kampala_elegu,337,168.75,0.0,0.0,0.0,0.0,0.0,0.0,0.0,0.0,0.0,0.0,0.0,0.0,0.0,0.0,0.0,0.0,0.0,0.0
kampala_elegu,338,169.25,0.0,0.0,0.0,0.0,0.0,0.0,0.0,0.0,0.0,0.0,0.0,0.0,0.0,0.0,0.0,0.0,0.0,0.0
kampala_elegu,339,169.75,0.0,0.0,0.0,0.0,0.0,0.0,0.0,0.0,0.0,0.0,0.0,0.0,0.0,0.0,0.0,0.0,0.0,0.0
kampala_elegu,340,170.25,0.0,0.0,0.01,0.0,0.0,0.0,0.0,0.0,0.0,0.0,0.001,0.013,0.0,0.0,0.0,0.0,0.0,0.0
kampala_elegu,341,170.75,0.0,0.0,0.005,0.0,0.0,0.0,0.0,0.0,0.0,0.0,0.0,0.007,0.0,0.0,0.0,0.0,0.0,0.0
kampala_elegu,342,171.25,0.0,0.0,0.0,0.0,0.0,0.0,0.0,0.0,0.0,0.0,0.0,0.0,0.0,0.0,0.0,0.0,0.0,0.0
kampala_elegu,343,171.75,0.0,0.0,0.0,0.0,0.0,0.0,0.0,0.0,0.0,0.0,0.0,0.0,0.0,0.0,0.0,0.0,0.0,0.0
kampala_elegu,344,172.25,0.0,0.0,0.0,0.0,0.0,0.0,0.0,0.0,0.0,0.0,0.0,0.0,0.0,0.0,0.0,0.0,0.0,0.0
kampala_elegu,345,172.75,0.0,0.0,0.0,0.0,0.0,0.0,0.0,0.0,0.0,0.0,0.0,0.0,0.0,0.0,0.0,0.0,0.0,0.0
kampala_elegu,346,173.25,0.0,0.0,0.0,0.0,0.0,0.0,0.0,0.0,0.0,0.0,0.0,0.0,0.0,0.0,0.0,0.0,0.0,0.0
kampala_elegu,347,173.75,0.0,0.0,0.0,0.0,0.0,0.0,0.0,0.0,0.0,0.0,0.0,0.0,0.0,0.0,0.0,0.0,0.0,0.0
kampala_elegu,348,174.25,0.0,0.0,0.005,0.0,0.0,0.0,0.0,0.0,0.0,0.0,0.001,0.007,0.0,0.0,0.0,0.0,0.0,0.0
kampala_elegu,349,174.75,0.0,0.0,0.0,0.0,0.0,0.0,0.0,0.0,0.0,0.0,0.0,0.0,0.0,0.0,0.0,0.0,0.0,0.0
kampala_elegu,350,175.25,0.0,0.0,0.0,0.0,0.0,0.0,0.0,0.0,0.0,0.0,0.0,0.0,0.0,0.0,0.0,0.0,0.0,0.0
kampala_elegu,351,175.75,0.0,0.0,0.0,0.0,0.0,0.0,0.0,0.0,0.0,0.0,0.0,0.0,0.0,0.0,0.0,0.0,0.0,0.0
kampala_elegu,352,176.25,0.0,0.0,0.0,0.0,0.0,0.0,0.0,0.0,0.0,0.0,0.0,0.0,0.0,0.0,0.0,0.0,0.0,0.0
kampala_elegu,353,176.75,0.0,0.0,0.0,0.0,0.0,0.0,0.0,0.0,0.0,0.0,0.0,0.0,0.0,0.0,0.0,0.0,0.0,0.0
kampala_elegu,354,177.25,0.0,0.0,0.005,0.0,0.0,0.0,0.0,0.0,0.0,0.0,0.0,0.007,0.0,0.0,0.0,0.0,0.0,0.0
kampala_elegu,355,177.75,0.0,0.001,0.01,0.0,0.0,0.0,0.0,0.0,0.0,0.0,0.001,0.013,0.0,0.0,0.0,0.0,0.0,0.0
kampala_elegu,356,178.25,0.0,0.021,0.017,0.0,0.0,0.0,0.0,0.0,0.0,0.0,0.027,0.021,0.0,0.0,0.0,0.0,0.0,0.0
kampala_elegu,357,178.75,0.0,0.032,0.006,0.0,0.0,0.0,0.0,0.0,0.0,0.0,0.042,0.007,0.0,0.0,0.0,0.0,0.0,0.0
kampala_elegu,358,179.25,0.0,0.004,0.0,0.0,0.0,0.0,0.0,0.0,0.0,0.0,0.005,0.0,0.0,0.0,0.0,0.0,0.0,0.0
kampala_elegu,359,179.75,0.0,0.003,0.0,0.0,0.0,0.0,0.0,0.0,0.0,0.0,0.004,0.0,0.0,0.0,0.0,0.0,0.0,0.0
kampala_elegu,360,180.25,0.0,0.002,0.0,0.0,0.0,0.0,0.0,0.0,0.0,0.0,0.003,0.0,0.0,0.0,0.0,0.0,0.0,0.0
kampala_elegu,361,180.75,0.0,0.0,0.0,0.0,0.0,0.0,0.0,0.0,0.0,0.0,0.001,0.0,0.0,0.0,0.0,0.0,0.0,0.0
kampala_elegu,362,181.25,0.0,0.0,0.0,0.0,0.0,0.0,0.0,0.0,0.0,0.0,0.0,0.0,0.0,0.0,0.0,0.0,0.0,0.0
kampala_elegu,363,181.75,0.0,0.002,0.0,0.0,0.0,0.0,0.0,0.0,0.0,0.0,0.003,0.0,0.0,0.0,0.0,0.0,0.0,0.0
kampala_elegu,364,182.25,0.0,0.0,0.0,0.0,0.0,0.0,0.0,0.0,0.0,0.0,0.0,0.0,0.0,0.0,0.0,0.0,0.078,0.0
kampala_elegu,365,182.75,0.0,0.0,0.0,0.0,0.0,0.0,0.0,0.0,0.0,0.0,0.0,0.0,0.0,0.0,0.0,0.0,0.005,0.0
kampala_elegu,366,183.25,0.0,0.0,0.0,0.0,0.0,0.0,0.0,0.0,0.0,0.0,0.0,0.0,0.0,0.0,0.0,0.0,0.0,0.0
kampala_elegu,367,183.75,0.0,0.002,0.0,0.0,0.0,0.0,0.0,0.0,0.0,0.0,0.003,0.0,0.0,0.0,0.0,0.0,0.0,0.0
kampala_elegu,368,184.25,0.0,0.008,0.0,0.0,0.0,0.0,0.0,0.0,0.0,0.0,0.01,0.0,0.0,0.0,0.0,0.0,0.0,0.0
kampala_elegu,369,184.75,0.0,0.0,0.0,0.0,0.0,0.0,0.0,0.0,0.0,0.0,0.0,0.0,0.0,0.0,0.0,0.0,0.0,0.0
kampala_elegu,370,185.25,0.0,0.056,0.012,0.0,0.0,0.0,0.0,0.0,0.0,0.0,0.072,0.015,0.0,0.0,0.0,0.0,0.0,0.0
kampala_elegu,371,185.75,0.0,0.03,0.0,0.0,0.0,0.0,0.0,0.0,0.0,0.0,0.039,0.0,0.0,0.0,0.0,0.0,0.0,0.0
kampala_elegu,372,186.25,0.0,0.012,0.005,0.0,0.0,0.0,0.0,0.0,0.0,0.0,0.016,0.007,0.0,0.0,0.0,0.0,0.0,0.0
kampala_elegu,373,186.75,0.0,0.01,0.0,0.0,0.0,0.0,0.0,0.0,0.0,0.0,0.013,0.0,0.0,0.0,0.0,0.0,0.0,0.0
kampala_elegu,374,187.25,0.0,0.014,0.0,0.0,0.0,0.0,0.0,0.0,0.0,0.0,0.018,0.0,0.0,0.0,0.0,0.0,0.0,0.0
kampala_elegu,375,187.75,0.0,0.004,0.0,0.0,0.0,0.0,0.0,0.0,0.0,0.0,0.005,0.0,0.0,0.0,0.0,0.0,0.0,0.0
kampala_elegu,376,188.25,0.0,0.002,0.005,0.0,0.0,0.0,0.0,0.0,0.0,0.0,0.0,0.0,0.0,0.0,0.0,0.0,0.08,0.0
kampala_elegu,377,188.75,0.0,0.002,0.0,0.0,0.0,0.0,0.0,0.0,0.0,0.0,0.003,0.0,0.0,0.0,0.0,0.0,0.0,0.0
kampala_elegu,378,189.25,0.0,0.0,0.005,0.0,0.0,0.0,0.0,0.0,0.0,0.0,0.001,0.007,0.0,0.0,0.0,0.0,0.0,0.0
kampala_elegu,379,189.75,0.0,0.0,0.0,0.0,0.0,0.0,0.0,0.0,0.0,0.0,0.0,0.0,0.0,0.0,0.0,0.0,0.0,0.0
kampala_elegu,380,190.25,0.0,0.0,0.0,0.0,0.0,0.0,0.0,0.0,0.0,0.0,0.0,0.0,0.0,0.0,0.0,0.0,0.0,0.0
kampala_elegu,381,190.75,0.0,0.0,0.005,0.0,0.0,0.0,0.0,0.0,0.0,0.0,0.0,0.007,0.0,0.0,0.0,0.0,0.0,0.0
kampala_elegu,382,191.25,0.0,0.032,0.011,0.0,0.0,0.0,0.0,0.0,0.0,0.0,0.0,0.0,0.0,0.0,0.0,0.0,0.032,0.0
kampala_elegu,383,191.75,0.0,0.042,0.012,0.0,0.0,0.0,0.0,0.0,0.0,0.0,0.054,0.015,0.0,0.0,0.0,0.0,0.0,0.0
kampala_elegu,384,192.25,0.0,0.019,0.011,0.0,0.0,0.0,0.0,0.0,0.0,0.0,0.024,0.014,0.0,0.0,0.0,0.0,0.0,0.0
kampala_elegu,385,192.75,0.0,0.013,0.011,0.0,0.0,0.0,0.0,0.0,0.0,0.0,0.017,0.014,0.0,0.0,0.0,0.0,0.0,0.0
kampala_elegu,386,193.25,0.0,0.002,0.0,0.0,0.0,0.0,0.0,0.0,0.0,0.0,0.003,0.0,0.0,0.0,0.0,0.0,0.0,0.0
kampala_elegu,387,193.75,0.0,0.018,0.016,0.0,0.0,0.0,0.0,0.0,0.0,0.0,0.023,0.021,0.0,0.0,0.0,0.0,0.0,0.0
kampala_elegu,388,194.25,0.0,0.048,0.018,0.0,0.0,0.0,0.0,0.0,0.0,0.0,0.062,0.023,0.0,0.0,0.0,0.0,0.0,0.0
kampala_elegu,389,194.75,0.0,0.035,0.006,0.0,0.0,0.0,0.0,0.0,0.0,0.0,0.045,0.007,0.0,0.0,0.0,0.0,0.0,0.0
kampala_elegu,390,195.25,0.0,0.028,0.005,0.0,0.0,0.0,0.0,0.0,0.0,0.0,0.0,0.0,0.0,0.0,0.0,0.0,0.035,0.0
kampala_elegu,391,195.75,0.0,0.043,0.024,0.0,0.0,0.0,0.0,0.0,0.0,0.0,0.055,0.031,0.0,0.0,0.0,0.0,0.0,0.0
kampala_elegu,392,196.25,0.137,0.0,0.0,0.0,0.133,0.0,0.0,0.0,0.0,0.004,0.0,0.0,0.0,0.2,0.0,0.0,0.0,0.0
kampala_elegu,393,196.75,0.106,0.0,0.0,0.0,0.133,0.0,0.0,0.0,0.0,0.0,0.035,0.035,0.0,0.2,0.0,0.0,0.0,0.0
kampala_elegu,394,197.25,0.0,0.078,0.013,0.0,0.0,0.0,0.0,0.0,0.0,0.0,0.011,0.011,0.0,0.0,0.0,0.0,0.0,0.0
kampala_elegu,395,197.75,0.0,0.036,0.011,0.0,0.0,0.0,0.0,0.0,0.0,0.0,0.047,0.015,0.0,0.0,0.0,0.0,0.0,0.0
kampala_elegu,396,198.25,0.0,0.036,0.017,0.0,0.0,0.0,0.0,0.0,0.0,0.0,0.046,0.022,0.0,0.0,0.0,0.0,0.0,0.0
kampala_elegu,397,198.75,0.0,0.006,0.016,0.0,0.0,0.0,0.0,0.0,0.0,0.0,0.007,0.021,0.0,0.0,0.0,0.0,0.0,0.0
kampala_elegu,398,199.25,0.0,0.0,0.0,0.0,0.0,0.0,0.0,0.0,0.0,0.0,0.001,0.0,0.0,0.0,0.0,0.0,0.0,0.0
kampala_elegu,399,199.75,0.0,0.0,0.005,0.0,0.0,0.0,0.0,0.0,0.0,0.0,0.001,0.007,0.0,0.0,0.0,0.0,0.0,0.0
kampala_elegu,400,200.25,0.0,0.0,0.0,0.0,0.0,0.0,0.0,0.0,0.0,0.0,0.001,0.0,0.0,0.0,0.0,0.0,0.0,0.0
kampala_elegu,401,200.75,0.0,0.005,0.0,0.0,0.0,0.0,0.0,0.0,0.0,0.0,0.0,0.0,0.0,0.0,0.0,0.0,0.159,0.0
kampala_elegu,402,201.25,0.0,0.025,0.005,0.0,0.0,0.0,0.0,0.0,0.0,0.0,0.0,0.0,0.0,0.0,0.0,0.0,0.067,0.0
kampala_elegu,403,201.75,0.0,0.071,0.012,0.0,0.0,0.0,0.0,0.0,0.0,0.0,0.091,0.016,0.0,0.0,0.0,0.0,0.0,0.0
kampala_elegu,404,202.25,0.0,0.029,0.0,0.0,0.0,0.0,0.0,0.0,0.0,0.0,0.037,0.0,0.0,0.0,0.0,0.0,0.0,0.0
kampala_elegu,405,202.75,0.0,0.0,0.0,0.0,0.0,0.0,0.0,0.0,0.0,0.0,0.001,0.0,0.0,0.0,0.0,0.0,0.0,0.0
kampala_elegu,406,203.25,0.0,0.0,0.005,0.0,0.0,0.0,0.0,0.0,0.0,0.0,0.0,0.0,0.0,0.0,0.0,0.0,0.254,0.0
kampala_elegu,407,203.75,0.0,0.021,0.011,0.0,0.0,0.0,0.0,0.0,0.0,0.0,0.027,0.014,0.0,0.0,0.0,0.0,0.0,0.0
kampala_elegu,408,204.25,0.0,0.031,0.0,0.0,0.0,0.0,0.0,0.0,0.0,0.0,0.04,0.0,0.0,0.0,0.0,0.0,0.0,0.0
kampala_elegu,409,204.75,0.0,0.016,0.005,0.0,0.0,0.0,0.0,0.0,0.0,0.0,0.021,0.007,0.0,0.0,0.0,0.0,0.0,0.0
kampala_elegu,410,205.25,0.0,0.032,0.011,0.0,0.0,0.0,0.0,0.0,0.0,0.0,0.029,0.014,0.0,0.0,0.0,0.0,0.0,0.0
kampala_elegu,411,205.75,0.09,0.0,0.0,0.0,0.133,0.0,0.0,0.0,0.0,0.0,0.056,0.039,0.0,0.2,0.0,0.0,0.0,0.0
kampala_elegu,412,206.25,0.0,0.037,0.011,0.0,0.0,0.167,0.0,0.0,0.0,0.0,0.0,0.0,0.0,0.0,1.0,0.0,0.003,0.0
kampala_elegu,413,206.75,0.0,0.016,0.005,0.0,0.0,0.0,0.0,0.0,0.0,0.0,0.021,0.007,0.0,0.0,0.0,0.0,0.0,0.0
kampala_elegu,414,207.25,0.0,0.009,0.005,0.0,0.0,0.0,0.0,0.0,0.0,0.0,0.0,0.0,0.0,0.0,0.0,0.0,0.003,0.0
kampala_elegu,415,207.75,0.0,0.018,0.005,0.0,0.0,0.0,0.0,0.0,0.0,0.0,0.023,0.007,0.0,0.0,0.0,0.0,0.0,0.0
kampala_elegu,416,208.25,0.0,0.003,0.01,0.0,0.0,0.0,0.0,0.0,0.0,0.0,0.004,0.013,0.0,0.0,0.0,0.0,0.0,0.0
kampala_elegu,417,208.75,0.0,0.011,0.011,0.0,0.0,0.0,0.0,0.0,0.0,0.0,0.0,0.0,0.0,0.0,0.0,0.0,0.188,0.0
kampala_elegu,418,209.25,0.0,0.03,0.011,0.0,0.0,0.0,0.0,0.0,0.0,0.0,0.038,0.014,0.0,0.0,0.0,0.0,0.0,0.0
kampala_elegu,419,209.75,0.0,0.01,0.005,0.0,0.0,0.0,0.0,0.0,0.0,0.0,0.013,0.007,0.0,0.0,0.0,0.0,0.0,0.0
kampala_elegu,420,210.25,0.0,0.029,0.011,0.0,0.0,0.0,0.0,0.0,0.0,0.0,0.0,0.0,0.0,0.0,0.0,0.0,0.003,0.0
kampala_elegu,421,210.75,0.0,0.012,0.0,0.0,0.0,0.0,0.0,0.0,0.0,0.0,0.016,0.0,0.0,0.0,0.0,0.0,0.0,0.0
kampala_elegu,422,211.25,0.0,0.001,0.005,0.0,0.0,0.0,0.0,0.0,0.0,0.0,0.002,0.007,0.0,0.0,0.0,0.0,0.0,0.0
kampala_elegu,423,211.75,0.0,0.013,0.0,0.0,0.0,0.0,0.0,0.0,0.0,0.0,0.0,0.0,0.0,0.0,0.0,0.0,0.054,0.0
kampala_elegu,424,212.25,0.0,0.034,0.006,0.0,0.0,0.0,0.0,0.0,0.0,0.0,0.044,0.007,0.0,0.0,0.0,0.0,0.0,0.0
kampala_elegu,425,212.75,0.0,0.001,0.005,0.0,0.0,0.0,0.0,0.0,0.0,0.0,0.0,0.0,0.0,0.0,0.0,0.0,0.152,0.0
kampala_elegu,426,213.25,0.0,0.0,0.005,0.0,0.0,0.0,0.0,0.0,0.0,0.0,0.001,0.007,0.0,0.0,0.0,0.0,0.0,0.0
kampala_elegu,427,213.75,0.0,0.002,0.01,0.0,0.0,0.0,0.0,0.0,0.0,0.0,0.002,0.013,0.0,0.0,0.0,0.0,0.0,0.0
kampala_elegu,428,214.25,0.0,0.012,0.011,0.0,0.0,0.0,0.0,0.0,0.0,0.0,0.0,0.0,0.0,0.0,0.0,0.0,0.013,0.0
kampala_elegu,429,214.75,0.0,0.019,0.011,0.0,0.0,0.0,0.0,0.0,0.0,0.0,0.0,0.0,0.0,0.0,0.0,0.0,0.066,0.0
kampala_elegu,430,215.25,0.0,0.027,0.005,0.0,0.0,0.0,0.0,0.0,0.0,0.0,0.0,0.0,0.0,0.0,0.0,0.0,0.047,0.0
kampala_elegu,431,215.75,0.0,0.035,0.017,0.0,0.0,0.0,0.0,0.0,0.0,0.0,0.045,0.022,0.0,0.0,0.0,0.0,0.0,0.0
kampala_elegu,432,216.25,0.207,0.0,0.0,0.0,0.133,0.0,0.0,0.0,0.0,0.095,0.0,0.0,0.0,0.2,0.0,0.0,0.0,0.0
kampala_elegu,433,216.75,0.0,0.165,0.015,0.0,0.0,0.0,0.0,0.0,0.0,0.0,0.212,0.02,0.0,0.0,0.0,0.0,0.0,0.0
kampala_elegu,434,217.25,0.0,0.165,0.008,0.0,0.0,0.0,0.0,0.0,0.0,0.0,0.081,0.01,0.0,0.0,0.0,0.0,0.0,0.0
kampala_elegu,435,217.75,0.063,0.0,0.0,0.0,0.133,0.0,0.0,0.0,0.0,0.0,0.09,0.031,0.0,0.2,0.0,0.0,0.0,0.0
kampala_elegu,436,218.25,0.071,0.0,0.0,0.0,0.133,0.0,0.0,0.0,0.0,0.0,0.08,0.02,0.0,0.2,0.0,0.0,0.0,0.0
kampala_elegu,437,218.75,0.0,0.179,0.0,0.0,0.0,0.0,0.0,0.0,0.0,0.0,0.231,0.0,0.0,0.0,0.0,0.0,0.0,0.0
kampala_elegu,438,219.25,0.0,0.113,0.014,0.0,0.0,0.0,0.0,0.0,0.0,0.0,0.145,0.018,0.0,0.0,0.0,0.0,0.0,0.0
kampala_elegu,439,219.75,0.0,0.049,0.0,0.0,0.0,0.0,0.0,0.0,0.0,0.0,0.0,0.0,0.0,0.0,0.0,0.0,0.018,0.0
kampala_elegu,440,220.25,0.0,0.039,0.024,0.0,0.0,0.0,0.0,0.0,0.0,0.0,0.05,0.03,0.0,0.0,0.0,0.0,0.0,0.0
kampala_elegu,441,220.75,0.0,0.017,0.016,0.0,0.0,0.0,0.0,0.0,0.0,0.0,0.022,0.021,0.0,0.0,0.0,0.0,0.0,0.0
kampala_elegu,442,221.25,0.0,0.007,0.005,0.0,0.0,0.0,0.0,0.0,0.0,0.0,0.009,0.007,0.0,0.0,0.0,0.0,0.0,0.0
kampala_elegu,443,221.75,0.0,0.002,0.005,0.0,0.0,0.0,0.0,0.0,0.0,0.0,0.002,0.007,0.0,0.0,0.0,0.0,0.0,0.0
kampala_elegu,444,222.25,0.0,0.008,0.005,0.0,0.0,0.0,0.0,0.0,0.0,0.0,0.01,0.007,0.0,0.0,0.0,0.0,0.0,0.0
kampala_elegu,445,222.75,0.0,0.013,0.0,0.0,0.0,0.0,0.0,0.0,0.0,0.0,0.0,0.0,0.0,0.0,0.0,0.0,0.048,0.0
kampala_elegu,446,223.25,0.0,0.088,0.02,0.0,0.0,0.0,0.0,0.0,0.0,0.0,0.113,0.025,0.0,0.0,0.0,0.0,0.0,0.0
kampala_elegu,447,223.75,0.0,0.039,0.011,0.0,0.0,0.0,0.0,0.0,0.0,0.0,0.05,0.015,0.0,0.0,0.0,0.0,0.0,0.0
kampala_elegu,448,224.25,0.0,0.001,0.005,0.0,0.0,0.0,0.0,0.0,0.0,0.0,0.001,0.007,0.0,0.0,0.0,0.0,0.0,0.0
kampala_elegu,449,224.75,0.0,0.008,0.005,0.0,0.0,0.0,0.0,0.0,0.0,0.0,0.01,0.007,0.0,0.0,0.0,0.0,0.0,0.0
kampala_elegu,450,225.25,0.0,0.005,0.005,0.0,0.0,0.0,0.0,0.0,0.0,0.0,0.0,0.0,0.0,0.0,0.0,0.0,0.024,0.0
kampala_elegu,451,225.75,0.0,0.028,0.017,0.0,0.0,0.0,0.0,0.0,0.0,0.0,0.036,0.022,0.0,0.0,0.0,0.0,0.0,0.0
kampala_elegu,452,226.25,0.0,0.008,0.0,0.0,0.0,0.0,0.0,0.0,0.0,0.0,0.011,0.0,0.0,0.0,0.0,0.0,0.0,0.0
kampala_elegu,453,226.75,0.0,0.091,0.006,0.0,0.0,0.0,0.0,0.0,0.0,0.0,0.117,0.008,0.0,0.0,0.0,0.0,0.0,0.0
kampala_elegu,454,227.25,0.0,0.089,0.006,0.0,0.0,0.0,0.0,0.0,0.0,0.0,0.115,0.008,0.0,0.0,0.0,0.0,0.0,0.0
kampala_elegu,455,227.75,0.0,0.003,0.0,0.0,0.0,0.0,0.0,0.0,0.0,0.0,0.004,0.0,0.0,0.0,0.0,0.0,0.0,0.0
kampala_elegu,456,228.25,0.0,0.012,0.005,0.0,0.0,0.0,0.0,0.0,0.0,0.0,0.0,0.0,0.0,0.0,0.0,0.0,0.234,0.0
kampala_elegu,457,228.75,0.0,0.061,0.006,0.0,0.0,0.0,0.0,0.0,0.0,0.0,0.069,0.008,0.0,0.0,0.0,0.0,0.0,0.0
kampala_elegu,458,229.25,0.0,0.182,0.008,0.0,0.0,0.0,0.0,0.0,0.0,0.0,0.234,0.01,0.0,0.0,0.0,0.0,0.0,0.0
kampala_elegu,459,229.75,0.0,0.051,0.006,0.0,0.0,0.0,0.0,0.0,0.0,0.0,0.066,0.008,0.0,0.0,0.0,0.0,0.0,0.0
kampala_elegu,460,230.25,0.0,0.003,0.0,0.0,0.0,0.0,0.0,0.0,0.0,0.0,0.004,0.0,0.0,0.0,0.0,0.0,0.0,0.0
kampala_elegu,461,230.75,0.0,0.008,0.005,0.0,0.0,0.0,0.0,0.0,0.0,0.0,0.0,0.0,0.0,0.0,0.0,0.0,0.086,0.0
kampala_elegu,462,231.25,0.0,0.047,0.006,0.0,0.0,0.0,0.0,0.0,0.0,0.0,0.06,0.007,0.0,0.0,0.0,0.0,0.0,0.0
kampala_elegu,463,231.75,0.0,0.0,0.0,0.0,0.0,0.0,0.0,0.0,0.0,0.0,0.001,0.0,0.0,0.0,0.0,0.0,0.0,0.0
kampala_elegu,464,232.25,0.0,0.005,0.0,0.0,0.0,0.0,0.0,0.0,0.0,0.0,0.007,0.0,0.0,0.0,0.0,0.0,0.0,0.0
kampala_elegu,465,232.75,0.0,0.002,0.0,0.0,0.0,0.0,0.0,0.0,0.0,0.0,0.003,0.0,0.0,0.0,0.0,0.0,0.0,0.0
kampala_elegu,466,233.25,0.0,0.005,0.0,0.0,0.0,0.0,0.0,0.0,0.0,0.0,0.006,0.0,0.0,0.0,0.0,0.0,0.0,0.0
kampala_elegu,467,233.75,0.0,0.018,0.005,0.0,0.0,0.0,0.0,0.0,0.0,0.0,0.023,0.007,0.0,0.0,0.0,0.0,0.0,0.0
kampala_elegu,468,234.25,0.0,0.006,0.0,0.0,0.0,0.0,0.0,0.0,0.0,0.0,0.008,0.0,0.0,0.0,0.0,0.0,0.0,0.0
kampala_elegu,469,234.75,0.0,0.001,0.0,0.0,0.0,0.0,0.0,0.0,0.0,0.0,0.0,0.0,0.0,0.0,0.0,0.0,0.047,0.0
kampala_elegu,470,235.25,0.0,0.02,0.011,0.0,0.0,0.0,0.0,0.0,0.0,0.0,0.026,0.014,0.0,0.0,0.0,0.0,0.0,0.0
kampala_elegu,471,235.75,0.0,0.115,0.007,0.0,0.0,0.0,0.0,0.0,0.0,0.0,0.147,0.009,0.0,0.0,0.0,0.0,0.0,0.0
kampala_elegu,472,236.25,0.0,0.013,0.0,0.0,0.0,0.0,0.0,0.0,0.0,0.0,0.017,0.0,0.0,0.0,0.0,0.0,0.0,0.0
kampala_elegu,473,236.75,0.0,0.002,0.0,0.0,0.0,0.0,0.0,0.0,0.0,0.0,0.003,0.0,0.0,0.0,0.0,0.0,0.0,0.0
kampala_elegu,474,237.25,0.0,0.003,0.0,0.0,0.0,0.0,0.0,0.0,0.0,0.0,0.0,0.0,0.0,0.0,0.0,0.0,0.005,0.0
kampala_elegu,475,237.75,0.0,0.026,0.011,0.0,0.0,0.0,0.0,0.0,0.0,0.0,0.0,0.0,0.0,0.0,0.0,0.0,0.09,0.0
kampala_elegu,476,238.25,0.0,0.023,0.0,0.0,0.0,0.0,0.0,0.0,0.0,0.0,0.03,0.0,0.0,0.0,0.0,0.0,0.0,0.0
kampala_elegu,477,238.75,0.0,0.032,0.0,0.0,0.0,0.0,0.0,0.0,0.0,0.0,0.042,0.0,0.0,0.0,0.0,0.0,0.0,0.0
kampala_elegu,478,239.25,0.0,0.068,0.006,0.0,0.0,0.0,0.0,0.0,0.0,0.0,0.088,0.008,0.0,0.0,0.0,0.0,0.0,0.0
kampala_elegu,479,239.75,0.0,0.008,0.0,0.0,0.0,0.0,0.0,0.0,0.0,0.0,0.01,0.0,0.0,0.0,0.0,0.0,0.0,0.0
kampala_elegu,480,240.25,0.0,0.004,0.0,0.0,0.0,0.0,0.0,0.0,0.0,0.0,0.005,0.0,0.0,0.0,0.0,0.0,0.0,0.0
kampala_elegu,481,240.75,0.0,0.009,0.0,0.0,0.0,0.0,0.0,0.0,0.0,0.0,0.011,0.0,0.0,0.0,0.0,0.0,0.0,0.0
kampala_elegu,482,241.25,0.0,0.004,0.0,0.0,0.0,0.0,0.0,0.0,0.0,0.0,0.006,0.0,0.0,0.0,0.0,0.0,0.0,0.0
kampala_elegu,483,241.75,0.0,0.046,0.0,0.0,0.0,0.0,0.0,0.0,0.0,0.0,0.0,0.0,0.0,0.0,0.0,0.0,0.143,0.0
kampala_elegu,484,242.25,0.0,0.04,0.012,0.0,0.0,0.0,0.0,0.0,0.0,0.0,0.052,0.015,0.0,0.0,0.0,0.0,0.0,0.0
kampala_elegu,485,242.75,0.0,0.003,0.0,0.0,0.0,0.0,0.0,0.0,0.0,0.0,0.004,0.0,0.0,0.0,0.0,0.0,0.0,0.0
kampala_elegu,486,243.25,0.0,0.006,0.0,0.0,0.0,0.0,0.0,0.0,0.0,0.0,0.007,0.0,0.0,0.0,0.0,0.0,0.0,0.0
kampala_elegu,487,243.75,0.0,0.01,0.0,0.0,0.0,0.0,0.0,0.0,0.0,0.0,0.012,0.0,0.0,0.0,0.0,0.0,0.0,0.0
kampala_elegu,488,244.25,0.0,0.049,0.0,0.0,0.0,0.167,0.0,0.0,0.0,0.0,0.063,0.0,0.0,0.0,1.0,0.0,0.0,0.0
kampala_elegu,489,244.75,0.0,0.07,0.012,0.0,0.0,0.167,0.0,0.0,0.0,0.0,0.09,0.016,0.0,0.0,1.0,0.0,0.0,0.0
kampala_elegu,490,245.25,0.0,0.028,0.005,0.0,0.0,0.0,0.0,0.0,0.0,0.0,0.029,0.007,0.0,0.0,0.0,0.0,0.0,0.0
kampala_elegu,491,245.75,0.0,0.007,0.0,0.0,0.0,0.0,0.0,0.0,0.0,0.0,0.0,0.0,0.0,0.0,0.0,0.0,0.204,0.0
kampala_elegu,492,246.25,0.0,0.002,0.0,0.0,0.0,0.0,0.0,0.0,0.0,0.0,0.003,0.0,0.0,0.0,0.0,0.0,0.0,0.0
kampala_elegu,493,246.75,0.0,0.001,0.0,0.0,0.0,0.0,0.0,0.0,0.0,0.0,0.001,0.0,0.0,0.0,0.0,0.0,0.0,0.0
kampala_elegu,494,247.25,0.0,0.013,0.0,0.0,0.0,0.0,0.0,0.0,0.0,0.0,0.0,0.0,0.0,0.0,0.0,0.0,0.054,0.0
kampala_elegu,495,247.75,0.0,0.053,0.006,0.0,0.0,0.0,0.0,0.0,0.0,0.0,0.068,0.008,0.0,0.0,0.0,0.0,0.0,0.0
kampala_elegu,496,248.25,0.0,0.012,0.0,0.0,0.0,0.0,0.0,0.0,0.0,0.0,0.0,0.0,0.0,0.0,0.0,0.0,0.187,0.0
kampala_elegu,497,248.75,0.0,0.006,0.005,0.0,0.0,0.0,0.0,0.0,0.0,0.0,0.0,0.0,0.0,0.0,0.0,0.0,0.107,0.0
kampala_elegu,498,249.25,0.0,0.024,0.0,0.0,0.0,0.0,0.0,0.0,0.0,0.0,0.031,0.0,0.0,0.0,0.0,0.0,0.0,0.0
kampala_elegu,499,249.75,0.0,0.017,0.0,0.0,0.0,0.0,0.0,0.0,0.0,0.0,0.0,0.0,0.0,0.0,0.0,0.0,0.003,0.0
kampala_elegu,500,250.25,0.0,0.027,0.0,0.0,0.0,0.0,0.0,0.0,0.0,0.0,0.035,0.0,0.0,0.0,0.0,0.0,0.0,0.0
kampala_elegu,501,250.75,0.0,0.036,0.006,0.0,0.0,0.0,0.0,0.0,0.0,0.0,0.006,0.006,0.0,0.0,0.0,0.0,0.0,0.0
kampala_elegu,502,251.25,0.0,0.037,0.0,0.0,0.0,0.0,0.0,0.0,0.0,0.0,0.048,0.0,0.0,0.0,0.0,0.0,0.0,0.0
kampala_elegu,503,251.75,0.0,0.062,0.0,0.0,0.0,0.0,0.0,0.0,0.0,0.0,0.079,0.0,0.0,0.0,0.0,0.0,0.0,0.0
kampala_elegu,504,252.25,0.054,0.0,0.0,0.0,0.133,0.0,0.0,0.0,0.0,0.0,0.101,0.042,0.0,0.2,0.0,0.0,0.0,0.0
kampala_elegu,505,252.75,0.0,0.013,0.0,0.0,0.0,0.0,0.0,0.0,0.0,0.0,0.016,0.0,0.0,0.0,0.0,0.0,0.0,0.0
kampala_elegu,506,253.25,0.0,0.0,0.0,0.0,0.0,0.0,0.0,0.0,0.166,0.0,0.0,0.0,0.0,0.0,0.0,0.0,0.0,0.17
kampala_elegu,507,253.75,0.0,0.0,0.0,0.0,0.0,0.0,0.0,0.0,0.0,0.0,0.0,0.0,0.0,0.0,0.0,0.0,0.339,0.0
kampala_elegu,508,254.25,0.0,0.001,0.0,0.0,0.0,0.0,0.0,0.0,0.0,0.0,0.0,0.0,0.0,0.0,0.0,0.0,0.257,0.0
kampala_elegu,509,254.75,0.0,0.0,0.0,0.0,0.0,0.0,0.0,0.0,0.0,0.0,0.0,0.0,0.0,0.0,0.0,0.0,0.239,0.0
kampala_elegu,510,255.25,0.0,0.014,0.016,0.0,0.0,0.0,0.0,0.0,0.0,0.0,0.018,0.021,0.0,0.0,0.0,0.0,0.0,0.0
kampala_elegu,511,255.75,0.0,0.002,0.0,0.0,0.0,0.0,0.0,0.0,0.0,0.0,0.003,0.0,0.0,0.0,0.0,0.0,0.0,0.0
kampala_elegu,512,256.25,0.0,0.0,0.0,0.0,0.0,0.0,0.0,0.0,0.0,0.0,0.0,0.0,0.0,0.0,0.0,0.0,0.0,0.0
kampala_elegu,513,256.75,0.0,0.0,0.0,0.0,0.0,0.0,0.0,0.0,0.0,0.0,0.001,0.0,0.0,0.0,0.0,0.0,0.0,0.0
kampala_elegu,514,257.25,0.0,0.0,0.0,0.0,0.0,0.0,0.0,0.0,0.0,0.0,0.0,0.0,0.0,0.0,0.0,0.0,0.165,0.0
kampala_elegu,515,257.75,0.0,0.114,0.007,0.0,0.0,0.0,0.0,0.0,0.0,0.0,0.147,0.009,0.0,0.0,0.0,0.0,0.0,0.0
kampala_elegu,516,258.25,0.0,0.104,0.013,0.0,0.0,0.0,0.0,0.0,0.0,0.0,0.134,0.017,0.0,0.0,0.0,0.0,0.0,0.0
kampala_elegu,517,258.75,0.0,0.047,0.006,0.0,0.0,0.0,0.0,0.0,0.0,0.0,0.0,0.0,0.0,0.0,0.0,0.0,0.06,0.0
kampala_elegu,518,259.25,0.0,0.026,0.005,0.0,0.0,0.0,0.0,0.0,0.0,0.0,0.034,0.007,0.0,0.0,0.0,0.0,0.0,0.0
kampala_elegu,519,259.75,0.0,0.023,0.0,0.0,0.0,0.0,0.0,0.0,0.0,0.0,0.03,0.0,0.0,0.0,0.0,0.0,0.0,0.0
kampala_elegu,520,260.25,0.0,0.037,0.0,0.0,0.0,0.0,0.0,0.0,0.0,0.0,0.047,0.0,0.0,0.0,0.0,0.0,0.0,0.0
kampala_elegu,521,260.75,0.0,0.036,0.0,0.0,0.0,0.0,0.0,0.0,0.0,0.0,0.047,0.0,0.0,0.0,0.0,0.0,0.0,0.0
kampala_elegu,522,261.25,0.0,0.081,0.0,0.0,0.0,0.0,0.0,0.0,0.0,0.0,0.104,0.0,0.0,0.0,0.0,0.0,0.0,0.0
kampala_elegu,523,261.75,0.0,0.079,0.006,0.0,0.0,0.0,0.0,0.0,0.0,0.0,0.102,0.008,0.0,0.0,0.0,0.0,0.0,0.0
kampala_elegu,524,262.25,0.0,0.026,0.0,0.0,0.0,0.0,0.0,0.0,0.0,0.0,0.033,0.0,0.0,0.0,0.0,0.0,0.0,0.0
kampala_elegu,525,262.75,0.0,0.012,0.005,0.0,0.0,0.0,0.0,0.0,0.0,0.0,0.0,0.0,0.0,0.0,0.0,0.0,0.135,0.0
kampala_elegu,526,263.25,0.0,0.036,0.023,0.0,0.0,0.0,0.0,0.0,0.0,0.0,0.046,0.03,0.0,0.0,0.0,0.0,0.0,0.0
kampala_elegu,527,263.75,0.0,0.05,0.006,0.0,0.0,0.0,0.0,0.0,0.0,0.0,0.065,0.007,0.0,0.0,0.0,0.0,0.0,0.0
kampala_elegu,528,264.25,0.0,0.108,0.007,0.0,0.0,0.0,0.0,0.0,0.0,0.0,0.139,0.009,0.0,0.0,0.0,0.0,0.0,0.0
kampala_elegu,529,264.75,0.0,0.049,0.0,0.0,0.0,0.0,0.0,0.0,0.0,0.0,0.062,0.0,0.0,0.0,0.0,0.0,0.0,0.0
kampala_elegu,530,265.25,0.0,0.161,0.015,0.0,0.0,0.0,0.0,0.0,0.0,0.0,0.131,0.019,0.0,0.0,0.0,0.0,0.0,0.0
kampala_elegu,531,265.75,0.0,0.185,0.016,0.0,0.0,0.0,0.0,0.0,0.0,0.0,0.238,0.02,0.0,0.0,0.0,0.0,0.0,0.0
kampala_elegu,532,266.25,0.0,0.119,0.007,0.0,0.0,0.0,0.0,0.0,0.0,0.0,0.153,0.009,0.0,0.0,0.0,0.0,0.0,0.0
kampala_elegu,533,266.75,0.0,0.081,0.019,0.0,0.0,0.0,0.0,0.0,0.0,0.0,0.105,0.025,0.0,0.0,0.0,0.0,0.0,0.0
kampala_elegu,534,267.25,0.0,0.078,0.019,0.0,0.0,0.0,0.0,0.0,0.0,0.0,0.101,0.025,0.0,0.0,0.0,0.0,0.0,0.0
kampala_elegu,535,267.75,0.0,0.048,0.012,0.0,0.0,0.0,0.0,0.0,0.0,0.0,0.062,0.015,0.0,0.0,0.0,0.0,0.0,0.0
kampala_elegu,536,268.25,0.0,0.011,0.005,0.0,0.0,0.0,0.0,0.0,0.0,0.0,0.014,0.007,0.0,0.0,0.0,0.0,0.0,0.0
kampala_elegu,537,268.75,0.0,0.044,0.0,0.0,0.0,0.0,0.0,0.0,0.0,0.0,0.0,0.0,0.0,0.0,0.0,0.0,0.059,0.0
kampala_elegu,538,269.25,0.0,0.049,0.006,0.0,0.0,0.0,0.0,0.0,0.0,0.0,0.063,0.007,0.0,0.0,0.0,0.0,0.0,0.0
kampala_elegu,539,269.75,0.0,0.077,0.0,0.0,0.0,0.0,0.0,0.0,0.0,0.0,0.099,0.0,0.0,0.0,0.0,0.0,0.0,0.0
kampala_elegu,540,270.25,0.0,0.043,0.006,0.0,0.0,0.0,0.0,0.0,0.0,0.0,0.056,0.007,0.0,0.0,0.0,0.0,0.0,0.0
kampala_elegu,541,270.75,0.0,0.013,0.005,0.0,0.0,0.0,0.0,0.0,0.0,0.0,0.0,0.0,0.0,0.0,0.0,0.0,0.019,0.0
kampala_elegu,542,271.25,0.0,0.047,0.018,0.0,0.0,0.0,0.0,0.0,0.0,0.0,0.061,0.023,0.0,0.0,0.0,0.0,0.0,0.0
kampala_elegu,543,271.75,0.0,0.022,0.005,0.0,0.0,0.0,0.0,0.0,0.0,0.0,0.028,0.007,0.0,0.0,0.0,0.0,0.0,0.0
kampala_elegu,544,272.25,0.0,0.048,0.006,0.0,0.0,0.0,0.0,0.0,0.0,0.0,0.062,0.007,0.0,0.0,0.0,0.0,0.0,0.0
kampala_elegu,545,272.75,0.0,0.02,0.0,0.0,0.0,0.0,0.0,0.0,0.0,0.0,0.025,0.0,0.0,0.0,0.0,0.0,0.0,0.0
kampala_elegu,546,273.25,0.0,0.013,0.005,0.0,0.0,0.0,0.0,0.0,0.0,0.0,0.017,0.007,0.0,0.0,0.0,0.0,0.0,0.0
kampala_elegu,547,273.75,0.0,0.041,0.006,0.0,0.0,0.0,0.0,0.0,0.0,0.0,0.0,0.0,0.0,0.0,0.0,0.0,0.069,0.0
kampala_elegu,548,274.25,0.0,0.019,0.011,0.0,0.0,0.0,0.0,0.0,0.0,0.0,0.024,0.014,0.0,0.0,0.0,0.0,0.0,0.0
kampala_elegu,549,274.75,0.0,0.045,0.012,0.0,0.0,0.0,0.0,0.0,0.0,0.0,0.058,0.015,0.0,0.0,0.0,0.0,0.0,0.0
kampala_elegu,550,275.25,0.0,0.045,0.006,0.0,0.0,0.0,0.0,0.0,0.0,0.0,0.058,0.007,0.0,0.0,0.0,0.0,0.0,0.0
kampala_elegu,551,275.75,0.0,0.072,0.032,0.0,0.0,0.0,0.0,0.0,0.0,0.0,0.093,0.042,0.0,0.0,0.0,0.0,0.0,0.0
kampala_elegu,552,276.25,0.0,0.051,0.018,0.0,0.0,0.0,0.0,0.0,0.0,0.0,0.066,0.023,0.0,0.0,0.0,0.0,0.0,0.0
kampala_elegu,553,276.75,0.0,0.007,0.005,0.0,0.0,0.0,0.0,0.0,0.0,0.0,0.009,0.007,0.0,0.0,0.0,0.0,0.0,0.0
kampala_elegu,554,277.25,0.0,0.014,0.0,0.0,0.0,0.0,0.0,0.0,0.0,0.0,0.0,0.0,0.0,0.0,0.0,0.0,0.031,0.0
kampala_elegu,555,277.75,0.0,0.016,0.0,0.0,0.0,0.0,0.0,0.0,0.0,0.0,0.021,0.0,0.0,0.0,0.0,0.0,0.0,0.0
kampala_elegu,556,278.25,0.0,0.008,0.0,0.0,0.0,0.0,0.0,0.0,0.0,0.0,0.0,0.0,0.0,0.0,0.0,0.0,0.077,0.0
kampala_elegu,557,278.75,0.0,0.028,0.0,0.0,0.0,0.0,0.0,0.0,0.0,0.0,0.036,0.0,0.0,0.0,0.0,0.0,0.0,0.0
kampala_elegu,558,279.25,0.0,0.022,0.0,0.0,0.0,0.0,0.0,0.0,0.0,0.0,0.029,0.0,0.0,0.0,0.0,0.0,0.0,0.0
kampala_elegu,559,279.75,0.0,0.005,0.0,0.0,0.0,0.0,0.0,0.0,0.0,0.0,0.006,0.0,0.0,0.0,0.0,0.0,0.0,0.0
kampala_elegu,560,280.25,0.0,0.001,0.005,0.0,0.0,0.0,0.0,0.0,0.0,0.0,0.001,0.007,0.0,0.0,0.0,0.0,0.0,0.0
kampala_elegu,561,280.75,0.0,0.021,0.0,0.0,0.0,0.0,0.0,0.0,0.0,0.0,0.0,0.0,0.0,0.0,0.0,0.0,0.123,0.0
kampala_elegu,562,281.25,0.0,0.052,0.006,0.0,0.0,0.0,0.0,0.0,0.0,0.0,0.067,0.008,0.0,0.0,0.0,0.0,0.0,0.0
kampala_elegu,563,281.75,0.0,0.047,0.006,0.0,0.0,0.0,0.0,0.0,0.0,0.0,0.061,0.007,0.0,0.0,0.0,0.0,0.0,0.0
kampala_elegu,564,282.25,0.0,0.031,0.006,0.0,0.0,0.0,0.0,0.0,0.0,0.0,0.039,0.007,0.0,0.0,0.0,0.0,0.0,0.0
kampala_elegu,565,282.75,0.0,0.0,0.0,0.0,0.0,0.0,0.0,0.0,0.0,0.0,0.0,0.0,0.0,0.0,0.0,0.0,0.0,0.0
kampala_elegu,566,283.25,0.0,0.02,0.005,0.0,0.0,0.0,0.0,0.0,0.0,0.0,0.0,0.0,0.0,0.0,0.0,0.0,0.19,0.0
kampala_elegu,567,283.75,0.0,0.042,0.012,0.0,0.0,0.0,0.0,0.0,0.0,0.0,0.02,0.015,0.0,0.0,0.0,0.0,0.0,0.0
kampala_elegu,568,284.25,0.0,0.031,0.0,0.0,0.0,0.0,0.0,0.0,0.0,0.0,0.039,0.0,0.0,0.0,0.0,0.0,0.0,0.0
kampala_elegu,569,284.75,0.0,0.024,0.005,0.0,0.0,0.0,0.0,0.0,0.0,0.0,0.031,0.007,0.0,0.0,0.0,0.0,0.0,0.0
kampala_elegu,570,285.25,0.0,0.004,0.0,0.0,0.0,0.0,0.0,0.0,0.0,0.0,0.005,0.0,0.0,0.0,0.0,0.0,0.0,0.0
kampala_elegu,571,285.75,0.0,0.009,0.005,0.0,0.0,0.0,0.0,0.0,0.0,0.0,0.0,0.0,0.0,0.0,0.0,0.0,0.113,0.0
kampala_elegu,572,286.25,0.0,0.032,0.0,0.0,0.0,0.0,0.0,0.0,0.0,0.0,0.041,0.0,0.0,0.0,0.0,0.0,0.0,0.0
kampala_elegu,573,286.75,0.0,0.05,0.012,0.0,0.0,0.0,0.0,0.0,0.0,0.0,0.064,0.015,0.0,0.0,0.0,0.0,0.0,0.0
kampala_elegu,574,287.25,0.0,0.007,0.005,0.0,0.0,0.0,0.0,0.0,0.0,0.0,0.009,0.007,0.0,0.0,0.0,0.0,0.0,0.0
kampala_elegu,575,287.75,0.0,0.02,0.0,0.0,0.0,0.0,0.0,0.0,0.0,0.0,0.0,0.0,0.0,0.0,0.0,0.0,0.075,0.0
kampala_elegu,576,288.25,0.0,0.038,0.006,0.0,0.0,0.0,0.0,0.0,0.0,0.0,0.049,0.007,0.0,0.0,0.0,0.0,0.0,0.0
kampala_elegu,577,288.75,0.0,0.017,0.005,0.0,0.0,0.0,0.0,0.0,0.0,0.0,0.022,0.007,0.0,0.0,0.0,0.0,0.0,0.0
kampala_elegu,578,289.25,0.0,0.002,0.0,0.0,0.0,0.0,0.0,0.0,0.0,0.0,0.0,0.0,0.0,0.0,0.0,0.0,0.121,0.0
kampala_elegu,579,289.75,0.0,0.081,0.019,0.0,0.0,0.0,0.0,0.0,0.0,0.0,0.104,0.025,0.0,0.0,0.0,0.0,0.0,0.0
kampala_elegu,580,290.25,0.0,0.059,0.0,0.0,0.0,0.0,0.0,0.0,0.0,0.0,0.076,0.0,0.0,0.0,0.0,0.0,0.0,0.0
kampala_elegu,581,290.75,0.0,0.041,0.0,0.0,0.0,0.0,0.0,0.0,0.0,0.0,0.0,0.0,0.0,0.0,0.0,0.0,0.022,0.0
kampala_elegu,582,291.25,0.0,0.178,0.008,0.0,0.0,0.0,0.0,0.0,0.0,0.0,0.158,0.01,0.0,0.0,0.0,0.0,0.0,0.0
kampala_elegu,583,291.75,0.0,0.137,0.014,0.0,0.0,0.0,0.0,0.0,0.0,0.0,0.176,0.019,0.0,0.0,0.0,0.0,0.0,0.0
kampala_elegu,584,292.25,0.0,0.054,0.0,0.0,0.0,0.0,0.0,0.0,0.0,0.0,0.069,0.0,0.0,0.0,0.0,0.0,0.0,0.0
kampala_elegu,585,292.75,0.0,0.023,0.0,0.0,0.0,0.0,0.0,0.0,0.0,0.0,0.03,0.0,0.0,0.0,0.0,0.0,0.0,0.0
kampala_elegu,586,293.25,0.0,0.001,0.0,0.0,0.0,0.0,0.0,0.0,0.0,0.0,0.002,0.0,0.0,0.0,0.0,0.0,0.0,0.0
kampala_elegu,587,293.75,0.0,0.012,0.0,0.0,0.0,0.0,0.0,0.0,0.0,0.0,0.0,0.0,0.0,0.0,0.0,0.0,0.099,0.0
kampala_elegu,588,294.25,0.0,0.032,0.011,0.0,0.0,0.0,0.0,0.0,0.0,0.0,0.038,0.014,0.0,0.0,0.0,0.0,0.0,0.0
kampala_elegu,589,294.75,0.0,0.094,0.006,0.0,0.0,0.0,0.0,0.0,0.0,0.0,0.121,0.008,0.0,0.0,0.0,0.0,0.0,0.0
kampala_elegu,590,295.25,0.0,0.032,0.006,0.0,0.0,0.0,0.0,0.0,0.0,0.0,0.042,0.007,0.0,0.0,0.0,0.0,0.0,0.0
kampala_elegu,591,295.75,0.0,0.037,0.03,0.0,0.0,0.0,0.0,0.0,0.0,0.0,0.048,0.038,0.0,0.0,0.0,0.0,0.0,0.0
kampala_elegu,592,296.25,0.0,0.014,0.0,0.0,0.0,0.0,0.0,0.0,0.0,0.0,0.018,0.0,0.0,0.0,0.0,0.0,0.0,0.0
kampala_elegu,593,296.75,0.0,0.033,0.006,0.0,0.0,0.0,0.0,0.0,0.0,0.0,0.043,0.007,0.0,0.0,0.0,0.0,0.0,0.0
kampala_elegu,594,297.25,0.0,0.039,0.043,0.0,0.0,0.0,0.0,0.0,0.0,0.0,0.051,0.056,0.0,0.0,0.0,0.0,0.0,0.0
kampala_elegu,595,297.75,0.0,0.014,0.005,0.0,0.0,0.0,0.0,0.0,0.0,0.0,0.0,0.0,0.0,0.0,0.0,0.0,0.059,0.0
kampala_elegu,596,298.25,0.0,0.037,0.006,0.0,0.0,0.0,0.0,0.0,0.0,0.0,0.048,0.007,0.0,0.0,0.0,0.0,0.0,0.0
kampala_elegu,597,298.75,0.0,0.028,0.005,0.0,0.0,0.0,0.0,0.0,0.0,0.0,0.036,0.007,0.0,0.0,0.0,0.0,0.0,0.0
kampala_elegu,598,299.25,0.0,0.033,0.011,0.0,0.0,0.0,0.0,0.0,0.0,0.0,0.0,0.0,0.0,0.0,0.0,0.0,0.102,0.0
kampala_elegu,599,299.75,0.0,0.043,0.006,0.0,0.0,0.0,0.0,0.0,0.0,0.0,0.055,0.007,0.0,0.0,0.0,0.0,0.0,0.0
kampala_elegu,600,300.25,0.0,0.047,0.024,0.0,0.0,0.0,0.0,0.0,0.0,0.0,0.061,0.031,0.0,0.0,0.0,0.0,0.0,0.0
kampala_elegu,601,300.75,0.0,0.024,0.0,0.0,0.0,0.0,0.0,0.0,0.0,0.0,0.031,0.0,0.0,0.0,0.0,0.0,0.0,0.0
kampala_elegu,602,301.25,0.0,0.041,0.012,0.0,0.0,0.0,0.0,0.0,0.0,0.0,0.0,0.0,0.0,0.0,0.0,0.0,0.0,0.0
kampala_elegu,603,301.75,0.0,0.052,0.006,0.0,0.0,0.0,0.0,0.0,0.0,0.0,0.067,0.008,0.0,0.0,0.0,0.0,0.0,0.0
kampala_elegu,604,302.25,0.0,0.102,0.007,0.0,0.0,0.0,0.0,0.0,0.0,0.0,0.132,0.008,0.0,0.0,0.0,0.0,0.0,0.0
kampala_elegu,605,302.75,0.0,0.07,0.0,0.0,0.0,0.0,0.0,0.0,0.0,0.0,0.09,0.0,0.0,0.0,0.0,0.0,0.0,0.0
kampala_elegu,606,303.25,0.0,0.004,0.0,0.0,0.0,0.0,0.0,0.0,0.0,0.0,0.005,0.0,0.0,0.0,0.0,0.0,0.0,0.0
kampala_elegu,607,303.75,0.0,0.021,0.011,0.0,0.0,0.0,0.0,0.0,0.0,0.0,0.027,0.014,0.0,0.0,0.0,0.0,0.0,0.0
kampala_elegu,608,304.25,0.0,0.027,0.0,0.0,0.0,0.0,0.0,0.0,0.0,0.0,0.022,0.0,0.0,0.0,0.0,0.0,0.0,0.0
kampala_elegu,609,304.75,0.0,0.091,0.006,0.0,0.0,0.0,0.0,0.0,0.0,0.0,0.116,0.008,0.0,0.0,0.0,0.0,0.0,0.0
kampala_elegu,610,305.25,0.0,0.022,0.0,0.0,0.0,0.0,0.0,0.0,0.0,0.0,0.028,0.0,0.0,0.0,0.0,0.0,0.0,0.0
kampala_elegu,611,305.75,0.0,0.01,0.005,0.0,0.0,0.0,0.0,0.0,0.0,0.0,0.013,0.007,0.0,0.0,0.0,0.0,0.0,0.0
kampala_elegu,612,306.25,0.0,0.012,0.0,0.0,0.0,0.0,0.0,0.0,0.0,0.0,0.015,0.0,0.0,0.0,0.0,0.0,0.0,0.0
kampala_elegu,613,306.75,0.0,0.004,0.005,0.0,0.0,0.0,0.0,0.0,0.0,0.0,0.006,0.007,0.0,0.0,0.0,0.0,0.0,0.0
kampala_elegu,614,307.25,0.0,0.002,0.005,0.0,0.0,0.0,0.0,0.0,0.0,0.0,0.003,0.007,0.0,0.0,0.0,0.0,0.0,0.0
kampala_elegu,615,307.75,0.0,0.008,0.0,0.0,0.0,0.0,0.0,0.0,0.0,0.0,0.0,0.0,0.0,0.0,0.0,0.0,0.06,0.0
kampala_elegu,616,308.25,0.0,0.026,0.0,0.0,0.0,0.0,0.0,0.0,0.0,0.0,0.033,0.0,0.0,0.0,0.0,0.0,0.0,0.0
kampala_elegu,617,308.75,0.0,0.008,0.0,0.0,0.0,0.0,0.0,0.0,0.0,0.0,0.011,0.0,0.0,0.0,0.0,0.0,0.0,0.0
kampala_elegu,618,309.25,0.0,0.119,0.028,0.0,0.0,0.0,0.0,0.0,0.0,0.0,0.154,0.037,0.0,0.0,0.0,0.0,0.0,0.0
kampala_elegu,619,309.75,0.0,0.171,0.008,0.0,0.0,0.0,0.0,0.0,0.0,0.0,0.22,0.01,0.0,0.0,0.0,0.0,0.0,0.0
kampala_elegu,620,310.25,0.0,0.001,0.005,0.0,0.0,0.0,0.0,0.0,0.0,0.0,0.002,0.007,0.0,0.0,0.0,0.0,0.0,0.0
kampala_elegu,621,310.75,0.0,0.011,0.016,0.0,0.0,0.0,0.0,0.0,0.0,0.0,0.015,0.021,0.0,0.0,0.0,0.0,0.0,0.0
kampala_elegu,622,311.25,0.0,0.008,0.0,0.0,0.0,0.0,0.0,0.0,0.0,0.0,0.0,0.0,0.0,0.0,0.0,0.0,0.061,0.0
kampala_elegu,623,311.75,0.0,0.0,0.016,0.0,0.0,0.0,0.0,0.0,0.0,0.0,0.001,0.02,0.0,0.0,0.0,0.0,0.0,0.0
kampala_elegu,624,312.25,0.0,0.004,0.005,0.0,0.0,0.0,0.0,0.0,0.0,0.0,0.006,0.007,0.0,0.0,0.0,0.0,0.0,0.0
kampala_elegu,625,312.75,0.0,0.008,0.005,0.0,0.0,0.0,0.0,0.0,0.0,0.0,0.007,0.007,0.0,0.0,0.0,0.0,0.0,0.0
kampala_elegu,626,313.25,0.0,0.02,0.005,0.0,0.0,0.0,0.0,0.0,0.0,0.0,0.026,0.007,0.0,0.0,0.0,0.0,0.0,0.0
kampala_elegu,627,313.75,0.0,0.023,0.017,0.0,0.0,0.0,0.0,0.0,0.0,0.0,0.03,0.022,0.0,0.0,0.0,0.0,0.0,0.0
kampala_elegu,628,314.25,0.0,0.004,0.016,0.0,0.0,0.0,0.0,0.0,0.0,0.0,0.005,0.02,0.0,0.0,0.0,0.0,0.0,0.0
kampala_elegu,629,314.75,0.0,0.013,0.005,0.0,0.0,0.0,0.0,0.0,0.0,0.0,0.016,0.007,0.0,0.0,0.0,0.0,0.0,0.0
kampala_elegu,630,315.25,0.0,0.004,0.01,0.0,0.0,0.0,0.0,0.0,0.0,0.0,0.006,0.013,0.0,0.0,0.0,0.0,0.0,0.0
kampala_elegu,631,315.75,0.0,0.001,0.016,0.0,0.0,0.0,0.0,0.0,0.0,0.0,0.002,0.02,0.0,0.0,0.0,0.0,0.0,0.0
kampala_elegu,632,316.25,0.0,0.0,0.005,0.0,0.0,0.0,0.0,0.0,0.0,0.0,0.001,0.007,0.0,0.0,0.0,0.0,0.0,0.0
kampala_elegu,633,316.75,0.0,0.0,0.005,0.0,0.0,0.0,0.0,0.0,0.0,0.0,0.0,0.007,0.0,0.0,0.0,0.0,0.0,0.0
kampala_elegu,634,317.25,0.0,0.0,0.005,0.0,0.0,0.0,0.0,0.0,0.0,0.0,0.0,0.0,0.0,0.0,0.0,0.0,0.145,0.0
kampala_elegu,635,317.75,0.0,0.016,0.0,0.0,0.0,0.0,0.0,0.0,0.0,0.0,0.0,0.0,0.0,0.0,0.0,0.0,0.0,0.0
kampala_elegu,636,318.25,0.0,0.023,0.005,0.0,0.0,0.0,0.0,0.0,0.0,0.0,0.029,0.007,0.0,0.0,0.0,0.0,0.0,0.0
kampala_elegu,637,318.75,0.0,0.114,0.036,0.0,0.0,0.0,0.0,0.0,0.0,0.0,0.147,0.046,0.0,0.0,0.0,0.0,0.0,0.0
kampala_elegu,638,319.25,0.0,0.035,0.011,0.0,0.0,0.0,0.0,0.0,0.0,0.0,0.045,0.015,0.0,0.0,0.0,0.0,0.0,0.0
kampala_elegu,639,319.75,0.0,0.023,0.011,0.0,0.0,0.0,0.0,0.0,0.0,0.0,0.0,0.0,0.0,0.0,0.0,0.0,0.187,0.0
kampala_elegu,640,320.25,0.0,0.032,0.036,0.0,0.0,0.0,0.0,0.0,0.0,0.0,0.041,0.046,0.0,0.0,0.0,0.0,0.0,0.0
kampala_elegu,641,320.75,0.0,0.014,0.016,0.0,0.0,0.0,0.0,0.0,0.0,0.0,0.017,0.021,0.0,0.0,0.0,0.0,0.0,0.0
kampala_elegu,642,321.25,0.0,0.015,0.005,0.0,0.0,0.0,0.0,0.0,0.0,0.0,0.0,0.0,0.0,0.0,0.0,0.0,0.146,0.0
kampala_elegu,643,321.75,0.0,0.031,0.023,0.0,0.0,0.0,0.0,0.0,0.0,0.0,0.04,0.03,0.0,0.0,0.0,0.0,0.0,0.0
kampala_elegu,644,322.25,0.0,0.024,0.029,0.0,0.0,0.0,0.0,0.0,0.0,0.0,0.031,0.037,0.0,0.0,0.0,0.0,0.0,0.0
kampala_elegu,645,322.75,0.0,0.055,0.038,0.0,0.0,0.0,0.0,0.0,0.0,0.0,0.0,0.0,0.0,0.0,0.0,0.0,0.011,0.0
kampala_elegu,646,323.25,0.0,0.067,0.032,0.0,0.0,0.0,0.0,0.0,0.0,0.0,0.086,0.041,0.0,0.0,0.0,0.0,0.0,0.0
kampala_elegu,647,323.75,0.0,0.087,0.041,0.0,0.0,0.0,0.0,0.0,0.0,0.0,0.112,0.052,0.0,0.0,0.0,0.0,0.0,0.0
kampala_elegu,648,324.25,0.0,0.0,0.0,0.0,0.0,0.0,0.0,0.0,0.041,0.0,0.056,0.049,0.0,0.0,0.0,0.0,0.0,0.0
kampala_elegu,649,324.75,0.0,0.049,0.047,0.0,0.0,0.0,0.0,0.0,0.0,0.0,0.07,0.067,0.0,0.0,0.0,0.0,0.0,0.0
kampala_elegu,650,325.25,0.0,0.045,0.016,0.0,0.0,0.0,0.0,0.0,0.0,0.0,0.065,0.023,0.0,0.0,0.0,0.0,0.0,0.0
kampala_elegu,651,325.75,0.0,0.029,0.015,0.167,0.0,0.0,0.0,0.0,0.0,0.0,0.0,0.0,0.167,0.0,0.0,0.0,0.21,0.0
kampala_elegu,652,326.25,0.0,0.045,0.046,0.167,0.0,0.0,0.0,0.0,0.0,0.0,0.064,0.066,0.167,0.0,0.0,0.0,0.0,0.0
kampala_elegu,653,326.75,0.0,0.029,0.015,0.083,0.0,0.0,0.0,0.0,0.0,0.0,0.042,0.022,0.083,0.0,0.0,0.0,0.0,0.0
kampala_elegu,654,327.25,0.0,0.102,0.025,0.583,0.0,0.0,0.0,0.0,0.0,0.0,0.138,0.036,0.583,0.0,0.0,0.0,0.0,0.0
kampala_elegu,655,327.75,0.0,0.0,0.0,0.083,0.0,0.0,0.0,0.0,0.049,0.0,0.044,0.044,0.083,0.0,0.0,0.0,0.0,0.0
kampala_elegu,656,328.25,0.0,0.076,0.033,0.0,0.0,0.0,0.0,0.0,0.0,0.0,0.098,0.042,0.0,0.0,0.0,0.0,0.0,0.0
kampala_elegu,657,328.75,0.0,0.105,0.05,0.0,0.0,0.0,0.0,0.0,0.0,0.0,0.135,0.065,0.0,0.0,0.0,0.0,0.0,0.0
kampala_elegu,658,329.25,0.0,0.098,0.02,0.0,0.0,0.0,0.0,0.0,0.0,0.0,0.126,0.026,0.0,0.0,0.0,0.0,0.0,0.0
kampala_elegu,659,329.75,0.0,0.063,0.012,0.0,0.0,0.0,0.0,0.0,0.0,0.0,0.08,0.016,0.0,0.0,0.0,0.0,0.0,0.0
kampala_elegu,660,330.25,0.0,0.055,0.018,0.0,0.0,0.0,0.0,0.0,0.0,0.0,0.07,0.023,0.0,0.0,0.0,0.0,0.0,0.0
kampala_elegu,661,330.75,0.0,0.095,0.02,0.0,0.0,0.0,0.0,0.0,0.0,0.0,0.122,0.026,0.0,0.0,0.0,0.0,0.0,0.0
kampala_elegu,662,331.25,0.0,0.182,0.008,0.0,0.0,0.0,0.0,0.0,0.0,0.0,0.234,0.01,0.0,0.0,0.0,0.0,0.0,0.0
kampala_elegu,663,331.75,0.0,0.182,0.008,0.0,0.0,0.0,0.0,0.0,0.0,0.0,0.208,0.01,0.0,0.0,0.0,0.0,0.0,0.0
kampala_elegu,664,332.25,0.0,0.125,0.014,0.0,0.0,0.0,0.0,0.0,0.0,0.0,0.161,0.018,0.0,0.0,0.0,0.0,0.0,0.0
kampala_elegu,665,332.75,0.0,0.064,0.019,0.0,0.0,0.0,0.0,0.0,0.0,0.0,0.06,0.024,0.0,0.0,0.0,0.0,0.0,0.0
kampala_elegu,666,333.25,0.0,0.023,0.011,0.0,0.0,0.0,0.0,0.0,0.0,0.0,0.029,0.014,0.0,0.0,0.0,0.0,0.0,0.0
kampala_elegu,667,333.75,0.0,0.042,0.012,0.0,0.0,0.0,0.0,0.0,0.0,0.0,0.054,0.015,0.0,0.0,0.0,0.0,0.0,0.0
kampala_elegu,668,334.25,0.0,0.106,0.035,0.0,0.0,0.0,0.0,0.0,0.0,0.0,0.136,0.045,0.0,0.0,0.0,0.0,0.0,0.0
kampala_elegu,669,334.75,0.0,0.041,0.018,0.0,0.0,0.333,0.0,0.0,0.0,0.0,0.053,0.023,0.0,0.0,2.0,0.0,0.0,0.0
kampala_elegu,670,335.25,0.0,0.025,0.023,0.0,0.0,0.0,0.0,0.0,0.0,0.0,0.032,0.029,0.0,0.0,0.0,0.0,0.0,0.0
kampala_elegu,671,335.75,0.0,0.027,0.011,0.0,0.0,0.0,0.0,0.0,0.0,0.0,0.034,0.014,0.0,0.0,0.0,0.0,0.0,0.0
kampala_elegu,672,336.25,0.0,0.024,0.011,0.0,0.0,0.0,0.0,0.0,0.0,0.0,0.031,0.014,0.0,0.0,0.0,0.0,0.0,0.0
kampala_elegu,673,336.75,0.0,0.024,0.023,0.0,0.0,0.0,0.0,0.0,0.0,0.0,0.031,0.029,0.0,0.0,0.0,0.0,0.0,0.0
kampala_elegu,674,337.25,0.0,0.014,0.005,0.0,0.0,0.0,0.0,0.0,0.0,0.0,0.018,0.007,0.0,0.0,0.0,0.0,0.0,0.0
kampala_elegu,675,337.75,0.0,0.019,0.017,0.0,0.0,0.0,0.0,0.0,0.0,0.0,0.024,0.021,0.0,0.0,0.0,0.0,0.0,0.0
kampala_elegu,676,338.25,0.0,0.032,0.011,0.0,0.0,0.0,0.0,0.0,0.0,0.0,0.003,0.003,0.0,0.0,0.0,0.0,0.0,0.0
kampala_elegu,677,338.75,0.0,0.024,0.005,0.0,0.0,0.0,0.0,0.0,0.0,0.0,0.012,0.007,0.0,0.0,0.0,0.0,0.0,0.0
kampala_elegu,678,339.25,0.0,0.025,0.017,0.0,0.0,0.0,0.0,0.0,0.0,0.0,0.033,0.022,0.0,0.0,0.0,0.0,0.0,0.0
kampala_elegu,679,339.75,0.134,0.0,0.0,0.0,0.133,0.0,0.0,0.0,0.0,0.001,0.0,0.0,0.0,0.2,0.0,0.0,0.0,0.0
kampala_elegu,680,340.25,0.142,0.0,0.0,0.0,0.133,0.0,0.0,0.0,0.0,0.011,0.0,0.0,0.0,0.2,0.0,0.0,0.0,0.0
kampala_elegu,681,340.75,0.0,0.002,0.01,0.0,0.0,0.0,0.0,0.0,0.0,0.0,0.003,0.013,0.0,0.0,0.0,0.0,0.0,0.0
kampala_elegu,682,341.25,0.0,0.004,0.005,0.0,0.0,0.0,0.0,0.0,0.0,0.0,0.005,0.007,0.0,0.0,0.0,0.0,0.0,0.0
kampala_elegu,683,341.75,0.0,0.002,0.005,0.0,0.0,0.0,0.0,0.0,0.0,0.0,0.003,0.007,0.0,0.0,0.0,0.0,0.0,0.0
kampala_elegu,684,342.25,0.0,0.005,0.005,0.0,0.0,0.0,0.0,0.0,0.0,0.0,0.007,0.007,0.0,0.0,0.0,0.0,0.0,0.0
kampala_elegu,685,342.75,0.0,0.014,0.011,0.0,0.0,0.0,0.0,0.0,0.0,0.0,0.018,0.014,0.0,0.0,0.0,0.0,0.0,0.0
kampala_elegu,686,343.25,0.0,0.015,0.005,0.0,0.0,0.0,0.0,0.0,0.0,0.0,0.02,0.007,0.0,0.0,0.0,0.0,0.0,0.0
kampala_elegu,687,343.75,0.0,0.095,0.013,0.0,0.0,0.0,0.0,0.0,0.0,0.0,0.0,0.0,0.0,0.0,0.0,0.0,0.064,0.0
kampala_elegu,688,344.25,0.185,0.0,0.0,0.0,0.133,0.0,0.0,0.0,0.0,0.067,0.0,0.0,0.0,0.2,0.0,0.0,0.0,0.0
kampala_elegu,689,344.75,0.0,0.002,0.005,0.0,0.0,0.0,0.0,0.0,0.0,0.0,0.0,0.0,0.0,0.0,0.0,0.0,0.1,0.0
kampala_elegu,690,345.25,0.0,0.007,0.005,0.0,0.0,0.0,0.0,0.0,0.0,0.0,0.009,0.007,0.0,0.0,0.0,0.0,0.0,0.0
kampala_elegu,691,345.75,0.0,0.003,0.005,0.0,0.0,0.0,0.0,0.0,0.0,0.0,0.004,0.007,0.0,0.0,0.0,0.0,0.0,0.0
kampala_elegu,692,346.25,0.0,0.007,0.011,0.0,0.0,0.0,0.0,0.0,0.0,0.0,0.009,0.014,0.0,0.0,0.0,0.0,0.0,0.0
kampala_elegu,693,346.75,0.0,0.02,0.017,0.0,0.0,0.0,0.0,0.0,0.0,0.0,0.025,0.021,0.0,0.0,0.0,0.0,0.0,0.0
kampala_elegu,694,347.25,0.0,0.01,0.005,0.0,0.0,0.0,0.0,0.0,0.0,0.0,0.013,0.007,0.0,0.0,0.0,0.0,0.0,0.0
kampala_elegu,695,347.75,0.0,0.013,0.028,0.0,0.0,0.0,0.0,0.0,0.0,0.0,0.017,0.036,0.0,0.0,0.0,0.0,0.0,0.0
kampala_elegu,696,348.25,0.0,0.016,0.0,0.0,0.0,0.0,0.0,0.0,0.0,0.0,0.02,0.0,0.0,0.0,0.0,0.0,0.0,0.0
kampala_elegu,697,348.75,0.0,0.012,0.011,0.0,0.0,0.0,0.0,0.0,0.0,0.0,0.015,0.014,0.0,0.0,0.0,0.0,0.0,0.0
kampala_elegu,698,349.25,0.0,0.011,0.028,0.0,0.0,0.0,0.0,0.0,0.0,0.0,0.014,0.036,0.0,0.0,0.0,0.0,0.0,0.0
kampala_elegu,699,349.75,0.0,0.016,0.016,0.0,0.0,0.0,0.0,0.0,0.0,0.0,0.021,0.021,0.0,0.0,0.0,0.0,0.0,0.0
kampala_elegu,700,350.25,0.0,0.009,0.005,0.0,0.0,0.0,0.0,0.0,0.0,0.0,0.012,0.007,0.0,0.0,0.0,0.0,0.0,0.0
kampala_elegu,701,350.75,0.0,0.035,0.03,0.0,0.0,0.0,0.0,0.0,0.0,0.0,0.045,0.038,0.0,0.0,0.0,0.0,0.0,0.0
kampala_elegu,702,351.25,0.0,0.039,0.011,0.0,0.0,0.0,0.0,0.0,0.0,0.0,0.051,0.015,0.0,0.0,0.0,0.0,0.0,0.0
kampala_elegu,703,351.75,0.043,0.0,0.0,0.0,0.133,0.0,0.0,0.0,0.0,0.0,0.116,0.086,0.0,0.2,0.0,0.0,0.0,0.0
kampala_elegu,704,352.25,0.071,0.0,0.0,0.0,0.133,0.0,0.0,0.0,0.0,0.0,0.08,0.02,0.0,0.2,0.0,0.0,0.0,0.0
kampala_elegu,705,352.75,0.0,0.004,0.005,0.0,0.0,0.0,0.0,0.0,0.0,0.0,0.006,0.007,0.0,0.0,0.0,0.0,0.0,0.0
kampala_elegu,706,353.25,0.0,0.006,0.016,0.0,0.0,0.0,0.0,0.0,0.0,0.0,0.007,0.021,0.0,0.0,0.0,0.0,0.0,0.0
kampala_elegu,707,353.75,0.0,0.015,0.028,0.0,0.0,0.0,0.0,0.0,0.0,0.0,0.019,0.036,0.0,0.0,0.0,0.0,0.0,0.0
kampala_elegu,708,354.25,0.0,0.003,0.01,0.0,0.0,0.0,0.0,0.0,0.0,0.0,0.004,0.013,0.0,0.0,0.0,0.0,0.0,0.0
kampala_elegu,709,354.75,0.0,0.005,0.0,0.0,0.0,0.0,0.0,0.0,0.0,0.0,0.006,0.0,0.0,0.0,0.0,0.0,0.0,0.0
kampala_elegu,710,355.25,0.0,0.0,0.01,0.0,0.0,0.0,0.0,0.0,0.0,0.0,0.0,0.013,0.0,0.0,0.0,0.0,0.0,0.0
kampala_elegu,711,355.75,0.0,0.001,0.021,0.0,0.0,0.0,0.0,0.0,0.0,0.0,0.001,0.027,0.0,0.0,0.0,0.0,0.0,0.0
kampala_elegu,712,356.25,0.0,0.018,0.005,0.0,0.0,0.0,0.0,0.0,0.0,0.0,0.02,0.007,0.0,0.0,0.0,0.0,0.0,0.0
kampala_elegu,713,356.75,0.0,0.035,0.011,0.0,0.0,0.0,0.0,0.0,0.0,0.0,0.045,0.015,0.0,0.0,0.0,0.0,0.0,0.0
kampala_elegu,714,357.25,0.107,0.0,0.0,0.0,0.133,0.0,0.0,0.0,0.0,0.0,0.034,0.034,0.0,0.2,0.0,0.0,0.0,0.0
kampala_elegu,715,357.75,0.0,0.021,0.005,0.0,0.0,0.0,0.0,0.0,0.0,0.0,0.028,0.007,0.0,0.0,0.0,0.0,0.0,0.0
kampala_elegu,716,358.25,0.0,0.005,0.022,0.0,0.0,0.0,0.0,0.0,0.0,0.0,0.006,0.028,0.0,0.0,0.0,0.0,0.0,0.0
kampala_elegu,717,358.75,0.0,0.004,0.005,0.0,0.0,0.0,0.0,0.0,0.0,0.0,0.006,0.007,0.0,0.0,0.0,0.0,0.0,0.0
kampala_elegu,718,359.25,0.0,0.012,0.016,0.0,0.0,0.0,0.0,0.0,0.0,0.0,0.015,0.021,0.0,0.0,0.0,0.0,0.0,0.0
kampala_elegu,719,359.75,0.0,0.018,0.011,0.0,0.0,0.0,0.0,0.0,0.0,0.0,0.023,0.014,0.0,0.0,0.0,0.0,0.0,0.0
kampala_elegu,720,360.25,0.0,0.017,0.016,0.0,0.0,0.0,0.0,0.0,0.0,0.0,0.021,0.021,0.0,0.0,0.0,0.0,0.0,0.0
kampala_elegu,721,360.75,0.0,0.032,0.017,0.0,0.0,0.0,0.0,0.0,0.0,0.0,0.041,0.022,0.0,0.0,0.0,0.0,0.0,0.0
kampala_elegu,722,361.25,0.0,0.027,0.005,0.0,0.0,0.0,0.0,0.0,0.0,0.0,0.035,0.007,0.0,0.0,0.0,0.0,0.0,0.0
kampala_elegu,723,361.75,0.0,0.086,0.013,0.0,0.0,0.0,0.0,0.0,0.0,0.0,0.11,0.017,0.0,0.0,0.0,0.0,0.0,0.0
kampala_elegu,724,362.25,0.0,0.134,0.022,0.0,0.0,0.0,0.0,0.0,0.0,0.0,0.173,0.028,0.0,0.0,0.0,0.0,0.0,0.0
kampala_elegu,725,362.75,0.036,0.0,0.0,0.0,0.133,0.167,0.0,0.0,0.0,0.0,0.125,0.065,0.0,0.2,1.0,0.0,0.0,0.0
kampala_elegu,726,363.25,0.063,0.0,0.0,0.0,0.133,0.0,0.0,0.0,0.0,0.0,0.09,0.031,0.0,0.2,0.0,0.0,0.0,0.0
kampala_elegu,727,363.75,0.0,0.013,0.016,0.0,0.0,0.0,0.0,0.0,0.0,0.0,0.016,0.021,0.0,0.0,0.0,0.0,0.0,0.0
kampala_elegu,728,364.25,0.0,0.034,0.023,0.0,0.0,0.0,0.0,0.0,0.0,0.0,0.044,0.03,0.0,0.0,0.0,0.0,0.0,0.0
kampala_elegu,729,364.75,0.0,0.026,0.005,0.0,0.0,0.0,0.0,0.0,0.0,0.0,0.033,0.007,0.0,0.0,0.0,0.0,0.0,0.0
kampala_elegu,730,365.25,0.0,0.038,0.0,0.0,0.0,0.0,0.0,0.0,0.0,0.0,0.049,0.0,0.0,0.0,0.0,0.0,0.0,0.0
kampala_elegu,731,365.75,0.0,0.02,0.0,0.0,0.0,0.0,0.0,0.0,0.0,0.0,0.026,0.0,0.0,0.0,0.0,0.0,0.0,0.0
kampala_elegu,732,366.25,0.0,0.017,0.0,0.0,0.0,0.0,0.0,0.0,0.0,0.0,0.022,0.0,0.0,0.0,0.0,0.0,0.0,0.0
kampala_elegu,733,366.75,0.0,0.015,0.0,0.0,0.0,0.0,0.0,0.0,0.0,0.0,0.02,0.0,0.0,0.0,0.0,0.0,0.0,0.0
kampala_elegu,734,367.25,0.0,0.014,0.0,0.0,0.0,0.0,0.0,0.0,0.0,0.0,0.018,0.0,0.0,0.0,0.0,0.0,0.0,0.0
kampala_elegu,735,367.75,0.0,0.005,0.0,0.0,0.0,0.0,0.0,0.0,0.0,0.0,0.007,0.0,0.0,0.0,0.0,0.0,0.0,0.0
kampala_elegu,736,368.25,0.0,0.002,0.0,0.0,0.0,0.0,0.0,0.0,0.0,0.0,0.002,0.0,0.0,0.0,0.0,0.0,0.0,0.0
kampala_elegu,737,368.75,0.0,0.001,0.005,0.0,0.0,0.0,0.0,0.0,0.0,0.0,0.001,0.007,0.0,0.0,0.0,0.0,0.0,0.0
kampala_elegu,738,369.25,0.0,0.006,0.0,0.0,0.0,0.0,0.0,0.0,0.0,0.0,0.007,0.0,0.0,0.0,0.0,0.0,0.0,0.0
kampala_elegu,739,369.75,0.0,0.013,0.0,0.0,0.0,0.0,0.0,0.0,0.0,0.0,0.016,0.0,0.0,0.0,0.0,0.0,0.0,0.0
kampala_elegu,740,370.25,0.0,0.004,0.0,0.0,0.0,0.0,0.0,0.0,0.0,0.0,0.0,0.0,0.0,0.0,0.0,0.0,0.066,0.0
kampala_elegu,741,370.75,0.0,0.057,0.018,0.0,0.0,0.0,0.0,0.0,0.0,0.0,0.073,0.023,0.0,0.0,0.0,0.0,0.0,0.0
kampala_elegu,742,371.25,0.0,0.008,0.005,0.0,0.0,0.0,0.0,0.0,0.0,0.0,0.01,0.007,0.0,0.0,0.0,0.0,0.0,0.0
kampala_elegu,743,371.75,0.0,0.003,0.0,0.0,0.0,0.0,0.0,0.0,0.0,0.0,0.004,0.0,0.0,0.0,0.0,0.0,0.0,0.0
kampala_elegu,744,372.25,0.0,0.005,0.005,0.0,0.0,0.0,0.0,0.0,0.0,0.0,0.007,0.007,0.0,0.0,0.0,0.0,0.0,0.0
kampala_elegu,745,372.75,0.0,0.004,0.01,0.0,0.0,0.0,0.0,0.0,0.0,0.0,0.006,0.013,0.0,0.0,0.0,0.0,0.0,0.0
kampala_elegu,746,373.25,0.0,0.002,0.0,0.0,0.0,0.0,0.0,0.0,0.0,0.0,0.002,0.0,0.0,0.0,0.0,0.0,0.0,0.0
kampala_elegu,747,373.75,0.0,0.023,0.005,0.0,0.0,0.0,0.0,0.0,0.0,0.0,0.029,0.007,0.0,0.0,0.0,0.0,0.0,0.0
kampala_elegu,748,374.25,0.0,0.033,0.017,0.0,0.0,0.0,0.0,0.0,0.0,0.0,0.042,0.022,0.0,0.0,0.0,0.0,0.0,0.0
kampala_elegu,749,374.75,0.0,0.018,0.005,0.0,0.0,0.0,0.0,0.0,0.0,0.0,0.023,0.007,0.0,0.0,0.0,0.0,0.0,0.0
kampala_elegu,750,375.25,0.0,0.006,0.0,0.0,0.0,0.0,0.0,0.0,0.0,0.0,0.008,0.0,0.0,0.0,0.0,0.0,0.0,0.0
kampala_elegu,751,375.75,0.0,0.004,0.0,0.0,0.0,0.0,0.0,0.0,0.0,0.0,0.005,0.0,0.0,0.0,0.0,0.0,0.0,0.0
kampala_elegu,752,376.25,0.0,0.005,0.005,0.0,0.0,0.0,0.0,0.0,0.0,0.0,0.006,0.007,0.0,0.0,0.0,0.0,0.0,0.0
kampala_elegu,753,376.75,0.0,0.009,0.005,0.0,0.0,0.0,0.0,0.0,0.0,0.0,0.011,0.007,0.0,0.0,0.0,0.0,0.0,0.0
kampala_elegu,754,377.25,0.0,0.019,0.005,0.0,0.0,0.0,0.0,0.0,0.0,0.0,0.025,0.007,0.0,0.0,0.0,0.0,0.0,0.0
kampala_elegu,755,377.75,0.0,0.001,0.005,0.0,0.0,0.0,0.0,0.0,0.0,0.0,0.001,0.007,0.0,0.0,0.0,0.0,0.0,0.0
kampala_elegu,756,378.25,0.0,0.005,0.005,0.0,0.0,0.0,0.0,0.0,0.0,0.0,0.007,0.007,0.0,0.0,0.0,0.0,0.0,0.0
kampala_elegu,757,378.75,0.0,0.0,0.0,0.0,0.0,0.0,0.0,0.0,0.0,0.0,0.001,0.0,0.0,0.0,0.0,0.0,0.0,0.0
kampala_elegu,758,379.25,0.0,0.002,0.0,0.0,0.0,0.0,0.0,0.0,0.0,0.0,0.003,0.0,0.0,0.0,0.0,0.0,0.0,0.0
kampala_elegu,759,379.75,0.0,0.003,0.005,0.0,0.0,0.0,0.0,0.0,0.0,0.0,0.004,0.007,0.0,0.0,0.0,0.0,0.0,0.0
kampala_elegu,760,380.25,0.0,0.008,0.005,0.0,0.0,0.0,0.0,0.0,0.0,0.0,0.011,0.007,0.0,0.0,0.0,0.0,0.0,0.0
kampala_elegu,761,380.75,0.0,0.006,0.005,0.0,0.0,0.0,0.0,0.0,0.0,0.0,0.008,0.007,0.0,0.0,0.0,0.0,0.0,0.0
kampala_elegu,762,381.25,0.0,0.006,0.01,0.0,0.0,0.0,0.0,0.0,0.0,0.0,0.008,0.013,0.0,0.0,0.0,0.0,0.0,0.0
kampala_elegu,763,381.75,0.0,0.0,0.0,0.0,0.0,0.0,0.0,0.0,0.0,0.0,0.0,0.0,0.0,0.0,0.0,0.0,0.0,0.0
kampala_elegu,764,382.25,0.0,0.002,0.0,0.0,0.0,0.0,0.0,0.0,0.0,0.0,0.003,0.0,0.0,0.0,0.0,0.0,0.0,0.0
kampala_elegu,765,382.75,0.0,0.014,0.011,0.0,0.0,0.0,0.0,0.0,0.0,0.0,0.018,0.014,0.0,0.0,0.0,0.0,0.0,0.0
kampala_elegu,766,383.25,0.0,0.003,0.0,0.0,0.0,0.0,0.0,0.0,0.0,0.0,0.004,0.0,0.0,0.0,0.0,0.0,0.0,0.0
kampala_elegu,767,383.75,0.0,0.008,0.0,0.0,0.0,0.0,0.0,0.0,0.0,0.0,0.011,0.0,0.0,0.0,0.0,0.0,0.0,0.0
kampala_elegu,768,384.25,0.0,0.006,0.0,0.0,0.0,0.0,0.0,0.0,0.0,0.0,0.008,0.0,0.0,0.0,0.0,0.0,0.0,0.0
kampala_elegu,769,384.75,0.0,0.008,0.0,0.0,0.0,0.0,0.0,0.0,0.0,0.0,0.01,0.0,0.0,0.0,0.0,0.0,0.0,0.0
kampala_elegu,770,385.25,0.0,0.018,0.011,0.0,0.0,0.0,0.0,0.0,0.0,0.0,0.023,0.014,0.0,0.0,0.0,0.0,0.0,0.0
kampala_elegu,771,385.75,0.0,0.002,0.0,0.0,0.0,0.0,0.0,0.0,0.0,0.0,0.003,0.0,0.0,0.0,0.0,0.0,0.0,0.0
kampala_elegu,772,386.25,0.0,0.0,0.0,0.0,0.0,0.0,0.0,0.0,0.0,0.0,0.0,0.0,0.0,0.0,0.0,0.0,0.0,0.0
kampala_elegu,773,386.75,0.0,0.0,0.005,0.0,0.0,0.0,0.0,0.0,0.0,0.0,0.0,0.007,0.0,0.0,0.0,0.0,0.0,0.0
kampala_elegu,774,387.25,0.0,0.002,0.0,0.0,0.0,0.0,0.0,0.0,0.0,0.0,0.003,0.0,0.0,0.0,0.0,0.0,0.0,0.0
kampala_elegu,775,387.75,0.0,0.011,0.0,0.0,0.0,0.0,0.0,0.0,0.0,0.0,0.014,0.0,0.0,0.0,0.0,0.0,0.0,0.0
kampala_elegu,776,388.25,0.0,0.009,0.005,0.0,0.0,0.0,0.0,0.0,0.0,0.0,0.0,0.0,0.0,0.0,0.0,0.0,0.027,0.0
kampala_elegu,777,388.75,0.0,0.009,0.011,0.0,0.0,0.0,0.0,0.0,0.0,0.0,0.007,0.007,0.0,0.0,0.0,0.0,0.0,0.0
kampala_elegu,778,389.25,0.0,0.012,0.011,0.0,0.0,0.0,0.0,0.0,0.0,0.0,0.015,0.014,0.0,0.0,0.0,0.0,0.0,0.0
kampala_elegu,779,389.75,0.0,0.011,0.0,0.0,0.0,0.0,0.0,0.0,0.0,0.0,0.014,0.0,0.0,0.0,0.0,0.0,0.0,0.0
kampala_elegu,780,390.25,0.0,0.016,0.011,0.0,0.0,0.0,0.0,0.0,0.0,0.0,0.02,0.014,0.0,0.0,0.0,0.0,0.0,0.0
kampala_elegu,781,390.75,0.0,0.03,0.006,0.0,0.0,0.0,0.0,0.0,0.0,0.0,0.039,0.007,0.0,0.0,0.0,0.0,0.0,0.0
kampala_elegu,782,391.25,0.0,0.009,0.005,0.0,0.0,0.0,0.0,0.0,0.0,0.0,0.011,0.007,0.0,0.0,0.0,0.0,0.0,0.0
kampala_elegu,783,391.75,0.0,0.038,0.0,0.0,0.0,0.0,0.0,0.0,0.0,0.0,0.048,0.0,0.0,0.0,0.0,0.0,0.0,0.0
kampala_elegu,784,392.25,0.0,0.051,0.031,0.0,0.0,0.0,0.0,0.0,0.0,0.0,0.065,0.04,0.0,0.0,0.0,0.0,0.0,0.0
kampala_elegu,785,392.75,0.0,0.029,0.0,0.0,0.0,0.0,0.0,0.0,0.0,0.0,0.037,0.0,0.0,0.0,0.0,0.0,0.0,0.0
kampala_elegu,786,393.25,0.0,0.064,0.006,0.0,0.0,0.0,0.0,0.0,0.0,0.0,0.083,0.008,0.0,0.0,0.0,0.0,0.0,0.0
kampala_elegu,787,393.75,0.069,0.0,0.0,0.0,0.133,0.0,0.0,0.0,0.0,0.0,0.083,0.031,0.0,0.2,0.0,0.0,0.0,0.0
kampala_elegu,788,394.25,0.083,0.0,0.0,0.0,0.133,0.0,0.0,0.0,0.0,0.0,0.065,0.03,0.0,0.2,0.0,0.0,0.0,0.0
kampala_elegu,789,394.75,0.0,0.059,0.012,0.0,0.0,0.0,0.0,0.0,0.0,0.0,0.075,0.016,0.0,0.0,0.0,0.0,0.0,0.0
kampala_elegu,790,395.25,0.0,0.034,0.011,0.0,0.0,0.0,0.0,0.0,0.0,0.0,0.044,0.015,0.0,0.0,0.0,0.0,0.0,0.0
kampala_elegu,791,395.75,0.0,0.008,0.005,0.0,0.0,0.0,0.0,0.0,0.0,0.0,0.01,0.007,0.0,0.0,0.0,0.0,0.0,0.0
kampala_elegu,792,396.25,0.0,0.008,0.028,0.0,0.0,0.0,0.0,0.0,0.0,0.0,0.01,0.035,0.0,0.0,0.0,0.0,0.0,0.0
kampala_elegu,793,396.75,0.0,0.012,0.016,0.0,0.0,0.0,0.0,0.0,0.0,0.0,0.015,0.021,0.0,0.0,0.0,0.0,0.0,0.0
kampala_elegu,794,397.25,0.0,0.026,0.005,0.0,0.0,0.0,0.0,0.0,0.0,0.0,0.034,0.007,0.0,0.0,0.0,0.0,0.0,0.0
kampala_elegu,795,397.75,0.0,0.016,0.022,0.0,0.0,0.0,0.0,0.0,0.0,0.0,0.021,0.029,0.0,0.0,0.0,0.0,0.0,0.0
kampala_elegu,796,398.25,0.0,0.012,0.028,0.0,0.0,0.0,0.0,0.0,0.0,0.0,0.015,0.036,0.0,0.0,0.0,0.0,0.0,0.0
kampala_elegu,797,398.75,0.0,0.023,0.023,0.0,0.0,0.0,0.0,0.0,0.0,0.0,0.029,0.029,0.0,0.0,0.0,0.0,0.0,0.0
kampala_elegu,798,399.25,0.0,0.009,0.005,0.0,0.0,0.0,0.0,0.0,0.0,0.0,0.012,0.007,0.0,0.0,0.0,0.0,0.0,0.0
kampala_elegu,799,399.75,0.0,0.008,0.0,0.0,0.0,0.0,0.0,0.0,0.0,0.0,0.011,0.0,0.0,0.0,0.0,0.0,0.0,0.0
kampala_elegu,800,400.25,0.0,0.006,0.0,0.0,0.0,0.0,0.0,0.0,0.0,0.0,0.007,0.0,0.0,0.0,0.0,0.0,0.0,0.0
kampala_elegu,801,400.75,0.0,0.003,0.0,0.0,0.0,0.0,0.0,0.0,0.0,0.0,0.004,0.0,0.0,0.0,0.0,0.0,0.0,0.0
kampala_elegu,802,401.25,0.0,0.022,0.0,0.0,0.0,0.0,0.0,0.0,0.0,0.0,0.028,0.0,0.0,0.0,0.0,0.0,0.0,0.0
kampala_elegu,803,401.75,0.0,0.024,0.011,0.0,0.0,0.0,0.0,0.0,0.0,0.0,0.031,0.014,0.0,0.0,0.0,0.0,0.0,0.0
kampala_elegu,804,402.25,0.0,0.011,0.0,0.0,0.0,0.0,0.0,0.0,0.0,0.0,0.014,0.0,0.0,0.0,0.0,0.0,0.0,0.0
kampala_elegu,805,402.75,0.0,0.008,0.0,0.0,0.0,0.0,0.0,0.0,0.0,0.0,0.011,0.0,0.0,0.0,0.0,0.0,0.0,0.0
kampala_elegu,806,403.25,0.0,0.008,0.005,0.0,0.0,0.0,0.0,0.0,0.0,0.0,0.011,0.007,0.0,0.0,0.0,0.0,0.0,0.0
kampala_elegu,807,403.75,0.0,0.02,0.005,0.0,0.0,0.0,0.0,0.0,0.0,0.0,0.025,0.007,0.0,0.0,0.0,0.0,0.0,0.0
kampala_elegu,808,404.25,0.0,0.056,0.012,0.0,0.0,0.0,0.0,0.0,0.0,0.0,0.072,0.015,0.0,0.0,0.0,0.0,0.0,0.0
kampala_elegu,809,404.75,0.0,0.026,0.011,0.0,0.0,0.0,0.0,0.0,0.0,0.0,0.033,0.014,0.0,0.0,0.0,0.0,0.0,0.0
kampala_elegu,810,405.25,0.0,0.006,0.005,0.0,0.0,0.0,0.0,0.0,0.0,0.0,0.008,0.007,0.0,0.0,0.0,0.0,0.0,0.0
kampala_elegu,811,405.75,0.0,0.009,0.011,0.0,0.0,0.0,0.0,0.0,0.0,0.0,0.011,0.014,0.0,0.0,0.0,0.0,0.0,0.0
kampala_elegu,812,406.25,0.0,0.003,0.0,0.0,0.0,0.0,0.0,0.0,0.0,0.0,0.004,0.0,0.0,0.0,0.0,0.0,0.0,0.0
kampala_elegu,813,406.75,0.0,0.0,0.0,0.0,0.0,0.0,0.0,0.0,0.0,0.0,0.0,0.0,0.0,0.0,0.0,0.0,0.0,0.0
kampala_elegu,814,407.25,0.0,0.003,0.0,0.0,0.0,0.0,0.0,0.0,0.0,0.0,0.004,0.0,0.0,0.0,0.0,0.0,0.0,0.0
kampala_elegu,815,407.75,0.0,0.004,0.0,0.0,0.0,0.0,0.0,0.0,0.0,0.0,0.005,0.0,0.0,0.0,0.0,0.0,0.0,0.0
kampala_elegu,816,408.25,0.0,0.001,0.0,0.0,0.0,0.0,0.0,0.0,0.0,0.0,0.002,0.0,0.0,0.0,0.0,0.0,0.0,0.0
kampala_elegu,817,408.75,0.0,0.0,0.0,0.0,0.0,0.0,0.0,0.0,0.0,0.0,0.0,0.0,0.0,0.0,0.0,0.0,0.0,0.0
kampala_elegu,818,409.25,0.0,0.001,0.01,0.0,0.0,0.0,0.0,0.0,0.0,0.0,0.002,0.013,0.0,0.0,0.0,0.0,0.0,0.0
kampala_elegu,819,409.75,0.0,0.002,0.0,0.0,0.0,0.0,0.0,0.0,0.0,0.0,0.003,0.0,0.0,0.0,0.0,0.0,0.0,0.0
kampala_elegu,820,410.25,0.0,0.001,0.0,0.0,0.0,0.0,0.0,0.0,0.0,0.0,0.002,0.0,0.0,0.0,0.0,0.0,0.0,0.0
kampala_elegu,821,410.75,0.0,0.0,0.0,0.0,0.0,0.0,0.0,0.0,0.0,0.0,0.0,0.0,0.0,0.0,0.0,0.0,0.0,0.0
kampala_elegu,822,411.25,0.0,0.0,0.0,0.0,0.0,0.0,0.0,0.0,0.0,0.0,0.0,0.0,0.0,0.0,0.0,0.0,0.0,0.0
kampala_elegu,823,411.75,0.0,0.0,0.0,0.0,0.0,0.0,0.0,0.0,0.0,0.0,0.0,0.0,0.0,0.0,0.0,0.0,0.0,0.0
kampala_elegu,824,412.25,0.0,0.0,0.0,0.0,0.0,0.0,0.0,0.0,0.0,0.0,0.0,0.0,0.0,0.0,0.0,0.0,0.0,0.0
kampala_elegu,825,412.75,0.0,0.001,0.005,0.0,0.0,0.0,0.0,0.0,0.0,0.0,0.001,0.007,0.0,0.0,0.0,0.0,0.0,0.0
kampala_elegu,826,413.25,0.0,0.0,0.01,0.0,0.0,0.0,0.0,0.0,0.0,0.0,0.001,0.013,0.0,0.0,0.0,0.0,0.0,0.0
kampala_elegu,827,413.75,0.0,0.0,0.0,0.083,0.0,0.0,0.0,0.0,0.0,0.0,0.0,0.0,0.083,0.0,0.0,0.0,0.0,0.0
kampala_elegu,828,414.25,0.0,0.0,0.005,0.0,0.0,0.0,0.0,0.0,0.0,0.0,0.0,0.007,0.0,0.0,0.0,0.0,0.0,0.0
kampala_elegu,829,414.75,0.0,0.0,0.016,0.0,0.0,0.0,0.0,0.0,0.0,0.0,0.0,0.02,0.0,0.0,0.0,0.0,0.0,0.0
kampala_elegu,830,415.25,0.0,0.0,0.016,0.0,0.0,0.0,0.0,0.0,0.0,0.0,0.0,0.02,0.0,0.0,0.0,0.0,0.0,0.0
kampala_elegu,831,415.75,0.0,0.001,0.01,0.0,0.0,0.0,0.0,0.0,0.0,0.0,0.002,0.013,0.0,0.0,0.0,0.0,0.0,0.0
kampala_elegu,832,416.25,0.0,0.0,0.016,0.0,0.0,0.0,0.0,0.0,0.0,0.0,0.0,0.02,0.0,0.0,0.0,0.0,0.0,0.0
kampala_elegu,833,416.75,0.0,0.001,0.005,0.0,0.0,0.0,0.0,0.0,0.0,0.0,0.001,0.007,0.0,0.0,0.0,0.0,0.0,0.0
kampala_elegu,834,417.25,0.0,0.002,0.005,0.0,0.0,0.0,0.0,0.0,0.0,0.0,0.003,0.007,0.0,0.0,0.0,0.0,0.0,0.0
kampala_elegu,835,417.75,0.0,0.0,0.0,0.0,0.0,0.0,0.0,0.0,0.0,0.0,0.0,0.0,0.0,0.0,0.0,0.0,0.0,0.0
kampala_elegu,836,418.25,0.0,0.001,0.01,0.0,0.0,0.0,0.0,0.0,0.0,0.0,0.001,0.013,0.0,0.0,0.0,0.0,0.0,0.0
kampala_elegu,837,418.75,0.0,0.012,0.005,0.0,0.0,0.0,0.0,0.0,0.0,0.0,0.016,0.007,0.0,0.0,0.0,0.0,0.0,0.0
kampala_elegu,838,419.25,0.165,0.0,0.0,0.0,0.133,0.0,0.0,0.0,0.0,0.041,0.0,0.0,0.0,0.2,0.0,0.0,0.0,0.0
kampala_elegu,839,419.75,0.0,0.02,0.041,0.0,0.0,0.0,0.0,0.0,0.0,0.0,0.025,0.053,0.0,0.0,0.0,0.0,0.0,0.0
kampala_elegu,840,420.25,0.0,0.0,0.0,0.0,0.0,0.0,0.0,0.0,0.0,0.0,0.0,0.0,0.0,0.0,0.0,0.0,0.0,0.0
kampala_elegu,841,420.75,0.0,0.0,0.01,0.0,0.0,0.0,0.0,0.0,0.0,0.0,0.0,0.013,0.0,0.0,0.0,0.0,0.0,0.0
kampala_elegu,842,421.25,0.0,0.0,0.0,0.0,0.0,0.0,0.0,0.0,0.0,0.0,0.0,0.0,0.0,0.0,0.0,0.0,0.0,0.0
kampala_elegu,843,421.75,0.0,0.009,0.028,0.0,0.0,0.0,0.0,0.0,0.0,0.0,0.011,0.036,0.0,0.0,0.0,0.0,0.0,0.0
kampala_elegu,844,422.25,0.0,0.008,0.022,0.0,0.0,0.0,0.0,0.0,0.0,0.0,0.011,0.028,0.0,0.0,0.0,0.0,0.0,0.0
kampala_elegu,845,422.75,0.0,0.013,0.0,0.0,0.0,0.0,0.0,0.0,0.0,0.0,0.017,0.0,0.0,0.0,0.0,0.0,0.0,0.0
kampala_elegu,846,423.25,0.0,0.05,0.0,0.0,0.0,0.0,0.0,0.0,0.0,0.0,0.064,0.0,0.0,0.0,0.0,0.0,0.0,0.0
kampala_elegu,847,423.75,0.0,0.049,0.0,0.0,0.0,0.0,0.0,0.0,0.0,0.0,0.063,0.0,0.0,0.0,0.0,0.0,0.0,0.0
kampala_elegu,848,424.25,0.0,0.025,0.011,0.0,0.0,0.0,0.0,0.0,0.0,0.0,0.032,0.014,0.0,0.0,0.0,0.0,0.0,0.0
kampala_elegu,849,424.75,0.0,0.004,0.022,0.0,0.0,0.0,0.0,0.0,0.0,0.0,0.005,0.028,0.0,0.0,0.0,0.0,0.0,0.0
kampala_elegu,850,425.25,0.0,0.007,0.011,0.0,0.0,0.0,0.0,0.0,0.0,0.0,0.009,0.014,0.0,0.0,0.0,0.0,0.0,0.0
kampala_elegu,851,425.75,0.0,0.006,0.0,0.0,0.0,0.0,0.0,0.0,0.0,0.0,0.008,0.0,0.0,0.0,0.0,0.0,0.0,0.0
kampala_elegu,852,426.25,0.0,0.001,0.005,0.0,0.0,0.0,0.0,0.0,0.0,0.0,0.002,0.007,0.0,0.0,0.0,0.0,0.0,0.0
kampala_elegu,853,426.75,0.0,0.0,0.005,0.0,0.0,0.0,0.0,0.0,0.0,0.0,0.001,0.007,0.0,0.0,0.0,0.0,0.0,0.0
kampala_elegu,854,427.25,0.0,0.001,0.021,0.0,0.0,0.0,0.0,0.0,0.0,0.0,0.002,0.027,0.0,0.0,0.0,0.0,0.0,0.0
kampala_elegu,855,427.75,0.0,0.001,0.021,0.0,0.0,0.0,0.0,0.0,0.0,0.0,0.002,0.027,0.0,0.0,0.0,0.0,0.0,0.0
kampala_elegu,856,428.25,0.0,0.004,0.0,0.0,0.0,0.0,0.0,0.0,0.0,0.0,0.005,0.0,0.0,0.0,0.0,0.0,0.0,0.0
kampala_elegu,857,428.75,0.0,0.043,0.012,0.0,0.0,0.0,0.0,0.0,0.0,0.0,0.055,0.015,0.0,0.0,0.0,0.0,0.0,0.0
kampala_elegu,858,429.25,0.0,0.179,0.0,0.0,0.0,0.0,0.0,0.0,0.0,0.0,0.231,0.0,0.0,0.0,0.0,0.0,0.0,0.0
kampala_elegu,859,429.75,0.071,0.0,0.0,0.0,0.133,0.333,0.0,0.0,0.0,0.0,0.08,0.02,0.0,0.2,2.0,0.0,0.0,0.0
kampala_elegu,860,430.25,0.0,0.064,0.025,0.0,0.0,0.0,0.0,0.0,0.0,0.0,0.082,0.032,0.0,0.0,0.0,0.0,0.0,0.0
kampala_elegu,861,430.65911696159094,0.0,0.117,0.043,0.0,0.0,0.167,0.0,0.0,0.0,0.0,0.15,0.056,0.0,0.0,1.0,0.0,0.0,0.0
kampala_hoima,0,0.25,0.0,0.003,0.003,0.0,0.133,0.0,0.0,0.0,0.0,0.0,0.176,0.116,0.0,0.2,0.0,0.0,0.0,0.0
kampala_hoima,1,0.75,0.007,0.0,0.0,0.0,0.133,0.0,0.0,0.0,0.0,0.0,0.162,0.103,0.0,0.2,0.0,0.0,0.0,0.0
kampala_hoima,2,1.25,0.0,0.003,0.003,0.0,0.133,0.0,0.0,0.0,0.0,0.0,0.176,0.116,0.0,0.2,0.0,0.0,0.0,0.0
kampala_hoima,3,1.75,0.196,0.0,0.0,0.0,0.133,0.0,0.0,0.0,0.0,0.023,0.0,0.0,0.0,0.2,0.0,0.0,0.0,0.0
kampala_hoima,4,2.25,0.0,0.003,0.003,0.0,0.133,0.0,0.0,0.0,0.0,0.0,0.102,0.102,0.0,0.2,0.0,0.0,0.0,0.0
kampala_hoima,5,2.75,0.027,0.0,0.0,0.0,0.133,0.0,0.0,0.0,0.0,0.0,0.0,0.0,0.0,0.2,0.0,0.0,0.186,0.0
kampala_hoima,6,3.25,0.0,0.003,0.003,0.0,0.133,0.0,0.0,0.0,0.0,0.0,0.176,0.116,0.0,0.2,0.0,0.0,0.0,0.0
kampala_hoima,7,3.75,0.017,0.0,0.0,0.0,0.133,0.0,0.0,0.0,0.0,0.0,0.149,0.09,0.0,0.2,0.0,0.0,0.0,0.0
kampala_hoima,8,4.25,0.0,0.003,0.003,0.0,0.133,0.167,0.0,0.0,0.0,0.0,0.176,0.116,0.0,0.2,1.0,0.0,0.0,0.0
kampala_hoima,9,4.75,0.017,0.0,0.0,0.0,0.133,0.0,0.0,0.0,0.0,0.0,0.149,0.09,0.0,0.2,0.0,0.0,0.0,0.0
kampala_hoima,10,5.25,0.027,0.0,0.0,0.0,0.133,0.0,0.0,0.0,0.0,0.0,0.137,0.077,0.0,0.2,0.0,0.0,0.0,0.0
kampala_hoima,11,5.75,0.017,0.0,0.0,0.0,0.133,0.0,0.0,0.0,0.0,0.0,0.149,0.09,0.0,0.2,0.0,0.0,0.0,0.0
kampala_hoima,12,6.25,0.007,0.0,0.0,0.083,0.133,0.167,0.0,0.0,0.0,0.0,0.162,0.103,0.083,0.2,1.0,0.0,0.0,0.0
kampala_hoima,13,6.75,0.017,0.0,0.0,0.0,0.133,0.0,0.0,0.0,0.0,0.0,0.149,0.09,0.0,0.2,0.0,0.0,0.0,0.0
kampala_hoima,14,7.25,0.036,0.0,0.0,0.0,0.133,0.0,0.0,0.0,0.0,0.0,0.125,0.065,0.0,0.2,0.0,0.0,0.0,0.0
kampala_hoima,15,7.75,0.0,0.16,0.065,0.0,0.0,0.167,0.0,0.0,0.0,0.0,0.0,0.0,0.0,0.0,1.0,0.0,0.109,0.0
kampala_hoima,16,8.25,0.0,0.003,0.003,0.0,0.133,0.0,0.0,0.0,0.0,0.0,0.176,0.116,0.0,0.2,0.0,0.0,0.0,0.0
kampala_hoima,17,8.75,0.0,0.074,0.006,0.0,0.0,0.0,0.0,0.0,0.0,0.0,0.095,0.008,0.0,0.0,0.0,0.0,0.0,0.0
kampala_hoima,18,9.25,0.0,0.188,0.024,0.0,0.0,0.0,0.0,0.0,0.0,0.0,0.013,0.013,0.0,0.0,0.0,0.0,0.0,0.0
kampala_hoima,19,9.75,0.0,0.197,0.051,0.0,0.0,0.0,0.0,0.0,0.0,0.0,0.254,0.065,0.0,0.0,0.0,0.0,0.0,0.0
kampala_hoima,20,10.25,0.0,0.191,0.033,0.0,0.0,0.0,0.0,0.0,0.0,0.0,0.245,0.042,0.0,0.0,0.0,0.0,0.0,0.0
kampala_hoima,21,10.75,0.063,0.0,0.0,0.0,0.133,0.0,0.0,0.0,0.0,0.0,0.09,0.031,0.0,0.2,0.0,0.0,0.0,0.0
kampala_hoima,22,11.25,0.054,0.0,0.0,0.0,0.133,0.0,0.0,0.0,0.0,0.0,0.0,0.0,0.0,0.2,0.0,0.0,0.14,0.0
kampala_hoima,23,11.75,0.046,0.0,0.0,0.0,0.133,0.0,0.0,0.0,0.0,0.0,0.113,0.053,0.0,0.2,0.0,0.0,0.0,0.0
kampala_hoima,24,12.25,0.0,0.194,0.042,0.0,0.0,0.0,0.0,0.0,0.0,0.0,0.249,0.053,0.0,0.0,0.0,0.0,0.0,0.0
kampala_hoima,25,12.75,0.0,0.155,0.015,0.0,0.0,0.0,0.0,0.0,0.0,0.0,0.199,0.019,0.0,0.0,0.0,0.0,0.0,0.0
kampala_hoima,26,13.25,0.0,0.115,0.036,0.0,0.0,0.0,0.0,0.0,0.0,0.0,0.0,0.0,0.0,0.0,0.0,0.0,0.253,0.0
kampala_hoima,27,13.75,0.0,0.194,0.042,0.0,0.0,0.0,0.0,0.0,0.0,0.0,0.201,0.053,0.0,0.0,0.0,0.0,0.0,0.0
kampala_hoima,28,14.25,0.0,0.194,0.042,0.0,0.0,0.0,0.0,0.0,0.0,0.0,0.249,0.053,0.0,0.0,0.0,0.0,0.0,0.0
kampala_hoima,29,14.75,0.0,0.038,0.006,0.0,0.0,0.0,0.0,0.0,0.0,0.0,0.0,0.0,0.0,0.0,0.0,0.0,0.014,0.0
kampala_hoima,30,15.25,0.0,0.185,0.016,0.0,0.0,0.0,0.0,0.0,0.0,0.0,0.062,0.02,0.0,0.0,0.0,0.0,0.0,0.0
kampala_hoima,31,15.75,0.0,0.188,0.024,0.0,0.0,0.0,0.0,0.0,0.0,0.0,0.156,0.031,0.0,0.0,0.0,0.0,0.0,0.0
kampala_hoima,32,16.25,0.0,0.142,0.046,0.0,0.0,0.0,0.0,0.0,0.0,0.0,0.182,0.059,0.0,0.0,0.0,0.0,0.0,0.0
kampala_hoima,33,16.75,0.0,0.054,0.018,0.0,0.0,0.0,0.0,0.0,0.0,0.0,0.069,0.023,0.0,0.0,0.0,0.0,0.0,0.0
kampala_hoima,34,17.25,0.0,0.054,0.025,0.0,0.0,0.0,0.0,0.0,0.0,0.0,0.069,0.032,0.0,0.0,0.0,0.0,0.0,0.0
kampala_hoima,35,17.75,0.0,0.099,0.013,0.0,0.0,0.0,0.0,0.0,0.0,0.0,0.127,0.017,0.0,0.0,0.0,0.0,0.0,0.0
kampala_hoima,36,18.25,0.0,0.012,0.0,0.0,0.0,0.0,0.0,0.0,0.0,0.0,0.015,0.0,0.0,0.0,0.0,0.0,0.0,0.0
kampala_hoima,37,18.75,0.0,0.018,0.005,0.0,0.0,0.0,0.0,0.0,0.0,0.0,0.0,0.0,0.0,0.0,0.0,0.0,0.433,0.0
kampala_hoima,38,19.25,0.0,0.148,0.007,0.0,0.0,0.0,0.0,0.0,0.0,0.0,0.19,0.009,0.0,0.0,0.0,0.0,0.0,0.0
kampala_hoima,39,19.75,0.0,0.191,0.033,0.0,0.0,0.0,0.0,0.0,0.0,0.0,0.217,0.042,0.0,0.0,0.0,0.0,0.0,0.0
kampala_hoima,40,20.25,0.0,0.188,0.024,0.0,0.0,0.0,0.0,0.0,0.0,0.0,0.242,0.031,0.0,0.0,0.0,0.0,0.0,0.0
kampala_hoima,41,20.75,0.0,0.104,0.035,0.0,0.0,0.0,0.0,0.0,0.0,0.0,0.062,0.045,0.0,0.0,0.0,0.0,0.0,0.0
kampala_hoima,42,21.25,0.0,0.124,0.007,0.0,0.0,0.0,0.0,0.0,0.0,0.0,0.16,0.009,0.0,0.0,0.0,0.0,0.0,0.0
kampala_hoima,43,21.75,0.046,0.0,0.0,0.0,0.133,0.0,0.0,0.0,0.0,0.0,0.113,0.053,0.0,0.2,0.0,0.0,0.0,0.0
kampala_hoima,44,22.25,0.0,0.197,0.051,0.0,0.0,0.0,0.0,0.0,0.0,0.0,0.254,0.065,0.0,0.0,0.0,0.0,0.0,0.0
kampala_hoima,45,22.75,0.0,0.061,0.012,0.0,0.0,0.0,0.0,0.0,0.0,0.0,0.0,0.0,0.0,0.0,0.0,0.0,0.038,0.0
kampala_hoima,46,23.25,0.0,0.068,0.019,0.0,0.0,0.0,0.0,0.0,0.0,0.0,0.047,0.024,0.0,0.0,0.0,0.0,0.0,0.0
kampala_hoima,47,23.75,0.0,0.107,0.021,0.0,0.0,0.0,0.0,0.0,0.0,0.0,0.137,0.026,0.0,0.0,0.0,0.0,0.0,0.0
kampala_hoima,48,24.25,0.0,0.135,0.022,0.0,0.0,0.0,0.0,0.0,0.0,0.0,0.174,0.028,0.0,0.0,0.0,0.0,0.0,0.0
kampala_hoima,49,24.75,0.0,0.111,0.014,0.0,0.0,0.0,0.0,0.0,0.0,0.0,0.142,0.018,0.0,0.0,0.0,0.0,0.0,0.0
kampala_hoima,50,25.25,0.0,0.142,0.007,0.0,0.0,0.0,0.0,0.0,0.0,0.0,0.182,0.009,0.0,0.0,0.0,0.0,0.0,0.0
kampala_hoima,51,25.75,0.0,0.048,0.006,0.0,0.0,0.0,0.0,0.0,0.0,0.0,0.061,0.007,0.0,0.0,0.0,0.0,0.0,0.0
kampala_hoima,52,26.25,0.0,0.156,0.007,0.0,0.0,0.0,0.0,0.0,0.0,0.0,0.114,0.01,0.0,0.0,0.0,0.0,0.0,0.0
kampala_hoima,53,26.75,0.0,0.188,0.024,0.0,0.0,0.0,0.0,0.0,0.0,0.0,0.037,0.031,0.0,0.0,0.0,0.0,0.0,0.0
kampala_hoima,54,27.25,0.0,0.052,0.012,0.0,0.0,0.0,0.0,0.0,0.0,0.0,0.067,0.015,0.0,0.0,0.0,0.0,0.0,0.0
kampala_hoima,55,27.75,0.0,0.066,0.0,0.0,0.0,0.0,0.0,0.0,0.0,0.0,0.085,0.0,0.0,0.0,0.0,0.0,0.0,0.0
kampala_hoima,56,28.25,0.0,0.032,0.006,0.0,0.0,0.0,0.0,0.0,0.0,0.0,0.041,0.007,0.0,0.0,0.0,0.0,0.0,0.0
kampala_hoima,57,28.75,0.0,0.013,0.005,0.0,0.0,0.0,0.0,0.0,0.0,0.0,0.017,0.007,0.0,0.0,0.0,0.0,0.0,0.0
kampala_hoima,58,29.25,0.0,0.065,0.0,0.0,0.0,0.0,0.0,0.0,0.0,0.0,0.0,0.0,0.0,0.0,0.0,0.0,0.306,0.0
kampala_hoima,59,29.75,0.0,0.188,0.024,0.0,0.0,0.0,0.0,0.0,0.0,0.0,0.242,0.031,0.0,0.0,0.0,0.0,0.0,0.0
kampala_hoima,60,30.25,0.0,0.128,0.014,0.0,0.0,0.0,0.0,0.0,0.0,0.0,0.165,0.018,0.0,0.0,0.0,0.0,0.0,0.0
kampala_hoima,61,30.75,0.0,0.114,0.0,0.0,0.0,0.0,0.0,0.0,0.0,0.0,0.128,0.0,0.0,0.0,0.0,0.0,0.0,0.0
kampala_hoima,62,31.25,0.0,0.14,0.03,0.0,0.0,0.0,0.0,0.0,0.0,0.0,0.179,0.038,0.0,0.0,0.0,0.0,0.0,0.0
kampala_hoima,63,31.75,0.0,0.194,0.042,0.0,0.0,0.0,0.0,0.0,0.0,0.0,0.249,0.053,0.0,0.0,0.0,0.0,0.0,0.0
kampala_hoima,64,32.25,0.0,0.185,0.016,0.0,0.0,0.0,0.0,0.0,0.0,0.0,0.238,0.02,0.0,0.0,0.0,0.0,0.0,0.0
kampala_hoima,65,32.75,0.0,0.055,0.012,0.0,0.0,0.0,0.0,0.0,0.0,0.0,0.071,0.015,0.0,0.0,0.0,0.0,0.0,0.0
kampala_hoima,66,33.25,0.0,0.022,0.0,0.0,0.0,0.0,0.0,0.0,0.0,0.0,0.029,0.0,0.0,0.0,0.0,0.0,0.0,0.0
kampala_hoima,67,33.75,0.0,0.072,0.019,0.0,0.0,0.0,0.0,0.0,0.0,0.0,0.093,0.024,0.0,0.0,0.0,0.0,0.0,0.0
kampala_hoima,68,34.25,0.0,0.0,0.0,0.0,0.0,0.0,0.0,0.0,0.107,0.0,0.0,0.0,0.0,0.0,0.0,0.0,0.0,0.095
kampala_hoima,69,34.75,0.0,0.01,0.0,0.0,0.0,0.0,0.0,0.0,0.0,0.0,0.0,0.0,0.0,0.0,0.0,0.0,0.039,0.0
kampala_hoima,70,35.25,0.0,0.004,0.0,0.0,0.0,0.0,0.0,0.0,0.0,0.0,0.006,0.0,0.0,0.0,0.0,0.0,0.0,0.0
kampala_hoima,71,35.75,0.0,0.007,0.011,0.0,0.0,0.0,0.0,0.0,0.0,0.0,0.009,0.014,0.0,0.0,0.0,0.0,0.0,0.0
kampala_hoima,72,36.25,0.0,0.003,0.0,0.0,0.0,0.0,0.0,0.0,0.0,0.0,0.0,0.0,0.0,0.0,0.0,0.0,0.215,0.0
kampala_hoima,73,36.75,0.0,0.011,0.011,0.0,0.0,0.0,0.0,0.0,0.0,0.0,0.014,0.014,0.0,0.0,0.0,0.0,0.0,0.0
kampala_hoima,74,37.25,0.0,0.015,0.028,0.0,0.0,0.0,0.0,0.0,0.0,0.0,0.02,0.036,0.0,0.0,0.0,0.0,0.0,0.0
kampala_hoima,75,37.75,0.0,0.025,0.005,0.0,0.0,0.0,0.0,0.0,0.0,0.0,0.0,0.0,0.0,0.0,0.0,0.0,0.207,0.0
kampala_hoima,76,38.25,0.0,0.035,0.011,0.0,0.0,0.0,0.0,0.0,0.0,0.0,0.045,0.015,0.0,0.0,0.0,0.0,0.0,0.0
kampala_hoima,77,38.75,0.0,0.016,0.0,0.0,0.0,0.0,0.0,0.0,0.0,0.0,0.02,0.0,0.0,0.0,0.0,0.0,0.0,0.0
kampala_hoima,78,39.25,0.0,0.06,0.006,0.0,0.0,0.0,0.0,0.0,0.0,0.0,0.0,0.0,0.0,0.0,0.0,0.0,0.252,0.0
kampala_hoima,79,39.75,0.0,0.156,0.031,0.0,0.0,0.0,0.0,0.0,0.0,0.0,0.201,0.039,0.0,0.0,0.0,0.0,0.0,0.0
kampala_hoima,80,40.25,0.0,0.188,0.024,0.0,0.0,0.0,0.0,0.0,0.0,0.0,0.085,0.031,0.0,0.0,0.0,0.0,0.0,0.0
kampala_hoima,81,40.75,0.0,0.185,0.016,0.0,0.0,0.0,0.0,0.0,0.0,0.0,0.238,0.02,0.0,0.0,0.0,0.0,0.0,0.0
kampala_hoima,82,41.25,0.0,0.046,0.018,0.0,0.0,0.0,0.0,0.0,0.0,0.0,0.059,0.023,0.0,0.0,0.0,0.0,0.0,0.0
kampala_hoima,83,41.75,0.0,0.016,0.011,0.0,0.0,0.0,0.0,0.0,0.0,0.0,0.021,0.014,0.0,0.0,0.0,0.0,0.0,0.0
kampala_hoima,84,42.25,0.0,0.049,0.006,0.0,0.0,0.0,0.0,0.0,0.0,0.0,0.0,0.0,0.0,0.0,0.0,0.0,0.141,0.0
kampala_hoima,85,42.75,0.0,0.031,0.006,0.0,0.0,0.0,0.0,0.0,0.0,0.0,0.04,0.007,0.0,0.0,0.0,0.0,0.0,0.0
kampala_hoima,86,43.25,0.0,0.069,0.019,0.0,0.0,0.0,0.0,0.0,0.0,0.0,0.0,0.0,0.0,0.0,0.0,0.0,0.0,0.0
kampala_hoima,87,43.75,0.0,0.035,0.006,0.0,0.0,0.0,0.0,0.0,0.0,0.0,0.045,0.007,0.0,0.0,0.0,0.0,0.0,0.0
kampala_hoima,88,44.25,0.0,0.004,0.005,0.0,0.0,0.0,0.0,0.0,0.0,0.0,0.006,0.007,0.0,0.0,0.0,0.0,0.0,0.0
kampala_hoima,89,44.75,0.0,0.015,0.022,0.0,0.0,0.0,0.0,0.0,0.0,0.0,0.019,0.028,0.0,0.0,0.0,0.0,0.0,0.0
kampala_hoima,90,45.25,0.0,0.065,0.006,0.0,0.0,0.0,0.0,0.0,0.0,0.0,0.083,0.008,0.0,0.0,0.0,0.0,0.0,0.0
kampala_hoima,91,45.75,0.0,0.027,0.011,0.0,0.0,0.0,0.0,0.0,0.0,0.0,0.026,0.014,0.0,0.0,0.0,0.0,0.0,0.0
kampala_hoima,92,46.25,0.0,0.003,0.005,0.0,0.0,0.0,0.0,0.0,0.0,0.0,0.004,0.007,0.0,0.0,0.0,0.0,0.0,0.0
kampala_hoima,93,46.75,0.0,0.016,0.005,0.0,0.0,0.0,0.0,0.0,0.0,0.0,0.02,0.007,0.0,0.0,0.0,0.0,0.0,0.0
kampala_hoima,94,47.25,0.0,0.096,0.027,0.0,0.0,0.0,0.0,0.0,0.0,0.0,0.124,0.035,0.0,0.0,0.0,0.0,0.0,0.0
kampala_hoima,95,47.75,0.0,0.001,0.005,0.0,0.0,0.0,0.0,0.0,0.0,0.0,0.001,0.007,0.0,0.0,0.0,0.0,0.0,0.0
kampala_hoima,96,48.25,0.0,0.008,0.005,0.0,0.0,0.0,0.0,0.0,0.0,0.0,0.011,0.007,0.0,0.0,0.0,0.0,0.0,0.0
kampala_hoima,97,48.75,0.0,0.093,0.02,0.0,0.0,0.0,0.0,0.0,0.0,0.0,0.007,0.007,0.0,0.0,0.0,0.0,0.0,0.0
kampala_hoima,98,49.25,0.0,0.197,0.051,0.0,0.0,0.0,0.0,0.0,0.0,0.0,0.127,0.065,0.0,0.0,0.0,0.0,0.0,0.0
kampala_hoima,99,49.75,0.0,0.134,0.014,0.0,0.0,0.0,0.0,0.0,0.0,0.0,0.075,0.018,0.0,0.0,0.0,0.0,0.0,0.0
kampala_hoima,100,50.25,0.0,0.065,0.025,0.0,0.0,0.0,0.0,0.0,0.0,0.0,0.0,0.0,0.0,0.0,0.0,0.0,0.478,0.0
kampala_hoima,101,50.75,0.0,0.035,0.006,0.0,0.0,0.0,0.0,0.0,0.0,0.0,0.045,0.007,0.0,0.0,0.0,0.0,0.0,0.0
kampala_hoima,102,51.25,0.0,0.02,0.017,0.0,0.0,0.0,0.0,0.0,0.0,0.0,0.026,0.021,0.0,0.0,0.0,0.0,0.0,0.0
kampala_hoima,103,51.75,0.0,0.114,0.014,0.0,0.0,0.0,0.0,0.0,0.0,0.0,0.147,0.018,0.0,0.0,0.0,0.0,0.0,0.0
kampala_hoima,104,52.25,0.0,0.126,0.029,0.0,0.0,0.0,0.0,0.0,0.0,0.0,0.162,0.037,0.0,0.0,0.0,0.0,0.0,0.0
kampala_hoima,105,52.75,0.0,0.02,0.011,0.0,0.0,0.0,0.0,0.0,0.0,0.0,0.026,0.014,0.0,0.0,0.0,0.0,0.0,0.0
kampala_hoima,106,53.25,0.0,0.008,0.005,0.0,0.0,0.0,0.0,0.0,0.0,0.0,0.011,0.007,0.0,0.0,0.0,0.0,0.0,0.0
kampala_hoima,107,53.75,0.0,0.003,0.0,0.0,0.0,0.0,0.0,0.0,0.0,0.0,0.004,0.0,0.0,0.0,0.0,0.0,0.0,0.0
kampala_hoima,108,54.25,0.0,0.0,0.0,0.0,0.0,0.0,0.0,0.0,0.0,0.0,0.0,0.0,0.0,0.0,0.0,0.0,0.131,0.0
kampala_hoima,109,54.75,0.0,0.001,0.005,0.0,0.0,0.0,0.0,0.0,0.0,0.0,0.0,0.0,0.0,0.0,0.0,0.0,0.11,0.0
kampala_hoima,110,55.25,0.0,0.049,0.018,0.0,0.0,0.0,0.0,0.0,0.0,0.0,0.0,0.0,0.0,0.0,0.0,0.0,0.317,0.0
kampala_hoima,111,55.75,0.0,0.027,0.005,0.0,0.0,0.0,0.0,0.0,0.0,0.0,0.035,0.007,0.0,0.0,0.0,0.0,0.0,0.0
kampala_hoima,112,56.25,0.0,0.034,0.017,0.0,0.0,0.0,0.0,0.0,0.0,0.0,0.044,0.022,0.0,0.0,0.0,0.0,0.0,0.0
kampala_hoima,113,56.75,0.0,0.044,0.018,0.0,0.0,0.0,0.0,0.0,0.0,0.0,0.057,0.023,0.0,0.0,0.0,0.0,0.0,0.0
kampala_hoima,114,57.25,0.0,0.041,0.024,0.0,0.0,0.0,0.0,0.0,0.0,0.0,0.053,0.031,0.0,0.0,0.0,0.0,0.0,0.0
kampala_hoima,115,57.75,0.0,0.024,0.005,0.0,0.0,0.0,0.0,0.0,0.0,0.0,0.031,0.007,0.0,0.0,0.0,0.0,0.0,0.0
kampala_hoima,116,58.25,0.0,0.023,0.011,0.0,0.0,0.0,0.0,0.0,0.0,0.0,0.029,0.014,0.0,0.0,0.0,0.0,0.0,0.0
kampala_hoima,117,58.75,0.0,0.007,0.0,0.0,0.0,0.0,0.0,0.0,0.0,0.0,0.009,0.0,0.0,0.0,0.0,0.0,0.0,0.0
kampala_hoima,118,59.25,0.0,0.123,0.021,0.0,0.0,0.0,0.0,0.0,0.0,0.0,0.0,0.0,0.0,0.0,0.0,0.0,0.122,0.0
kampala_hoima,119,59.75,0.0,0.033,0.0,0.0,0.0,0.0,0.0,0.0,0.0,0.0,0.0,0.0,0.0,0.0,0.0,0.0,0.148,0.0
kampala_hoima,120,60.25,0.0,0.0,0.0,0.0,0.0,0.0,0.0,0.0,0.159,0.0,0.0,0.0,0.0,0.0,0.0,0.0,0.263,0.0
kampala_hoima,121,60.75,0.0,0.0,0.0,0.0,0.0,0.0,0.0,0.0,0.0,0.0,0.0,0.0,0.0,0.0,0.0,0.0,0.519,0.0
kampala_hoima,122,61.25,0.0,0.0,0.0,0.0,0.0,0.0,0.0,0.0,0.16,0.0,0.0,0.0,0.0,0.0,0.0,0.0,0.0,0.163
kampala_hoima,123,61.75,0.0,0.004,0.005,0.0,0.0,0.0,0.0,0.0,0.0,0.0,0.005,0.007,0.0,0.0,0.0,0.0,0.0,0.0
kampala_hoima,124,62.25,0.0,0.02,0.011,0.0,0.0,0.0,0.0,0.0,0.0,0.0,0.026,0.014,0.0,0.0,0.0,0.0,0.0,0.0
kampala_hoima,125,62.75,0.0,0.0,0.0,0.0,0.0,0.0,0.0,0.0,0.071,0.0,0.0,0.0,0.0,0.0,0.0,0.0,0.004,0.0
kampala_hoima,126,63.25,0.0,0.15,0.03,0.0,0.0,0.0,0.0,0.0,0.0,0.0,0.0,0.0,0.0,0.0,0.0,0.0,0.011,0.0
kampala_hoima,127,63.75,0.0,0.046,0.012,0.0,0.0,0.0,0.0,0.0,0.0,0.0,0.0,0.0,0.0,0.0,0.0,0.0,0.388,0.0
kampala_hoima,128,64.25,0.0,0.032,0.006,0.0,0.0,0.0,0.0,0.0,0.0,0.0,0.039,0.007,0.0,0.0,0.0,0.0,0.0,0.0
kampala_hoima,129,64.75,0.0,0.032,0.017,0.0,0.0,0.0,0.0,0.0,0.0,0.0,0.042,0.022,0.0,0.0,0.0,0.0,0.0,0.0
kampala_hoima,130,65.25,0.0,0.026,0.005,0.0,0.0,0.0,0.0,0.0,0.0,0.0,0.034,0.007,0.0,0.0,0.0,0.0,0.0,0.0
kampala_hoima,131,65.75,0.0,0.029,0.017,0.0,0.0,0.0,0.0,0.0,0.0,0.0,0.037,0.022,0.0,0.0,0.0,0.0,0.0,0.0
kampala_hoima,132,66.25,0.0,0.026,0.017,0.0,0.0,0.0,0.0,0.0,0.0,0.0,0.033,0.022,0.0,0.0,0.0,0.0,0.0,0.0
kampala_hoima,133,66.75,0.0,0.034,0.011,0.0,0.0,0.0,0.0,0.0,0.0,0.0,0.0,0.0,0.0,0.0,0.0,0.0,0.093,0.0
kampala_hoima,134,67.25,0.0,0.061,0.025,0.0,0.0,0.0,0.0,0.0,0.0,0.0,0.026,0.026,0.0,0.0,0.0,0.0,0.0,0.0
kampala_hoima,135,67.75,0.0,0.029,0.017,0.0,0.0,0.0,0.0,0.0,0.0,0.0,0.037,0.022,0.0,0.0,0.0,0.0,0.0,0.0
kampala_hoima,136,68.25,0.0,0.034,0.017,0.0,0.0,0.0,0.0,0.0,0.0,0.0,0.044,0.022,0.0,0.0,0.0,0.0,0.0,0.0
kampala_hoima,137,68.75,0.0,0.0,0.0,0.0,0.0,0.0,0.0,0.0,0.042,0.0,0.0,0.0,0.0,0.0,0.0,0.0,0.0,0.012
kampala_hoima,138,69.25,0.0,0.032,0.0,0.0,0.0,0.0,0.0,0.0,0.0,0.0,0.041,0.0,0.0,0.0,0.0,0.0,0.0,0.0
kampala_hoima,139,69.75,0.0,0.093,0.027,0.0,0.0,0.0,0.0,0.0,0.0,0.0,0.119,0.035,0.0,0.0,0.0,0.0,0.0,0.0
kampala_hoima,140,70.25,0.0,0.047,0.012,0.0,0.0,0.0,0.0,0.0,0.0,0.0,0.0,0.0,0.0,0.0,0.0,0.0,0.028,0.0
kampala_hoima,141,70.75,0.0,0.034,0.023,0.0,0.0,0.0,0.0,0.0,0.0,0.0,0.043,0.03,0.0,0.0,0.0,0.0,0.0,0.0
kampala_hoima,142,71.25,0.0,0.025,0.0,0.0,0.0,0.0,0.0,0.0,0.0,0.0,0.032,0.0,0.0,0.0,0.0,0.0,0.0,0.0
kampala_hoima,143,71.75,0.0,0.015,0.005,0.0,0.0,0.0,0.0,0.0,0.0,0.0,0.019,0.007,0.0,0.0,0.0,0.0,0.0,0.0
kampala_hoima,144,72.25,0.0,0.031,0.006,0.0,0.0,0.0,0.0,0.0,0.0,0.0,0.039,0.007,0.0,0.0,0.0,0.0,0.0,0.0
kampala_hoima,145,72.75,0.0,0.033,0.011,0.0,0.0,0.0,0.0,0.0,0.0,0.0,0.042,0.015,0.0,0.0,0.0,0.0,0.0,0.0
kampala_hoima,146,73.25,0.0,0.067,0.006,0.0,0.0,0.0,0.0,0.0,0.0,0.0,0.0,0.0,0.0,0.0,0.0,0.0,0.046,0.0
kampala_hoima,147,73.75,0.0,0.055,0.006,0.0,0.0,0.0,0.0,0.0,0.0,0.0,0.07,0.008,0.0,0.0,0.0,0.0,0.0,0.0
kampala_hoima,148,74.25,0.0,0.094,0.0,0.0,0.0,0.0,0.0,0.0,0.0,0.0,0.121,0.0,0.0,0.0,0.0,0.0,0.0,0.0
kampala_hoima,149,74.75,0.0,0.188,0.024,0.0,0.0,0.0,0.0,0.0,0.0,0.0,0.242,0.031,0.0,0.0,0.0,0.0,0.0,0.0
kampala_hoima,150,75.25,0.0,0.0,0.0,0.0,0.0,0.0,0.0,0.0,0.036,0.0,0.0,0.0,0.0,0.0,0.0,0.0,0.0,0.004
kampala_hoima,151,75.75,0.0,0.185,0.016,0.0,0.0,0.0,0.0,0.0,0.0,0.0,0.164,0.02,0.0,0.0,0.0,0.0,0.0,0.0
kampala_hoima,152,76.25,0.0,0.079,0.006,0.0,0.0,0.0,0.0,0.0,0.0,0.0,0.079,0.008,0.0,0.0,0.0,0.0,0.0,0.0
kampala_hoima,153,76.75,0.0,0.017,0.011,0.0,0.0,0.0,0.0,0.0,0.0,0.0,0.022,0.014,0.0,0.0,0.0,0.0,0.0,0.0
kampala_hoima,154,77.25,0.0,0.015,0.011,0.0,0.0,0.0,0.0,0.0,0.0,0.0,0.0,0.0,0.0,0.0,0.0,0.0,0.19,0.0
kampala_hoima,155,77.75,0.0,0.074,0.006,0.0,0.0,0.0,0.0,0.0,0.0,0.0,0.0,0.0,0.0,0.0,0.0,0.0,0.005,0.0
kampala_hoima,156,78.25,0.0,0.101,0.013,0.0,0.0,0.0,0.0,0.0,0.0,0.0,0.0,0.0,0.0,0.0,0.0,0.0,0.067,0.0
kampala_hoima,157,78.75,0.0,0.026,0.005,0.0,0.0,0.0,0.0,0.0,0.0,0.0,0.034,0.007,0.0,0.0,0.0,0.0,0.0,0.0
kampala_hoima,158,79.25,0.0,0.021,0.011,0.0,0.0,0.0,0.0,0.0,0.0,0.0,0.027,0.014,0.0,0.0,0.0,0.0,0.0,0.0
kampala_hoima,159,79.75,0.0,0.018,0.0,0.0,0.0,0.0,0.0,0.0,0.0,0.0,0.0,0.0,0.0,0.0,0.0,0.0,0.2,0.0
kampala_hoima,160,80.25,0.0,0.025,0.0,0.0,0.0,0.0,0.0,0.0,0.0,0.0,0.0,0.0,0.0,0.0,0.0,0.0,0.067,0.0
kampala_hoima,161,80.75,0.0,0.018,0.011,0.0,0.0,0.0,0.0,0.0,0.0,0.0,0.0,0.0,0.0,0.0,0.0,0.0,0.042,0.0
kampala_hoima,162,81.25,0.0,0.0,0.0,0.0,0.0,0.0,0.0,0.0,0.162,0.0,0.0,0.0,0.0,0.0,0.0,0.0,0.0,0.116
kampala_hoima,163,81.75,0.0,0.005,0.005,0.0,0.0,0.0,0.0,0.0,0.0,0.0,0.0,0.0,0.0,0.0,0.0,0.0,0.184,0.0
kampala_hoima,164,82.25,0.0,0.007,0.0,0.0,0.0,0.0,0.0,0.0,0.0,0.0,0.0,0.0,0.0,0.0,0.0,0.0,0.302,0.0
kampala_hoima,165,82.75,0.0,0.011,0.0,0.0,0.0,0.0,0.0,0.0,0.0,0.0,0.0,0.0,0.0,0.0,0.0,0.0,0.403,0.0
kampala_hoima,166,83.25,0.0,0.032,0.0,0.0,0.0,0.0,0.0,0.0,0.0,0.0,0.0,0.0,0.0,0.0,0.0,0.0,0.011,0.0
kampala_hoima,167,83.75,0.0,0.05,0.0,0.0,0.0,0.0,0.0,0.0,0.0,0.0,0.064,0.0,0.0,0.0,0.0,0.0,0.0,0.0
kampala_hoima,168,84.25,0.0,0.043,0.006,0.0,0.0,0.0,0.0,0.0,0.0,0.0,0.053,0.007,0.0,0.0,0.0,0.0,0.0,0.0
kampala_hoima,169,84.75,0.0,0.022,0.0,0.0,0.0,0.0,0.0,0.0,0.0,0.0,0.028,0.0,0.0,0.0,0.0,0.0,0.0,0.0
kampala_hoima,170,85.25,0.0,0.025,0.0,0.0,0.0,0.0,0.0,0.0,0.0,0.0,0.032,0.0,0.0,0.0,0.0,0.0,0.0,0.0
kampala_hoima,171,85.75,0.0,0.024,0.0,0.0,0.0,0.0,0.0,0.0,0.0,0.0,0.031,0.0,0.0,0.0,0.0,0.0,0.0,0.0
kampala_hoima,172,86.25,0.0,0.012,0.0,0.0,0.0,0.0,0.0,0.0,0.0,0.0,0.016,0.0,0.0,0.0,0.0,0.0,0.0,0.0
kampala_hoima,173,86.75,0.0,0.01,0.0,0.0,0.0,0.0,0.0,0.0,0.0,0.0,0.0,0.0,0.0,0.0,0.0,0.0,0.003,0.0
kampala_hoima,174,87.25,0.0,0.018,0.0,0.0,0.0,0.0,0.0,0.0,0.0,0.0,0.024,0.0,0.0,0.0,0.0,0.0,0.0,0.0
kampala_hoima,175,87.75,0.0,0.018,0.005,0.0,0.0,0.0,0.0,0.0,0.0,0.0,0.023,0.007,0.0,0.0,0.0,0.0,0.0,0.0
kampala_hoima,176,88.25,0.0,0.011,0.0,0.0,0.0,0.0,0.0,0.0,0.0,0.0,0.014,0.0,0.0,0.0,0.0,0.0,0.0,0.0
kampala_hoima,177,88.75,0.0,0.007,0.0,0.0,0.0,0.0,0.0,0.0,0.0,0.0,0.009,0.0,0.0,0.0,0.0,0.0,0.0,0.0
kampala_hoima,178,89.25,0.0,0.029,0.011,0.0,0.0,0.0,0.0,0.0,0.0,0.0,0.037,0.014,0.0,0.0,0.0,0.0,0.0,0.0
kampala_hoima,179,89.75,0.0,0.031,0.0,0.0,0.0,0.0,0.0,0.0,0.0,0.0,0.039,0.0,0.0,0.0,0.0,0.0,0.0,0.0
kampala_hoima,180,90.25,0.0,0.008,0.0,0.0,0.0,0.0,0.0,0.0,0.0,0.0,0.01,0.0,0.0,0.0,0.0,0.0,0.0,0.0
kampala_hoima,181,90.75,0.0,0.016,0.005,0.0,0.0,0.0,0.0,0.0,0.0,0.0,0.021,0.007,0.0,0.0,0.0,0.0,0.0,0.0
kampala_hoima,182,91.25,0.0,0.021,0.0,0.0,0.0,0.0,0.0,0.0,0.0,0.0,0.027,0.0,0.0,0.0,0.0,0.0,0.0,0.0
kampala_hoima,183,91.75,0.0,0.014,0.0,0.0,0.0,0.0,0.0,0.0,0.0,0.0,0.018,0.0,0.0,0.0,0.0,0.0,0.0,0.0
kampala_hoima,184,92.25,0.0,0.011,0.0,0.0,0.0,0.0,0.0,0.0,0.0,0.0,0.014,0.0,0.0,0.0,0.0,0.0,0.0,0.0
kampala_hoima,185,92.75,0.0,0.01,0.0,0.0,0.0,0.0,0.0,0.0,0.0,0.0,0.013,0.0,0.0,0.0,0.0,0.0,0.0,0.0
kampala_hoima,186,93.25,0.0,0.041,0.006,0.0,0.0,0.0,0.0,0.0,0.0,0.0,0.053,0.007,0.0,0.0,0.0,0.0,0.0,0.0
kampala_hoima,187,93.75,0.0,0.024,0.005,0.0,0.0,0.0,0.0,0.0,0.0,0.0,0.0,0.0,0.0,0.0,0.0,0.0,0.271,0.0
kampala_hoima,188,94.25,0.0,0.048,0.006,0.0,0.0,0.0,0.0,0.0,0.0,0.0,0.061,0.007,0.0,0.0,0.0,0.0,0.0,0.0
kampala_hoima,189,94.75,0.0,0.04,0.0,0.0,0.0,0.0,0.0,0.0,0.0,0.0,0.051,0.0,0.0,0.0,0.0,0.0,0.0,0.0
kampala_hoima,190,95.25,0.0,0.02,0.0,0.0,0.0,0.0,0.0,0.0,0.0,0.0,0.025,0.0,0.0,0.0,0.0,0.0,0.0,0.0
kampala_hoima,191,95.75,0.0,0.018,0.0,0.0,0.0,0.0,0.0,0.0,0.0,0.0,0.023,0.0,0.0,0.0,0.0,0.0,0.0,0.0
kampala_hoima,192,96.25,0.0,0.02,0.0,0.0,0.0,0.0,0.0,0.0,0.0,0.0,0.025,0.0,0.0,0.0,0.0,0.0,0.0,0.0
kampala_hoima,193,96.75,0.0,0.029,0.006,0.0,0.0,0.0,0.0,0.0,0.0,0.0,0.037,0.007,0.0,0.0,0.0,0.0,0.0,0.0
kampala_hoima,194,97.25,0.0,0.018,0.005,0.0,0.0,0.0,0.0,0.0,0.0,0.0,0.023,0.007,0.0,0.0,0.0,0.0,0.0,0.0
kampala_hoima,195,97.75,0.0,0.016,0.005,0.0,0.0,0.0,0.0,0.0,0.0,0.0,0.021,0.007,0.0,0.0,0.0,0.0,0.0,0.0
kampala_hoima,196,98.25,0.0,0.031,0.006,0.0,0.0,0.0,0.0,0.0,0.0,0.0,0.04,0.007,0.0,0.0,0.0,0.0,0.0,0.0
kampala_hoima,197,98.75,0.0,0.115,0.007,0.0,0.0,0.0,0.0,0.0,0.0,0.0,0.148,0.009,0.0,0.0,0.0,0.0,0.0,0.0
kampala_hoima,198,99.25,0.0,0.188,0.024,0.0,0.0,0.0,0.0,0.0,0.0,0.0,0.242,0.031,0.0,0.0,0.0,0.0,0.0,0.0
kampala_hoima,199,99.75,0.054,0.0,0.0,0.0,0.133,0.0,0.0,0.0,0.0,0.0,0.101,0.042,0.0,0.2,0.0,0.0,0.0,0.0
kampala_hoima,200,100.25,0.0,0.069,0.006,0.0,0.0,0.0,0.0,0.0,0.0,0.0,0.0,0.0,0.0,0.0,0.0,0.0,0.147,0.0
kampala_hoima,201,100.75,0.0,0.031,0.006,0.0,0.0,0.0,0.0,0.0,0.0,0.0,0.036,0.007,0.0,0.0,0.0,0.0,0.0,0.0
kampala_hoima,202,101.25,0.0,0.023,0.005,0.0,0.0,0.0,0.0,0.0,0.0,0.0,0.03,0.007,0.0,0.0,0.0,0.0,0.0,0.0
kampala_hoima,203,101.75,0.0,0.017,0.011,0.0,0.0,0.0,0.0,0.0,0.0,0.0,0.022,0.014,0.0,0.0,0.0,0.0,0.0,0.0
kampala_hoima,204,102.25,0.0,0.016,0.011,0.0,0.0,0.0,0.0,0.0,0.0,0.0,0.02,0.014,0.0,0.0,0.0,0.0,0.0,0.0
kampala_hoima,205,102.75,0.0,0.045,0.006,0.0,0.0,0.0,0.0,0.0,0.0,0.0,0.058,0.007,0.0,0.0,0.0,0.0,0.0,0.0
kampala_hoima,206,103.25,0.0,0.033,0.011,0.0,0.0,0.0,0.0,0.0,0.0,0.0,0.042,0.015,0.0,0.0,0.0,0.0,0.0,0.0
kampala_hoima,207,103.75,0.0,0.017,0.005,0.0,0.0,0.0,0.0,0.0,0.0,0.0,0.021,0.007,0.0,0.0,0.0,0.0,0.0,0.0
kampala_hoima,208,104.25,0.0,0.024,0.005,0.0,0.0,0.0,0.0,0.0,0.0,0.0,0.03,0.007,0.0,0.0,0.0,0.0,0.0,0.0
kampala_hoima,209,104.75,0.0,0.035,0.006,0.0,0.0,0.0,0.0,0.0,0.0,0.0,0.045,0.007,0.0,0.0,0.0,0.0,0.0,0.0
kampala_hoima,210,105.25,0.0,0.042,0.012,0.0,0.0,0.0,0.0,0.0,0.0,0.0,0.054,0.015,0.0,0.0,0.0,0.0,0.0,0.0
kampala_hoima,211,105.75,0.0,0.047,0.006,0.0,0.0,0.0,0.0,0.0,0.0,0.0,0.0,0.0,0.0,0.0,0.0,0.0,0.101,0.0
kampala_hoima,212,106.25,0.0,0.013,0.005,0.0,0.0,0.0,0.0,0.0,0.0,0.0,0.013,0.007,0.0,0.0,0.0,0.0,0.0,0.0
kampala_hoima,213,106.75,0.0,0.011,0.005,0.0,0.0,0.0,0.0,0.0,0.0,0.0,0.0,0.0,0.0,0.0,0.0,0.0,0.032,0.0
kampala_hoima,214,107.25,0.0,0.017,0.005,0.0,0.0,0.0,0.0,0.0,0.0,0.0,0.021,0.007,0.0,0.0,0.0,0.0,0.0,0.0
kampala_hoima,215,107.75,0.0,0.016,0.011,0.0,0.0,0.0,0.0,0.0,0.0,0.0,0.02,0.014,0.0,0.0,0.0,0.0,0.0,0.0
kampala_hoima,216,108.25,0.0,0.027,0.005,0.0,0.0,0.0,0.0,0.0,0.0,0.0,0.035,0.007,0.0,0.0,0.0,0.0,0.0,0.0
kampala_hoima,217,108.75,0.0,0.003,0.0,0.0,0.0,0.0,0.0,0.0,0.0,0.0,0.0,0.0,0.0,0.0,0.0,0.0,0.142,0.0
kampala_hoima,218,109.25,0.0,0.012,0.005,0.0,0.0,0.0,0.0,0.0,0.0,0.0,0.0,0.0,0.0,0.0,0.0,0.0,0.367,0.0
kampala_hoima,219,109.75,0.0,0.109,0.007,0.0,0.0,0.0,0.0,0.0,0.0,0.0,0.0,0.0,0.0,0.0,0.0,0.0,0.175,0.0
kampala_hoima,220,110.25,0.0,0.188,0.024,0.0,0.0,0.0,0.0,0.0,0.0,0.0,0.242,0.031,0.0,0.0,0.0,0.0,0.0,0.0
kampala_hoima,221,110.75,0.0,0.046,0.012,0.0,0.0,0.0,0.0,0.0,0.0,0.0,0.06,0.015,0.0,0.0,0.0,0.0,0.0,0.0
kampala_hoima,222,111.25,0.0,0.024,0.0,0.0,0.0,0.0,0.0,0.0,0.0,0.0,0.031,0.0,0.0,0.0,0.0,0.0,0.0,0.0
kampala_hoima,223,111.75,0.0,0.0,0.0,0.0,0.0,0.0,0.0,0.0,0.114,0.0,0.0,0.0,0.0,0.0,0.0,0.0,0.0,0.104
kampala_hoima,224,112.25,0.0,0.089,0.013,0.0,0.0,0.0,0.0,0.0,0.0,0.0,0.115,0.017,0.0,0.0,0.0,0.0,0.0,0.0
kampala_hoima,225,112.75,0.0,0.017,0.0,0.0,0.0,0.0,0.0,0.0,0.0,0.0,0.022,0.0,0.0,0.0,0.0,0.0,0.0,0.0
kampala_hoima,226,113.25,0.0,0.013,0.005,0.0,0.0,0.0,0.0,0.0,0.0,0.0,0.017,0.007,0.0,0.0,0.0,0.0,0.0,0.0
kampala_hoima,227,113.75,0.0,0.007,0.005,0.0,0.0,0.0,0.0,0.0,0.0,0.0,0.009,0.007,0.0,0.0,0.0,0.0,0.0,0.0
kampala_hoima,228,114.25,0.0,0.014,0.005,0.0,0.0,0.0,0.0,0.0,0.0,0.0,0.0,0.0,0.0,0.0,0.0,0.0,0.093,0.0
kampala_hoima,229,114.75,0.0,0.0,0.0,0.0,0.0,0.0,0.0,0.0,0.037,0.0,0.0,0.0,0.0,0.0,0.0,0.0,0.0,0.005
kampala_hoima,230,115.25,0.0,0.122,0.014,0.0,0.0,0.0,0.0,0.0,0.0,0.0,0.0,0.0,0.0,0.0,0.0,0.0,0.307,0.0
kampala_hoima,231,115.75,0.058,0.0,0.0,0.0,0.133,0.0,0.0,0.0,0.0,0.0,0.097,0.063,0.0,0.2,0.0,0.0,0.0,0.0
kampala_hoima,232,116.25,0.0,0.113,0.007,0.0,0.0,0.0,0.0,0.0,0.0,0.0,0.146,0.009,0.0,0.0,0.0,0.0,0.0,0.0
kampala_hoima,233,116.75,0.0,0.125,0.014,0.0,0.0,0.0,0.0,0.0,0.0,0.0,0.161,0.018,0.0,0.0,0.0,0.0,0.0,0.0
kampala_hoima,234,117.25,0.0,0.188,0.024,0.0,0.0,0.0,0.0,0.0,0.0,0.0,0.242,0.031,0.0,0.0,0.0,0.0,0.0,0.0
kampala_hoima,235,117.75,0.0,0.175,0.016,0.0,0.0,0.0,0.0,0.0,0.0,0.0,0.225,0.02,0.0,0.0,0.0,0.0,0.0,0.0
kampala_hoima,236,118.25,0.0,0.045,0.006,0.0,0.0,0.0,0.0,0.0,0.0,0.0,0.058,0.007,0.0,0.0,0.0,0.0,0.0,0.0
kampala_hoima,237,118.75,0.0,0.058,0.018,0.0,0.0,0.0,0.0,0.0,0.0,0.0,0.075,0.024,0.0,0.0,0.0,0.0,0.0,0.0
kampala_hoima,238,119.25,0.0,0.058,0.012,0.0,0.0,0.0,0.0,0.0,0.0,0.0,0.0,0.0,0.0,0.0,0.0,0.0,0.141,0.0
kampala_hoima,239,119.75,0.0,0.041,0.006,0.0,0.0,0.0,0.0,0.0,0.0,0.0,0.053,0.007,0.0,0.0,0.0,0.0,0.0,0.0
kampala_hoima,240,120.25,0.0,0.019,0.005,0.0,0.0,0.0,0.0,0.0,0.0,0.0,0.025,0.007,0.0,0.0,0.0,0.0,0.0,0.0
kampala_hoima,241,120.75,0.0,0.168,0.015,0.0,0.0,0.0,0.0,0.0,0.0,0.0,0.056,0.02,0.0,0.0,0.0,0.0,0.0,0.0
kampala_hoima,242,121.25,0.0,0.059,0.0,0.0,0.0,0.0,0.0,0.0,0.0,0.0,0.076,0.0,0.0,0.0,0.0,0.0,0.0,0.0
kampala_hoima,243,121.75,0.0,0.016,0.005,0.0,0.0,0.0,0.0,0.0,0.0,0.0,0.0,0.0,0.0,0.0,0.0,0.0,0.229,0.0
kampala_hoima,244,122.25,0.0,0.061,0.018,0.0,0.0,0.0,0.0,0.0,0.0,0.0,0.009,0.009,0.0,0.0,0.0,0.0,0.0,0.0
kampala_hoima,245,122.75,0.0,0.038,0.006,0.0,0.0,0.0,0.0,0.0,0.0,0.0,0.049,0.007,0.0,0.0,0.0,0.0,0.0,0.0
kampala_hoima,246,123.25,0.0,0.012,0.0,0.0,0.0,0.0,0.0,0.0,0.0,0.0,0.0,0.0,0.0,0.0,0.0,0.0,0.112,0.0
kampala_hoima,247,123.75,0.0,0.029,0.0,0.0,0.0,0.0,0.0,0.0,0.0,0.0,0.0,0.0,0.0,0.0,0.0,0.0,0.189,0.0
kampala_hoima,248,124.25,0.0,0.043,0.006,0.0,0.0,0.0,0.0,0.0,0.0,0.0,0.0,0.0,0.0,0.0,0.0,0.0,0.045,0.0
kampala_hoima,249,124.75,0.0,0.029,0.006,0.0,0.0,0.0,0.0,0.0,0.0,0.0,0.037,0.007,0.0,0.0,0.0,0.0,0.0,0.0
kampala_hoima,250,125.25,0.0,0.024,0.0,0.0,0.0,0.0,0.0,0.0,0.0,0.0,0.031,0.0,0.0,0.0,0.0,0.0,0.0,0.0
kampala_hoima,251,125.75,0.0,0.021,0.005,0.0,0.0,0.0,0.0,0.0,0.0,0.0,0.028,0.007,0.0,0.0,0.0,0.0,0.0,0.0
kampala_hoima,252,126.25,0.0,0.005,0.0,0.0,0.0,0.0,0.0,0.0,0.0,0.0,0.007,0.0,0.0,0.0,0.0,0.0,0.0,0.0
kampala_hoima,253,126.75,0.0,0.022,0.0,0.0,0.0,0.0,0.0,0.0,0.0,0.0,0.0,0.0,0.0,0.0,0.0,0.0,0.124,0.0
kampala_hoima,254,127.25,0.0,0.024,0.005,0.0,0.0,0.0,0.0,0.0,0.0,0.0,0.03,0.007,0.0,0.0,0.0,0.0,0.0,0.0
kampala_hoima,255,127.75,0.0,0.035,0.0,0.0,0.0,0.0,0.0,0.0,0.0,0.0,0.045,0.0,0.0,0.0,0.0,0.0,0.0,0.0
kampala_hoima,256,128.25,0.0,0.009,0.0,0.0,0.0,0.0,0.0,0.0,0.0,0.0,0.012,0.0,0.0,0.0,0.0,0.0,0.0,0.0
kampala_hoima,257,128.75,0.0,0.003,0.0,0.0,0.0,0.0,0.0,0.0,0.0,0.0,0.004,0.0,0.0,0.0,0.0,0.0,0.0,0.0
kampala_hoima,258,129.25,0.0,0.004,0.0,0.0,0.0,0.0,0.0,0.0,0.0,0.0,0.005,0.0,0.0,0.0,0.0,0.0,0.0,0.0
kampala_hoima,259,129.75,0.0,0.014,0.011,0.0,0.0,0.0,0.0,0.0,0.0,0.0,0.01,0.01,0.0,0.0,0.0,0.0,0.0,0.0
kampala_hoima,260,130.25,0.0,0.011,0.0,0.0,0.0,0.0,0.0,0.0,0.0,0.0,0.014,0.0,0.0,0.0,0.0,0.0,0.0,0.0
kampala_hoima,261,130.75,0.0,0.007,0.0,0.0,0.0,0.0,0.0,0.0,0.0,0.0,0.0,0.0,0.0,0.0,0.0,0.0,0.093,0.0
kampala_hoima,262,131.25,0.0,0.029,0.006,0.0,0.0,0.0,0.0,0.0,0.0,0.0,0.037,0.007,0.0,0.0,0.0,0.0,0.0,0.0
kampala_hoima,263,131.75,0.0,0.012,0.0,0.0,0.0,0.0,0.0,0.0,0.0,0.0,0.015,0.0,0.0,0.0,0.0,0.0,0.0,0.0
kampala_hoima,264,132.25,0.0,0.006,0.0,0.0,0.0,0.0,0.0,0.0,0.0,0.0,0.007,0.0,0.0,0.0,0.0,0.0,0.0,0.0
kampala_hoima,265,132.75,0.0,0.013,0.0,0.0,0.0,0.0,0.0,0.0,0.0,0.0,0.0,0.0,0.0,0.0,0.0,0.0,0.061,0.0
kampala_hoima,266,133.25,0.0,0.028,0.0,0.0,0.0,0.0,0.0,0.0,0.0,0.0,0.036,0.0,0.0,0.0,0.0,0.0,0.0,0.0
kampala_hoima,267,133.75,0.0,0.1,0.013,0.0,0.0,0.0,0.0,0.0,0.0,0.0,0.128,0.017,0.0,0.0,0.0,0.0,0.0,0.0
kampala_hoima,268,134.25,0.0,0.094,0.0,0.0,0.0,0.0,0.0,0.0,0.0,0.0,0.12,0.0,0.0,0.0,0.0,0.0,0.0,0.0
kampala_hoima,269,134.75,0.0,0.02,0.0,0.0,0.0,0.0,0.0,0.0,0.0,0.0,0.025,0.0,0.0,0.0,0.0,0.0,0.0,0.0
kampala_hoima,270,135.25,0.0,0.003,0.0,0.0,0.0,0.0,0.0,0.0,0.0,0.0,0.004,0.0,0.0,0.0,0.0,0.0,0.0,0.0
kampala_hoima,271,135.75,0.0,0.006,0.0,0.0,0.0,0.0,0.0,0.0,0.0,0.0,0.007,0.0,0.0,0.0,0.0,0.0,0.0,0.0
kampala_hoima,272,136.25,0.0,0.002,0.0,0.0,0.0,0.0,0.0,0.0,0.0,0.0,0.002,0.0,0.0,0.0,0.0,0.0,0.0,0.0
kampala_hoima,273,136.75,0.0,0.004,0.0,0.0,0.0,0.0,0.0,0.0,0.0,0.0,0.0,0.0,0.0,0.0,0.0,0.0,0.145,0.0
kampala_hoima,274,137.25,0.0,0.004,0.01,0.0,0.0,0.0,0.0,0.0,0.0,0.0,0.0,0.0,0.0,0.0,0.0,0.0,0.061,0.0
kampala_hoima,275,137.75,0.0,0.006,0.0,0.0,0.0,0.0,0.0,0.0,0.0,0.0,0.007,0.0,0.0,0.0,0.0,0.0,0.0,0.0
kampala_hoima,276,138.25,0.0,0.0,0.0,0.0,0.0,0.0,0.0,0.0,0.0,0.0,0.0,0.0,0.0,0.0,0.0,0.0,0.0,0.0
kampala_hoima,277,138.75,0.0,0.101,0.007,0.0,0.0,0.0,0.0,0.0,0.0,0.0,0.13,0.008,0.0,0.0,0.0,0.0,0.0,0.0
kampala_hoima,278,139.25,0.0,0.185,0.016,0.0,0.0,0.0,0.0,0.0,0.0,0.0,0.238,0.02,0.0,0.0,0.0,0.0,0.0,0.0
kampala_hoima,279,139.75,0.0,0.054,0.012,0.0,0.0,0.0,0.0,0.0,0.0,0.0,0.069,0.015,0.0,0.0,0.0,0.0,0.0,0.0
kampala_hoima,280,140.25,0.0,0.025,0.0,0.0,0.0,0.0,0.0,0.0,0.0,0.0,0.032,0.0,0.0,0.0,0.0,0.0,0.0,0.0
kampala_hoima,281,140.75,0.0,0.002,0.005,0.0,0.0,0.0,0.0,0.0,0.0,0.0,0.003,0.007,0.0,0.0,0.0,0.0,0.0,0.0
kampala_hoima,282,141.25,0.0,0.002,0.0,0.0,0.0,0.0,0.0,0.0,0.0,0.0,0.0,0.0,0.0,0.0,0.0,0.0,0.017,0.0
kampala_hoima,283,141.75,0.0,0.006,0.01,0.0,0.0,0.0,0.0,0.0,0.0,0.0,0.007,0.013,0.0,0.0,0.0,0.0,0.0,0.0
kampala_hoima,284,142.25,0.0,0.042,0.006,0.0,0.0,0.0,0.0,0.0,0.0,0.0,0.054,0.007,0.0,0.0,0.0,0.0,0.0,0.0
kampala_hoima,285,142.75,0.0,0.019,0.0,0.0,0.0,0.0,0.0,0.0,0.0,0.0,0.025,0.0,0.0,0.0,0.0,0.0,0.0,0.0
kampala_hoima,286,143.25,0.0,0.001,0.0,0.0,0.0,0.0,0.0,0.0,0.0,0.0,0.002,0.0,0.0,0.0,0.0,0.0,0.0,0.0
kampala_hoima,287,143.75,0.0,0.0,0.0,0.0,0.0,0.0,0.0,0.0,0.0,0.0,0.0,0.0,0.0,0.0,0.0,0.0,0.0,0.0
kampala_hoima,288,144.25,0.0,0.0,0.0,0.0,0.0,0.0,0.0,0.0,0.0,0.0,0.001,0.0,0.0,0.0,0.0,0.0,0.0,0.0
kampala_hoima,289,144.75,0.0,0.003,0.0,0.0,0.0,0.0,0.0,0.0,0.0,0.0,0.004,0.0,0.0,0.0,0.0,0.0,0.0,0.0
kampala_hoima,290,145.25,0.0,0.021,0.005,0.0,0.0,0.0,0.0,0.0,0.0,0.0,0.028,0.007,0.0,0.0,0.0,0.0,0.0,0.0
kampala_hoima,291,145.75,0.0,0.028,0.005,0.0,0.0,0.0,0.0,0.0,0.0,0.0,0.0,0.0,0.0,0.0,0.0,0.0,0.127,0.0
kampala_hoima,292,146.25,0.0,0.03,0.006,0.0,0.0,0.0,0.0,0.0,0.0,0.0,0.038,0.007,0.0,0.0,0.0,0.0,0.0,0.0
kampala_hoima,293,146.75,0.0,0.012,0.0,0.0,0.0,0.0,0.0,0.0,0.0,0.0,0.016,0.0,0.0,0.0,0.0,0.0,0.0,0.0
kampala_hoima,294,147.25,0.0,0.014,0.011,0.0,0.0,0.0,0.0,0.0,0.0,0.0,0.0,0.0,0.0,0.0,0.0,0.0,0.235,0.0
kampala_hoima,295,147.75,0.0,0.041,0.012,0.0,0.0,0.0,0.0,0.0,0.0,0.0,0.052,0.015,0.0,0.0,0.0,0.0,0.0,0.0
kampala_hoima,296,148.25,0.0,0.134,0.022,0.0,0.0,0.0,0.0,0.0,0.0,0.0,0.173,0.028,0.0,0.0,0.0,0.0,0.0,0.0
kampala_hoima,297,148.75,0.0,0.002,0.005,0.0,0.0,0.0,0.0,0.0,0.0,0.0,0.003,0.007,0.0,0.0,0.0,0.0,0.0,0.0
kampala_hoima,298,149.25,0.0,0.004,0.0,0.0,0.0,0.0,0.0,0.0,0.0,0.0,0.0,0.0,0.0,0.0,0.0,0.0,0.224,0.0
kampala_hoima,299,149.75,0.0,0.006,0.005,0.0,0.0,0.0,0.0,0.0,0.0,0.0,0.008,0.007,0.0,0.0,0.0,0.0,0.0,0.0
kampala_hoima,300,150.25,0.0,0.008,0.005,0.0,0.0,0.0,0.0,0.0,0.0,0.0,0.011,0.007,0.0,0.0,0.0,0.0,0.0,0.0
kampala_hoima,301,150.75,0.0,0.0,0.005,0.0,0.0,0.0,0.0,0.0,0.0,0.0,0.0,0.0,0.0,0.0,0.0,0.0,0.089,0.0
kampala_hoima,302,151.25,0.0,0.006,0.0,0.0,0.0,0.0,0.0,0.0,0.0,0.0,0.0,0.0,0.0,0.0,0.0,0.0,0.153,0.0
kampala_hoima,303,151.75,0.0,0.03,0.017,0.0,0.0,0.0,0.0,0.0,0.0,0.0,0.039,0.022,0.0,0.0,0.0,0.0,0.0,0.0
kampala_hoima,304,152.25,0.0,0.027,0.005,0.0,0.0,0.0,0.0,0.0,0.0,0.0,0.035,0.007,0.0,0.0,0.0,0.0,0.0,0.0
kampala_hoima,305,152.75,0.0,0.004,0.0,0.0,0.0,0.0,0.0,0.0,0.0,0.0,0.005,0.0,0.0,0.0,0.0,0.0,0.0,0.0
kampala_hoima,306,153.25,0.0,0.142,0.03,0.0,0.0,0.0,0.0,0.0,0.0,0.0,0.113,0.038,0.0,0.0,0.0,0.0,0.0,0.0
kampala_hoima,307,153.75,0.0,0.137,0.045,0.0,0.0,0.0,0.0,0.0,0.0,0.0,0.176,0.058,0.0,0.0,0.0,0.0,0.0,0.0
kampala_hoima,308,154.25,0.0,0.04,0.018,0.0,0.0,0.0,0.0,0.0,0.0,0.0,0.0,0.0,0.0,0.0,0.0,0.0,0.129,0.0
kampala_hoima,309,154.75,0.0,0.026,0.005,0.0,0.0,0.0,0.0,0.0,0.0,0.0,0.033,0.007,0.0,0.0,0.0,0.0,0.0,0.0
kampala_hoima,310,155.25,0.0,0.0,0.0,0.0,0.0,0.0,0.0,0.0,0.0,0.0,0.0,0.0,0.0,0.0,0.0,0.0,0.0,0.0
kampala_hoima,311,155.75,0.0,0.002,0.0,0.0,0.0,0.0,0.0,0.0,0.0,0.0,0.0,0.0,0.0,0.0,0.0,0.0,0.224,0.0
kampala_hoima,312,156.25,0.0,0.015,0.0,0.0,0.0,0.0,0.0,0.0,0.0,0.0,0.02,0.0,0.0,0.0,0.0,0.0,0.0,0.0
kampala_hoima,313,156.75,0.0,0.008,0.0,0.0,0.0,0.0,0.0,0.0,0.0,0.0,0.011,0.0,0.0,0.0,0.0,0.0,0.0,0.0
kampala_hoima,314,157.25,0.0,0.0,0.0,0.0,0.0,0.0,0.0,0.0,0.0,0.0,0.0,0.0,0.0,0.0,0.0,0.0,0.153,0.0
kampala_hoima,315,157.75,0.0,0.0,0.0,0.0,0.0,0.0,0.0,0.0,0.0,0.0,0.0,0.0,0.0,0.0,0.0,0.0,0.113,0.0
kampala_hoima,316,158.25,0.0,0.013,0.0,0.0,0.0,0.0,0.0,0.0,0.0,0.0,0.016,0.0,0.0,0.0,0.0,0.0,0.0,0.0
kampala_hoima,317,158.75,0.0,0.009,0.0,0.0,0.0,0.0,0.0,0.0,0.0,0.0,0.0,0.0,0.0,0.0,0.0,0.0,0.077,0.0
kampala_hoima,318,159.25,0.0,0.0,0.0,0.0,0.0,0.0,0.0,0.0,0.0,0.0,0.001,0.0,0.0,0.0,0.0,0.0,0.0,0.0
kampala_hoima,319,159.75,0.0,0.008,0.011,0.0,0.0,0.0,0.0,0.0,0.0,0.0,0.011,0.014,0.0,0.0,0.0,0.0,0.0,0.0
kampala_hoima,320,160.25,0.0,0.075,0.019,0.0,0.0,0.0,0.0,0.0,0.0,0.0,0.076,0.025,0.0,0.0,0.0,0.0,0.0,0.0
kampala_hoima,321,160.75,0.0,0.018,0.016,0.0,0.0,0.0,0.0,0.0,0.0,0.0,0.023,0.021,0.0,0.0,0.0,0.0,0.0,0.0
kampala_hoima,322,161.25,0.0,0.0,0.0,0.0,0.0,0.0,0.0,0.0,0.0,0.0,0.0,0.0,0.0,0.0,0.0,0.0,0.0,0.0
kampala_hoima,323,161.75,0.0,0.002,0.0,0.0,0.0,0.0,0.0,0.0,0.0,0.0,0.002,0.0,0.0,0.0,0.0,0.0,0.0,0.0
kampala_hoima,324,162.25,0.0,0.031,0.0,0.0,0.0,0.0,0.0,0.0,0.0,0.0,0.0,0.0,0.0,0.0,0.0,0.0,0.137,0.0
kampala_hoima,325,162.75,0.0,0.057,0.012,0.0,0.0,0.0,0.0,0.0,0.0,0.0,0.073,0.015,0.0,0.0,0.0,0.0,0.0,0.0
kampala_hoima,326,163.25,0.0,0.015,0.0,0.0,0.0,0.0,0.0,0.0,0.0,0.0,0.019,0.0,0.0,0.0,0.0,0.0,0.0,0.0
kampala_hoima,327,163.75,0.0,0.037,0.0,0.0,0.0,0.0,0.0,0.0,0.0,0.0,0.0,0.0,0.0,0.0,0.0,0.0,0.148,0.0
kampala_hoima,328,164.25,0.0,0.086,0.013,0.0,0.0,0.0,0.0,0.0,0.0,0.0,0.11,0.017,0.0,0.0,0.0,0.0,0.0,0.0
kampala_hoima,329,164.75,0.0,0.013,0.0,0.0,0.0,0.0,0.0,0.0,0.0,0.0,0.0,0.0,0.0,0.0,0.0,0.0,0.311,0.0
kampala_hoima,330,165.25,0.0,0.016,0.005,0.0,0.0,0.0,0.0,0.0,0.0,0.0,0.0,0.0,0.0,0.0,0.0,0.0,0.117,0.0
kampala_hoima,331,165.75,0.0,0.009,0.0,0.0,0.0,0.0,0.0,0.0,0.0,0.0,0.011,0.0,0.0,0.0,0.0,0.0,0.0,0.0
kampala_hoima,332,166.25,0.0,0.003,0.0,0.0,0.0,0.0,0.0,0.0,0.0,0.0,0.004,0.0,0.0,0.0,0.0,0.0,0.0,0.0
kampala_hoima,333,166.75,0.0,0.006,0.0,0.0,0.0,0.0,0.0,0.0,0.0,0.0,0.007,0.0,0.0,0.0,0.0,0.0,0.0,0.0
kampala_hoima,334,167.25,0.0,0.011,0.005,0.0,0.0,0.0,0.0,0.0,0.0,0.0,0.0,0.0,0.0,0.0,0.0,0.0,0.073,0.0
kampala_hoima,335,167.75,0.0,0.014,0.0,0.0,0.0,0.0,0.0,0.0,0.0,0.0,0.018,0.0,0.0,0.0,0.0,0.0,0.0,0.0
kampala_hoima,336,168.25,0.0,0.036,0.011,0.0,0.0,0.0,0.0,0.0,0.0,0.0,0.046,0.015,0.0,0.0,0.0,0.0,0.0,0.0
kampala_hoima,337,168.75,0.0,0.009,0.0,0.0,0.0,0.0,0.0,0.0,0.0,0.0,0.011,0.0,0.0,0.0,0.0,0.0,0.0,0.0
kampala_hoima,338,169.25,0.0,0.024,0.005,0.0,0.0,0.0,0.0,0.0,0.0,0.0,0.03,0.007,0.0,0.0,0.0,0.0,0.0,0.0
kampala_hoima,339,169.75,0.0,0.048,0.0,0.0,0.0,0.0,0.0,0.0,0.0,0.0,0.062,0.0,0.0,0.0,0.0,0.0,0.0,0.0
kampala_hoima,340,170.25,0.0,0.185,0.016,0.0,0.0,0.0,0.0,0.0,0.0,0.0,0.238,0.02,0.0,0.0,0.0,0.0,0.0,0.0
kampala_hoima,341,170.75,0.0,0.043,0.0,0.0,0.0,0.0,0.0,0.0,0.0,0.0,0.055,0.0,0.0,0.0,0.0,0.0,0.0,0.0
kampala_hoima,342,171.25,0.0,0.028,0.0,0.0,0.0,0.0,0.0,0.0,0.0,0.0,0.036,0.0,0.0,0.0,0.0,0.0,0.0,0.0
kampala_hoima,343,171.75,0.0,0.016,0.0,0.0,0.0,0.0,0.0,0.0,0.0,0.0,0.021,0.0,0.0,0.0,0.0,0.0,0.0,0.0
kampala_hoima,344,172.25,0.0,0.013,0.0,0.0,0.0,0.0,0.0,0.0,0.0,0.0,0.016,0.0,0.0,0.0,0.0,0.0,0.0,0.0
kampala_hoima,345,172.75,0.0,0.003,0.0,0.0,0.0,0.0,0.0,0.0,0.0,0.0,0.004,0.0,0.0,0.0,0.0,0.0,0.0,0.0
kampala_hoima,346,173.25,0.0,0.008,0.0,0.0,0.0,0.0,0.0,0.0,0.0,0.0,0.011,0.0,0.0,0.0,0.0,0.0,0.0,0.0
kampala_hoima,347,173.75,0.0,0.009,0.005,0.0,0.0,0.0,0.0,0.0,0.0,0.0,0.011,0.007,0.0,0.0,0.0,0.0,0.0,0.0
kampala_hoima,348,174.25,0.0,0.0,0.0,0.0,0.0,0.0,0.0,0.0,0.0,0.0,0.0,0.0,0.0,0.0,0.0,0.0,0.0,0.0
kampala_hoima,349,174.75,0.0,0.001,0.0,0.0,0.0,0.0,0.0,0.0,0.0,0.0,0.001,0.0,0.0,0.0,0.0,0.0,0.0,0.0
kampala_hoima,350,175.25,0.0,0.013,0.0,0.0,0.0,0.0,0.0,0.0,0.0,0.0,0.0,0.0,0.0,0.0,0.0,0.0,0.075,0.0
kampala_hoima,351,175.75,0.0,0.017,0.005,0.0,0.0,0.0,0.0,0.0,0.0,0.0,0.0,0.0,0.0,0.0,0.0,0.0,0.051,0.0
kampala_hoima,352,176.25,0.0,0.052,0.006,0.0,0.0,0.0,0.0,0.0,0.0,0.0,0.0,0.0,0.0,0.0,0.0,0.0,0.153,0.0
kampala_hoima,353,176.75,0.0,0.03,0.0,0.0,0.0,0.0,0.0,0.0,0.0,0.0,0.0,0.0,0.0,0.0,0.0,0.0,0.005,0.0
kampala_hoima,354,177.25,0.0,0.013,0.0,0.0,0.0,0.0,0.0,0.0,0.0,0.0,0.017,0.0,0.0,0.0,0.0,0.0,0.0,0.0
kampala_hoima,355,177.75,0.0,0.006,0.005,0.0,0.0,0.0,0.0,0.0,0.0,0.0,0.0,0.0,0.0,0.0,0.0,0.0,0.059,0.0
kampala_hoima,356,178.25,0.0,0.011,0.0,0.0,0.0,0.0,0.0,0.0,0.0,0.0,0.0,0.0,0.0,0.0,0.0,0.0,0.161,0.0
kampala_hoima,357,178.75,0.0,0.013,0.005,0.0,0.0,0.0,0.0,0.0,0.0,0.0,0.0,0.0,0.0,0.0,0.0,0.0,0.159,0.0
kampala_hoima,358,179.25,0.0,0.01,0.0,0.0,0.0,0.0,0.0,0.0,0.0,0.0,0.0,0.0,0.0,0.0,0.0,0.0,0.122,0.0
kampala_hoima,359,179.75,0.0,0.073,0.013,0.0,0.0,0.0,0.0,0.0,0.0,0.0,0.034,0.016,0.0,0.0,0.0,0.0,0.0,0.0
kampala_hoima,360,180.25,0.0,0.036,0.017,0.0,0.0,0.0,0.0,0.0,0.0,0.0,0.046,0.022,0.0,0.0,0.0,0.0,0.0,0.0
kampala_hoima,361,180.75,0.0,0.009,0.0,0.0,0.0,0.0,0.0,0.0,0.0,0.0,0.011,0.0,0.0,0.0,0.0,0.0,0.0,0.0
kampala_hoima,362,181.25,0.0,0.0,0.0,0.0,0.0,0.0,0.0,0.0,0.161,0.0,0.0,0.0,0.0,0.0,0.0,0.0,0.0,0.164
kampala_hoima,363,181.75,0.0,0.017,0.011,0.0,0.0,0.0,0.0,0.0,0.0,0.0,0.022,0.014,0.0,0.0,0.0,0.0,0.0,0.0
kampala_hoima,364,182.25,0.0,0.0,0.005,0.0,0.0,0.0,0.0,0.0,0.0,0.0,0.0,0.0,0.0,0.0,0.0,0.0,0.009,0.0
kampala_hoima,365,182.75,0.0,0.005,0.0,0.0,0.0,0.0,0.0,0.0,0.0,0.0,0.0,0.0,0.0,0.0,0.0,0.0,0.001,0.0
kampala_hoima,366,183.25,0.0,0.015,0.005,0.0,0.0,0.0,0.0,0.0,0.0,0.0,0.019,0.007,0.0,0.0,0.0,0.0,0.0,0.0
kampala_hoima,367,183.75,0.0,0.014,0.005,0.0,0.0,0.0,0.0,0.0,0.0,0.0,0.018,0.007,0.0,0.0,0.0,0.0,0.0,0.0
kampala_hoima,368,184.25,0.0,0.008,0.005,0.0,0.0,0.0,0.0,0.0,0.0,0.0,0.01,0.007,0.0,0.0,0.0,0.0,0.0,0.0
kampala_hoima,369,184.75,0.0,0.002,0.005,0.0,0.0,0.0,0.0,0.0,0.0,0.0,0.0,0.0,0.0,0.0,0.0,0.0,0.074,0.0
kampala_hoima,370,185.25,0.0,0.009,0.0,0.0,0.0,0.0,0.0,0.0,0.0,0.0,0.0,0.0,0.0,0.0,0.0,0.0,0.207,0.0
kampala_hoima,371,185.75,0.0,0.017,0.005,0.0,0.0,0.0,0.0,0.0,0.0,0.0,0.021,0.007,0.0,0.0,0.0,0.0,0.0,0.0
kampala_hoima,372,186.25,0.0,0.016,0.011,0.0,0.0,0.0,0.0,0.0,0.0,0.0,0.021,0.014,0.0,0.0,0.0,0.0,0.0,0.0
kampala_hoima,373,186.75,0.0,0.022,0.011,0.0,0.0,0.0,0.0,0.0,0.0,0.0,0.0,0.0,0.0,0.0,0.0,0.0,0.157,0.0
kampala_hoima,374,187.25,0.0,0.029,0.017,0.0,0.0,0.0,0.0,0.0,0.0,0.0,0.0,0.0,0.0,0.0,0.0,0.0,0.206,0.0
kampala_hoima,375,187.75,0.0,0.012,0.011,0.0,0.0,0.0,0.0,0.0,0.0,0.0,0.0,0.0,0.0,0.0,0.0,0.0,0.21,0.0
kampala_hoima,376,188.25,0.0,0.015,0.0,0.0,0.0,0.0,0.0,0.0,0.0,0.0,0.0,0.0,0.0,0.0,0.0,0.0,0.188,0.0
kampala_hoima,377,188.75,0.0,0.024,0.005,0.0,0.0,0.0,0.0,0.0,0.0,0.0,0.03,0.007,0.0,0.0,0.0,0.0,0.0,0.0
kampala_hoima,378,189.25,0.0,0.027,0.005,0.0,0.0,0.0,0.0,0.0,0.0,0.0,0.035,0.007,0.0,0.0,0.0,0.0,0.0,0.0
kampala_hoima,379,189.75,0.0,0.026,0.017,0.0,0.0,0.0,0.0,0.0,0.0,0.0,0.033,0.022,0.0,0.0,0.0,0.0,0.0,0.0
kampala_hoima,380,190.25,0.151,0.0,0.0,0.0,0.133,0.0,0.0,0.0,0.0,0.023,0.0,0.0,0.0,0.2,0.0,0.0,0.0,0.0
kampala_hoima,381,190.75,0.183,0.0,0.0,0.0,0.133,0.0,0.0,0.0,0.0,0.064,0.0,0.0,0.0,0.2,0.0,0.0,0.0,0.0
kampala_hoima,382,191.25,0.084,0.0,0.0,0.133,0.133,0.0,0.0,0.0,0.0,0.0,0.063,0.063,0.133,0.2,0.0,0.0,0.0,0.0
kampala_hoima,383,191.75,0.063,0.0,0.0,0.133,0.133,0.0,0.0,0.0,0.0,0.0,0.09,0.031,0.133,0.2,0.0,0.0,0.0,0.0
kampala_hoima,384,192.25,0.207,0.0,0.0,0.0,0.133,0.0,0.0,0.0,0.0,0.095,0.0,0.0,0.0,0.2,0.0,0.0,0.0,0.0
kampala_hoima,385,192.75,0.222,0.0,0.0,0.0,0.133,0.0,0.0,0.0,0.0,0.0,0.0,0.0,0.0,0.2,0.0,0.0,0.205,0.0
kampala_hoima,386,193.25,0.1,0.0,0.0,0.133,0.133,0.0,0.0,0.0,0.0,0.0,0.0,0.0,0.133,0.2,0.0,0.0,0.0,0.0
kampala_hoima,387,193.75,0.1,0.0,0.0,0.0,0.133,0.167,0.0,0.0,0.0,0.0,0.0,0.0,0.0,0.2,1.0,0.0,0.0,0.0
kampala_hoima,388,194.12838337547012,0.145,0.0,0.0,0.0,0.133,0.0,0.0,0.0,0.0,0.015,0.0,0.0,0.0,0.2,0.0,0.0,0.0,0.0
kampala_katuna,0,0.25,0.106,0.0,0.0,0.0,0.133,0.0,0.0,0.0,0.0,0.0,0.035,0.035,0.0,0.2,0.0,0.0,0.0,0.0
kampala_katuna,1,0.75,0.027,0.0,0.0,0.0,0.133,0.0,0.0,0.0,0.0,0.0,0.137,0.077,0.0,0.2,0.0,0.0,0.0,0.0
kampala_katuna,2,1.25,0.0,0.003,0.003,0.0,0.133,0.0,0.0,0.0,0.0,0.0,0.176,0.116,0.0,0.2,0.0,0.0,0.0,0.0
kampala_katuna,3,1.75,0.045,0.0,0.0,0.0,0.133,0.0,0.0,0.0,0.0,0.0,0.093,0.093,0.0,0.2,0.0,0.0,0.0,0.0
kampala_katuna,4,2.25,0.057,0.0,0.0,0.0,0.133,0.0,0.0,0.0,0.0,0.0,0.176,0.116,0.0,0.2,0.0,0.0,0.0,0.0
kampala_katuna,5,2.75,0.0,0.003,0.003,0.0,0.133,0.0,0.0,0.0,0.0,0.0,0.176,0.116,0.0,0.2,0.0,0.0,0.0,0.0
kampala_katuna,6,3.25,0.0,0.003,0.003,0.0,0.133,0.0,0.0,0.0,0.0,0.0,0.176,0.116,0.0,0.2,0.0,0.0,0.0,0.0
kampala_katuna,7,3.75,0.0,0.003,0.003,0.0,0.133,0.0,0.0,0.0,0.0,0.0,0.176,0.116,0.0,0.2,0.0,0.0,0.0,0.0
kampala_katuna,8,4.25,0.0,0.003,0.003,0.0,0.133,0.0,0.0,0.0,0.0,0.0,0.176,0.116,0.0,0.2,0.0,0.0,0.0,0.0
kampala_katuna,9,4.75,0.007,0.0,0.0,0.0,0.133,0.167,0.0,0.0,0.0,0.0,0.162,0.103,0.0,0.2,1.0,0.0,0.0,0.0
kampala_katuna,10,5.25,0.0,0.003,0.003,0.0,0.133,0.0,0.0,0.0,0.0,0.0,0.157,0.116,0.0,0.2,0.0,0.0,0.0,0.0
kampala_katuna,11,5.75,0.0,0.003,0.003,0.0,0.133,0.0,0.0,0.0,0.0,0.0,0.176,0.116,0.0,0.2,0.0,0.0,0.0,0.0
kampala_katuna,12,6.25,0.0,0.003,0.003,0.0,0.133,0.0,0.0,0.0,0.0,0.0,0.176,0.116,0.0,0.2,0.0,0.0,0.0,0.0
kampala_katuna,13,6.75,0.183,0.0,0.0,0.0,0.133,0.0,0.0,0.0,0.0,0.063,0.0,0.0,0.0,0.2,0.0,0.0,0.0,0.0
kampala_katuna,14,7.25,0.0,0.021,0.029,0.0,0.0,0.0,0.0,0.0,0.0,0.0,0.027,0.037,0.0,0.0,0.0,0.0,0.0,0.0
kampala_katuna,15,7.75,0.0,0.003,0.003,0.0,0.133,0.0,0.0,0.0,0.0,0.0,0.176,0.116,0.0,0.2,0.0,0.0,0.0,0.0
kampala_katuna,16,8.25,0.0,0.003,0.003,0.0,0.133,0.0,0.0,0.0,0.0,0.0,0.176,0.116,0.0,0.2,0.0,0.0,0.0,0.0
kampala_katuna,17,8.75,0.076,0.0,0.0,0.0,0.133,0.0,0.0,0.0,0.0,0.0,0.149,0.09,0.0,0.2,0.0,0.0,0.0,0.0
kampala_katuna,18,9.25,0.036,0.0,0.0,0.0,0.133,0.0,0.0,0.0,0.0,0.0,0.125,0.065,0.0,0.2,0.0,0.0,0.0,0.0
kampala_katuna,19,9.75,0.0,0.003,0.003,0.0,0.133,0.0,0.0,0.0,0.0,0.0,0.176,0.116,0.0,0.2,0.0,0.0,0.0,0.0
kampala_katuna,20,10.25,0.113,0.0,0.0,0.0,0.133,0.0,0.0,0.0,0.0,0.0,0.026,0.026,0.0,0.2,0.0,0.0,0.0,0.0
kampala_katuna,21,10.75,0.094,0.0,0.0,0.0,0.133,0.0,0.0,0.0,0.0,0.0,0.051,0.051,0.0,0.2,0.0,0.0,0.0,0.0
kampala_katuna,22,11.25,0.149,0.0,0.0,0.0,0.133,0.0,0.0,0.0,0.0,0.0,0.0,0.0,0.0,0.2,0.0,0.0,0.01,0.0
kampala_katuna,23,11.75,0.0,0.003,0.003,0.0,0.133,0.0,0.0,0.0,0.0,0.0,0.007,0.007,0.0,0.2,0.0,0.0,0.0,0.0
kampala_katuna,24,12.25,0.027,0.0,0.0,0.0,0.133,0.0,0.0,0.0,0.0,0.0,0.101,0.077,0.0,0.2,0.0,0.0,0.0,0.0
kampala_katuna,25,12.75,0.046,0.0,0.0,0.133,0.133,0.0,0.0,0.0,0.0,0.0,0.113,0.053,0.133,0.2,0.0,0.0,0.0,0.0
kampala_katuna,26,13.25,0.0,0.191,0.033,0.267,0.0,0.0,0.0,0.0,0.0,0.0,0.245,0.042,0.267,0.0,0.0,0.0,0.0,0.0
kampala_katuna,27,13.75,0.0,0.003,0.003,0.133,0.133,0.0,0.0,0.0,0.0,0.0,0.176,0.116,0.133,0.2,0.0,0.0,0.0,0.0
kampala_katuna,28,14.25,0.007,0.0,0.0,0.0,0.133,0.0,0.0,0.0,0.0,0.0,0.162,0.103,0.0,0.2,0.0,0.0,0.0,0.0
kampala_katuna,29,14.75,0.036,0.0,0.0,0.0,0.133,0.0,0.0,0.0,0.0,0.0,0.125,0.065,0.0,0.2,0.0,0.0,0.0,0.0
kampala_katuna,30,15.25,0.007,0.0,0.0,0.0,0.133,0.0,0.0,0.0,0.0,0.0,0.162,0.103,0.0,0.2,0.0,0.0,0.0,0.0
kampala_katuna,31,15.75,0.027,0.0,0.0,0.0,0.133,0.0,0.0,0.0,0.0,0.0,0.137,0.077,0.0,0.2,0.0,0.0,0.0,0.0
kampala_katuna,32,16.25,0.017,0.0,0.0,0.133,0.133,0.0,0.0,0.0,0.0,0.0,0.149,0.09,0.133,0.2,0.0,0.0,0.0,0.0
kampala_katuna,33,16.75,0.027,0.0,0.0,0.0,0.133,0.0,0.0,0.0,0.0,0.0,0.137,0.077,0.0,0.2,0.0,0.0,0.0,0.0
kampala_katuna,34,17.25,0.0,0.133,0.037,0.0,0.0,0.0,0.0,0.0,0.0,0.0,0.171,0.048,0.0,0.0,0.0,0.0,0.0,0.0
kampala_katuna,35,17.75,0.0,0.024,0.017,0.0,0.0,0.0,0.0,0.0,0.0,0.0,0.0,0.0,0.0,0.0,0.0,0.0,0.101,0.0
kampala_katuna,36,18.25,0.0,0.194,0.042,0.0,0.0,0.0,0.0,0.0,0.0,0.0,0.18,0.053,0.0,0.0,0.0,0.0,0.0,0.0
kampala_katuna,37,18.75,0.0,0.003,0.003,0.0,0.133,0.0,0.0,0.0,0.0,0.0,0.0,0.0,0.0,0.2,0.0,0.0,0.111,0.0
kampala_katuna,38,19.25,0.036,0.0,0.0,0.0,0.133,0.0,0.0,0.0,0.0,0.0,0.125,0.065,0.0,0.2,0.0,0.0,0.0,0.0
kampala_katuna,39,19.75,0.027,0.0,0.0,0.0,0.133,0.0,0.0,0.0,0.0,0.0,0.137,0.077,0.0,0.2,0.0,0.0,0.0,0.0
kampala_katuna,40,20.25,0.0,0.017,0.011,0.0,0.0,0.0,0.0,0.0,0.0,0.0,0.022,0.014,0.0,0.0,0.0,0.0,0.0,0.0
kampala_katuna,41,20.75,0.0,0.001,0.005,0.0,0.0,0.0,0.0,0.0,0.0,0.0,0.002,0.007,0.0,0.0,0.0,0.0,0.0,0.0
kampala_katuna,42,21.25,0.0,0.006,0.016,0.0,0.0,0.0,0.0,0.0,0.0,0.0,0.007,0.021,0.0,0.0,0.0,0.0,0.0,0.0
kampala_katuna,43,21.75,0.0,0.13,0.037,0.0,0.0,0.0,0.0,0.0,0.0,0.0,0.0,0.0,0.0,0.0,0.0,0.0,0.035,0.0
kampala_katuna,44,22.25,0.0,0.003,0.003,0.0,0.133,0.0,0.0,0.0,0.0,0.0,0.176,0.116,0.0,0.2,0.0,0.0,0.0,0.0
kampala_katuna,45,22.75,0.007,0.0,0.0,0.0,0.133,0.0,0.0,0.0,0.0,0.0,0.162,0.103,0.0,0.2,0.0,0.0,0.0,0.0
kampala_katuna,46,23.25,0.0,0.191,0.033,0.0,0.0,0.0,0.0,0.0,0.0,0.0,0.245,0.042,0.0,0.0,0.0,0.0,0.0,0.0
kampala_katuna,47,23.75,0.0,0.002,0.027,0.0,0.0,0.0,0.0,0.0,0.0,0.0,0.002,0.035,0.0,0.0,0.0,0.0,0.0,0.0
kampala_katuna,48,24.25,0.0,0.043,0.012,0.0,0.0,0.0,0.0,0.0,0.0,0.0,0.0,0.0,0.0,0.0,0.0,0.0,0.056,0.0
kampala_katuna,49,24.75,0.0,0.059,0.006,0.0,0.0,0.0,0.0,0.0,0.0,0.0,0.076,0.008,0.0,0.0,0.0,0.0,0.0,0.0
kampala_katuna,50,25.25,0.0,0.12,0.014,0.0,0.0,0.0,0.0,0.0,0.0,0.0,0.0,0.0,0.0,0.0,0.0,0.0,0.378,0.0
kampala_katuna,51,25.75,0.0,0.168,0.023,0.0,0.0,0.0,0.0,0.0,0.0,0.0,0.0,0.0,0.0,0.0,0.0,0.0,0.088,0.0
kampala_katuna,52,26.25,0.0,0.036,0.017,0.0,0.0,0.0,0.0,0.0,0.0,0.0,0.046,0.022,0.0,0.0,0.0,0.0,0.0,0.0
kampala_katuna,53,26.75,0.0,0.077,0.026,0.0,0.0,0.0,0.0,0.0,0.0,0.0,0.099,0.033,0.0,0.0,0.0,0.0,0.0,0.0
kampala_katuna,54,27.25,0.0,0.194,0.042,0.0,0.0,0.0,0.0,0.0,0.0,0.0,0.249,0.053,0.0,0.0,0.0,0.0,0.0,0.0
kampala_katuna,55,27.75,0.0,0.021,0.011,0.0,0.0,0.0,0.0,0.0,0.0,0.0,0.027,0.014,0.0,0.0,0.0,0.0,0.0,0.0
kampala_katuna,56,28.25,0.0,0.0,0.0,0.0,0.0,0.0,0.0,0.0,0.0,0.0,0.001,0.0,0.0,0.0,0.0,0.0,0.0,0.0
kampala_katuna,57,28.75,0.0,0.011,0.005,0.0,0.0,0.0,0.0,0.0,0.0,0.0,0.0,0.0,0.0,0.0,0.0,0.0,0.481,0.0
kampala_katuna,58,29.25,0.0,0.065,0.019,0.0,0.0,0.0,0.0,0.0,0.0,0.0,0.084,0.024,0.0,0.0,0.0,0.0,0.0,0.0
kampala_katuna,59,29.75,0.0,0.069,0.019,0.0,0.0,0.0,0.0,0.0,0.0,0.0,0.088,0.024,0.0,0.0,0.0,0.0,0.0,0.0
kampala_katuna,60,30.25,0.0,0.019,0.011,0.0,0.0,0.0,0.0,0.0,0.0,0.0,0.024,0.014,0.0,0.0,0.0,0.0,0.0,0.0
kampala_katuna,61,30.75,0.0,0.011,0.005,0.0,0.0,0.0,0.0,0.0,0.0,0.0,0.015,0.007,0.0,0.0,0.0,0.0,0.0,0.0
kampala_katuna,62,31.25,0.0,0.046,0.012,0.0,0.0,0.0,0.0,0.0,0.0,0.0,0.0,0.0,0.0,0.0,0.0,0.0,0.221,0.0
kampala_katuna,63,31.75,0.0,0.071,0.019,0.0,0.0,0.0,0.0,0.0,0.0,0.0,0.0,0.0,0.0,0.0,0.0,0.0,0.15,0.0
kampala_katuna,64,32.25,0.0,0.075,0.026,0.0,0.0,0.0,0.0,0.0,0.0,0.0,0.064,0.033,0.0,0.0,0.0,0.0,0.0,0.0
kampala_katuna,65,32.75,0.0,0.046,0.024,0.0,0.0,0.0,0.0,0.0,0.0,0.0,0.059,0.031,0.0,0.0,0.0,0.0,0.0,0.0
kampala_katuna,66,33.25,0.0,0.02,0.005,0.0,0.0,0.0,0.0,0.0,0.0,0.0,0.0,0.0,0.0,0.0,0.0,0.0,0.207,0.0
kampala_katuna,67,33.75,0.0,0.05,0.018,0.0,0.0,0.0,0.0,0.0,0.0,0.0,0.0,0.0,0.0,0.0,0.0,0.0,0.133,0.0
kampala_katuna,68,34.25,0.0,0.14,0.015,0.0,0.0,0.0,0.0,0.0,0.0,0.0,0.18,0.019,0.0,0.0,0.0,0.0,0.0,0.0
kampala_katuna,69,34.75,0.0,0.106,0.035,0.0,0.0,0.0,0.0,0.0,0.0,0.0,0.136,0.045,0.0,0.0,0.0,0.0,0.0,0.0
kampala_katuna,70,35.25,0.0,0.004,0.005,0.0,0.0,0.0,0.0,0.0,0.0,0.0,0.005,0.007,0.0,0.0,0.0,0.0,0.0,0.0
kampala_katuna,71,35.75,0.0,0.0,0.0,0.0,0.0,0.0,0.0,0.0,0.143,0.0,0.0,0.0,0.0,0.0,0.0,0.0,0.359,0.0
kampala_katuna,72,36.25,0.0,0.0,0.0,0.0,0.0,0.0,0.0,0.0,0.133,0.0,0.0,0.0,0.0,0.0,0.0,0.0,0.0,0.129
kampala_katuna,73,36.75,0.0,0.039,0.0,0.0,0.0,0.0,0.0,0.0,0.0,0.0,0.05,0.0,0.0,0.0,0.0,0.0,0.0,0.0
kampala_katuna,74,37.25,0.0,0.113,0.021,0.0,0.0,0.0,0.0,0.0,0.0,0.0,0.146,0.027,0.0,0.0,0.0,0.0,0.0,0.0
kampala_katuna,75,37.75,0.0,0.094,0.013,0.0,0.0,0.0,0.0,0.0,0.0,0.0,0.121,0.017,0.0,0.0,0.0,0.0,0.0,0.0
kampala_katuna,76,38.25,0.0,0.005,0.005,0.0,0.0,0.0,0.0,0.0,0.0,0.0,0.007,0.007,0.0,0.0,0.0,0.0,0.0,0.0
kampala_katuna,77,38.75,0.0,0.0,0.0,0.0,0.0,0.0,0.0,0.0,0.0,0.0,0.0,0.0,0.0,0.0,0.0,0.0,0.0,0.0
kampala_katuna,78,39.25,0.0,0.001,0.005,0.0,0.0,0.0,0.0,0.0,0.0,0.0,0.0,0.0,0.0,0.0,0.0,0.0,0.481,0.0
kampala_katuna,79,39.75,0.0,0.02,0.035,0.0,0.0,0.0,0.0,0.0,0.0,0.0,0.025,0.045,0.0,0.0,0.0,0.0,0.0,0.0
kampala_katuna,80,40.25,0.0,0.021,0.005,0.083,0.0,0.0,0.0,0.0,0.0,0.0,0.027,0.007,0.083,0.0,0.0,0.0,0.0,0.0
kampala_katuna,81,40.75,0.0,0.024,0.011,0.0,0.0,0.0,0.0,0.0,0.0,0.0,0.031,0.014,0.0,0.0,0.0,0.0,0.0,0.0
kampala_katuna,82,41.25,0.0,0.044,0.006,0.0,0.0,0.0,0.0,0.0,0.0,0.0,0.028,0.007,0.0,0.0,0.0,0.0,0.0,0.0
kampala_katuna,83,41.75,0.0,0.044,0.012,0.0,0.0,0.0,0.0,0.0,0.0,0.0,0.0,0.0,0.0,0.0,0.0,0.0,0.203,0.0
kampala_katuna,84,42.25,0.0,0.049,0.006,0.0,0.0,0.0,0.0,0.0,0.0,0.0,0.063,0.007,0.0,0.0,0.0,0.0,0.0,0.0
kampala_katuna,85,42.75,0.0,0.007,0.011,0.0,0.0,0.0,0.0,0.0,0.0,0.0,0.009,0.014,0.0,0.0,0.0,0.0,0.0,0.0
kampala_katuna,86,43.25,0.0,0.0,0.0,0.0,0.0,0.0,0.0,0.0,0.0,0.0,0.0,0.0,0.0,0.0,0.0,0.0,0.0,0.0
kampala_katuna,87,43.75,0.0,0.001,0.005,0.0,0.0,0.0,0.0,0.0,0.0,0.0,0.002,0.007,0.0,0.0,0.0,0.0,0.0,0.0
kampala_katuna,88,44.25,0.0,0.014,0.005,0.0,0.0,0.0,0.0,0.0,0.0,0.0,0.0,0.0,0.0,0.0,0.0,0.0,0.484,0.0
kampala_katuna,89,44.75,0.0,0.025,0.005,0.0,0.0,0.0,0.0,0.0,0.0,0.0,0.032,0.007,0.0,0.0,0.0,0.0,0.0,0.0
kampala_katuna,90,45.25,0.0,0.025,0.005,0.0,0.0,0.0,0.0,0.0,0.0,0.0,0.0,0.0,0.0,0.0,0.0,0.0,0.433,0.0
kampala_katuna,91,45.75,0.0,0.104,0.02,0.0,0.0,0.0,0.0,0.0,0.0,0.0,0.134,0.026,0.0,0.0,0.0,0.0,0.0,0.0
kampala_katuna,92,46.25,0.0,0.194,0.042,0.0,0.0,0.0,0.0,0.0,0.0,0.0,0.091,0.053,0.0,0.0,0.0,0.0,0.0,0.0
kampala_katuna,93,46.75,0.0,0.087,0.034,0.0,0.0,0.0,0.0,0.0,0.0,0.0,0.112,0.043,0.0,0.0,0.0,0.0,0.0,0.0
kampala_katuna,94,47.25,0.0,0.182,0.008,0.0,0.0,0.0,0.0,0.0,0.0,0.0,0.096,0.01,0.0,0.0,0.0,0.0,0.0,0.0
kampala_katuna,95,47.75,0.0,0.151,0.007,0.0,0.0,0.0,0.0,0.0,0.0,0.0,0.194,0.009,0.0,0.0,0.0,0.0,0.0,0.0
kampala_katuna,96,48.25,0.0,0.057,0.006,0.0,0.0,0.0,0.0,0.0,0.0,0.0,0.074,0.008,0.0,0.0,0.0,0.0,0.0,0.0
kampala_katuna,97,48.75,0.0,0.039,0.006,0.0,0.0,0.0,0.0,0.0,0.0,0.0,0.05,0.007,0.0,0.0,0.0,0.0,0.0,0.0
kampala_katuna,98,49.25,0.0,0.026,0.005,0.0,0.0,0.0,0.0,0.0,0.0,0.0,0.033,0.007,0.0,0.0,0.0,0.0,0.0,0.0
kampala_katuna,99,49.75,0.0,0.039,0.006,0.0,0.0,0.0,0.0,0.0,0.0,0.0,0.05,0.007,0.0,0.0,0.0,0.0,0.0,0.0
kampala_katuna,100,50.25,0.0,0.035,0.006,0.0,0.0,0.0,0.0,0.0,0.0,0.0,0.045,0.007,0.0,0.0,0.0,0.0,0.0,0.0
kampala_katuna,101,50.75,0.0,0.001,0.0,0.0,0.0,0.0,0.0,0.0,0.0,0.0,0.002,0.0,0.0,0.0,0.0,0.0,0.0,0.0
kampala_katuna,102,51.25,0.0,0.0,0.0,0.0,0.0,0.0,0.0,0.0,0.0,0.0,0.0,0.0,0.0,0.0,0.0,0.0,0.0,0.0
kampala_katuna,103,51.75,0.0,0.0,0.0,0.0,0.0,0.0,0.0,0.0,0.0,0.0,0.0,0.0,0.0,0.0,0.0,0.0,0.0,0.0
kampala_katuna,104,52.25,0.0,0.03,0.017,0.0,0.0,0.0,0.0,0.0,0.0,0.0,0.0,0.0,0.0,0.0,0.0,0.0,0.117,0.0
kampala_katuna,105,52.75,0.0,0.029,0.006,0.0,0.0,0.0,0.0,0.0,0.0,0.0,0.037,0.007,0.0,0.0,0.0,0.0,0.0,0.0
kampala_katuna,106,53.25,0.0,0.168,0.015,0.0,0.0,0.0,0.0,0.0,0.0,0.0,0.0,0.0,0.0,0.0,0.0,0.0,0.139,0.0
kampala_katuna,107,53.75,0.0,0.0,0.0,0.0,0.0,0.0,0.0,0.0,0.073,0.0,0.0,0.0,0.0,0.0,0.0,0.0,0.0,0.051
kampala_katuna,108,54.25,0.0,0.051,0.012,0.0,0.0,0.0,0.0,0.0,0.0,0.0,0.066,0.015,0.0,0.0,0.0,0.0,0.0,0.0
kampala_katuna,109,54.75,0.0,0.02,0.011,0.0,0.0,0.0,0.0,0.0,0.0,0.0,0.026,0.014,0.0,0.0,0.0,0.0,0.0,0.0
kampala_katuna,110,55.25,0.0,0.003,0.01,0.0,0.0,0.0,0.0,0.0,0.0,0.0,0.004,0.013,0.0,0.0,0.0,0.0,0.0,0.0
kampala_katuna,111,55.75,0.0,0.001,0.0,0.0,0.0,0.0,0.0,0.0,0.0,0.0,0.001,0.0,0.0,0.0,0.0,0.0,0.0,0.0
kampala_katuna,112,56.25,0.0,0.0,0.0,0.0,0.0,0.0,0.0,0.0,0.0,0.0,0.001,0.0,0.0,0.0,0.0,0.0,0.0,0.0
kampala_katuna,113,56.75,0.0,0.003,0.0,0.0,0.0,0.0,0.0,0.0,0.0,0.0,0.004,0.0,0.0,0.0,0.0,0.0,0.0,0.0
kampala_katuna,114,57.25,0.0,0.001,0.005,0.0,0.0,0.0,0.0,0.0,0.0,0.0,0.002,0.007,0.0,0.0,0.0,0.0,0.0,0.0
kampala_katuna,115,57.75,0.0,0.002,0.0,0.0,0.0,0.0,0.0,0.0,0.0,0.0,0.002,0.0,0.0,0.0,0.0,0.0,0.0,0.0
kampala_katuna,116,58.25,0.0,0.0,0.0,0.0,0.0,0.0,0.0,0.0,0.0,0.0,0.001,0.0,0.0,0.0,0.0,0.0,0.0,0.0
kampala_katuna,117,58.75,0.0,0.0,0.01,0.0,0.0,0.0,0.0,0.0,0.0,0.0,0.0,0.0,0.0,0.0,0.0,0.0,0.169,0.0
kampala_katuna,118,59.25,0.0,0.007,0.011,0.0,0.0,0.0,0.0,0.0,0.0,0.0,0.0,0.0,0.0,0.0,0.0,0.0,0.242,0.0
kampala_katuna,119,59.75,0.0,0.01,0.005,0.0,0.0,0.0,0.0,0.0,0.0,0.0,0.013,0.007,0.0,0.0,0.0,0.0,0.0,0.0
kampala_katuna,120,60.25,0.0,0.005,0.005,0.0,0.0,0.0,0.0,0.0,0.0,0.0,0.007,0.007,0.0,0.0,0.0,0.0,0.0,0.0
kampala_katuna,121,60.75,0.0,0.01,0.005,0.0,0.0,0.0,0.0,0.0,0.0,0.0,0.0,0.0,0.0,0.0,0.0,0.0,0.532,0.0
kampala_katuna,122,61.25,0.0,0.01,0.016,0.0,0.0,0.0,0.0,0.0,0.0,0.0,0.0,0.0,0.0,0.0,0.0,0.0,0.248,0.0
kampala_katuna,123,61.75,0.0,0.072,0.054,0.0,0.0,0.0,0.0,0.0,0.0,0.0,0.093,0.07,0.0,0.0,0.0,0.0,0.0,0.0
kampala_katuna,124,62.25,0.0,0.086,0.026,0.0,0.0,0.0,0.0,0.0,0.0,0.0,0.11,0.034,0.0,0.0,0.0,0.0,0.0,0.0
kampala_katuna,125,62.75,0.0,0.148,0.03,0.0,0.0,0.0,0.0,0.0,0.0,0.0,0.19,0.039,0.0,0.0,0.0,0.0,0.0,0.0
kampala_katuna,126,63.25,0.0,0.161,0.007,0.0,0.0,0.0,0.0,0.0,0.0,0.0,0.207,0.01,0.0,0.0,0.0,0.0,0.0,0.0
kampala_katuna,127,63.75,0.027,0.0,0.0,0.0,0.133,0.0,0.0,0.0,0.0,0.0,0.137,0.077,0.0,0.2,0.0,0.0,0.0,0.0
kampala_katuna,128,64.25,0.054,0.0,0.0,0.0,0.133,0.0,0.0,0.0,0.0,0.0,0.101,0.042,0.0,0.2,0.0,0.0,0.0,0.0
kampala_katuna,129,64.75,0.0,0.034,0.011,0.0,0.0,0.0,0.0,0.0,0.0,0.0,0.0,0.0,0.0,0.0,0.0,0.0,0.181,0.0
kampala_katuna,130,65.25,0.0,0.026,0.011,0.0,0.0,0.0,0.0,0.0,0.0,0.0,0.0,0.0,0.0,0.0,0.0,0.0,0.353,0.0
kampala_katuna,131,65.75,0.0,0.068,0.032,0.0,0.0,0.0,0.0,0.0,0.0,0.0,0.087,0.041,0.0,0.0,0.0,0.0,0.0,0.0
kampala_katuna,132,66.25,0.0,0.088,0.034,0.0,0.0,0.0,0.0,0.0,0.0,0.0,0.113,0.043,0.0,0.0,0.0,0.0,0.0,0.0
kampala_katuna,133,66.75,0.0,0.007,0.011,0.0,0.0,0.0,0.0,0.0,0.0,0.0,0.009,0.014,0.0,0.0,0.0,0.0,0.0,0.0
kampala_katuna,134,67.25,0.0,0.018,0.016,0.0,0.0,0.0,0.0,0.0,0.0,0.0,0.014,0.014,0.0,0.0,0.0,0.0,0.0,0.0
kampala_katuna,135,67.75,0.0,0.04,0.018,0.0,0.0,0.0,0.0,0.0,0.0,0.0,0.051,0.023,0.0,0.0,0.0,0.0,0.0,0.0
kampala_katuna,136,68.25,0.0,0.011,0.005,0.0,0.0,0.0,0.0,0.0,0.0,0.0,0.015,0.007,0.0,0.0,0.0,0.0,0.0,0.0
kampala_katuna,137,68.75,0.0,0.003,0.005,0.0,0.0,0.0,0.0,0.0,0.0,0.0,0.004,0.007,0.0,0.0,0.0,0.0,0.0,0.0
kampala_katuna,138,69.25,0.0,0.001,0.0,0.0,0.0,0.0,0.0,0.0,0.0,0.0,0.001,0.0,0.0,0.0,0.0,0.0,0.0,0.0
kampala_katuna,139,69.75,0.0,0.0,0.0,0.0,0.0,0.0,0.0,0.0,0.0,0.0,0.001,0.0,0.0,0.0,0.0,0.0,0.0,0.0
kampala_katuna,140,70.25,0.0,0.006,0.005,0.0,0.0,0.0,0.0,0.0,0.0,0.0,0.0,0.0,0.0,0.0,0.0,0.0,0.008,0.0
kampala_katuna,141,70.75,0.0,0.042,0.012,0.0,0.0,0.0,0.0,0.0,0.0,0.0,0.026,0.015,0.0,0.0,0.0,0.0,0.0,0.0
kampala_katuna,142,71.25,0.0,0.017,0.016,0.0,0.0,0.0,0.0,0.0,0.0,0.0,0.021,0.021,0.0,0.0,0.0,0.0,0.0,0.0
kampala_katuna,143,71.75,0.045,0.0,0.0,0.0,0.133,0.0,0.0,0.0,0.0,0.0,0.114,0.075,0.0,0.2,0.0,0.0,0.0,0.0
kampala_katuna,144,72.25,0.0,0.189,0.033,0.0,0.0,0.0,0.0,0.0,0.0,0.0,0.243,0.042,0.0,0.0,0.0,0.0,0.0,0.0
kampala_katuna,145,72.75,0.0,0.029,0.017,0.0,0.0,0.0,0.0,0.0,0.0,0.0,0.0,0.0,0.0,0.0,0.0,0.0,0.165,0.0
kampala_katuna,146,73.25,0.0,0.047,0.024,0.0,0.0,0.0,0.0,0.0,0.0,0.0,0.0,0.0,0.0,0.0,0.0,0.0,0.218,0.0
kampala_katuna,147,73.75,0.0,0.05,0.031,0.0,0.0,0.0,0.0,0.0,0.0,0.0,0.065,0.04,0.0,0.0,0.0,0.0,0.0,0.0
kampala_katuna,148,74.25,0.178,0.0,0.0,0.0,0.133,0.0,0.0,0.0,0.0,0.057,0.0,0.0,0.0,0.2,0.0,0.0,0.0,0.0
kampala_katuna,149,74.75,0.0,0.122,0.014,0.0,0.0,0.0,0.0,0.0,0.0,0.0,0.156,0.018,0.0,0.0,0.0,0.0,0.0,0.0
kampala_katuna,150,75.25,0.0,0.201,0.06,0.0,0.0,0.0,0.0,0.0,0.0,0.0,0.258,0.077,0.0,0.0,0.0,0.0,0.0,0.0
kampala_katuna,151,75.75,0.0,0.194,0.042,0.0,0.0,0.0,0.0,0.0,0.0,0.0,0.249,0.053,0.0,0.0,0.0,0.0,0.0,0.0
kampala_katuna,152,76.25,0.0,0.185,0.016,0.0,0.0,0.0,0.0,0.0,0.0,0.0,0.238,0.02,0.0,0.0,0.0,0.0,0.0,0.0
kampala_katuna,153,76.75,0.0,0.097,0.013,0.0,0.0,0.0,0.0,0.0,0.0,0.0,0.125,0.017,0.0,0.0,0.0,0.0,0.0,0.0
kampala_katuna,154,77.25,0.0,0.034,0.017,0.0,0.0,0.0,0.0,0.0,0.0,0.0,0.044,0.022,0.0,0.0,0.0,0.0,0.0,0.0
kampala_katuna,155,77.75,0.0,0.012,0.005,0.0,0.0,0.0,0.0,0.0,0.0,0.0,0.015,0.007,0.0,0.0,0.0,0.0,0.0,0.0
kampala_katuna,156,78.25,0.0,0.002,0.0,0.0,0.0,0.0,0.0,0.0,0.0,0.0,0.003,0.0,0.0,0.0,0.0,0.0,0.0,0.0
kampala_katuna,157,78.75,0.0,0.0,0.0,0.0,0.0,0.0,0.0,0.0,0.0,0.0,0.0,0.0,0.0,0.0,0.0,0.0,0.0,0.0
kampala_katuna,158,79.25,0.0,0.0,0.005,0.0,0.0,0.0,0.0,0.0,0.0,0.0,0.001,0.007,0.0,0.0,0.0,0.0,0.0,0.0
kampala_katuna,159,79.75,0.0,0.003,0.005,0.0,0.0,0.0,0.0,0.0,0.0,0.0,0.004,0.007,0.0,0.0,0.0,0.0,0.0,0.0
kampala_katuna,160,80.25,0.0,0.04,0.012,0.0,0.0,0.0,0.0,0.0,0.0,0.0,0.052,0.015,0.0,0.0,0.0,0.0,0.0,0.0
kampala_katuna,161,80.75,0.0,0.027,0.005,0.0,0.0,0.0,0.0,0.0,0.0,0.0,0.0,0.0,0.0,0.0,0.0,0.0,0.106,0.0
kampala_katuna,162,81.25,0.0,0.019,0.028,0.0,0.0,0.0,0.0,0.0,0.0,0.0,0.0,0.0,0.0,0.0,0.0,0.0,0.25,0.0
kampala_katuna,163,81.75,0.0,0.031,0.017,0.0,0.0,0.0,0.0,0.0,0.0,0.0,0.0,0.0,0.0,0.0,0.0,0.0,0.299,0.0
kampala_katuna,164,82.25,0.0,0.084,0.033,0.0,0.0,0.0,0.0,0.0,0.0,0.0,0.108,0.043,0.0,0.0,0.0,0.0,0.0,0.0
kampala_katuna,165,82.75,0.0,0.021,0.005,0.0,0.0,0.0,0.0,0.0,0.0,0.0,0.026,0.007,0.0,0.0,0.0,0.0,0.0,0.0
kampala_katuna,166,83.25,0.0,0.009,0.011,0.0,0.0,0.0,0.0,0.0,0.0,0.0,0.011,0.014,0.0,0.0,0.0,0.0,0.0,0.0
kampala_katuna,167,83.75,0.0,0.004,0.01,0.0,0.0,0.0,0.0,0.0,0.0,0.0,0.0,0.0,0.0,0.0,0.0,0.0,0.362,0.0
kampala_katuna,168,84.25,0.0,0.021,0.017,0.0,0.0,0.0,0.0,0.0,0.0,0.0,0.0,0.0,0.0,0.0,0.0,0.0,0.276,0.0
kampala_katuna,169,84.75,0.0,0.032,0.029,0.0,0.0,0.0,0.0,0.0,0.0,0.0,0.041,0.038,0.0,0.0,0.0,0.0,0.0,0.0
kampala_katuna,170,85.25,0.0,0.035,0.011,0.0,0.0,0.0,0.0,0.0,0.0,0.0,0.045,0.015,0.0,0.0,0.0,0.0,0.0,0.0
kampala_katuna,171,85.75,0.0,0.093,0.006,0.0,0.0,0.0,0.0,0.0,0.0,0.0,0.119,0.008,0.0,0.0,0.0,0.0,0.0,0.0
kampala_katuna,172,86.25,0.0,0.185,0.016,0.0,0.0,0.0,0.0,0.0,0.0,0.0,0.238,0.02,0.0,0.0,0.0,0.0,0.0,0.0
kampala_katuna,173,86.75,0.0,0.077,0.013,0.0,0.0,0.0,0.0,0.0,0.0,0.0,0.099,0.016,0.0,0.0,0.0,0.0,0.0,0.0
kampala_katuna,174,87.25,0.0,0.0,0.005,0.0,0.0,0.0,0.0,0.0,0.0,0.0,0.0,0.007,0.0,0.0,0.0,0.0,0.0,0.0
kampala_katuna,175,87.75,0.0,0.002,0.016,0.0,0.0,0.0,0.0,0.0,0.0,0.0,0.003,0.02,0.0,0.0,0.0,0.0,0.0,0.0
kampala_katuna,176,88.25,0.0,0.0,0.01,0.0,0.0,0.0,0.0,0.0,0.0,0.0,0.0,0.013,0.0,0.0,0.0,0.0,0.0,0.0
kampala_katuna,177,88.75,0.0,0.0,0.016,0.0,0.0,0.0,0.0,0.0,0.0,0.0,0.0,0.02,0.0,0.0,0.0,0.0,0.0,0.0
kampala_katuna,178,89.25,0.0,0.0,0.005,0.0,0.0,0.0,0.0,0.0,0.0,0.0,0.001,0.007,0.0,0.0,0.0,0.0,0.0,0.0
kampala_katuna,179,89.75,0.0,0.0,0.005,0.0,0.0,0.0,0.0,0.0,0.0,0.0,0.0,0.007,0.0,0.0,0.0,0.0,0.0,0.0
kampala_katuna,180,90.25,0.0,0.004,0.01,0.0,0.0,0.0,0.0,0.0,0.0,0.0,0.005,0.013,0.0,0.0,0.0,0.0,0.0,0.0
kampala_katuna,181,90.75,0.0,0.0,0.016,0.0,0.0,0.0,0.0,0.0,0.0,0.0,0.0,0.02,0.0,0.0,0.0,0.0,0.0,0.0
kampala_katuna,182,91.25,0.0,0.0,0.016,0.0,0.0,0.0,0.0,0.0,0.0,0.0,0.0,0.02,0.0,0.0,0.0,0.0,0.0,0.0
kampala_katuna,183,91.75,0.0,0.03,0.017,0.0,0.0,0.0,0.0,0.0,0.0,0.0,0.038,0.022,0.0,0.0,0.0,0.0,0.0,0.0
kampala_katuna,184,92.25,0.0,0.006,0.005,0.0,0.0,0.0,0.0,0.0,0.0,0.0,0.007,0.007,0.0,0.0,0.0,0.0,0.0,0.0
kampala_katuna,185,92.75,0.0,0.0,0.005,0.0,0.0,0.0,0.0,0.0,0.0,0.0,0.0,0.007,0.0,0.0,0.0,0.0,0.0,0.0
kampala_katuna,186,93.25,0.0,0.0,0.0,0.0,0.0,0.0,0.0,0.0,0.0,0.0,0.001,0.0,0.0,0.0,0.0,0.0,0.0,0.0
kampala_katuna,187,93.75,0.0,0.0,0.0,0.0,0.0,0.0,0.0,0.0,0.0,0.0,0.0,0.0,0.0,0.0,0.0,0.0,0.0,0.0
kampala_katuna,188,94.25,0.0,0.0,0.0,0.0,0.0,0.0,0.0,0.0,0.0,0.0,0.0,0.0,0.0,0.0,0.0,0.0,0.0,0.0
kampala_katuna,189,94.75,0.0,0.0,0.0,0.0,0.0,0.0,0.0,0.0,0.0,0.0,0.0,0.0,0.0,0.0,0.0,0.0,0.0,0.0
kampala_katuna,190,95.25,0.0,0.0,0.0,0.0,0.0,0.0,0.0,0.0,0.0,0.0,0.001,0.0,0.0,0.0,0.0,0.0,0.0,0.0
kampala_katuna,191,95.75,0.0,0.0,0.0,0.0,0.0,0.0,0.0,0.0,0.0,0.0,0.001,0.0,0.0,0.0,0.0,0.0,0.0,0.0
kampala_katuna,192,96.25,0.0,0.0,0.0,0.0,0.0,0.0,0.0,0.0,0.0,0.0,0.0,0.0,0.0,0.0,0.0,0.0,0.0,0.0
kampala_katuna,193,96.75,0.0,0.001,0.005,0.0,0.0,0.0,0.0,0.0,0.0,0.0,0.002,0.007,0.0,0.0,0.0,0.0,0.0,0.0
kampala_katuna,194,97.25,0.0,0.001,0.0,0.0,0.0,0.0,0.0,0.0,0.0,0.0,0.001,0.0,0.0,0.0,0.0,0.0,0.0,0.0
kampala_katuna,195,97.75,0.0,0.007,0.005,0.0,0.0,0.0,0.0,0.0,0.0,0.0,0.009,0.007,0.0,0.0,0.0,0.0,0.0,0.0
kampala_katuna,196,98.25,0.1,0.0,0.0,0.0,0.133,0.0,0.0,0.0,0.0,0.0,0.0,0.0,0.0,0.2,0.0,10.0,0.0,0.0
kampala_katuna,197,98.75,0.017,0.0,0.0,0.0,0.133,0.0,0.0,0.0,0.0,0.0,0.149,0.09,0.0,0.2,0.0,0.0,0.0,0.0
kampala_katuna,198,99.25,0.036,0.0,0.0,0.0,0.133,0.0,0.0,0.0,0.0,0.0,0.125,0.065,0.0,0.2,0.0,0.0,0.0,0.0
kampala_katuna,199,99.75,0.017,0.0,0.0,0.0,0.133,0.0,0.0,0.0,0.0,0.0,0.149,0.09,0.0,0.2,0.0,0.0,0.0,0.0
kampala_katuna,200,100.25,0.0,0.152,0.015,0.0,0.0,0.0,0.0,0.0,0.0,0.0,0.031,0.019,0.0,0.0,0.0,0.0,0.0,0.0
kampala_katuna,201,100.75,0.0,0.098,0.027,0.0,0.0,0.0,0.0,0.0,0.0,0.0,0.096,0.035,0.0,0.0,0.0,0.0,0.0,0.0
kampala_katuna,202,101.25,0.0,0.05,0.012,0.0,0.0,0.0,0.0,0.0,0.0,0.0,0.0,0.0,0.0,0.0,0.0,0.0,0.205,0.0
kampala_katuna,203,101.75,0.0,0.11,0.028,0.0,0.0,0.0,0.0,0.0,0.0,0.0,0.116,0.036,0.0,0.0,0.0,0.0,0.0,0.0
kampala_katuna,204,102.25,0.0,0.059,0.031,0.0,0.0,0.0,0.0,0.0,0.0,0.0,0.075,0.04,0.0,0.0,0.0,0.0,0.0,0.0
kampala_katuna,205,102.75,0.0,0.02,0.011,0.0,0.0,0.0,0.0,0.0,0.0,0.0,0.026,0.014,0.0,0.0,0.0,0.0,0.0,0.0
kampala_katuna,206,103.25,0.0,0.012,0.005,0.0,0.0,0.0,0.0,0.0,0.0,0.0,0.0,0.0,0.0,0.0,0.0,0.0,0.044,0.0
kampala_katuna,207,103.75,0.0,0.089,0.02,0.0,0.0,0.0,0.0,0.0,0.0,0.0,0.0,0.0,0.0,0.0,0.0,0.0,0.071,0.0
kampala_katuna,208,104.25,0.0,0.105,0.007,0.0,0.0,0.0,0.0,0.0,0.0,0.0,0.135,0.009,0.0,0.0,0.0,0.0,0.0,0.0
kampala_katuna,209,104.75,0.0,0.026,0.005,0.0,0.0,0.0,0.0,0.0,0.0,0.0,0.034,0.007,0.0,0.0,0.0,0.0,0.0,0.0
kampala_katuna,210,105.25,0.0,0.153,0.007,0.0,0.0,0.167,0.0,0.0,0.0,0.0,0.197,0.009,0.0,0.0,1.0,0.0,0.0,0.0
kampala_katuna,211,105.75,0.0,0.129,0.007,0.0,0.0,0.167,0.0,0.0,0.0,0.0,0.165,0.009,0.0,0.0,1.0,0.0,0.0,0.0
kampala_katuna,212,106.25,0.0,0.043,0.006,0.0,0.0,0.0,0.0,0.0,0.0,0.0,0.055,0.007,0.0,0.0,0.0,0.0,0.0,0.0
kampala_katuna,213,106.75,0.0,0.023,0.0,0.0,0.0,0.0,0.0,0.0,0.0,0.0,0.03,0.0,0.0,0.0,0.0,0.0,0.0,0.0
kampala_katuna,214,107.25,0.0,0.008,0.0,0.0,0.0,0.0,0.0,0.0,0.0,0.0,0.0,0.0,0.0,0.0,0.0,0.0,0.226,0.0
kampala_katuna,215,107.75,0.0,0.023,0.0,0.0,0.0,0.0,0.0,0.0,0.0,0.0,0.029,0.0,0.0,0.0,0.0,0.0,0.0,0.0
kampala_katuna,216,108.25,0.0,0.019,0.0,0.0,0.0,0.0,0.0,0.0,0.0,0.0,0.0,0.0,0.0,0.0,0.0,0.0,0.13,0.0
kampala_katuna,217,108.75,0.0,0.153,0.023,0.0,0.0,0.0,0.0,0.0,0.0,0.0,0.024,0.024,0.0,0.0,0.0,0.0,0.0,0.0
kampala_katuna,218,109.25,0.0,0.139,0.037,0.0,0.0,0.0,0.0,0.0,0.0,0.0,0.179,0.048,0.0,0.0,0.0,0.0,0.0,0.0
kampala_katuna,219,109.75,0.0,0.055,0.018,0.0,0.0,0.0,0.0,0.0,0.0,0.0,0.071,0.023,0.0,0.0,0.0,0.0,0.0,0.0
kampala_katuna,220,110.25,0.0,0.012,0.005,0.0,0.0,0.0,0.0,0.0,0.0,0.0,0.016,0.007,0.0,0.0,0.0,0.0,0.0,0.0
kampala_katuna,221,110.75,0.0,0.021,0.011,0.0,0.0,0.0,0.0,0.0,0.0,0.0,0.0,0.0,0.0,0.0,0.0,0.0,0.474,0.0
kampala_katuna,222,111.25,0.0,0.03,0.017,0.0,0.0,0.0,0.0,0.0,0.0,0.0,0.039,0.022,0.0,0.0,0.0,0.0,0.0,0.0
kampala_katuna,223,111.75,0.0,0.001,0.0,0.0,0.0,0.0,0.0,0.0,0.0,0.0,0.0,0.0,0.0,0.0,0.0,0.0,0.332,0.0
kampala_katuna,224,112.25,0.0,0.071,0.039,0.0,0.0,0.0,0.0,0.0,0.0,0.0,0.0,0.0,0.0,0.0,0.0,0.0,0.071,0.0
kampala_katuna,225,112.75,0.0,0.194,0.042,0.0,0.0,0.0,0.0,0.0,0.0,0.0,0.249,0.053,0.0,0.0,0.0,0.0,0.0,0.0
kampala_katuna,226,113.25,0.0,0.039,0.011,0.0,0.0,0.0,0.0,0.0,0.0,0.0,0.05,0.015,0.0,0.0,0.0,0.0,0.0,0.0
kampala_katuna,227,113.75,0.0,0.045,0.006,0.0,0.0,0.0,0.0,0.0,0.0,0.0,0.0,0.0,0.0,0.0,0.0,0.0,0.571,0.0
kampala_katuna,228,114.25,0.0,0.176,0.0,0.0,0.0,0.0,0.0,0.0,0.0,0.0,0.0,0.0,0.0,0.0,0.0,0.0,0.259,0.0
kampala_katuna,229,114.75,0.0,0.182,0.008,0.0,0.0,0.0,0.0,0.0,0.0,0.0,0.234,0.01,0.0,0.0,0.0,0.0,0.0,0.0
kampala_katuna,230,115.25,0.0,0.085,0.006,0.0,0.0,0.0,0.0,0.0,0.0,0.0,0.109,0.008,0.0,0.0,0.0,0.0,0.0,0.0
kampala_katuna,231,115.75,0.0,0.059,0.006,0.0,0.0,0.0,0.0,0.0,0.0,0.0,0.076,0.008,0.0,0.0,0.0,0.0,0.0,0.0
kampala_katuna,232,116.25,0.0,0.072,0.0,0.0,0.0,0.0,0.0,0.0,0.0,0.0,0.092,0.0,0.0,0.0,0.0,0.0,0.0,0.0
kampala_katuna,233,116.75,0.0,0.071,0.012,0.0,0.0,0.0,0.0,0.0,0.0,0.0,0.091,0.016,0.0,0.0,0.0,0.0,0.0,0.0
kampala_katuna,234,117.25,0.0,0.001,0.005,0.0,0.0,0.0,0.0,0.0,0.0,0.0,0.001,0.007,0.0,0.0,0.0,0.0,0.0,0.0
kampala_katuna,235,117.75,0.0,0.004,0.01,0.0,0.0,0.0,0.0,0.0,0.0,0.0,0.005,0.013,0.0,0.0,0.0,0.0,0.0,0.0
kampala_katuna,236,118.25,0.0,0.031,0.017,0.0,0.0,0.0,0.0,0.0,0.0,0.0,0.0,0.0,0.0,0.0,0.0,0.0,0.217,0.0
kampala_katuna,237,118.75,0.0,0.052,0.006,0.0,0.0,0.0,0.0,0.0,0.0,0.0,0.0,0.0,0.0,0.0,0.0,0.0,0.271,0.0
kampala_katuna,238,119.25,0.137,0.0,0.0,0.0,0.133,0.0,0.0,0.0,0.0,0.0,0.0,0.0,0.0,0.2,0.0,0.0,0.208,0.0
kampala_katuna,239,119.75,0.114,0.0,0.0,0.0,0.133,0.0,0.0,0.0,0.0,0.0,0.024,0.024,0.0,0.2,0.0,0.0,0.0,0.0
kampala_katuna,240,120.25,0.136,0.0,0.0,0.0,0.133,0.0,0.0,0.0,0.0,0.003,0.0,0.0,0.0,0.2,0.0,0.0,0.0,0.0
kampala_katuna,241,120.75,0.168,0.0,0.0,0.0,0.133,0.0,0.0,0.0,0.0,0.044,0.0,0.0,0.0,0.2,0.0,0.0,0.0,0.0
kampala_katuna,242,121.25,0.0,0.089,0.006,0.0,0.0,0.0,0.0,0.0,0.0,0.0,0.115,0.008,0.0,0.0,0.0,0.0,0.0,0.0
kampala_katuna,243,121.75,0.113,0.0,0.0,0.0,0.133,0.0,0.0,0.0,0.0,0.0,0.027,0.027,0.0,0.2,0.0,0.0,0.0,0.0
kampala_katuna,244,122.25,0.0,0.003,0.003,0.0,0.133,0.0,0.0,0.0,0.0,0.0,0.176,0.116,0.0,0.2,0.0,0.0,0.0,0.0
kampala_katuna,245,122.75,0.036,0.0,0.0,0.0,0.133,0.0,0.0,0.0,0.0,0.0,0.125,0.065,0.0,0.2,0.0,0.0,0.0,0.0
kampala_katuna,246,123.25,0.054,0.0,0.0,0.0,0.133,0.0,0.0,0.0,0.0,0.0,0.101,0.042,0.0,0.2,0.0,0.0,0.0,0.0
kampala_katuna,247,123.75,0.054,0.0,0.0,0.0,0.133,0.0,0.0,0.0,0.0,0.0,0.101,0.042,0.0,0.2,0.0,0.0,0.0,0.0
kampala_katuna,248,124.25,0.063,0.0,0.0,0.0,0.133,0.0,0.0,0.0,0.0,0.0,0.09,0.031,0.0,0.2,0.0,0.0,0.0,0.0
kampala_katuna,249,124.75,0.071,0.0,0.0,0.0,0.133,0.0,0.0,0.0,0.0,0.0,0.08,0.02,0.0,0.2,0.0,0.0,0.0,0.0
kampala_katuna,250,125.25,0.201,0.0,0.0,0.0,0.133,0.0,0.0,0.0,0.0,0.087,0.0,0.0,0.0,0.2,0.0,0.0,0.0,0.0
kampala_katuna,251,125.75,0.19,0.0,0.0,0.0,0.133,0.0,0.0,0.0,0.0,0.0,0.0,0.0,0.0,0.2,0.0,0.0,0.244,0.0
kampala_katuna,252,126.25,0.13,0.0,0.0,0.0,0.133,0.0,0.0,0.0,0.0,0.0,0.0,0.0,0.0,0.2,0.0,0.0,0.23,0.0
kampala_katuna,253,126.75,0.136,0.0,0.0,0.0,0.133,0.0,0.0,0.0,0.0,0.0,0.0,0.0,0.0,0.2,0.0,0.0,0.262,0.0
kampala_katuna,254,127.25,0.098,0.0,0.0,0.0,0.133,0.0,0.0,0.0,0.0,0.0,0.0,0.0,0.0,0.2,0.0,0.0,0.067,0.0
kampala_katuna,255,127.75,0.1,0.0,0.0,0.0,0.133,0.0,0.0,0.0,0.0,0.0,0.0,0.0,0.0,0.2,0.0,0.0,0.0,0.0
kampala_katuna,256,128.25,0.0,0.065,0.025,0.0,0.0,0.0,0.0,0.0,0.0,0.0,0.083,0.032,0.0,0.0,0.0,0.0,0.0,0.0
kampala_katuna,257,128.75,0.0,0.152,0.055,0.0,0.0,0.0,0.0,0.0,0.0,0.0,0.195,0.071,0.0,0.0,0.0,0.0,0.0,0.0
kampala_katuna,258,129.25,0.017,0.0,0.0,0.0,0.133,0.0,0.0,0.0,0.0,0.0,0.149,0.09,0.0,0.2,0.0,0.0,0.0,0.0
kampala_katuna,259,129.75,0.007,0.0,0.0,0.0,0.133,0.0,0.0,0.0,0.0,0.0,0.162,0.103,0.0,0.2,0.0,0.0,0.0,0.0
kampala_katuna,260,130.25,0.0,0.01,0.005,0.0,0.0,0.0,0.0,0.0,0.0,0.0,0.013,0.007,0.0,0.0,0.0,0.0,0.0,0.0
kampala_katuna,261,130.75,0.0,0.022,0.0,0.0,0.0,0.0,0.0,0.0,0.0,0.0,0.028,0.0,0.0,0.0,0.0,0.0,0.0,0.0
kampala_katuna,262,131.25,0.046,0.0,0.0,0.0,0.133,0.0,0.0,0.0,0.0,0.0,0.0,0.0,0.0,0.2,0.0,0.0,0.151,0.0
kampala_katuna,263,131.75,0.101,0.0,0.0,0.0,0.133,0.0,0.0,0.0,0.0,0.0,0.042,0.029,0.0,0.2,0.0,0.0,0.0,0.0
kampala_katuna,264,132.25,0.0,0.086,0.02,0.0,0.0,0.0,0.0,0.0,0.0,0.0,0.082,0.025,0.0,0.0,0.0,0.0,0.0,0.0
kampala_katuna,265,132.75,0.0,0.056,0.018,0.0,0.0,0.0,0.0,0.0,0.0,0.0,0.0,0.0,0.0,0.0,0.0,0.0,0.075,0.0
kampala_katuna,266,133.25,0.0,0.062,0.032,0.0,0.0,0.0,0.0,0.0,0.0,0.0,0.079,0.041,0.0,0.0,0.0,0.0,0.0,0.0
kampala_katuna,267,133.75,0.0,0.012,0.0,0.0,0.0,0.0,0.0,0.0,0.0,0.0,0.015,0.0,0.0,0.0,0.0,0.0,0.0,0.0
kampala_katuna,268,134.25,0.0,0.016,0.005,0.0,0.0,0.0,0.0,0.0,0.0,0.0,0.0,0.0,0.0,0.0,0.0,0.0,0.697,0.0
kampala_katuna,269,134.75,0.0,0.068,0.032,0.0,0.0,0.0,0.0,0.0,0.0,0.0,0.0,0.0,0.0,0.0,0.0,0.0,0.285,0.0
kampala_katuna,270,135.25,0.0,0.073,0.013,0.0,0.0,0.0,0.0,0.0,0.0,0.0,0.094,0.016,0.0,0.0,0.0,0.0,0.0,0.0
kampala_katuna,271,135.75,0.0,0.011,0.005,0.0,0.0,0.0,0.0,0.0,0.0,0.0,0.015,0.007,0.0,0.0,0.0,0.0,0.0,0.0
kampala_katuna,272,136.25,0.0,0.042,0.006,0.0,0.0,0.0,0.0,0.0,0.0,0.0,0.0,0.0,0.0,0.0,0.0,0.0,0.441,0.0
kampala_katuna,273,136.75,0.0,0.058,0.025,0.0,0.0,0.0,0.0,0.0,0.0,0.0,0.075,0.032,0.0,0.0,0.0,0.0,0.0,0.0
kampala_katuna,274,137.25,0.0,0.019,0.0,0.0,0.0,0.0,0.0,0.0,0.0,0.0,0.0,0.0,0.0,0.0,0.0,0.0,0.225,0.0
kampala_katuna,275,137.75,0.0,0.078,0.013,0.0,0.0,0.0,0.0,0.0,0.0,0.0,0.101,0.016,0.0,0.0,0.0,0.0,0.0,0.0
kampala_katuna,276,138.25,0.0,0.035,0.0,0.0,0.0,0.0,0.0,0.0,0.0,0.0,0.045,0.0,0.0,0.0,0.0,0.0,0.0,0.0
kampala_katuna,277,138.75,0.0,0.147,0.007,0.0,0.0,0.0,0.0,0.0,0.0,0.0,0.188,0.009,0.0,0.0,0.0,0.0,0.0,0.0
kampala_katuna,278,139.25,0.0,0.02,0.0,0.0,0.0,0.0,0.0,0.0,0.0,0.0,0.0,0.0,0.0,0.0,0.0,0.0,0.017,0.0
kampala_katuna,279,139.75,0.0,0.042,0.0,0.0,0.0,0.0,0.0,0.0,0.0,0.0,0.054,0.0,0.0,0.0,0.0,0.0,0.0,0.0
kampala_katuna,280,140.25,0.0,0.04,0.0,0.0,0.0,0.0,0.0,0.0,0.0,0.0,0.051,0.0,0.0,0.0,0.0,0.0,0.0,0.0
kampala_katuna,281,140.75,0.0,0.073,0.012,0.0,0.0,0.0,0.0,0.0,0.0,0.0,0.084,0.016,0.0,0.0,0.0,0.0,0.0,0.0
kampala_katuna,282,141.25,0.0,0.077,0.0,0.0,0.0,0.0,0.0,0.0,0.0,0.0,0.098,0.0,0.0,0.0,0.0,0.0,0.0,0.0
kampala_katuna,283,141.75,0.0,0.053,0.018,0.0,0.0,0.0,0.0,0.0,0.0,0.0,0.068,0.023,0.0,0.0,0.0,0.0,0.0,0.0
kampala_katuna,284,142.25,0.0,0.047,0.006,0.0,0.0,0.0,0.0,0.0,0.0,0.0,0.0,0.0,0.0,0.0,0.0,0.0,0.095,0.0
kampala_katuna,285,142.75,0.0,0.087,0.02,0.0,0.0,0.0,0.0,0.0,0.0,0.0,0.112,0.025,0.0,0.0,0.0,0.0,0.0,0.0
kampala_katuna,286,143.25,0.0,0.029,0.023,0.0,0.0,0.0,0.0,0.0,0.0,0.0,0.0,0.0,0.0,0.0,0.0,0.0,0.327,0.0
kampala_katuna,287,143.75,0.0,0.03,0.006,0.0,0.0,0.0,0.0,0.0,0.0,0.0,0.038,0.007,0.0,0.0,0.0,0.0,0.0,0.0
kampala_katuna,288,144.25,0.0,0.047,0.012,0.0,0.0,0.0,0.0,0.0,0.0,0.0,0.06,0.015,0.0,0.0,0.0,0.0,0.0,0.0
kampala_katuna,289,144.75,0.0,0.061,0.018,0.0,0.0,0.0,0.0,0.0,0.0,0.0,0.078,0.024,0.0,0.0,0.0,0.0,0.0,0.0
kampala_katuna,290,145.25,0.0,0.003,0.0,0.0,0.0,0.0,0.0,0.0,0.0,0.0,0.004,0.0,0.0,0.0,0.0,0.0,0.0,0.0
kampala_katuna,291,145.75,0.0,0.0,0.0,0.0,0.0,0.0,0.0,0.0,0.0,0.0,0.0,0.0,0.0,0.0,0.0,0.0,0.0,0.0
kampala_katuna,292,146.25,0.0,0.01,0.005,0.0,0.0,0.0,0.0,0.0,0.0,0.0,0.0,0.0,0.0,0.0,0.0,0.0,0.144,0.0
kampala_katuna,293,146.75,0.0,0.054,0.018,0.0,0.0,0.0,0.0,0.0,0.0,0.0,0.0,0.0,0.0,0.0,0.0,0.0,0.169,0.0
kampala_katuna,294,147.25,0.0,0.038,0.011,0.0,0.0,0.0,0.0,0.0,0.0,0.0,0.0,0.0,0.0,0.0,0.0,0.0,0.415,0.0
kampala_katuna,295,147.75,0.0,0.058,0.006,0.0,0.0,0.0,0.0,0.0,0.0,0.0,0.074,0.008,0.0,0.0,0.0,0.0,0.0,0.0
kampala_katuna,296,148.25,0.0,0.133,0.014,0.0,0.0,0.0,0.0,0.0,0.0,0.0,0.171,0.018,0.0,0.0,0.0,0.0,0.0,0.0
kampala_katuna,297,148.75,0.054,0.0,0.0,0.0,0.133,0.0,0.0,0.0,0.0,0.0,0.095,0.042,0.0,0.2,0.0,0.0,0.0,0.0
kampala_katuna,298,149.25,0.054,0.0,0.0,0.0,0.133,0.0,0.0,0.0,0.0,0.0,0.086,0.042,0.0,0.2,0.0,0.0,0.0,0.0
kampala_katuna,299,149.75,0.0,0.191,0.033,0.0,0.0,0.0,0.0,0.0,0.0,0.0,0.245,0.042,0.0,0.0,0.0,0.0,0.0,0.0
kampala_katuna,300,150.25,0.0,0.058,0.012,0.0,0.0,0.0,0.0,0.0,0.0,0.0,0.075,0.015,0.0,0.0,0.0,0.0,0.0,0.0
kampala_katuna,301,150.75,0.0,0.0,0.0,0.0,0.0,0.0,0.0,0.0,0.0,0.0,0.001,0.0,0.0,0.0,0.0,0.0,0.0,0.0
kampala_katuna,302,151.25,0.0,0.019,0.011,0.0,0.0,0.0,0.0,0.0,0.0,0.0,0.0,0.0,0.0,0.0,0.0,0.0,0.25,0.0
kampala_katuna,303,151.75,0.0,0.055,0.012,0.0,0.0,0.0,0.0,0.0,0.0,0.0,0.071,0.015,0.0,0.0,0.0,0.0,0.0,0.0
kampala_katuna,304,152.25,0.0,0.038,0.017,0.0,0.0,0.0,0.0,0.0,0.0,0.0,0.049,0.022,0.0,0.0,0.0,0.0,0.0,0.0
kampala_katuna,305,152.75,0.0,0.005,0.0,0.0,0.0,0.0,0.0,0.0,0.0,0.0,0.007,0.0,0.0,0.0,0.0,0.0,0.0,0.0
kampala_katuna,306,153.25,0.0,0.011,0.011,0.0,0.0,0.0,0.0,0.0,0.0,0.0,0.0,0.0,0.0,0.0,0.0,0.0,0.298,0.0
kampala_katuna,307,153.75,0.0,0.046,0.012,0.0,0.0,0.0,0.0,0.0,0.0,0.0,0.0,0.0,0.0,0.0,0.0,0.0,0.278,0.0
kampala_katuna,308,154.25,0.0,0.079,0.019,0.0,0.0,0.0,0.0,0.0,0.0,0.0,0.001,0.001,0.0,0.0,0.0,0.0,0.0,0.0
kampala_katuna,309,154.75,0.0,0.099,0.02,0.0,0.0,0.0,0.0,0.0,0.0,0.0,0.128,0.026,0.0,0.0,0.0,0.0,0.0,0.0
kampala_katuna,310,155.25,0.0,0.006,0.0,0.0,0.0,0.0,0.0,0.0,0.0,0.0,0.008,0.0,0.0,0.0,0.0,0.0,0.0,0.0
kampala_katuna,311,155.75,0.0,0.006,0.0,0.0,0.0,0.0,0.0,0.0,0.0,0.0,0.007,0.0,0.0,0.0,0.0,0.0,0.0,0.0
kampala_katuna,312,156.25,0.0,0.011,0.005,0.0,0.0,0.0,0.0,0.0,0.0,0.0,0.014,0.007,0.0,0.0,0.0,0.0,0.0,0.0
kampala_katuna,313,156.75,0.0,0.0,0.005,0.0,0.0,0.0,0.0,0.0,0.0,0.0,0.0,0.0,0.0,0.0,0.0,0.0,0.087,0.0
kampala_katuna,314,157.25,0.0,0.01,0.0,0.0,0.0,0.0,0.0,0.0,0.0,0.0,0.0,0.0,0.0,0.0,0.0,0.0,0.42,0.0
kampala_katuna,315,157.75,0.0,0.116,0.014,0.0,0.0,0.0,0.0,0.0,0.0,0.0,0.0,0.0,0.0,0.0,0.0,0.0,0.117,0.0
kampala_katuna,316,158.25,0.0,0.026,0.005,0.0,0.0,0.0,0.0,0.0,0.0,0.0,0.034,0.007,0.0,0.0,0.0,0.0,0.0,0.0
kampala_katuna,317,158.75,0.0,0.007,0.011,0.0,0.0,0.0,0.0,0.0,0.0,0.0,0.008,0.014,0.0,0.0,0.0,0.0,0.0,0.0
kampala_katuna,318,159.25,0.0,0.013,0.0,0.0,0.0,0.0,0.0,0.0,0.0,0.0,0.016,0.0,0.0,0.0,0.0,0.0,0.0,0.0
kampala_katuna,319,159.75,0.0,0.022,0.0,0.0,0.0,0.0,0.0,0.0,0.0,0.0,0.029,0.0,0.0,0.0,0.0,0.0,0.0,0.0
kampala_katuna,320,160.25,0.1,0.0,0.0,0.0,0.133,0.167,0.0,0.0,0.0,0.0,0.043,0.039,0.0,0.2,1.0,0.0,0.0,0.0
kampala_katuna,321,160.75,0.063,0.0,0.0,0.0,0.133,0.167,0.0,0.0,0.0,0.0,0.0,0.0,0.0,0.2,1.0,0.0,0.062,0.0
kampala_katuna,322,161.25,0.0,0.188,0.024,0.0,0.0,0.0,0.0,0.0,0.0,0.0,0.179,0.031,0.0,0.0,0.0,0.0,0.0,0.0
kampala_katuna,323,161.75,0.0,0.024,0.011,0.0,0.0,0.0,0.0,0.0,0.0,0.0,0.0,0.0,0.0,0.0,0.0,0.0,0.211,0.0
kampala_katuna,324,162.25,0.0,0.015,0.005,0.0,0.0,0.0,0.0,0.0,0.0,0.0,0.02,0.007,0.0,0.0,0.0,0.0,0.0,0.0
kampala_katuna,325,162.75,0.0,0.014,0.005,0.0,0.0,0.0,0.0,0.0,0.0,0.0,0.0,0.0,0.0,0.0,0.0,0.0,0.138,0.0
kampala_katuna,326,163.25,0.0,0.007,0.011,0.0,0.0,0.0,0.0,0.0,0.0,0.0,0.008,0.014,0.0,0.0,0.0,0.0,0.0,0.0
kampala_katuna,327,163.75,0.0,0.001,0.0,0.0,0.0,0.0,0.0,0.0,0.0,0.0,0.001,0.0,0.0,0.0,0.0,0.0,0.0,0.0
kampala_katuna,328,164.25,0.0,0.008,0.0,0.0,0.0,0.0,0.0,0.0,0.0,0.0,0.0,0.0,0.0,0.0,0.0,0.0,0.478,0.0
kampala_katuna,329,164.75,0.0,0.02,0.017,0.0,0.0,0.0,0.0,0.0,0.0,0.0,0.026,0.021,0.0,0.0,0.0,0.0,0.0,0.0
kampala_katuna,330,165.25,0.0,0.005,0.016,0.0,0.0,0.0,0.0,0.0,0.0,0.0,0.0,0.0,0.0,0.0,0.0,0.0,0.078,0.0
kampala_katuna,331,165.75,0.0,0.01,0.005,0.0,0.0,0.0,0.0,0.0,0.0,0.0,0.013,0.007,0.0,0.0,0.0,0.0,0.0,0.0
kampala_katuna,332,166.25,0.0,0.009,0.011,0.0,0.0,0.0,0.0,0.0,0.0,0.0,0.007,0.007,0.0,0.0,0.0,0.0,0.0,0.0
kampala_katuna,333,166.75,0.0,0.157,0.039,0.0,0.0,0.0,0.0,0.0,0.0,0.0,0.014,0.014,0.0,0.0,0.0,0.0,0.0,0.0
kampala_katuna,334,167.25,0.0,0.158,0.023,0.0,0.0,0.0,0.0,0.0,0.0,0.0,0.203,0.029,0.0,0.0,0.0,0.0,0.0,0.0
kampala_katuna,335,167.75,0.0,0.011,0.005,0.0,0.0,0.0,0.0,0.0,0.0,0.0,0.015,0.007,0.0,0.0,0.0,0.0,0.0,0.0
kampala_katuna,336,168.25,0.0,0.003,0.0,0.0,0.0,0.0,0.0,0.0,0.0,0.0,0.004,0.0,0.0,0.0,0.0,0.0,0.0,0.0
kampala_katuna,337,168.75,0.0,0.003,0.01,0.0,0.0,0.0,0.0,0.0,0.0,0.0,0.004,0.013,0.0,0.0,0.0,0.0,0.0,0.0
kampala_katuna,338,169.25,0.0,0.004,0.005,0.0,0.0,0.0,0.0,0.0,0.0,0.0,0.005,0.007,0.0,0.0,0.0,0.0,0.0,0.0
kampala_katuna,339,169.75,0.0,0.083,0.013,0.0,0.0,0.0,0.0,0.0,0.0,0.0,0.107,0.016,0.0,0.0,0.0,0.0,0.0,0.0
kampala_katuna,340,170.25,0.124,0.0,0.0,0.0,0.133,0.0,0.0,0.0,0.0,0.0,0.012,0.012,0.0,0.2,0.0,0.0,0.0,0.0
kampala_katuna,341,170.75,0.0,0.012,0.0,0.0,0.0,0.0,0.0,0.0,0.0,0.0,0.016,0.0,0.0,0.0,0.0,0.0,0.0,0.0
kampala_katuna,342,171.25,0.0,0.032,0.017,0.0,0.0,0.0,0.0,0.0,0.0,0.0,0.0,0.0,0.0,0.0,0.0,0.0,0.237,0.0
kampala_katuna,343,171.75,0.0,0.012,0.0,0.0,0.0,0.0,0.0,0.0,0.0,0.0,0.0,0.0,0.0,0.0,0.0,0.0,0.071,0.0
kampala_katuna,344,172.25,0.0,0.008,0.0,0.0,0.0,0.0,0.0,0.0,0.0,0.0,0.011,0.0,0.0,0.0,0.0,0.0,0.0,0.0
kampala_katuna,345,172.75,0.0,0.04,0.018,0.0,0.0,0.0,0.0,0.0,0.0,0.0,0.052,0.023,0.0,0.0,0.0,0.0,0.0,0.0
kampala_katuna,346,173.25,0.0,0.027,0.0,0.0,0.0,0.0,0.0,0.0,0.0,0.0,0.0,0.0,0.0,0.0,0.0,0.0,0.034,0.0
kampala_katuna,347,173.75,0.0,0.051,0.006,0.0,0.0,0.0,0.0,0.0,0.0,0.0,0.0,0.0,0.0,0.0,0.0,0.0,0.317,0.0
kampala_katuna,348,174.25,0.0,0.094,0.006,0.0,0.0,0.0,0.0,0.0,0.0,0.0,0.121,0.008,0.0,0.0,0.0,0.0,0.0,0.0
kampala_katuna,349,174.75,0.0,0.024,0.005,0.0,0.0,0.0,0.0,0.0,0.0,0.0,0.03,0.007,0.0,0.0,0.0,0.0,0.0,0.0
kampala_katuna,350,175.25,0.0,0.059,0.006,0.0,0.0,0.0,0.0,0.0,0.0,0.0,0.014,0.008,0.0,0.0,0.0,0.0,0.0,0.0
kampala_katuna,351,175.75,0.0,0.047,0.0,0.0,0.0,0.0,0.0,0.0,0.0,0.0,0.06,0.0,0.0,0.0,0.0,0.0,0.0,0.0
kampala_katuna,352,176.25,0.0,0.044,0.006,0.0,0.0,0.0,0.0,0.0,0.0,0.0,0.056,0.007,0.0,0.0,0.0,0.0,0.0,0.0
kampala_katuna,353,176.75,0.046,0.0,0.0,0.0,0.133,0.0,0.0,0.0,0.0,0.0,0.113,0.053,0.0,0.2,0.0,0.0,0.0,0.0
kampala_katuna,354,177.25,0.071,0.0,0.0,0.0,0.133,0.0,0.0,0.0,0.0,0.0,0.08,0.02,0.0,0.2,0.0,0.0,0.0,0.0
kampala_katuna,355,177.75,0.071,0.0,0.0,0.0,0.133,0.0,0.0,0.0,0.0,0.0,0.08,0.02,0.0,0.2,0.0,0.0,0.0,0.0
kampala_katuna,356,178.25,0.0,0.191,0.033,0.0,0.0,0.0,0.0,0.0,0.0,0.0,0.245,0.042,0.0,0.0,0.0,0.0,0.0,0.0
kampala_katuna,357,178.75,0.0,0.051,0.038,0.0,0.0,0.0,0.0,0.0,0.0,0.0,0.0,0.0,0.0,0.0,0.0,0.0,0.107,0.0
kampala_katuna,358,179.25,0.0,0.031,0.006,0.0,0.0,0.0,0.0,0.0,0.0,0.0,0.0,0.0,0.0,0.0,0.0,0.0,0.252,0.0
kampala_katuna,359,179.75,0.0,0.035,0.011,0.0,0.0,0.0,0.0,0.0,0.0,0.0,0.045,0.015,0.0,0.0,0.0,0.0,0.0,0.0
kampala_katuna,360,180.25,0.0,0.014,0.005,0.0,0.0,0.0,0.0,0.0,0.0,0.0,0.017,0.007,0.0,0.0,0.0,0.0,0.0,0.0
kampala_katuna,361,180.75,0.0,0.027,0.023,0.0,0.0,0.0,0.0,0.0,0.0,0.0,0.034,0.029,0.0,0.0,0.0,0.0,0.0,0.0
kampala_katuna,362,181.25,0.0,0.008,0.0,0.0,0.0,0.0,0.0,0.0,0.0,0.0,0.0,0.0,0.0,0.0,0.0,0.0,0.506,0.0
kampala_katuna,363,181.75,0.0,0.017,0.0,0.0,0.0,0.0,0.0,0.0,0.0,0.0,0.0,0.0,0.0,0.0,0.0,0.0,0.414,0.0
kampala_katuna,364,182.25,0.0,0.04,0.012,0.0,0.0,0.0,0.0,0.0,0.0,0.0,0.0,0.0,0.0,0.0,0.0,0.0,0.246,0.0
kampala_katuna,365,182.75,0.0,0.012,0.0,0.0,0.0,0.0,0.0,0.0,0.0,0.0,0.016,0.0,0.0,0.0,0.0,0.0,0.0,0.0
kampala_katuna,366,183.25,0.0,0.042,0.006,0.0,0.0,0.0,0.0,0.0,0.0,0.0,0.054,0.007,0.0,0.0,0.0,0.0,0.0,0.0
kampala_katuna,367,183.75,0.0,0.006,0.005,0.0,0.0,0.0,0.0,0.0,0.0,0.0,0.007,0.007,0.0,0.0,0.0,0.0,0.0,0.0
kampala_katuna,368,184.25,0.0,0.008,0.005,0.0,0.0,0.0,0.0,0.0,0.0,0.0,0.01,0.007,0.0,0.0,0.0,0.0,0.0,0.0
kampala_katuna,369,184.75,0.0,0.019,0.0,0.0,0.0,0.0,0.0,0.0,0.0,0.0,0.024,0.0,0.0,0.0,0.0,0.0,0.0,0.0
kampala_katuna,370,185.25,0.0,0.185,0.016,0.0,0.0,0.0,0.0,0.0,0.0,0.0,0.238,0.02,0.0,0.0,0.0,0.0,0.0,0.0
kampala_katuna,371,185.75,0.0,0.177,0.008,0.0,0.0,0.0,0.0,0.0,0.0,0.0,0.227,0.01,0.0,0.0,0.0,0.0,0.0,0.0
kampala_katuna,372,186.25,0.0,0.04,0.0,0.0,0.0,0.0,0.0,0.0,0.0,0.0,0.052,0.0,0.0,0.0,0.0,0.0,0.0,0.0
kampala_katuna,373,186.75,0.0,0.039,0.017,0.0,0.0,0.0,0.0,0.0,0.0,0.0,0.004,0.004,0.0,0.0,0.0,0.0,0.0,0.0
kampala_katuna,374,187.25,0.0,0.015,0.005,0.0,0.0,0.0,0.0,0.0,0.0,0.0,0.0,0.0,0.0,0.0,0.0,0.0,0.003,0.0
kampala_katuna,375,187.75,0.0,0.018,0.011,0.0,0.0,0.0,0.0,0.0,0.0,0.0,0.023,0.014,0.0,0.0,0.0,0.0,0.0,0.0
kampala_katuna,376,188.25,0.0,0.146,0.015,0.0,0.0,0.0,0.0,0.0,0.0,0.0,0.188,0.019,0.0,0.0,0.0,0.0,0.0,0.0
kampala_katuna,377,188.75,0.0,0.023,0.0,0.0,0.0,0.0,0.0,0.0,0.0,0.0,0.029,0.0,0.0,0.0,0.0,0.0,0.0,0.0
kampala_katuna,378,189.25,0.0,0.001,0.005,0.0,0.0,0.0,0.0,0.0,0.0,0.0,0.001,0.007,0.0,0.0,0.0,0.0,0.0,0.0
kampala_katuna,379,189.75,0.0,0.0,0.016,0.0,0.0,0.0,0.0,0.0,0.0,0.0,0.0,0.02,0.0,0.0,0.0,0.0,0.0,0.0
kampala_katuna,380,190.25,0.0,0.0,0.0,0.0,0.0,0.0,0.0,0.0,0.0,0.0,0.0,0.0,0.0,0.0,0.0,0.0,0.0,0.0
kampala_katuna,381,190.75,0.0,0.004,0.005,0.0,0.0,0.0,0.0,0.0,0.0,0.0,0.0,0.0,0.0,0.0,0.0,0.0,0.041,0.0
kampala_katuna,382,191.25,0.0,0.001,0.005,0.0,0.0,0.0,0.0,0.0,0.0,0.0,0.001,0.007,0.0,0.0,0.0,0.0,0.0,0.0
kampala_katuna,383,191.75,0.0,0.0,0.005,0.0,0.0,0.0,0.0,0.0,0.0,0.0,0.0,0.007,0.0,0.0,0.0,0.0,0.0,0.0
kampala_katuna,384,192.25,0.0,0.008,0.0,0.0,0.0,0.0,0.0,0.0,0.0,0.0,0.0,0.0,0.0,0.0,0.0,0.0,0.119,0.0
kampala_katuna,385,192.75,0.0,0.016,0.0,0.0,0.0,0.0,0.0,0.0,0.0,0.0,0.021,0.0,0.0,0.0,0.0,0.0,0.0,0.0
kampala_katuna,386,193.25,0.0,0.036,0.011,0.0,0.0,0.0,0.0,0.0,0.0,0.0,0.046,0.015,0.0,0.0,0.0,0.0,0.0,0.0
kampala_katuna,387,193.75,0.0,0.067,0.0,0.0,0.0,0.0,0.0,0.0,0.0,0.0,0.087,0.0,0.0,0.0,0.0,0.0,0.0,0.0
kampala_katuna,388,194.25,0.0,0.108,0.014,0.0,0.0,0.0,0.0,0.0,0.0,0.0,0.139,0.017,0.0,0.0,0.0,0.0,0.0,0.0
kampala_katuna,389,194.75,0.0,0.0,0.01,0.0,0.0,0.0,0.0,0.0,0.0,0.0,0.0,0.013,0.0,0.0,0.0,0.0,0.0,0.0
kampala_katuna,390,195.25,0.0,0.0,0.0,0.0,0.0,0.0,0.0,0.0,0.0,0.0,0.001,0.0,0.0,0.0,0.0,0.0,0.0,0.0
kampala_katuna,391,195.75,0.0,0.042,0.018,0.0,0.0,0.0,0.0,0.0,0.0,0.0,0.054,0.023,0.0,0.0,0.0,0.0,0.0,0.0
kampala_katuna,392,196.25,0.0,0.01,0.005,0.0,0.0,0.0,0.0,0.0,0.0,0.0,0.013,0.007,0.0,0.0,0.0,0.0,0.0,0.0
kampala_katuna,393,196.75,0.0,0.037,0.006,0.0,0.0,0.0,0.0,0.0,0.0,0.0,0.047,0.007,0.0,0.0,0.0,0.0,0.0,0.0
kampala_katuna,394,197.25,0.0,0.164,0.015,0.0,0.0,0.0,0.0,0.0,0.0,0.0,0.0,0.0,0.0,0.0,0.0,0.0,0.112,0.0
kampala_katuna,395,197.75,0.063,0.0,0.0,0.0,0.133,0.0,0.0,0.0,0.0,0.0,0.09,0.031,0.0,0.2,0.0,0.0,0.0,0.0
kampala_katuna,396,198.25,0.0,0.191,0.033,0.0,0.0,0.0,0.0,0.0,0.0,0.0,0.245,0.042,0.0,0.0,0.0,0.0,0.0,0.0
kampala_katuna,397,198.75,0.0,0.011,0.022,0.0,0.0,0.0,0.0,0.0,0.0,0.0,0.014,0.028,0.0,0.0,0.0,0.0,0.0,0.0
kampala_katuna,398,199.25,0.0,0.022,0.005,0.0,0.0,0.0,0.0,0.0,0.0,0.0,0.028,0.007,0.0,0.0,0.0,0.0,0.0,0.0
kampala_katuna,399,199.75,0.0,0.006,0.005,0.0,0.0,0.0,0.0,0.0,0.0,0.0,0.0,0.0,0.0,0.0,0.0,0.0,0.323,0.0
kampala_katuna,400,200.25,0.0,0.014,0.0,0.0,0.0,0.0,0.0,0.0,0.0,0.0,0.018,0.0,0.0,0.0,0.0,0.0,0.0,0.0
kampala_katuna,401,200.75,0.0,0.004,0.0,0.0,0.0,0.0,0.0,0.0,0.0,0.0,0.005,0.0,0.0,0.0,0.0,0.0,0.0,0.0
kampala_katuna,402,201.25,0.0,0.006,0.0,0.0,0.0,0.0,0.0,0.0,0.0,0.0,0.008,0.0,0.0,0.0,0.0,0.0,0.0,0.0
kampala_katuna,403,201.75,0.0,0.021,0.017,0.0,0.0,0.0,0.0,0.0,0.0,0.0,0.027,0.021,0.0,0.0,0.0,0.0,0.0,0.0
kampala_katuna,404,202.25,0.0,0.0,0.005,0.0,0.0,0.0,0.0,0.0,0.0,0.0,0.0,0.007,0.0,0.0,0.0,0.0,0.0,0.0
kampala_katuna,405,202.75,0.0,0.004,0.005,0.0,0.0,0.0,0.0,0.0,0.0,0.0,0.005,0.007,0.0,0.0,0.0,0.0,0.0,0.0
kampala_katuna,406,203.25,0.0,0.0,0.0,0.0,0.0,0.0,0.0,0.0,0.0,0.0,0.0,0.0,0.0,0.0,0.0,0.0,0.0,0.0
kampala_katuna,407,203.75,0.0,0.0,0.005,0.0,0.0,0.0,0.0,0.0,0.0,0.0,0.0,0.007,0.0,0.0,0.0,0.0,0.0,0.0
kampala_katuna,408,204.25,0.0,0.012,0.011,0.0,0.0,0.0,0.0,0.0,0.0,0.0,0.0,0.0,0.0,0.0,0.0,0.0,0.025,0.0
kampala_katuna,409,204.75,0.0,0.002,0.0,0.0,0.0,0.0,0.0,0.0,0.0,0.0,0.002,0.0,0.0,0.0,0.0,0.0,0.0,0.0
kampala_katuna,410,205.25,0.0,0.0,0.01,0.0,0.0,0.0,0.0,0.0,0.0,0.0,0.0,0.0,0.0,0.0,0.0,0.0,0.127,0.0
kampala_katuna,411,205.75,0.0,0.0,0.0,0.0,0.0,0.0,0.0,0.0,0.0,0.0,0.0,0.0,0.0,0.0,0.0,0.0,0.0,0.0
kampala_katuna,412,206.25,0.0,0.0,0.0,0.0,0.0,0.0,0.0,0.0,0.0,0.0,0.0,0.0,0.0,0.0,0.0,0.0,0.199,0.0
kampala_katuna,413,206.75,0.0,0.011,0.005,0.0,0.0,0.0,0.0,0.0,0.0,0.0,0.015,0.007,0.0,0.0,0.0,0.0,0.0,0.0
kampala_katuna,414,207.25,0.0,0.006,0.0,0.0,0.0,0.0,0.0,0.0,0.0,0.0,0.0,0.0,0.0,0.0,0.0,0.0,0.536,0.0
kampala_katuna,415,207.75,0.0,0.001,0.005,0.0,0.0,0.0,0.0,0.0,0.0,0.0,0.0,0.0,0.0,0.0,0.0,0.0,0.076,0.0
kampala_katuna,416,208.25,0.0,0.018,0.011,0.0,0.0,0.0,0.0,0.0,0.0,0.0,0.023,0.014,0.0,0.0,0.0,0.0,0.0,0.0
kampala_katuna,417,208.75,0.0,0.0,0.005,0.0,0.0,0.0,0.0,0.0,0.0,0.0,0.0,0.007,0.0,0.0,0.0,0.0,0.0,0.0
kampala_katuna,418,209.25,0.0,0.0,0.005,0.0,0.0,0.0,0.0,0.0,0.0,0.0,0.0,0.007,0.0,0.0,0.0,0.0,0.0,0.0
kampala_katuna,419,209.75,0.0,0.0,0.0,0.0,0.0,0.0,0.0,0.0,0.0,0.0,0.0,0.0,0.0,0.0,0.0,0.0,0.0,0.0
kampala_katuna,420,210.25,0.0,0.0,0.005,0.0,0.0,0.0,0.0,0.0,0.0,0.0,0.001,0.007,0.0,0.0,0.0,0.0,0.0,0.0
kampala_katuna,421,210.75,0.0,0.0,0.0,0.0,0.0,0.0,0.0,0.0,0.0,0.0,0.001,0.0,0.0,0.0,0.0,0.0,0.0,0.0
kampala_katuna,422,211.25,0.0,0.0,0.005,0.0,0.0,0.0,0.0,0.0,0.0,0.0,0.0,0.007,0.0,0.0,0.0,0.0,0.0,0.0
kampala_katuna,423,211.75,0.0,0.012,0.005,0.0,0.0,0.0,0.0,0.0,0.0,0.0,0.015,0.007,0.0,0.0,0.0,0.0,0.0,0.0
kampala_katuna,424,212.25,0.0,0.154,0.023,0.0,0.0,0.0,0.0,0.0,0.0,0.0,0.198,0.029,0.0,0.0,0.0,0.0,0.0,0.0
kampala_katuna,425,212.75,0.0,0.073,0.019,0.0,0.0,0.0,0.0,0.0,0.0,0.0,0.094,0.024,0.0,0.0,0.0,0.0,0.0,0.0
kampala_katuna,426,213.25,0.0,0.0,0.0,0.0,0.0,0.0,0.0,0.0,0.0,0.0,0.0,0.0,0.0,0.0,0.0,0.0,0.0,0.0
kampala_katuna,427,213.75,0.0,0.0,0.005,0.0,0.0,0.0,0.0,0.0,0.0,0.0,0.0,0.007,0.0,0.0,0.0,0.0,0.0,0.0
kampala_katuna,428,214.25,0.0,0.0,0.0,0.0,0.0,0.0,0.0,0.0,0.0,0.0,0.0,0.0,0.0,0.0,0.0,0.0,0.0,0.0
kampala_katuna,429,214.75,0.0,0.0,0.005,0.0,0.0,0.0,0.0,0.0,0.0,0.0,0.0,0.007,0.0,0.0,0.0,0.0,0.0,0.0
kampala_katuna,430,215.25,0.0,0.0,0.005,0.0,0.0,0.0,0.0,0.0,0.0,0.0,0.0,0.007,0.0,0.0,0.0,0.0,0.0,0.0
kampala_katuna,431,215.75,0.0,0.0,0.0,0.0,0.0,0.0,0.0,0.0,0.0,0.0,0.0,0.0,0.0,0.0,0.0,0.0,0.0,0.0
kampala_katuna,432,216.25,0.0,0.001,0.0,0.0,0.0,0.0,0.0,0.0,0.0,0.0,0.001,0.0,0.0,0.0,0.0,0.0,0.0,0.0
kampala_katuna,433,216.75,0.0,0.0,0.0,0.0,0.0,0.0,0.0,0.0,0.0,0.0,0.0,0.0,0.0,0.0,0.0,0.0,0.0,0.0
kampala_katuna,434,217.25,0.0,0.004,0.0,0.0,0.0,0.0,0.0,0.0,0.0,0.0,0.005,0.0,0.0,0.0,0.0,0.0,0.0,0.0
kampala_katuna,435,217.75,0.0,0.006,0.0,0.0,0.0,0.0,0.0,0.0,0.0,0.0,0.007,0.0,0.0,0.0,0.0,0.0,0.0,0.0
kampala_katuna,436,218.25,0.0,0.0,0.01,0.0,0.0,0.0,0.0,0.0,0.0,0.0,0.0,0.013,0.0,0.0,0.0,0.0,0.0,0.0
kampala_katuna,437,218.75,0.0,0.0,0.0,0.0,0.0,0.0,0.0,0.0,0.0,0.0,0.0,0.0,0.0,0.0,0.0,0.0,0.143,0.0
kampala_katuna,438,219.25,0.0,0.012,0.0,0.0,0.0,0.0,0.0,0.0,0.0,0.0,0.0,0.0,0.0,0.0,0.0,0.0,0.236,0.0
kampala_katuna,439,219.75,0.0,0.034,0.0,0.0,0.0,0.0,0.0,0.0,0.0,0.0,0.044,0.0,0.0,0.0,0.0,0.0,0.0,0.0
kampala_katuna,440,220.25,0.0,0.025,0.005,0.0,0.0,0.0,0.0,0.0,0.0,0.0,0.033,0.007,0.0,0.0,0.0,0.0,0.0,0.0
kampala_katuna,441,220.75,0.0,0.017,0.005,0.0,0.0,0.0,0.0,0.0,0.0,0.0,0.021,0.007,0.0,0.0,0.0,0.0,0.0,0.0
kampala_katuna,442,221.25,0.0,0.022,0.0,0.0,0.0,0.0,0.0,0.0,0.0,0.0,0.028,0.0,0.0,0.0,0.0,0.0,0.0,0.0
kampala_katuna,443,221.75,0.0,0.0,0.0,0.0,0.0,0.0,0.0,0.0,0.0,0.0,0.001,0.0,0.0,0.0,0.0,0.0,0.0,0.0
kampala_katuna,444,222.25,0.0,0.0,0.0,0.0,0.0,0.0,0.0,0.0,0.0,0.0,0.0,0.0,0.0,0.0,0.0,0.0,0.0,0.0
kampala_katuna,445,222.75,0.0,0.0,0.0,0.0,0.0,0.0,0.0,0.0,0.0,0.0,0.001,0.0,0.0,0.0,0.0,0.0,0.0,0.0
kampala_katuna,446,223.25,0.0,0.0,0.005,0.0,0.0,0.0,0.0,0.0,0.0,0.0,0.001,0.007,0.0,0.0,0.0,0.0,0.0,0.0
kampala_katuna,447,223.75,0.0,0.001,0.0,0.0,0.0,0.0,0.0,0.0,0.0,0.0,0.0,0.0,0.0,0.0,0.0,0.0,0.206,0.0
kampala_katuna,448,224.25,0.0,0.003,0.0,0.0,0.0,0.0,0.0,0.0,0.0,0.0,0.004,0.0,0.0,0.0,0.0,0.0,0.0,0.0
kampala_katuna,449,224.75,0.0,0.01,0.005,0.0,0.0,0.0,0.0,0.0,0.0,0.0,0.0,0.0,0.0,0.0,0.0,0.0,0.069,0.0
kampala_katuna,450,225.25,0.0,0.015,0.005,0.0,0.0,0.0,0.0,0.0,0.0,0.0,0.019,0.007,0.0,0.0,0.0,0.0,0.0,0.0
kampala_katuna,451,225.75,0.0,0.003,0.0,0.0,0.0,0.0,0.0,0.0,0.0,0.0,0.004,0.0,0.0,0.0,0.0,0.0,0.0,0.0
kampala_katuna,452,226.25,0.0,0.0,0.0,0.0,0.0,0.0,0.0,0.0,0.0,0.0,0.001,0.0,0.0,0.0,0.0,0.0,0.0,0.0
kampala_katuna,453,226.75,0.0,0.0,0.0,0.0,0.0,0.0,0.0,0.0,0.0,0.0,0.0,0.0,0.0,0.0,0.0,0.0,0.078,0.0
kampala_katuna,454,227.25,0.0,0.0,0.0,0.0,0.0,0.0,0.0,0.0,0.0,0.0,0.0,0.0,0.0,0.0,0.0,0.0,0.0,0.0
kampala_katuna,455,227.75,0.0,0.033,0.006,0.0,0.0,0.0,0.0,0.0,0.0,0.0,0.034,0.007,0.0,0.0,0.0,0.0,0.0,0.0
kampala_katuna,456,228.25,0.0,0.191,0.033,0.0,0.0,0.167,0.0,0.0,0.0,0.0,0.245,0.042,0.0,0.0,1.0,0.0,0.0,0.0
kampala_katuna,457,228.75,0.0,0.075,0.013,0.0,0.0,0.0,0.0,0.0,0.0,0.0,0.097,0.016,0.0,0.0,0.0,0.0,0.0,0.0
kampala_katuna,458,229.25,0.0,0.015,0.0,0.0,0.0,0.0,0.0,0.0,0.0,0.0,0.02,0.0,0.0,0.0,0.0,0.0,0.0,0.0
kampala_katuna,459,229.75,0.0,0.0,0.0,0.0,0.0,0.0,0.0,0.0,0.0,0.0,0.0,0.0,0.0,0.0,0.0,0.0,0.0,0.0
kampala_katuna,460,230.25,0.0,0.0,0.0,0.0,0.0,0.0,0.0,0.0,0.0,0.0,0.001,0.0,0.0,0.0,0.0,0.0,0.0,0.0
kampala_katuna,461,230.75,0.0,0.0,0.0,0.0,0.0,0.0,0.0,0.0,0.0,0.0,0.001,0.0,0.0,0.0,0.0,0.0,0.0,0.0
kampala_katuna,462,231.25,0.0,0.0,0.0,0.0,0.0,0.0,0.0,0.0,0.0,0.0,0.0,0.0,0.0,0.0,0.0,0.0,0.0,0.0
kampala_katuna,463,231.75,0.0,0.017,0.0,0.0,0.0,0.0,0.0,0.0,0.0,0.0,0.022,0.0,0.0,0.0,0.0,0.0,0.0,0.0
kampala_katuna,464,232.25,0.0,0.014,0.005,0.0,0.0,0.0,0.0,0.0,0.0,0.0,0.019,0.007,0.0,0.0,0.0,0.0,0.0,0.0
kampala_katuna,465,232.75,0.0,0.0,0.0,0.0,0.0,0.0,0.0,0.0,0.0,0.0,0.0,0.0,0.0,0.0,0.0,0.0,0.05,0.0
kampala_katuna,466,233.25,0.0,0.0,0.0,0.0,0.0,0.0,0.0,0.0,0.0,0.0,0.0,0.0,0.0,0.0,0.0,0.0,0.273,0.0
kampala_katuna,467,233.75,0.0,0.015,0.0,0.0,0.0,0.0,0.0,0.0,0.0,0.0,0.02,0.0,0.0,0.0,0.0,0.0,0.0,0.0
kampala_katuna,468,234.25,0.0,0.015,0.0,0.0,0.0,0.0,0.0,0.0,0.0,0.0,0.02,0.0,0.0,0.0,0.0,0.0,0.0,0.0
kampala_katuna,469,234.75,0.0,0.0,0.005,0.0,0.0,0.0,0.0,0.0,0.0,0.0,0.0,0.007,0.0,0.0,0.0,0.0,0.0,0.0
kampala_katuna,470,235.25,0.0,0.001,0.0,0.0,0.0,0.0,0.0,0.0,0.0,0.0,0.0,0.0,0.0,0.0,0.0,0.0,0.566,0.0
kampala_katuna,471,235.75,0.0,0.0,0.005,0.0,0.0,0.167,0.0,0.0,0.0,0.0,0.0,0.007,0.0,0.0,1.0,0.0,0.0,0.0
kampala_katuna,472,236.25,0.0,0.004,0.0,0.0,0.0,0.0,0.0,0.0,0.0,0.0,0.005,0.0,0.0,0.0,0.0,0.0,0.0,0.0
kampala_katuna,473,236.75,0.0,0.009,0.0,0.0,0.0,0.0,0.0,0.0,0.0,0.0,0.011,0.0,0.0,0.0,0.0,0.0,0.0,0.0
kampala_katuna,474,237.25,0.0,0.0,0.005,0.0,0.0,0.0,0.0,0.0,0.0,0.0,0.0,0.007,0.0,0.0,0.0,0.0,0.0,0.0
kampala_katuna,475,237.75,0.0,0.001,0.005,0.0,0.0,0.0,0.0,0.0,0.0,0.0,0.0,0.0,0.0,0.0,0.0,0.0,0.001,0.0
kampala_katuna,476,238.25,0.0,0.001,0.0,0.0,0.0,0.0,0.0,0.0,0.0,0.0,0.002,0.0,0.0,0.0,0.0,0.0,0.0,0.0
kampala_katuna,477,238.75,0.0,0.0,0.005,0.0,0.0,0.0,0.0,0.0,0.0,0.0,0.0,0.007,0.0,0.0,0.0,0.0,0.0,0.0
kampala_katuna,478,239.25,0.0,0.001,0.0,0.0,0.0,0.0,0.0,0.0,0.0,0.0,0.001,0.0,0.0,0.0,0.0,0.0,0.0,0.0
kampala_katuna,479,239.75,0.0,0.002,0.005,0.0,0.0,0.0,0.0,0.0,0.0,0.0,0.002,0.007,0.0,0.0,0.0,0.0,0.0,0.0
kampala_katuna,480,240.25,0.0,0.0,0.005,0.0,0.0,0.0,0.0,0.0,0.0,0.0,0.0,0.007,0.0,0.0,0.0,0.0,0.0,0.0
kampala_katuna,481,240.75,0.0,0.0,0.005,0.0,0.0,0.0,0.0,0.0,0.0,0.0,0.001,0.007,0.0,0.0,0.0,0.0,0.0,0.0
kampala_katuna,482,241.25,0.0,0.0,0.0,0.0,0.0,0.0,0.0,0.0,0.0,0.0,0.0,0.0,0.0,0.0,0.0,0.0,0.009,0.0
kampala_katuna,483,241.75,0.0,0.0,0.0,0.0,0.0,0.0,0.0,0.0,0.0,0.0,0.0,0.0,0.0,0.0,0.0,0.0,0.0,0.0
kampala_katuna,484,242.25,0.0,0.0,0.005,0.0,0.0,0.0,0.0,0.0,0.0,0.0,0.0,0.007,0.0,0.0,0.0,0.0,0.0,0.0
kampala_katuna,485,242.75,0.0,0.0,0.005,0.0,0.0,0.0,0.0,0.0,0.0,0.0,0.0,0.007,0.0,0.0,0.0,0.0,0.0,0.0
kampala_katuna,486,243.25,0.0,0.0,0.005,0.0,0.0,0.0,0.0,0.0,0.0,0.0,0.0,0.007,0.0,0.0,0.0,0.0,0.0,0.0
kampala_katuna,487,243.75,0.0,0.0,0.005,0.0,0.0,0.0,0.0,0.0,0.0,0.0,0.0,0.007,0.0,0.0,0.0,0.0,0.0,0.0
kampala_katuna,488,244.25,0.0,0.0,0.005,0.0,0.0,0.0,0.0,0.0,0.0,0.0,0.0,0.007,0.0,0.0,0.0,0.0,0.0,0.0
kampala_katuna,489,244.75,0.0,0.0,0.005,0.0,0.0,0.0,0.0,0.0,0.0,0.0,0.0,0.0,0.0,0.0,0.0,0.0,0.121,0.0
kampala_katuna,490,245.25,0.0,0.0,0.005,0.0,0.0,0.0,0.0,0.0,0.0,0.0,0.0,0.0,0.0,0.0,0.0,0.0,0.348,0.0
kampala_katuna,491,245.75,0.0,0.0,0.0,0.0,0.0,0.0,0.0,0.0,0.0,0.0,0.0,0.0,0.0,0.0,0.0,0.0,0.0,0.0
kampala_katuna,492,246.25,0.0,0.0,0.005,0.0,0.0,0.0,0.0,0.0,0.0,0.0,0.0,0.007,0.0,0.0,0.0,0.0,0.0,0.0
kampala_katuna,493,246.75,0.0,0.0,0.005,0.0,0.0,0.0,0.0,0.0,0.0,0.0,0.0,0.007,0.0,0.0,0.0,0.0,0.0,0.0
kampala_katuna,494,247.25,0.0,0.002,0.005,0.0,0.0,0.0,0.0,0.0,0.0,0.0,0.0,0.0,0.0,0.0,0.0,0.0,0.153,0.0
kampala_katuna,495,247.75,0.0,0.017,0.016,0.0,0.0,0.0,0.0,0.0,0.0,0.0,0.022,0.021,0.0,0.0,0.0,0.0,0.0,0.0
kampala_katuna,496,248.25,0.0,0.025,0.011,0.0,0.0,0.0,0.0,0.0,0.0,0.0,0.032,0.014,0.0,0.0,0.0,0.0,0.0,0.0
kampala_katuna,497,248.75,0.0,0.02,0.005,0.0,0.0,0.0,0.0,0.0,0.0,0.0,0.026,0.007,0.0,0.0,0.0,0.0,0.0,0.0
kampala_katuna,498,249.25,0.0,0.049,0.024,0.0,0.0,0.0,0.0,0.0,0.0,0.0,0.063,0.031,0.0,0.0,0.0,0.0,0.0,0.0
kampala_katuna,499,249.75,0.0,0.191,0.033,0.0,0.0,0.0,0.0,0.0,0.0,0.0,0.138,0.042,0.0,0.0,0.0,0.0,0.0,0.0
kampala_katuna,500,250.25,0.0,0.176,0.024,0.0,0.0,0.0,0.0,0.0,0.0,0.0,0.005,0.005,0.0,0.0,0.0,0.0,0.0,0.0
kampala_katuna,501,250.75,0.0,0.06,0.018,0.0,0.0,0.0,0.0,0.0,0.0,0.0,0.077,0.024,0.0,0.0,0.0,0.0,0.0,0.0
kampala_katuna,502,251.25,0.0,0.022,0.023,0.0,0.0,0.0,0.0,0.0,0.0,0.0,0.0,0.0,0.0,0.0,0.0,0.0,0.101,0.0
kampala_katuna,503,251.75,0.0,0.031,0.011,0.0,0.0,0.0,0.0,0.0,0.0,0.0,0.039,0.014,0.0,0.0,0.0,0.0,0.0,0.0
kampala_katuna,504,252.25,0.0,0.02,0.011,0.0,0.0,0.0,0.0,0.0,0.0,0.0,0.026,0.014,0.0,0.0,0.0,0.0,0.0,0.0
kampala_katuna,505,252.75,0.0,0.02,0.0,0.0,0.0,0.0,0.0,0.0,0.0,0.0,0.026,0.0,0.0,0.0,0.0,0.0,0.0,0.0
kampala_katuna,506,253.25,0.0,0.03,0.006,0.0,0.0,0.0,0.0,0.0,0.0,0.0,0.038,0.007,0.0,0.0,0.0,0.0,0.0,0.0
kampala_katuna,507,253.75,0.0,0.022,0.005,0.0,0.0,0.0,0.0,0.0,0.0,0.0,0.029,0.007,0.0,0.0,0.0,0.0,0.0,0.0
kampala_katuna,508,254.25,0.0,0.02,0.005,0.0,0.0,0.0,0.0,0.0,0.0,0.0,0.026,0.007,0.0,0.0,0.0,0.0,0.0,0.0
kampala_katuna,509,254.75,0.0,0.007,0.022,0.0,0.0,0.0,0.0,0.0,0.0,0.0,0.009,0.028,0.0,0.0,0.0,0.0,0.0,0.0
kampala_katuna,510,255.25,0.0,0.0,0.01,0.0,0.0,0.0,0.0,0.0,0.0,0.0,0.0,0.013,0.0,0.0,0.0,0.0,0.0,0.0
kampala_katuna,511,255.75,0.0,0.0,0.01,0.0,0.0,0.0,0.0,0.0,0.0,0.0,0.0,0.013,0.0,0.0,0.0,0.0,0.0,0.0
kampala_katuna,512,256.25,0.0,0.072,0.039,0.0,0.0,0.0,0.0,0.0,0.0,0.0,0.093,0.051,0.0,0.0,0.0,0.0,0.0,0.0
kampala_katuna,513,256.75,0.0,0.049,0.018,0.0,0.0,0.0,0.0,0.0,0.0,0.0,0.063,0.023,0.0,0.0,0.0,0.0,0.0,0.0
kampala_katuna,514,257.25,0.0,0.001,0.01,0.0,0.0,0.0,0.0,0.0,0.0,0.0,0.002,0.013,0.0,0.0,0.0,10.0,0.0,0.0
kampala_katuna,515,257.75,0.0,0.002,0.005,0.0,0.0,0.0,0.0,0.0,0.0,0.0,0.0,0.0,0.0,0.0,0.0,0.0,0.033,0.0
kampala_katuna,516,258.25,0.0,0.052,0.012,0.0,0.0,0.0,0.0,0.0,0.0,0.0,0.066,0.015,0.0,0.0,0.0,0.0,0.0,0.0
kampala_katuna,517,258.75,0.0,0.047,0.012,0.0,0.0,0.0,0.0,0.0,0.0,0.0,0.061,0.015,0.0,0.0,0.0,0.0,0.0,0.0
kampala_katuna,518,259.25,0.0,0.014,0.025,0.0,0.0,0.0,0.0,0.0,0.0,0.0,0.02,0.036,0.0,0.0,0.0,0.0,0.0,0.0
kampala_katuna,519,259.75,0.0,0.033,0.023,0.0,0.0,0.0,0.0,0.0,0.0,0.0,0.0,0.0,0.0,0.0,0.0,0.0,0.061,0.0
kampala_katuna,520,260.25,0.0,0.013,0.028,0.0,0.0,0.0,0.0,0.0,0.0,0.0,0.017,0.036,0.0,0.0,0.0,0.0,0.0,0.0
kampala_katuna,521,260.75,0.0,0.058,0.012,0.0,0.0,0.0,0.0,0.0,0.0,0.0,0.0,0.0,0.0,0.0,0.0,0.0,0.191,0.0
kampala_katuna,522,261.25,0.0,0.13,0.007,0.0,0.0,0.0,0.0,0.0,0.0,0.0,0.0,0.0,0.0,0.0,0.0,0.0,0.102,0.0
kampala_katuna,523,261.75,0.054,0.0,0.0,0.0,0.133,0.0,0.0,0.0,0.0,0.0,0.101,0.042,0.0,0.2,0.0,0.0,0.0,0.0
kampala_katuna,524,262.25,0.146,0.0,0.0,0.0,0.133,0.0,0.0,0.0,0.0,0.017,0.0,0.0,0.0,0.2,0.0,0.0,0.0,0.0
kampala_katuna,525,262.75,0.059,0.0,0.0,0.0,0.133,0.0,0.0,0.0,0.0,0.0,0.0,0.0,0.0,0.2,0.0,0.0,0.156,0.0
kampala_katuna,526,263.25,0.188,0.0,0.0,0.167,0.133,0.0,0.0,0.0,0.0,0.012,0.0,0.0,0.167,0.2,0.0,0.0,0.0,0.0
kampala_katuna,527,263.75,0.185,0.0,0.0,0.0,0.133,0.0,0.0,0.0,0.0,0.067,0.0,0.0,0.0,0.2,0.0,0.0,0.0,0.0
kampala_katuna,528,264.25,0.192,0.0,0.0,0.0,0.133,0.0,0.0,0.0,0.0,0.075,0.0,0.0,0.0,0.2,0.0,0.0,0.0,0.0
kampala_katuna,529,264.75,0.192,0.0,0.0,0.0,0.133,0.0,0.0,0.0,0.0,0.076,0.0,0.0,0.0,0.2,0.0,0.0,0.0,0.0
kampala_katuna,530,265.25,0.172,0.0,0.0,0.0,0.133,0.0,0.0,0.0,0.0,0.05,0.0,0.0,0.0,0.2,0.0,0.0,0.0,0.0
kampala_katuna,531,265.75,0.0,0.022,0.023,0.0,0.0,0.0,0.0,0.0,0.0,0.0,0.028,0.029,0.0,0.0,0.0,0.0,0.0,0.0
kampala_katuna,532,266.25,0.0,0.012,0.016,0.0,0.0,0.0,0.0,0.0,0.0,0.0,0.0,0.0,0.0,0.0,0.0,0.0,0.048,0.0
kampala_katuna,533,266.75,0.0,0.02,0.029,0.0,0.0,0.0,0.0,0.0,0.0,0.0,0.026,0.037,0.0,0.0,0.0,0.0,0.0,0.0
kampala_katuna,534,267.25,0.0,0.034,0.017,0.0,0.0,0.0,0.0,0.0,0.0,0.0,0.044,0.022,0.0,0.0,0.0,0.0,0.0,0.0
kampala_katuna,535,267.75,0.0,0.021,0.005,0.0,0.0,0.0,0.0,0.0,0.0,0.0,0.028,0.007,0.0,0.0,0.0,0.0,0.0,0.0
kampala_katuna,536,268.25,0.0,0.044,0.03,0.0,0.0,0.167,0.0,0.0,0.0,0.0,0.035,0.035,0.0,0.0,1.0,0.0,0.0,0.0
kampala_katuna,537,268.75,0.0,0.003,0.003,0.0,0.133,0.167,0.0,0.0,0.0,0.0,0.074,0.074,0.0,0.2,1.0,0.0,0.0,0.0
kampala_katuna,538,269.25,0.0,0.191,0.033,0.0,0.0,0.0,0.0,0.0,0.0,0.0,0.245,0.042,0.0,0.0,0.0,0.0,0.0,0.0
kampala_katuna,539,269.75,0.0,0.165,0.023,0.0,0.0,0.0,0.0,0.0,0.0,0.0,0.212,0.03,0.0,0.0,0.0,0.0,0.0,0.0
kampala_katuna,540,270.25,0.0,0.101,0.013,0.0,0.0,0.0,0.0,0.0,0.0,0.0,0.129,0.017,0.0,0.0,0.0,0.0,0.0,0.0
kampala_katuna,541,270.75,0.0,0.018,0.011,0.0,0.0,0.0,0.0,0.0,0.0,0.0,0.023,0.014,0.0,0.0,0.0,0.0,0.0,0.0
kampala_katuna,542,271.25,0.0,0.011,0.005,0.0,0.0,0.0,0.0,0.0,0.0,0.0,0.015,0.007,0.0,0.0,0.0,0.0,0.0,0.0
kampala_katuna,543,271.75,0.0,0.0,0.0,0.0,0.0,0.0,0.0,0.0,0.178,0.0,0.0,0.0,0.0,0.0,0.0,0.0,0.0,0.14
kampala_katuna,544,272.25,0.0,0.002,0.01,0.0,0.0,0.0,0.0,0.0,0.0,0.0,0.0,0.0,0.0,0.0,0.0,0.0,0.103,0.0
kampala_katuna,545,272.75,0.0,0.02,0.0,0.0,0.0,0.0,0.0,0.0,0.0,0.0,0.0,0.0,0.0,0.0,0.0,0.0,0.299,0.0
kampala_katuna,546,273.25,0.0,0.021,0.035,0.0,0.0,0.0,0.0,0.0,0.0,0.0,0.027,0.045,0.0,0.0,0.0,0.0,0.0,0.0
kampala_katuna,547,273.75,0.0,0.006,0.0,0.0,0.0,0.0,0.0,0.0,0.0,0.0,0.007,0.0,0.0,0.0,0.0,0.0,0.0,0.0
kampala_katuna,548,274.25,0.0,0.0,0.0,0.0,0.0,0.0,0.0,0.0,0.0,0.0,0.0,0.0,0.0,0.0,0.0,0.0,0.0,0.0
kampala_katuna,549,274.75,0.0,0.0,0.005,0.0,0.0,0.0,0.0,0.0,0.0,0.0,0.0,0.007,0.0,0.0,0.0,0.0,0.0,0.0
kampala_katuna,550,275.25,0.0,0.002,0.01,0.0,0.0,0.0,0.0,0.0,0.0,0.0,0.002,0.013,0.0,0.0,0.0,0.0,0.0,0.0
kampala_katuna,551,275.75,0.0,0.005,0.0,0.0,0.0,0.0,0.0,0.0,0.0,0.0,0.0,0.0,0.0,0.0,0.0,0.0,0.038,0.0
kampala_katuna,552,276.25,0.0,0.016,0.011,0.0,0.0,0.0,0.0,0.0,0.0,0.0,0.02,0.014,0.0,0.0,0.0,0.0,0.0,0.0
kampala_katuna,553,276.75,0.0,0.008,0.0,0.0,0.0,0.0,0.0,0.0,0.0,0.0,0.011,0.0,0.0,0.0,0.0,0.0,0.0,0.0
kampala_katuna,554,277.25,0.0,0.018,0.0,0.0,0.0,0.0,0.0,0.0,0.0,0.0,0.023,0.0,0.0,0.0,0.0,0.0,0.0,0.0
kampala_katuna,555,277.75,0.0,0.024,0.011,0.0,0.0,0.0,0.0,0.0,0.0,0.0,0.031,0.014,0.0,0.0,0.0,0.0,0.0,0.0
kampala_katuna,556,278.25,0.0,0.001,0.005,0.0,0.0,0.0,0.0,0.0,0.0,0.0,0.002,0.007,0.0,0.0,0.0,0.0,0.0,0.0
kampala_katuna,557,278.75,0.0,0.019,0.011,0.0,0.0,0.0,0.0,0.0,0.0,0.0,0.0,0.0,0.0,0.0,0.0,0.0,0.072,0.0
kampala_katuna,558,279.25,0.0,0.014,0.016,0.0,0.0,0.0,0.0,0.0,0.0,0.0,0.019,0.021,0.0,0.0,0.0,0.0,0.0,0.0
kampala_katuna,559,279.75,0.0,0.0,0.0,0.0,0.0,0.0,0.0,0.0,0.0,0.0,0.001,0.0,0.0,0.0,0.0,0.0,0.0,0.0
kampala_katuna,560,280.25,0.0,0.001,0.01,0.0,0.0,0.0,0.0,0.0,0.0,0.0,0.001,0.013,0.0,0.0,0.0,0.0,0.0,0.0
kampala_katuna,561,280.75,0.0,0.027,0.005,0.0,0.0,0.0,0.0,0.0,0.0,0.0,0.011,0.007,0.0,0.0,0.0,0.0,0.0,0.0
kampala_katuna,562,281.25,0.0,0.065,0.012,0.0,0.0,0.0,0.0,0.0,0.0,0.0,0.052,0.016,0.0,0.0,0.0,0.0,0.0,0.0
kampala_katuna,563,281.75,0.0,0.014,0.011,0.0,0.0,0.0,0.0,0.0,0.0,0.0,0.018,0.014,0.0,0.0,0.0,0.0,0.0,0.0
kampala_katuna,564,282.25,0.0,0.006,0.005,0.0,0.0,0.0,0.0,0.0,0.0,0.0,0.008,0.007,0.0,0.0,0.0,0.0,0.0,0.0
kampala_katuna,565,282.75,0.0,0.038,0.017,0.0,0.0,0.0,0.0,0.0,0.0,0.0,0.049,0.022,0.0,0.0,0.0,0.0,0.0,0.0
kampala_katuna,566,283.25,0.0,0.07,0.019,0.0,0.0,0.0,0.0,0.0,0.0,0.0,0.091,0.024,0.0,0.0,0.0,0.0,0.0,0.0
kampala_katuna,567,283.75,0.0,0.037,0.006,0.0,0.0,0.0,0.0,0.0,0.0,0.0,0.048,0.007,0.0,0.0,0.0,0.0,0.0,0.0
kampala_katuna,568,284.25,0.0,0.002,0.005,0.0,0.0,0.0,0.0,0.0,0.0,0.0,0.003,0.007,0.0,0.0,0.0,0.0,0.0,0.0
kampala_katuna,569,284.75,0.0,0.0,0.0,0.0,0.0,0.0,0.0,0.0,0.0,0.0,0.001,0.0,0.0,0.0,0.0,0.0,0.0,0.0
kampala_katuna,570,285.25,0.0,0.006,0.005,0.0,0.0,0.0,0.0,0.0,0.0,0.0,0.008,0.007,0.0,0.0,0.0,0.0,0.0,0.0
kampala_katuna,571,285.75,0.0,0.017,0.005,0.0,0.0,0.0,0.0,0.0,0.0,0.0,0.0,0.0,0.0,0.0,0.0,0.0,0.202,0.0
kampala_katuna,572,286.25,0.0,0.003,0.005,0.0,0.0,0.0,0.0,0.0,0.0,0.0,0.004,0.007,0.0,0.0,0.0,0.0,0.0,0.0
kampala_katuna,573,286.75,0.0,0.0,0.0,0.0,0.0,0.0,0.0,0.0,0.0,0.0,0.0,0.0,0.0,0.0,0.0,0.0,0.0,0.0
kampala_katuna,574,287.25,0.0,0.008,0.005,0.0,0.0,0.0,0.0,0.0,0.0,0.0,0.01,0.007,0.0,0.0,0.0,0.0,0.0,0.0
kampala_katuna,575,287.75,0.0,0.026,0.011,0.0,0.0,0.0,0.0,0.0,0.0,0.0,0.034,0.014,0.0,0.0,0.0,0.0,0.0,0.0
kampala_katuna,576,288.25,0.0,0.05,0.006,0.0,0.0,0.0,0.0,0.0,0.0,0.0,0.064,0.007,0.0,0.0,0.0,0.0,0.0,0.0
kampala_katuna,577,288.75,0.0,0.072,0.006,0.0,0.0,0.0,0.0,0.0,0.0,0.0,0.092,0.008,0.0,0.0,0.0,0.0,0.0,0.0
kampala_katuna,578,289.25,0.0,0.044,0.006,0.0,0.0,0.0,0.0,0.0,0.0,0.0,0.056,0.007,0.0,0.0,0.0,0.0,0.0,0.0
kampala_katuna,579,289.75,0.0,0.003,0.005,0.0,0.0,0.0,0.0,0.0,0.0,0.0,0.004,0.007,0.0,0.0,0.0,0.0,0.0,0.0
kampala_katuna,580,290.25,0.0,0.037,0.006,0.0,0.0,0.0,0.0,0.0,0.0,0.0,0.048,0.007,0.0,0.0,0.0,0.0,0.0,0.0
kampala_katuna,581,290.75,0.0,0.015,0.0,0.0,0.0,0.0,0.0,0.0,0.0,0.0,0.019,0.0,0.0,0.0,0.0,0.0,0.0,0.0
kampala_katuna,582,291.25,0.0,0.007,0.016,0.0,0.0,0.0,0.0,0.0,0.0,0.0,0.0,0.0,0.0,0.0,0.0,0.0,0.02,0.0
kampala_katuna,583,291.75,0.0,0.022,0.023,0.0,0.0,0.0,0.0,0.0,0.0,0.0,0.028,0.029,0.0,0.0,0.0,0.0,0.0,0.0
kampala_katuna,584,292.25,0.0,0.028,0.0,0.0,0.0,0.0,0.0,0.0,0.0,0.0,0.036,0.0,0.0,0.0,0.0,0.0,0.0,0.0
kampala_katuna,585,292.75,0.0,0.04,0.012,0.0,0.0,0.0,0.0,0.0,0.0,0.0,0.052,0.015,0.0,0.0,0.0,0.0,0.0,0.0
kampala_katuna,586,293.25,0.0,0.026,0.0,0.0,0.0,0.0,0.0,0.0,0.0,0.0,0.033,0.0,0.0,0.0,0.0,0.0,0.0,0.0
kampala_katuna,587,293.75,0.0,0.007,0.0,0.0,0.0,0.0,0.0,0.0,0.0,0.0,0.009,0.0,0.0,0.0,0.0,0.0,0.0,0.0
kampala_katuna,588,294.25,0.0,0.032,0.011,0.0,0.0,0.0,0.0,0.0,0.0,0.0,0.041,0.014,0.0,0.0,0.0,0.0,0.0,0.0
kampala_katuna,589,294.75,0.0,0.04,0.006,0.0,0.0,0.0,0.0,0.0,0.0,0.0,0.051,0.007,0.0,0.0,0.0,0.0,0.0,0.0
kampala_katuna,590,295.25,0.0,0.005,0.0,0.0,0.0,0.0,0.0,0.0,0.0,0.0,0.006,0.0,0.0,0.0,0.0,0.0,0.0,0.0
kampala_katuna,591,295.75,0.0,0.003,0.005,0.0,0.0,0.0,0.0,0.0,0.0,0.0,0.004,0.007,0.0,0.0,0.0,0.0,0.0,0.0
kampala_katuna,592,296.25,0.0,0.001,0.0,0.0,0.0,0.0,0.0,0.0,0.0,0.0,0.0,0.0,0.0,0.0,0.0,0.0,0.023,0.0
kampala_katuna,593,296.75,0.0,0.019,0.005,0.0,0.0,0.0,0.0,0.0,0.0,0.0,0.024,0.007,0.0,0.0,0.0,0.0,0.0,0.0
kampala_katuna,594,297.25,0.0,0.008,0.005,0.0,0.0,0.0,0.0,0.0,0.0,0.0,0.011,0.007,0.0,0.0,0.0,0.0,0.0,0.0
kampala_katuna,595,297.75,0.0,0.108,0.007,0.0,0.0,0.0,0.0,0.0,0.0,0.0,0.139,0.009,0.0,0.0,0.0,0.0,0.0,0.0
kampala_katuna,596,298.25,0.0,0.188,0.024,0.0,0.0,0.0,0.0,0.0,0.0,0.0,0.242,0.031,0.0,0.0,0.0,0.0,0.0,0.0
kampala_katuna,597,298.75,0.0,0.165,0.008,0.0,0.0,0.0,0.0,0.0,0.0,0.0,0.212,0.01,0.0,0.0,0.0,0.0,0.0,0.0
kampala_katuna,598,299.25,0.0,0.012,0.005,0.0,0.0,0.0,0.0,0.0,0.0,0.0,0.016,0.007,0.0,0.0,0.0,0.0,0.0,0.0
kampala_katuna,599,299.75,0.0,0.002,0.005,0.0,0.0,0.0,0.0,0.0,0.0,0.0,0.003,0.007,0.0,0.0,0.0,0.0,0.0,0.0
kampala_katuna,600,300.25,0.0,0.041,0.006,0.0,0.0,0.0,0.0,0.0,0.0,0.0,0.053,0.007,0.0,0.0,0.0,0.0,0.0,0.0
kampala_katuna,601,300.75,0.0,0.076,0.006,0.0,0.0,0.0,0.0,0.0,0.0,0.0,0.098,0.008,0.0,0.0,0.0,0.0,0.0,0.0
kampala_katuna,602,301.25,0.0,0.17,0.015,0.0,0.0,0.0,0.0,0.0,0.0,0.0,0.219,0.02,0.0,0.0,0.0,0.0,0.0,0.0
kampala_katuna,603,301.75,0.0,0.042,0.006,0.0,0.0,0.0,0.0,0.0,0.0,0.0,0.054,0.007,0.0,0.0,0.0,0.0,0.0,0.0
kampala_katuna,604,302.25,0.0,0.008,0.0,0.0,0.0,0.0,0.0,0.0,0.0,0.0,0.01,0.0,0.0,0.0,0.0,0.0,0.0,0.0
kampala_katuna,605,302.75,0.0,0.0,0.0,0.0,0.0,0.0,0.0,0.0,0.0,0.0,0.001,0.0,0.0,0.0,0.0,0.0,0.0,0.0
kampala_katuna,606,303.25,0.0,0.036,0.0,0.0,0.0,0.0,0.0,0.0,0.0,0.0,0.046,0.0,0.0,0.0,0.0,0.0,0.0,0.0
kampala_katuna,607,303.75,0.0,0.048,0.006,0.0,0.0,0.0,0.0,0.0,0.0,0.0,0.0,0.0,0.0,0.0,0.0,0.0,0.274,0.0
kampala_katuna,608,304.25,0.0,0.01,0.0,0.0,0.0,0.0,0.0,0.0,0.0,0.0,0.012,0.0,0.0,0.0,0.0,0.0,0.0,0.0
kampala_katuna,609,304.75,0.0,0.017,0.0,0.0,0.0,0.0,0.0,0.0,0.0,0.0,0.022,0.0,0.0,0.0,0.0,0.0,0.0,0.0
kampala_katuna,610,305.25,0.0,0.013,0.005,0.0,0.0,0.0,0.0,0.0,0.0,0.0,0.017,0.007,0.0,0.0,0.0,0.0,0.0,0.0
kampala_katuna,611,305.75,0.0,0.01,0.005,0.0,0.0,0.0,0.0,0.0,0.0,0.0,0.013,0.007,0.0,0.0,0.0,0.0,0.0,0.0
kampala_katuna,612,306.25,0.0,0.003,0.005,0.0,0.0,0.0,0.0,0.0,0.0,0.0,0.004,0.007,0.0,0.0,0.0,0.0,0.0,0.0
kampala_katuna,613,306.75,0.0,0.03,0.006,0.0,0.0,0.0,0.0,0.0,0.0,0.0,0.039,0.007,0.0,0.0,0.0,0.0,0.0,0.0
kampala_katuna,614,307.25,0.0,0.185,0.016,0.0,0.0,0.0,0.0,0.0,0.0,0.0,0.238,0.02,0.0,0.0,0.0,0.0,0.0,0.0
kampala_katuna,615,307.75,0.0,0.044,0.0,0.0,0.0,0.0,0.0,0.0,0.0,0.0,0.057,0.0,0.0,0.0,0.0,0.0,0.0,0.0
kampala_katuna,616,308.25,0.0,0.014,0.0,0.0,0.0,0.0,0.0,0.0,0.0,0.0,0.018,0.0,0.0,0.0,0.0,0.0,0.0,0.0
kampala_katuna,617,308.75,0.0,0.003,0.0,0.0,0.0,0.0,0.0,0.0,0.0,0.0,0.004,0.0,0.0,0.0,0.0,0.0,0.0,0.0
kampala_katuna,618,309.25,0.0,0.003,0.01,0.0,0.0,0.0,0.0,0.0,0.0,0.0,0.004,0.013,0.0,0.0,0.0,0.0,0.0,0.0
kampala_katuna,619,309.75,0.0,0.002,0.0,0.0,0.0,0.0,0.0,0.0,0.0,0.0,0.003,0.0,0.0,0.0,0.0,0.0,0.0,0.0
kampala_katuna,620,310.25,0.0,0.024,0.005,0.0,0.0,0.0,0.0,0.0,0.0,0.0,0.031,0.007,0.0,0.0,0.0,0.0,0.0,0.0
kampala_katuna,621,310.75,0.0,0.005,0.0,0.0,0.0,0.0,0.0,0.0,0.0,0.0,0.0,0.0,0.0,0.0,0.0,0.0,0.398,0.0
kampala_katuna,622,311.25,0.0,0.003,0.0,0.0,0.0,0.0,0.0,0.0,0.0,0.0,0.004,0.0,0.0,0.0,0.0,0.0,0.0,0.0
kampala_katuna,623,311.75,0.0,0.022,0.005,0.0,0.0,0.0,0.0,0.0,0.0,0.0,0.028,0.007,0.0,0.0,0.0,0.0,0.0,0.0
kampala_katuna,624,312.25,0.0,0.008,0.0,0.0,0.0,0.0,0.0,0.0,0.0,0.0,0.01,0.0,0.0,0.0,0.0,0.0,0.0,0.0
kampala_katuna,625,312.75,0.0,0.007,0.0,0.0,0.0,0.0,0.0,0.0,0.0,0.0,0.0,0.0,0.0,0.0,0.0,0.0,0.757,0.0
kampala_katuna,626,313.25,0.0,0.009,0.0,0.0,0.0,0.0,0.0,0.0,0.0,0.0,0.0,0.0,0.0,0.0,0.0,0.0,0.382,0.0
kampala_katuna,627,313.75,0.0,0.016,0.005,0.0,0.0,0.0,0.0,0.0,0.0,0.0,0.02,0.007,0.0,0.0,0.0,0.0,0.0,0.0
kampala_katuna,628,314.25,0.0,0.026,0.0,0.0,0.0,0.0,0.0,0.0,0.0,0.0,0.034,0.0,0.0,0.0,0.0,0.0,0.0,0.0
kampala_katuna,629,314.75,0.0,0.072,0.0,0.0,0.0,0.0,0.0,0.0,0.0,0.0,0.093,0.0,0.0,0.0,0.0,0.0,0.0,0.0
kampala_katuna,630,315.25,0.0,0.097,0.007,0.0,0.0,0.0,0.0,0.0,0.0,0.0,0.125,0.008,0.0,0.0,0.0,0.0,0.0,0.0
kampala_katuna,631,315.75,0.0,0.115,0.007,0.0,0.0,0.0,0.0,0.0,0.0,0.0,0.147,0.009,0.0,0.0,0.0,0.0,0.0,0.0
kampala_katuna,632,316.25,0.0,0.017,0.022,0.0,0.0,0.0,0.0,0.0,0.0,0.0,0.0,0.0,0.0,0.0,0.0,0.0,0.111,0.0
kampala_katuna,633,316.75,0.0,0.005,0.005,0.0,0.0,0.0,0.0,0.0,0.0,0.0,0.006,0.007,0.0,0.0,0.0,0.0,0.0,0.0
kampala_katuna,634,317.25,0.0,0.0,0.0,0.0,0.0,0.0,0.0,0.0,0.0,0.0,0.001,0.0,0.0,0.0,0.0,0.0,0.0,0.0
kampala_katuna,635,317.75,0.0,0.002,0.005,0.0,0.0,0.0,0.0,0.0,0.0,0.0,0.002,0.007,0.0,0.0,0.0,0.0,0.0,0.0
kampala_katuna,636,318.25,0.0,0.047,0.006,0.0,0.0,0.0,0.0,0.0,0.0,0.0,0.037,0.007,0.0,0.0,0.0,0.0,0.0,0.0
kampala_katuna,637,318.75,0.0,0.041,0.0,0.0,0.0,0.0,0.0,0.0,0.0,0.0,0.0,0.0,0.0,0.0,0.0,0.0,0.009,0.0
kampala_katuna,638,319.25,0.0,0.023,0.005,0.0,0.0,0.0,0.0,0.0,0.0,0.0,0.03,0.007,0.0,0.0,0.0,0.0,0.0,0.0
kampala_katuna,639,319.75,0.0,0.0,0.005,0.0,0.0,0.0,0.0,0.0,0.0,0.0,0.001,0.007,0.0,0.0,0.0,0.0,0.0,0.0
kampala_katuna,640,320.25,0.0,0.0,0.01,0.0,0.0,0.0,0.0,0.0,0.0,0.0,0.0,0.013,0.0,0.0,0.0,0.0,0.0,0.0
kampala_katuna,641,320.75,0.0,0.007,0.011,0.0,0.0,0.0,0.0,0.0,0.0,0.0,0.009,0.014,0.0,0.0,0.0,0.0,0.0,0.0
kampala_katuna,642,321.25,0.0,0.063,0.012,0.0,0.0,0.0,0.0,0.0,0.0,0.0,0.08,0.016,0.0,0.0,0.0,0.0,0.0,0.0
kampala_katuna,643,321.75,0.0,0.032,0.0,0.0,0.0,0.0,0.0,0.0,0.0,0.0,0.042,0.0,0.0,0.0,0.0,0.0,0.0,0.0
kampala_katuna,644,322.25,0.0,0.027,0.005,0.0,0.0,0.0,0.0,0.0,0.0,0.0,0.035,0.007,0.0,0.0,0.0,0.0,0.0,0.0
kampala_katuna,645,322.75,0.0,0.014,0.016,0.0,0.0,0.0,0.0,0.0,0.0,0.0,0.017,0.021,0.0,0.0,0.0,0.0,0.0,0.0
kampala_katuna,646,323.25,0.0,0.002,0.0,0.0,0.0,0.0,0.0,0.0,0.0,0.0,0.003,0.0,0.0,0.0,0.0,0.0,0.0,0.0
kampala_katuna,647,323.75,0.0,0.005,0.01,0.0,0.0,0.0,0.0,0.0,0.0,0.0,0.006,0.013,0.0,0.0,0.0,0.0,0.0,0.0
kampala_katuna,648,324.25,0.0,0.005,0.005,0.0,0.0,0.0,0.0,0.0,0.0,0.0,0.006,0.007,0.0,0.0,0.0,0.0,0.0,0.0
kampala_katuna,649,324.75,0.0,0.012,0.005,0.0,0.0,0.0,0.0,0.0,0.0,0.0,0.016,0.007,0.0,0.0,0.0,0.0,0.0,0.0
kampala_katuna,650,325.25,0.203,0.0,0.0,0.0,0.133,0.0,0.0,0.0,0.0,0.09,0.0,0.0,0.0,0.2,0.0,0.0,0.0,0.0
kampala_katuna,651,325.75,0.136,0.0,0.0,0.0,0.133,0.0,0.0,0.0,0.0,0.003,0.0,0.0,0.0,0.2,0.0,0.0,0.0,0.0
kampala_katuna,652,326.25,0.083,0.0,0.0,0.0,0.133,0.0,0.0,0.0,0.0,0.0,0.065,0.05,0.0,0.2,0.0,0.0,0.0,0.0
kampala_katuna,653,326.75,0.072,0.0,0.0,0.0,0.133,0.0,0.0,0.0,0.0,0.0,0.079,0.031,0.0,0.2,0.0,0.0,0.0,0.0
kampala_katuna,654,327.25,0.206,0.0,0.0,0.0,0.133,0.0,0.0,0.0,0.0,0.093,0.0,0.0,0.0,0.2,0.0,0.0,0.0,0.0
kampala_katuna,655,327.75,0.0,0.016,0.011,0.0,0.0,0.0,0.0,0.0,0.0,0.0,0.021,0.014,0.0,0.0,0.0,0.0,0.0,0.0
kampala_katuna,656,328.25,0.0,0.01,0.016,0.0,0.0,0.0,0.0,0.0,0.0,0.0,0.0,0.0,0.0,0.0,0.0,0.0,0.1,0.0
kampala_katuna,657,328.75,0.0,0.006,0.0,0.0,0.0,0.0,0.0,0.0,0.0,0.0,0.008,0.0,0.0,0.0,0.0,0.0,0.0,0.0
kampala_katuna,658,329.25,0.0,0.007,0.005,0.0,0.0,0.0,0.0,0.0,0.0,0.0,0.009,0.007,0.0,0.0,0.0,0.0,0.0,0.0
kampala_katuna,659,329.75,0.0,0.017,0.005,0.0,0.0,0.0,0.0,0.0,0.0,0.0,0.022,0.007,0.0,0.0,0.0,0.0,0.0,0.0
kampala_katuna,660,330.25,0.0,0.017,0.011,0.083,0.0,0.0,0.0,0.0,0.0,0.0,0.0,0.0,0.083,0.0,0.0,0.0,0.285,0.0
kampala_katuna,661,330.75,0.0,0.022,0.005,0.0,0.0,0.0,0.0,0.0,0.0,0.0,0.0,0.0,0.0,0.0,0.0,0.0,0.298,0.0
kampala_katuna,662,331.25,0.0,0.067,0.032,0.0,0.0,0.0,0.0,0.0,0.0,0.0,0.086,0.041,0.0,0.0,0.0,0.0,0.0,0.0
kampala_katuna,663,331.75,0.0,0.017,0.011,0.0,0.0,0.0,0.0,0.0,0.0,0.0,0.022,0.014,0.0,0.0,0.0,0.0,0.0,0.0
kampala_katuna,664,332.25,0.0,0.002,0.005,0.0,0.0,0.0,0.0,0.0,0.0,0.0,0.003,0.007,0.0,0.0,0.0,0.0,0.0,0.0
kampala_katuna,665,332.75,0.0,0.001,0.005,0.0,0.0,0.0,0.0,0.0,0.0,0.0,0.001,0.007,0.0,0.0,0.0,0.0,0.0,0.0
kampala_katuna,666,333.25,0.0,0.001,0.005,0.0,0.0,0.0,0.0,0.0,0.0,0.0,0.001,0.007,0.0,0.0,0.0,0.0,0.0,0.0
kampala_katuna,667,333.75,0.0,0.0,0.0,0.0,0.0,0.0,0.0,0.0,0.0,0.0,0.0,0.0,0.0,0.0,0.0,0.0,0.0,0.0
kampala_katuna,668,334.25,0.0,0.0,0.0,0.0,0.0,0.0,0.0,0.0,0.0,0.0,0.0,0.0,0.0,0.0,0.0,0.0,0.0,0.0
kampala_katuna,669,334.75,0.0,0.0,0.005,0.0,0.0,0.0,0.0,0.0,0.0,0.0,0.001,0.007,0.0,0.0,0.0,0.0,0.0,0.0
kampala_katuna,670,335.25,0.0,0.014,0.022,0.0,0.0,0.0,0.0,0.0,0.0,0.0,0.0,0.0,0.0,0.0,0.0,0.0,0.012,0.0
kampala_katuna,671,335.75,0.0,0.036,0.0,0.0,0.0,0.0,0.0,0.0,0.0,0.0,0.046,0.0,0.0,0.0,0.0,0.0,0.0,0.0
kampala_katuna,672,336.25,0.0,0.039,0.006,0.0,0.0,0.0,0.0,0.0,0.0,0.0,0.05,0.007,0.0,0.0,0.0,0.0,0.0,0.0
kampala_katuna,673,336.75,0.0,0.015,0.0,0.0,0.0,0.0,0.0,0.0,0.0,0.0,0.019,0.0,0.0,0.0,0.0,0.0,0.0,0.0
kampala_katuna,674,337.25,0.0,0.007,0.0,0.0,0.0,0.0,0.0,0.0,0.0,0.0,0.009,0.0,0.0,0.0,0.0,0.0,0.0,0.0
kampala_katuna,675,337.75,0.0,0.007,0.011,0.0,0.0,0.0,0.0,0.0,0.0,0.0,0.009,0.014,0.0,0.0,0.0,0.0,0.0,0.0
kampala_katuna,676,338.25,0.0,0.003,0.0,0.0,0.0,0.0,0.0,0.0,0.0,0.0,0.004,0.0,0.0,0.0,0.0,0.0,0.0,0.0
kampala_katuna,677,338.75,0.0,0.0,0.0,0.0,0.0,0.0,0.0,0.0,0.0,0.0,0.0,0.0,0.0,0.0,0.0,0.0,0.0,0.0
kampala_katuna,678,339.25,0.0,0.001,0.005,0.0,0.0,0.0,0.0,0.0,0.0,0.0,0.001,0.007,0.0,0.0,0.0,0.0,0.0,0.0
kampala_katuna,679,339.75,0.0,0.111,0.014,0.0,0.0,0.0,0.0,0.0,0.0,0.0,0.083,0.018,0.0,0.0,0.0,0.0,0.0,0.0
kampala_katuna,680,340.25,0.0,0.077,0.006,0.0,0.0,0.0,0.0,0.0,0.0,0.0,0.099,0.008,0.0,0.0,0.0,0.0,0.0,0.0
kampala_katuna,681,340.75,0.0,0.025,0.0,0.0,0.0,0.0,0.0,0.0,0.0,0.0,0.0,0.0,0.0,0.0,0.0,0.0,0.241,0.0
kampala_katuna,682,341.25,0.0,0.004,0.0,0.0,0.0,0.0,0.0,0.0,0.0,0.0,0.0,0.0,0.0,0.0,0.0,0.0,0.248,0.0
kampala_katuna,683,341.75,0.0,0.008,0.0,0.0,0.0,0.0,0.0,0.0,0.0,0.0,0.0,0.0,0.0,0.0,0.0,0.0,0.104,0.0
kampala_katuna,684,342.25,0.0,0.001,0.005,0.0,0.0,0.0,0.0,0.0,0.0,0.0,0.002,0.007,0.0,0.0,0.0,0.0,0.0,0.0
kampala_katuna,685,342.75,0.0,0.024,0.005,0.0,0.0,0.0,0.0,0.0,0.0,0.0,0.03,0.007,0.0,0.0,0.0,0.0,0.0,0.0
kampala_katuna,686,343.25,0.0,0.031,0.006,0.0,0.0,0.0,0.0,0.0,0.0,0.0,0.04,0.007,0.0,0.0,0.0,0.0,0.0,0.0
kampala_katuna,687,343.75,0.0,0.041,0.0,0.0,0.0,0.0,0.0,0.0,0.0,0.0,0.053,0.0,0.0,0.0,0.0,0.0,0.0,0.0
kampala_katuna,688,344.25,0.0,0.052,0.0,0.0,0.0,0.0,0.0,0.0,0.0,0.0,0.067,0.0,0.0,0.0,0.0,0.0,0.0,0.0
kampala_katuna,689,344.75,0.0,0.083,0.013,0.0,0.0,0.0,0.0,0.0,0.0,0.0,0.107,0.016,0.0,0.0,0.0,0.0,0.0,0.0
kampala_katuna,690,345.25,0.0,0.084,0.02,0.0,0.0,0.0,0.0,0.0,0.0,0.0,0.023,0.023,0.0,0.0,0.0,0.0,0.0,0.0
kampala_katuna,691,345.75,0.0,0.077,0.006,0.0,0.0,0.0,0.0,0.0,0.0,0.0,0.0,0.0,0.0,0.0,0.0,0.0,0.028,0.0
kampala_katuna,692,346.25,0.063,0.0,0.0,0.0,0.133,0.0,0.0,0.0,0.0,0.0,0.09,0.031,0.0,0.2,0.0,0.0,0.0,0.0
kampala_katuna,693,346.75,0.0,0.115,0.014,0.0,0.0,0.0,0.0,0.0,0.0,0.0,0.148,0.018,0.0,0.0,0.0,0.0,0.0,0.0
kampala_katuna,694,347.25,0.0,0.015,0.005,0.0,0.0,0.0,0.0,0.0,0.0,0.0,0.02,0.007,0.0,0.0,0.0,0.0,0.0,0.0
kampala_katuna,695,347.75,0.0,0.013,0.005,0.0,0.0,0.0,0.0,0.0,0.0,0.0,0.0,0.0,0.0,0.0,0.0,0.0,0.009,0.0
kampala_katuna,696,348.25,0.0,0.011,0.005,0.0,0.0,0.0,0.0,0.0,0.0,0.0,0.015,0.007,0.0,0.0,0.0,0.0,0.0,0.0
kampala_katuna,697,348.75,0.0,0.007,0.016,0.0,0.0,0.0,0.0,0.0,0.0,0.0,0.009,0.021,0.0,0.0,0.0,0.0,0.0,0.0
kampala_katuna,698,349.25,0.0,0.004,0.0,0.0,0.0,0.0,0.0,0.0,0.0,0.0,0.0,0.0,0.0,0.0,0.0,0.0,0.206,0.0
kampala_katuna,699,349.75,0.0,0.005,0.005,0.0,0.0,0.0,0.0,0.0,0.0,0.0,0.006,0.007,0.0,0.0,0.0,0.0,0.0,0.0
kampala_katuna,700,350.25,0.0,0.001,0.0,0.0,0.0,0.0,0.0,0.0,0.0,0.0,0.002,0.0,0.0,0.0,0.0,0.0,0.0,0.0
kampala_katuna,701,350.75,0.0,0.004,0.0,0.0,0.0,0.0,0.0,0.0,0.0,0.0,0.005,0.0,0.0,0.0,0.0,0.0,0.0,0.0
kampala_katuna,702,351.25,0.0,0.002,0.0,0.0,0.0,0.0,0.0,0.0,0.0,0.0,0.0,0.0,0.0,0.0,0.0,0.0,0.147,0.0
kampala_katuna,703,351.75,0.0,0.005,0.0,0.0,0.0,0.0,0.0,0.0,0.0,0.0,0.004,0.0,0.0,0.0,0.0,0.0,0.0,0.0
kampala_katuna,704,352.25,0.0,0.002,0.0,0.0,0.0,0.0,0.0,0.0,0.0,0.0,0.003,0.0,0.0,0.0,0.0,0.0,0.0,0.0
kampala_katuna,705,352.75,0.0,0.005,0.005,0.0,0.0,0.0,0.0,0.0,0.0,0.0,0.006,0.007,0.0,0.0,0.0,0.0,0.0,0.0
kampala_katuna,706,353.25,0.0,0.001,0.0,0.0,0.0,0.0,0.0,0.0,0.0,0.0,0.0,0.0,0.0,0.0,0.0,0.0,0.017,0.0
kampala_katuna,707,353.75,0.0,0.001,0.0,0.0,0.0,0.0,0.0,0.0,0.0,0.0,0.0,0.0,0.0,0.0,0.0,0.0,0.066,0.0
kampala_katuna,708,354.25,0.0,0.004,0.01,0.0,0.0,0.0,0.0,0.0,0.0,0.0,0.005,0.013,0.0,0.0,0.0,0.0,0.0,0.0
kampala_katuna,709,354.75,0.0,0.001,0.0,0.0,0.0,0.0,0.0,0.0,0.0,0.0,0.001,0.0,0.0,0.0,0.0,0.0,0.0,0.0
kampala_katuna,710,355.25,0.0,0.0,0.0,0.0,0.0,0.0,0.0,0.0,0.0,0.0,0.0,0.0,0.0,0.0,0.0,0.0,0.0,0.0
kampala_katuna,711,355.75,0.0,0.0,0.005,0.0,0.0,0.0,0.0,0.0,0.0,0.0,0.0,0.007,0.0,0.0,0.0,0.0,0.0,0.0
kampala_katuna,712,356.25,0.0,0.008,0.0,0.0,0.0,0.0,0.0,0.0,0.0,0.0,0.0,0.0,0.0,0.0,0.0,0.0,0.31,0.0
kampala_katuna,713,356.75,0.0,0.017,0.022,0.0,0.0,0.0,0.0,0.0,0.0,0.0,0.0,0.0,0.0,0.0,0.0,0.0,0.288,0.0
kampala_katuna,714,357.25,0.0,0.122,0.014,0.0,0.0,0.0,0.0,0.0,0.0,0.0,0.0,0.0,0.0,0.0,0.0,0.0,0.073,0.0
kampala_katuna,715,357.75,0.0,0.115,0.021,0.0,0.0,0.0,0.0,0.0,0.0,0.0,0.147,0.027,0.0,0.0,0.0,0.0,0.0,0.0
kampala_katuna,716,358.25,0.0,0.005,0.005,0.0,0.0,0.0,0.0,0.0,0.0,0.0,0.007,0.007,0.0,0.0,0.0,0.0,0.0,0.0
kampala_katuna,717,358.75,0.0,0.018,0.0,0.0,0.0,0.0,0.0,0.0,0.0,0.0,0.0,0.0,0.0,0.0,0.0,0.0,0.012,0.0
kampala_katuna,718,359.25,0.0,0.009,0.011,0.0,0.0,0.0,0.0,0.0,0.0,0.0,0.0,0.0,0.0,0.0,0.0,0.0,0.033,0.0
kampala_katuna,719,359.75,0.0,0.003,0.0,0.0,0.0,0.0,0.0,0.0,0.0,0.0,0.0,0.0,0.0,0.0,0.0,0.0,0.023,0.0
kampala_katuna,720,360.25,0.0,0.065,0.019,0.0,0.0,0.0,0.0,0.0,0.0,0.0,0.084,0.024,0.0,0.0,0.0,0.0,0.0,0.0
kampala_katuna,721,360.75,0.0,0.042,0.012,0.0,0.0,0.0,0.0,0.0,0.0,0.0,0.054,0.015,0.0,0.0,0.0,0.0,0.0,0.0
kampala_katuna,722,361.25,0.0,0.03,0.011,0.0,0.0,0.0,0.0,0.0,0.0,0.0,0.0,0.0,0.0,0.0,0.0,0.0,0.312,0.0
kampala_katuna,723,361.75,0.0,0.046,0.024,0.0,0.0,0.0,0.0,0.0,0.0,0.0,0.0,0.0,0.0,0.0,0.0,0.0,0.195,0.0
kampala_katuna,724,362.25,0.0,0.043,0.006,0.0,0.0,0.0,0.0,0.0,0.0,0.0,0.0,0.0,0.0,0.0,0.0,0.0,0.034,0.0
kampala_katuna,725,362.75,0.0,0.016,0.011,0.0,0.0,0.0,0.0,0.0,0.0,0.0,0.0,0.0,0.0,0.0,0.0,0.0,0.535,0.0
kampala_katuna,726,363.25,0.0,0.008,0.0,0.0,0.0,0.0,0.0,0.0,0.0,0.0,0.0,0.0,0.0,0.0,0.0,0.0,0.537,0.0
kampala_katuna,727,363.75,0.0,0.015,0.0,0.0,0.0,0.0,0.0,0.0,0.0,0.0,0.0,0.0,0.0,0.0,0.0,0.0,0.494,0.0
kampala_katuna,728,364.25,0.0,0.025,0.017,0.0,0.0,0.0,0.0,0.0,0.0,0.0,0.0,0.0,0.0,0.0,0.0,0.0,0.352,0.0
kampala_katuna,729,364.75,0.0,0.194,0.042,0.0,0.0,0.0,0.0,0.0,0.0,0.0,0.0,0.0,0.0,0.0,0.0,0.0,0.165,0.0
kampala_katuna,730,365.25,0.0,0.13,0.029,0.0,0.0,0.0,0.0,0.0,0.0,0.0,0.0,0.0,0.0,0.0,0.0,0.0,0.278,0.0
kampala_katuna,731,365.75,0.0,0.05,0.018,0.0,0.0,0.0,0.0,0.0,0.0,0.0,0.0,0.0,0.0,0.0,0.0,0.0,0.564,0.0
kampala_katuna,732,366.25,0.0,0.004,0.01,0.0,0.0,0.0,0.0,0.0,0.0,0.0,0.0,0.0,0.0,0.0,0.0,0.0,0.308,0.0
kampala_katuna,733,366.75,0.0,0.014,0.0,0.0,0.0,0.0,0.0,0.0,0.0,0.0,0.0,0.0,0.0,0.0,0.0,0.0,0.072,0.0
kampala_katuna,734,367.25,0.0,0.0,0.0,0.0,0.0,0.0,0.0,0.0,0.139,0.0,0.0,0.0,0.0,0.0,0.0,0.0,0.0,0.136
kampala_katuna,735,367.75,0.0,0.027,0.0,0.0,0.0,0.0,0.0,0.0,0.0,0.0,0.035,0.0,0.0,0.0,0.0,0.0,0.0,0.0
kampala_katuna,736,368.25,0.0,0.022,0.0,0.0,0.0,0.0,0.0,0.0,0.0,0.0,0.028,0.0,0.0,0.0,0.0,0.0,0.0,0.0
kampala_katuna,737,368.75,0.0,0.037,0.011,0.0,0.0,0.0,0.0,0.0,0.0,0.0,0.048,0.015,0.0,0.0,0.0,0.0,0.0,0.0
kampala_katuna,738,369.25,0.0,0.055,0.0,0.0,0.0,0.0,0.0,0.0,0.0,0.0,0.07,0.0,0.0,0.0,0.0,0.0,0.0,0.0
kampala_katuna,739,369.75,0.0,0.188,0.024,0.0,0.0,0.0,0.0,0.0,0.0,0.0,0.242,0.031,0.0,0.0,0.0,0.0,0.0,0.0
kampala_katuna,740,370.25,0.0,0.072,0.006,0.0,0.0,0.0,0.0,0.0,0.0,0.0,0.0,0.0,0.0,0.0,0.0,0.0,0.209,0.0
kampala_katuna,741,370.75,0.0,0.031,0.0,0.0,0.0,0.0,0.0,0.0,0.0,0.0,0.04,0.0,0.0,0.0,0.0,0.0,0.0,0.0
kampala_katuna,742,371.25,0.0,0.022,0.0,0.0,0.0,0.0,0.0,0.0,0.0,0.0,0.028,0.0,0.0,0.0,0.0,0.0,0.0,0.0
kampala_katuna,743,371.75,0.0,0.046,0.006,0.0,0.0,0.0,0.0,0.0,0.0,0.0,0.059,0.007,0.0,0.0,0.0,0.0,0.0,0.0
kampala_katuna,744,372.25,0.0,0.034,0.006,0.0,0.0,0.0,0.0,0.0,0.0,0.0,0.022,0.007,0.0,0.0,0.0,0.0,0.0,0.0
kampala_katuna,745,372.75,0.0,0.025,0.005,0.0,0.0,0.0,0.0,0.0,0.0,0.0,0.0,0.0,0.0,0.0,0.0,0.0,0.367,0.0
kampala_katuna,746,373.25,0.0,0.0,0.0,0.0,0.0,0.0,0.0,0.0,0.129,0.0,0.0,0.0,0.0,0.0,0.0,0.0,0.0,0.061
kampala_katuna,747,373.75,0.0,0.056,0.006,0.0,0.0,0.0,0.0,0.0,0.0,0.0,0.072,0.008,0.0,0.0,0.0,0.0,0.0,0.0
kampala_katuna,748,374.25,0.0,0.05,0.006,0.0,0.0,0.0,0.0,0.0,0.0,0.0,0.052,0.007,0.0,0.0,0.0,0.0,0.0,0.0
kampala_katuna,749,374.75,0.0,0.072,0.012,0.0,0.0,0.0,0.0,0.0,0.0,0.0,0.093,0.016,0.0,0.0,0.0,0.0,0.0,0.0
kampala_katuna,750,375.25,0.0,0.053,0.0,0.0,0.0,0.0,0.0,0.0,0.0,0.0,0.0,0.0,0.0,0.0,0.0,0.0,0.425,0.0
kampala_katuna,751,375.75,0.0,0.128,0.0,0.0,0.0,0.0,0.0,0.0,0.0,0.0,0.165,0.0,0.0,0.0,0.0,0.0,0.0,0.0
kampala_katuna,752,376.25,0.0,0.159,0.007,0.0,0.0,0.0,0.0,0.0,0.0,0.0,0.053,0.01,0.0,0.0,0.0,0.0,0.0,0.0
kampala_katuna,753,376.75,0.0,0.082,0.006,0.0,0.0,0.0,0.0,0.0,0.0,0.0,0.0,0.0,0.0,0.0,0.0,0.0,0.059,0.0
kampala_katuna,754,377.25,0.0,0.019,0.011,0.0,0.0,0.0,0.0,0.0,0.0,0.0,0.024,0.014,0.0,0.0,0.0,0.0,0.0,0.0
kampala_katuna,755,377.75,0.0,0.02,0.005,0.0,0.0,0.0,0.0,0.0,0.0,0.0,0.0,0.0,0.0,0.0,0.0,0.0,0.186,0.0
kampala_katuna,756,378.25,0.0,0.021,0.005,0.0,0.0,0.0,0.0,0.0,0.0,0.0,0.0,0.0,0.0,0.0,0.0,0.0,0.507,0.0
kampala_katuna,757,378.75,0.0,0.008,0.0,0.0,0.0,0.0,0.0,0.0,0.0,0.0,0.01,0.0,0.0,0.0,0.0,0.0,0.0,0.0
kampala_katuna,758,379.25,0.0,0.034,0.011,0.0,0.0,0.0,0.0,0.0,0.0,0.0,0.044,0.015,0.0,0.0,0.0,0.0,0.0,0.0
kampala_katuna,759,379.75,0.0,0.089,0.013,0.0,0.0,0.0,0.0,0.0,0.0,0.0,0.115,0.017,0.0,0.0,0.0,0.0,0.0,0.0
kampala_katuna,760,380.25,0.0,0.009,0.0,0.0,0.0,0.0,0.0,0.0,0.0,0.0,0.012,0.0,0.0,0.0,0.0,0.0,0.0,0.0
kampala_katuna,761,380.75,0.0,0.003,0.0,0.0,0.0,0.0,0.0,0.0,0.0,0.0,0.004,0.0,0.0,0.0,0.0,0.0,0.0,0.0
kampala_katuna,762,381.25,0.0,0.058,0.012,0.0,0.0,0.0,0.0,0.0,0.0,0.0,0.074,0.015,0.0,0.0,0.0,0.0,0.0,0.0
kampala_katuna,763,381.75,0.0,0.045,0.006,0.0,0.0,0.0,0.0,0.0,0.0,0.0,0.057,0.007,0.0,0.0,0.0,0.0,0.0,0.0
kampala_katuna,764,382.25,0.0,0.043,0.0,0.267,0.0,0.0,0.0,0.0,0.0,0.0,0.055,0.0,0.267,0.0,0.0,0.0,0.0,0.0
kampala_katuna,765,382.75,0.0,0.038,0.0,0.267,0.0,0.0,0.0,0.0,0.0,0.0,0.048,0.0,0.267,0.0,0.0,0.0,0.0,0.0
kampala_katuna,766,383.25,0.0,0.051,0.018,0.0,0.0,0.0,0.0,0.0,0.0,0.0,0.059,0.023,0.0,0.0,0.0,0.0,0.0,0.0
kampala_katuna,767,383.75,0.0,0.0,0.0,0.267,0.0,0.0,0.0,0.0,0.108,0.0,0.0,0.0,0.267,0.0,0.0,0.0,0.055,0.0
kampala_katuna,768,384.25,0.0,0.033,0.0,0.133,0.0,0.0,0.0,0.0,0.0,0.0,0.042,0.0,0.133,0.0,0.0,0.0,0.0,0.0
kampala_katuna,769,384.75,0.0,0.046,0.0,0.0,0.0,0.0,0.0,0.0,0.0,0.0,0.059,0.0,0.0,0.0,0.0,0.0,0.0,0.0
kampala_katuna,770,385.25,0.0,0.037,0.011,0.0,0.0,0.0,0.0,0.0,0.0,0.0,0.0,0.0,0.0,0.0,0.0,0.0,0.211,0.0
kampala_katuna,771,385.75,0.0,0.049,0.006,0.0,0.0,0.0,0.0,0.0,0.0,0.0,0.063,0.007,0.0,0.0,0.0,0.0,0.0,0.0
kampala_katuna,772,386.25,0.0,0.073,0.006,0.267,0.0,0.0,0.0,0.0,0.0,0.0,0.054,0.008,0.267,0.0,0.0,0.0,0.0,0.0
kampala_katuna,773,386.75,0.0,0.0,0.0,0.0,0.0,0.0,0.0,0.0,0.144,0.0,0.0,0.0,0.0,0.0,0.0,0.0,0.176,0.0
kampala_katuna,774,387.25,0.0,0.011,0.005,0.0,0.0,0.0,0.0,0.0,0.0,0.0,0.0,0.0,0.0,0.0,0.0,0.0,0.206,0.0
kampala_katuna,775,387.75,0.0,0.0,0.0,0.0,0.0,0.0,0.0,0.0,0.149,0.0,0.0,0.0,0.0,0.0,0.0,0.0,0.178,0.0
kampala_katuna,776,388.25,0.0,0.017,0.0,0.0,0.0,0.0,0.0,0.0,0.0,0.0,0.0,0.0,0.0,0.0,0.0,0.0,0.53,0.0
kampala_katuna,777,388.75,0.0,0.0,0.0,0.0,0.0,0.0,0.0,0.0,0.196,0.0,0.0,0.0,0.0,0.0,0.0,0.0,0.365,0.0
kampala_katuna,778,389.25,0.0,0.014,0.016,0.0,0.0,0.0,0.0,0.0,0.0,0.0,0.0,0.0,0.0,0.0,0.0,0.0,0.344,0.0
kampala_katuna,779,389.75,0.0,0.0,0.0,0.0,0.0,0.0,0.0,0.0,0.154,0.0,0.0,0.0,0.0,0.0,0.0,0.0,0.045,0.0
kampala_katuna,780,390.25,0.0,0.0,0.0,0.0,0.0,0.0,0.0,0.0,0.167,0.0,0.0,0.0,0.0,0.0,0.0,0.0,0.485,0.0
kampala_katuna,781,390.75,0.0,0.0,0.0,0.0,0.0,0.0,0.0,0.0,0.0,0.0,0.0,0.0,0.0,0.0,0.0,0.0,0.359,0.0
kampala_katuna,782,391.25,0.0,0.009,0.0,0.0,0.0,0.0,0.0,0.0,0.0,0.0,0.0,0.0,0.0,0.0,0.0,0.0,0.371,0.0
kampala_katuna,783,391.75,0.0,0.009,0.005,0.0,0.0,0.0,0.0,0.0,0.0,0.0,0.0,0.0,0.0,0.0,0.0,0.0,0.104,0.0
kampala_katuna,784,392.25,0.0,0.0,0.0,0.0,0.0,0.0,0.0,0.0,0.167,0.0,0.0,0.0,0.0,0.0,0.0,0.0,0.0,0.171
kampala_katuna,785,392.75,0.0,0.0,0.0,0.0,0.0,0.0,0.0,0.0,0.141,0.0,0.0,0.0,0.0,0.0,0.0,0.0,0.0,0.138
kampala_katuna,786,393.25,0.0,0.01,0.0,0.0,0.0,0.0,0.0,0.0,0.0,0.0,0.013,0.0,0.0,0.0,0.0,0.0,0.0,0.0
kampala_katuna,787,393.75,0.0,0.013,0.0,0.0,0.0,0.0,0.0,0.0,0.0,0.0,0.016,0.0,0.0,0.0,0.0,0.0,0.0,0.0
kampala_katuna,788,394.25,0.0,0.0,0.0,0.0,0.0,0.0,0.0,0.0,0.163,0.0,0.0,0.0,0.0,0.0,0.0,0.0,0.0,0.167
kampala_katuna,789,394.75,0.0,0.0,0.0,0.0,0.0,0.0,0.0,0.0,0.156,0.0,0.0,0.0,0.0,0.0,0.0,0.0,0.0,0.158
kampala_katuna,790,395.25,0.0,0.001,0.0,0.0,0.0,0.0,0.0,0.0,0.0,0.0,0.001,0.0,0.0,0.0,0.0,0.0,0.0,0.0
kampala_katuna,791,395.75,0.0,0.0,0.0,0.0,0.0,0.0,0.0,0.0,0.161,0.0,0.0,0.0,0.0,0.0,0.0,0.0,0.0,0.164
kampala_katuna,792,396.25,0.0,0.0,0.0,0.0,0.0,0.0,0.0,0.0,0.14,0.0,0.0,0.0,0.0,0.0,0.0,0.0,0.0,0.137
kampala_katuna,793,396.75,0.0,0.033,0.006,0.0,0.0,0.0,0.0,0.0,0.0,0.0,0.042,0.007,0.0,0.0,0.0,0.0,0.0,0.0
kampala_katuna,794,397.25,0.0,0.068,0.0,0.133,0.0,0.0,0.0,0.0,0.0,0.0,0.087,0.0,0.133,0.0,0.0,0.0,0.0,0.0
kampala_katuna,795,397.75,0.0,0.0,0.0,0.267,0.0,0.0,0.0,0.0,0.105,0.0,0.0,0.0,0.267,0.0,0.0,0.0,0.0,0.092
kampala_katuna,796,398.25,0.0,0.041,0.0,0.0,0.0,0.0,0.0,0.0,0.0,0.0,0.0,0.0,0.0,0.0,0.0,0.0,0.02,0.0
kampala_katuna,797,398.75,0.0,0.097,0.02,0.0,0.0,0.0,0.0,0.0,0.0,0.0,0.124,0.026,0.0,0.0,0.0,0.0,0.0,0.0
kampala_katuna,798,399.25,0.0,0.145,0.022,0.133,0.0,0.0,0.0,0.0,0.0,0.0,0.187,0.029,0.133,0.0,0.0,0.0,0.0,0.0
kampala_katuna,799,399.75,0.0,0.176,0.016,0.0,0.0,0.0,0.0,0.0,0.0,0.0,0.226,0.02,0.0,0.0,0.0,0.0,0.0,0.0
kampala_katuna,800,400.25,0.0,0.0,0.0,0.0,0.0,0.0,0.0,0.0,0.074,0.0,0.0,0.0,0.0,0.0,0.0,0.0,0.0,0.052
kampala_katuna,801,400.75,0.167,0.0,0.0,0.0,0.133,0.0,0.0,0.0,0.0,0.0,0.0,0.0,0.0,0.2,0.0,0.0,0.057,0.0
kampala_katuna,802,401.25,0.116,0.0,0.0,0.0,0.133,0.0,0.0,0.0,0.0,0.0,0.022,0.022,0.0,0.2,0.0,0.0,0.0,0.0
kampala_katuna,803,401.75,0.071,0.0,0.0,0.0,0.133,0.0,0.0,0.0,0.0,0.0,0.081,0.061,0.0,0.2,0.0,0.0,0.0,0.0
kampala_katuna,804,402.25,0.1,0.0,0.0,0.0,0.133,0.0,0.0,0.0,0.0,0.0,0.027,0.027,0.0,0.2,0.0,0.0,0.0,0.0
kampala_katuna,805,402.75,0.07,0.0,0.0,0.0,0.133,0.0,0.0,0.0,0.0,0.0,0.082,0.041,0.0,0.2,0.0,0.0,0.0,0.0
kampala_katuna,806,403.25,0.046,0.0,0.0,0.0,0.133,0.0,0.0,0.0,0.0,0.0,0.113,0.053,0.0,0.2,0.0,0.0,0.0,0.0
kampala_katuna,807,403.75,0.0,0.185,0.016,0.0,0.0,0.0,0.0,0.0,0.0,0.0,0.238,0.02,0.0,0.0,0.0,0.0,0.0,0.0
kampala_katuna,808,404.25,0.0,0.108,0.028,0.0,0.0,0.0,0.0,0.0,0.0,0.0,0.139,0.036,0.0,0.0,0.0,0.0,0.0,0.0
kampala_katuna,809,404.75,0.0,0.16,0.023,0.0,0.0,0.0,0.0,0.0,0.0,0.0,0.205,0.029,0.0,0.0,0.0,0.0,0.0,0.0
kampala_katuna,810,405.25,0.0,0.146,0.007,0.0,0.0,0.0,0.0,0.0,0.0,0.0,0.187,0.009,0.0,0.0,0.0,0.0,0.0,0.0
kampala_katuna,811,405.75,0.0,0.174,0.024,0.0,0.0,0.0,0.0,0.0,0.0,0.0,0.224,0.03,0.0,0.0,0.0,0.0,0.0,0.0
kampala_katuna,812,406.25,0.0,0.061,0.012,0.167,0.0,0.0,0.0,0.0,0.0,0.0,0.078,0.016,0.167,0.0,0.0,0.0,0.0,0.0
kampala_katuna,813,406.75,0.0,0.043,0.0,0.0,0.0,0.0,0.0,0.0,0.0,0.0,0.055,0.0,0.0,0.0,0.0,0.0,0.0,0.0
kampala_katuna,814,407.25,0.0,0.056,0.018,0.0,0.0,0.0,0.0,0.0,0.0,0.0,0.072,0.023,0.0,0.0,0.0,0.0,0.0,0.0
kampala_katuna,815,407.75,0.0,0.019,0.005,0.0,0.0,0.0,0.0,0.0,0.0,0.0,0.025,0.007,0.0,0.0,0.0,0.0,0.0,0.0
kampala_katuna,816,408.25,0.0,0.035,0.006,0.0,0.0,0.0,0.0,0.0,0.0,0.0,0.037,0.007,0.0,0.0,0.0,0.0,0.0,0.0
kampala_katuna,817,408.75,0.0,0.015,0.0,0.0,0.0,0.0,0.0,0.0,0.0,0.0,0.019,0.0,0.0,0.0,0.0,0.0,0.0,0.0
kampala_katuna,818,409.25,0.0,0.0,0.0,0.0,0.0,0.0,0.0,0.0,0.156,0.0,0.0,0.0,0.0,0.0,0.0,0.0,0.0,0.157
kampala_katuna,819,409.75,0.0,0.013,0.0,0.0,0.0,0.0,0.0,0.0,0.0,0.0,0.011,0.0,0.0,0.0,0.0,0.0,0.0,0.0
kampala_katuna,820,410.25,0.0,0.054,0.0,0.0,0.0,0.0,0.0,0.0,0.0,0.0,0.0,0.0,0.0,0.0,0.0,0.0,0.176,0.0
kampala_katuna,821,410.75,0.0,0.121,0.007,0.0,0.0,0.0,0.0,0.0,0.0,0.0,0.0,0.0,0.0,0.0,0.0,0.0,0.003,0.0
kampala_katuna,822,411.25,0.0,0.07,0.0,0.0,0.0,0.0,0.0,0.0,0.0,0.0,0.09,0.0,0.0,0.0,0.0,0.0,0.0,0.0
kampala_katuna,823,411.75,0.0,0.05,0.0,0.0,0.0,0.0,0.0,0.0,0.0,0.0,0.064,0.0,0.0,0.0,0.0,0.0,0.0,0.0
kampala_katuna,824,412.25,0.0,0.013,0.005,0.0,0.0,0.0,0.0,0.0,0.0,0.0,0.0,0.0,0.0,0.0,0.0,0.0,0.033,0.0
kampala_katuna,825,412.75,0.0,0.026,0.0,0.0,0.0,0.0,0.0,0.0,0.0,0.0,0.033,0.0,0.0,0.0,0.0,0.0,0.0,0.0
kampala_katuna,826,413.25,0.0,0.013,0.0,0.0,0.0,0.0,0.0,0.0,0.0,0.0,0.017,0.0,0.0,0.0,0.0,0.0,0.0,0.0
kampala_katuna,827,413.75,0.0,0.011,0.005,0.0,0.0,0.0,0.0,0.0,0.0,0.0,0.014,0.007,0.0,0.0,0.0,0.0,0.0,0.0
kampala_katuna,828,414.25,0.0,0.019,0.005,0.0,0.0,0.0,0.0,0.0,0.0,0.0,0.024,0.007,0.0,0.0,0.0,0.0,0.0,0.0
kampala_katuna,829,414.75,0.0,0.012,0.0,0.0,0.0,0.0,0.0,0.0,0.0,0.0,0.016,0.0,0.0,0.0,0.0,0.0,0.0,0.0
kampala_katuna,830,415.25,0.0,0.025,0.0,0.0,0.0,0.0,0.0,0.0,0.0,0.0,0.032,0.0,0.0,0.0,0.0,0.0,0.0,0.0
kampala_katuna,831,415.75,0.0,0.013,0.0,0.0,0.0,0.0,0.0,0.0,0.0,0.0,0.016,0.0,0.0,0.0,0.0,0.0,0.0,0.0
kampala_katuna,832,416.25,0.0,0.006,0.005,0.0,0.0,0.0,0.0,0.0,0.0,0.0,0.008,0.007,0.0,0.0,0.0,0.0,0.0,0.0
kampala_katuna,833,416.75,0.0,0.014,0.005,0.0,0.0,0.0,0.0,0.0,0.0,0.0,0.017,0.007,0.0,0.0,0.0,0.0,0.0,0.0
kampala_katuna,834,417.25,0.0,0.009,0.011,0.0,0.0,0.0,0.0,0.0,0.0,0.0,0.012,0.014,0.0,0.0,0.0,0.0,0.0,0.0
kampala_katuna,835,417.75,0.0,0.001,0.0,0.0,0.0,0.0,0.0,0.0,0.0,0.0,0.001,0.0,0.0,0.0,0.0,0.0,0.0,0.0
kampala_katuna,836,418.25,0.0,0.0,0.0,0.0,0.0,0.0,0.0,0.0,0.0,0.0,0.001,0.0,0.0,0.0,0.0,0.0,0.0,0.0
kampala_katuna,837,418.75,0.0,0.002,0.0,0.0,0.0,0.0,0.0,0.0,0.0,0.0,0.002,0.0,0.0,0.0,0.0,0.0,0.0,0.0
kampala_katuna,838,419.25,0.0,0.0,0.0,0.0,0.0,0.0,0.0,0.0,0.104,0.0,0.0,0.0,0.0,0.0,0.0,0.0,0.0,0.091
kampala_katuna,839,419.75,0.0,0.019,0.011,0.0,0.0,0.0,0.0,0.0,0.0,0.0,0.006,0.006,0.0,0.0,0.0,0.0,0.0,0.0
kampala_katuna,840,420.25,0.0,0.006,0.005,0.0,0.0,0.0,0.0,0.0,0.0,0.0,0.008,0.007,0.0,0.0,0.0,0.0,0.0,0.0
kampala_katuna,841,420.75,0.0,0.026,0.005,0.0,0.0,0.0,0.0,0.0,0.0,0.0,0.0,0.0,0.0,0.0,0.0,0.0,0.013,0.0
kampala_katuna,842,421.25,0.0,0.04,0.006,0.0,0.0,0.0,0.0,0.0,0.0,0.0,0.052,0.007,0.0,0.0,0.0,0.0,0.0,0.0
kampala_katuna,843,421.75,0.0,0.029,0.011,0.0,0.0,0.0,0.0,0.0,0.0,0.0,0.037,0.014,0.0,0.0,0.0,0.0,0.0,0.0
kampala_katuna,844,422.25,0.0,0.032,0.006,0.0,0.0,0.0,0.0,0.0,0.0,0.0,0.041,0.007,0.0,0.0,0.0,0.0,0.0,0.0
kampala_katuna,845,422.75,0.0,0.083,0.006,0.0,0.0,0.0,0.0,0.0,0.0,0.0,0.107,0.008,0.0,0.0,0.0,0.0,0.0,0.0
kampala_katuna,846,423.25,0.0,0.165,0.0,0.0,0.0,0.0,0.0,0.0,0.0,0.0,0.212,0.0,0.0,0.0,0.0,0.0,0.0,0.0
kampala_katuna,847,423.75,0.0,0.0,0.0,0.0,0.0,0.0,0.0,0.0,0.014,0.0,0.025,0.0,0.0,0.0,0.0,0.0,0.0,0.0
kampala_katuna,848,424.25,0.0,0.0,0.0,0.0,0.0,0.0,0.0,0.0,0.025,0.0,0.011,0.009,0.0,0.0,0.0,0.0,0.0,0.0
kampala_katuna,849,424.75,0.0,0.0,0.0,0.0,0.0,0.0,0.0,0.0,0.119,0.0,0.0,0.0,0.0,0.0,0.0,0.0,0.0,0.11
kampala_katuna,850,425.25,0.0,0.044,0.012,0.0,0.0,0.0,0.0,0.0,0.0,0.0,0.057,0.015,0.0,0.0,0.0,0.0,0.0,0.0
kampala_katuna,851,425.6525266379382,0.0,0.0,0.0,0.0,0.0,0.0,0.0,0.0,0.102,0.0,0.0,0.0,0.0,0.0,0.0,0.0,0.0,0.088
kampala_malaba,0,0.25,0.167,0.0,0.0,2.5,0.133,0.0,0.0,0.0,0.0,0.0,0.018,0.018,2.5,0.2,0.0,0.0,0.0,0.0
kampala_malaba,1,0.75,0.1,0.0,0.0,0.0,0.133,0.167,0.0,0.0,0.0,0.0,0.0,0.0,0.0,0.2,1.0,0.0,0.0,0.0
kampala_malaba,2,1.25,0.185,0.0,0.0,0.167,0.133,0.0,0.0,0.0,0.0,0.007,0.0,0.0,0.167,0.2,0.0,0.0,0.0,0.0
kampala_malaba,3,1.75,0.118,0.0,0.0,0.0,0.133,0.0,0.0,0.0,0.0,0.0,0.089,0.083,0.0,0.2,0.0,0.0,0.0,0.0
kampala_malaba,4,2.25,0.211,0.0,0.0,1.667,0.133,0.0,0.0,0.0,0.0,0.044,0.0,0.0,1.667,0.2,0.0,0.0,0.0,0.0
kampala_malaba,5,2.75,0.16,0.0,0.0,3.083,0.133,0.0,0.0,0.0,0.0,0.0,0.0,0.0,3.083,0.2,0.0,0.0,0.096,0.0
kampala_malaba,6,3.25,0.017,0.0,0.0,0.0,0.133,0.167,0.0,0.0,0.0,0.0,0.11,0.09,0.0,0.2,1.0,0.0,0.0,0.0
kampala_malaba,7,3.75,0.187,0.0,0.0,1.0,0.133,0.0,0.0,0.0,0.0,0.068,0.0,0.0,1.0,0.2,0.0,0.0,0.0,0.0
kampala_malaba,8,4.25,0.158,0.0,0.0,0.0,0.133,0.0,0.0,0.0,0.0,0.031,0.0,0.0,0.0,0.2,0.0,0.0,0.0,0.0
kampala_malaba,9,4.75,0.183,0.0,0.0,0.0,0.133,0.0,0.0,0.0,0.0,0.064,0.0,0.0,0.0,0.2,0.0,0.0,0.0,0.0
kampala_malaba,10,5.25,0.159,0.0,0.0,0.0,0.133,0.0,0.0,0.0,0.0,0.033,0.0,0.0,0.0,0.2,0.0,0.0,0.0,0.0
kampala_malaba,11,5.75,0.0,0.003,0.003,0.0,0.133,0.0,0.0,0.0,0.0,0.0,0.176,0.116,0.0,0.2,0.0,0.0,0.0,0.0
kampala_malaba,12,6.25,0.0,0.003,0.003,0.0,0.133,0.0,0.0,0.0,0.0,0.0,0.176,0.116,0.0,0.2,0.0,0.0,0.0,0.0
kampala_malaba,13,6.75,0.036,0.0,0.0,0.0,0.133,0.0,0.0,0.0,0.0,0.0,0.125,0.065,0.0,0.2,0.0,0.0,0.0,0.0
kampala_malaba,14,7.25,0.046,0.0,0.0,0.0,0.133,0.0,0.0,0.0,0.0,0.0,0.113,0.053,0.0,0.2,0.0,0.0,0.0,0.0
kampala_malaba,15,7.75,0.046,0.0,0.0,0.0,0.133,0.167,0.0,0.0,0.0,0.0,0.113,0.053,0.0,0.2,1.0,0.0,0.0,0.0
kampala_malaba,16,8.25,0.036,0.0,0.0,0.0,0.133,0.0,0.0,0.0,0.0,0.0,0.125,0.065,0.0,0.2,0.0,0.0,0.0,0.0
kampala_malaba,17,8.75,0.0,0.003,0.003,0.0,0.133,0.0,0.0,0.0,0.0,0.0,0.09,0.09,0.0,0.2,0.0,0.0,0.0,0.0
kampala_malaba,18,9.25,0.007,0.0,0.0,0.0,0.133,0.0,0.0,0.0,0.0,0.0,0.162,0.103,0.0,0.2,0.0,0.0,0.0,0.0
kampala_malaba,19,9.75,0.017,0.0,0.0,0.0,0.133,0.0,0.0,0.0,0.0,0.0,0.149,0.09,0.0,0.2,0.0,0.0,0.0,0.0
kampala_malaba,20,10.25,0.007,0.0,0.0,0.0,0.133,0.0,0.0,0.0,0.0,0.0,0.162,0.103,0.0,0.2,0.0,0.0,0.0,0.0
kampala_malaba,21,10.75,0.0,0.194,0.042,0.0,0.0,0.0,0.0,0.0,0.0,0.0,0.249,0.053,0.0,0.0,0.0,0.0,0.0,0.0
kampala_malaba,22,11.25,0.0,0.152,0.03,0.0,0.0,0.0,0.0,0.0,0.0,0.0,0.195,0.039,0.0,0.0,0.0,0.0,0.0,0.0
kampala_malaba,23,11.75,0.0,0.006,0.01,0.0,0.0,0.0,0.0,0.0,0.0,0.0,0.008,0.013,0.0,0.0,0.0,0.0,0.0,0.0
kampala_malaba,24,12.25,0.213,0.0,0.0,0.0,0.133,0.0,0.0,0.0,0.0,0.0,0.0,0.0,0.0,0.2,0.0,0.0,0.111,0.0
kampala_malaba,25,12.75,0.179,0.0,0.0,0.0,0.133,0.0,0.0,0.0,0.0,0.059,0.0,0.0,0.0,0.2,0.0,0.0,0.0,0.0
kampala_malaba,26,13.25,0.0,0.035,0.011,0.0,0.0,0.0,0.0,0.0,0.0,0.0,0.045,0.015,0.0,0.0,0.0,0.0,0.0,0.0
kampala_malaba,27,13.75,0.145,0.0,0.0,0.0,0.133,0.0,0.0,0.0,0.0,0.015,0.0,0.0,0.0,0.2,0.0,0.0,0.0,0.0
kampala_malaba,28,14.25,0.0,0.069,0.012,0.0,0.0,0.0,0.0,0.0,0.0,0.0,0.088,0.016,0.0,0.0,0.0,0.0,0.0,0.0
kampala_malaba,29,14.75,0.075,0.0,0.0,0.0,0.133,0.0,0.0,0.0,0.0,0.0,0.0,0.0,0.0,0.2,0.0,0.0,0.162,0.0
kampala_malaba,30,15.25,0.101,0.0,0.0,0.0,0.133,0.0,0.0,0.0,0.0,0.0,0.113,0.053,0.0,0.2,0.0,0.0,0.0,0.0
kampala_malaba,31,15.75,0.054,0.0,0.0,0.0,0.133,0.0,0.0,0.0,0.0,0.0,0.101,0.042,0.0,0.2,0.0,0.0,0.0,0.0
kampala_malaba,32,16.25,0.0,0.05,0.018,0.0,0.0,0.0,0.0,0.0,0.0,0.0,0.064,0.023,0.0,0.0,0.0,0.0,0.0,0.0
kampala_malaba,33,16.75,0.054,0.0,0.0,0.0,0.133,0.0,0.0,0.0,0.0,0.0,0.101,0.042,0.0,0.2,0.0,0.0,0.0,0.0
kampala_malaba,34,17.25,0.0,0.064,0.012,0.0,0.0,0.0,0.0,0.0,0.0,0.0,0.036,0.016,0.0,0.0,0.0,0.0,0.0,0.0
kampala_malaba,35,17.75,0.0,0.16,0.031,0.0,0.0,0.0,0.0,0.0,0.0,0.0,0.045,0.04,0.0,0.0,0.0,0.0,0.0,0.0
kampala_malaba,36,18.25,0.036,0.0,0.0,0.0,0.133,0.0,0.0,0.0,0.0,0.0,0.125,0.065,0.0,0.2,0.0,0.0,0.0,0.0
kampala_malaba,37,18.75,0.057,0.0,0.0,0.0,0.133,0.0,0.0,0.0,0.0,0.0,0.001,0.001,0.0,0.2,0.0,0.0,0.0,0.0
kampala_malaba,38,19.25,0.054,0.0,0.0,0.0,0.133,0.167,0.0,0.0,0.0,0.0,0.101,0.042,0.0,0.2,1.0,0.0,0.0,0.0
kampala_malaba,39,19.75,0.036,0.0,0.0,0.0,0.133,0.0,0.0,0.0,0.0,0.0,0.125,0.065,0.0,0.2,0.0,0.0,0.0,0.0
kampala_malaba,40,20.25,0.093,0.0,0.0,0.0,0.133,0.0,0.0,0.0,0.0,0.0,0.125,0.065,0.0,0.2,0.0,0.0,0.0,0.0
kampala_malaba,41,20.75,0.007,0.0,0.0,0.0,0.133,0.0,0.0,0.0,0.0,0.0,0.162,0.103,0.0,0.2,0.0,0.0,0.0,0.0
kampala_malaba,42,21.25,0.063,0.0,0.0,0.0,0.133,0.0,0.0,0.0,0.0,0.0,0.09,0.031,0.0,0.2,0.0,0.0,0.0,0.0
kampala_malaba,43,21.75,0.007,0.0,0.0,0.0,0.133,0.0,0.0,0.0,0.0,0.0,0.162,0.103,0.0,0.2,0.0,0.0,0.0,0.0
kampala_malaba,44,22.25,0.0,0.191,0.033,0.0,0.0,0.0,0.0,0.0,0.0,0.0,0.245,0.042,0.0,0.0,0.0,0.0,0.0,0.0
kampala_malaba,45,22.75,0.0,0.194,0.042,0.0,0.0,0.0,0.0,0.0,0.0,0.0,0.249,0.053,0.0,0.0,0.0,0.0,0.0,0.0
kampala_malaba,46,23.25,0.054,0.0,0.0,0.0,0.133,0.0,0.0,0.0,0.0,0.0,0.101,0.042,0.0,0.2,0.0,0.0,0.0,0.0
kampala_malaba,47,23.75,0.0,0.034,0.006,0.0,0.0,0.0,0.0,0.0,0.0,0.0,0.044,0.007,0.0,0.0,0.0,0.0,0.0,0.0
kampala_malaba,48,24.25,0.208,0.0,0.0,0.0,0.133,0.167,0.0,0.0,0.0,0.096,0.0,0.0,0.0,0.2,1.0,0.0,0.0,0.0
kampala_malaba,49,24.75,0.0,0.013,0.016,0.0,0.0,0.0,0.0,0.0,0.0,0.0,0.016,0.021,0.0,0.0,0.0,0.0,0.0,0.0
kampala_malaba,50,25.25,0.0,0.014,0.016,0.0,0.0,0.0,0.0,0.0,0.0,0.0,0.019,0.021,0.0,0.0,0.0,0.0,0.0,0.0
kampala_malaba,51,25.75,0.0,0.0,0.01,0.0,0.0,0.0,0.0,0.0,0.0,0.0,0.001,0.013,0.0,0.0,0.0,0.0,0.0,0.0
kampala_malaba,52,26.25,0.0,0.002,0.016,0.0,0.0,0.0,0.0,0.0,0.0,0.0,0.003,0.02,0.0,0.0,0.0,0.0,0.0,0.0
kampala_malaba,53,26.75,0.0,0.01,0.028,0.0,0.0,0.0,0.0,0.0,0.0,0.0,0.013,0.036,0.0,0.0,0.0,0.0,0.0,0.0
kampala_malaba,54,27.25,0.0,0.057,0.012,0.0,0.0,0.0,0.0,0.0,0.0,0.0,0.073,0.015,0.0,0.0,0.0,0.0,0.0,0.0
kampala_malaba,55,27.75,0.063,0.0,0.0,0.0,0.133,0.0,0.0,0.0,0.0,0.0,0.09,0.031,0.0,0.2,0.0,0.0,0.0,0.0
kampala_malaba,56,28.25,0.036,0.0,0.0,0.0,0.133,0.0,0.0,0.0,0.0,0.0,0.125,0.065,0.0,0.2,0.0,0.0,0.0,0.0
kampala_malaba,57,28.75,0.017,0.0,0.0,0.0,0.133,0.167,0.0,0.0,0.0,0.0,0.149,0.09,0.0,0.2,1.0,0.0,0.0,0.0
kampala_malaba,58,29.25,0.0,0.047,0.037,0.0,0.0,0.0,0.0,0.0,0.0,0.0,0.06,0.048,0.0,0.0,0.0,0.0,0.0,0.0
kampala_malaba,59,29.75,0.0,0.018,0.022,0.0,0.0,0.0,0.0,0.0,0.0,0.0,0.023,0.029,0.0,0.0,0.0,0.0,0.0,0.0
kampala_malaba,60,30.25,0.0,0.049,0.018,0.0,0.0,0.0,0.0,0.0,0.0,0.0,0.063,0.023,0.0,0.0,0.0,0.0,0.0,0.0
kampala_malaba,61,30.75,0.0,0.191,0.033,0.0,0.0,0.0,0.0,0.0,0.0,0.0,0.199,0.042,0.0,0.0,0.0,0.0,0.0,0.0
kampala_malaba,62,31.25,0.046,0.0,0.0,0.0,0.133,0.0,0.0,0.0,0.0,0.0,0.113,0.053,0.0,0.2,0.0,0.0,0.0,0.0
kampala_malaba,63,31.75,0.0,0.188,0.024,0.0,0.0,0.0,0.0,0.0,0.0,0.0,0.242,0.031,0.0,0.0,0.0,0.0,0.0,0.0
kampala_malaba,64,32.25,0.046,0.0,0.0,0.0,0.133,0.0,0.0,0.0,0.0,0.0,0.113,0.053,0.0,0.2,0.0,0.0,0.0,0.0
kampala_malaba,65,32.75,0.0,0.098,0.027,0.0,0.0,0.0,0.0,0.0,0.0,0.0,0.125,0.035,0.0,0.0,0.0,0.0,0.0,0.0
kampala_malaba,66,33.25,0.0,0.031,0.006,0.0,0.0,0.0,0.0,0.0,0.0,0.0,0.0,0.0,0.0,0.0,0.0,0.0,0.036,0.0
kampala_malaba,67,33.75,0.0,0.094,0.02,0.0,0.0,0.0,0.0,0.0,0.0,0.0,0.0,0.0,0.0,0.0,0.0,0.0,0.132,0.0
kampala_malaba,68,34.25,0.0,0.188,0.024,0.0,0.0,0.0,0.0,0.0,0.0,0.0,0.0,0.0,0.0,0.0,0.0,0.0,0.001,0.0
kampala_malaba,69,34.75,0.0,0.191,0.033,0.0,0.0,0.0,0.0,0.0,0.0,0.0,0.245,0.042,0.0,0.0,0.0,0.0,0.0,0.0
kampala_malaba,70,35.25,0.0,0.114,0.014,0.0,0.0,0.0,0.0,0.0,0.0,0.0,0.147,0.018,0.0,0.0,0.0,0.0,0.0,0.0
kampala_malaba,71,35.75,0.0,0.188,0.024,0.0,0.0,0.0,0.0,0.0,0.0,0.0,0.242,0.031,0.0,0.0,0.0,0.0,0.0,0.0
kampala_malaba,72,36.25,0.0,0.194,0.042,0.0,0.0,0.0,0.0,0.0,0.0,0.0,0.249,0.053,0.0,0.0,0.0,0.0,0.0,0.0
kampala_malaba,73,36.75,0.0,0.077,0.006,0.0,0.0,0.0,0.0,0.0,0.0,0.0,0.0,0.0,0.0,0.0,0.0,0.0,0.002,0.0
kampala_malaba,74,37.25,0.0,0.104,0.007,0.0,0.0,0.0,0.0,0.0,0.0,0.0,0.134,0.009,0.0,0.0,0.0,0.0,0.0,0.0
kampala_malaba,75,37.75,0.0,0.185,0.016,0.0,0.0,0.0,0.0,0.0,0.0,0.0,0.238,0.02,0.0,0.0,0.0,0.0,0.0,0.0
kampala_malaba,76,38.25,0.0,0.047,0.0,0.0,0.0,0.0,0.0,0.0,0.0,0.0,0.0,0.0,0.0,0.0,0.0,0.0,0.195,0.0
kampala_malaba,77,38.75,0.0,0.006,0.016,0.0,0.0,0.0,0.0,0.0,0.0,0.0,0.0,0.0,0.0,0.0,0.0,0.0,0.266,0.0
kampala_malaba,78,39.25,0.0,0.003,0.01,0.0,0.0,0.0,0.0,0.0,0.0,0.0,0.0,0.0,0.0,0.0,0.0,0.0,0.123,0.0
kampala_malaba,79,39.75,0.0,0.007,0.0,0.0,0.0,0.0,0.0,0.0,0.0,0.0,0.009,0.0,0.0,0.0,0.0,0.0,0.0,0.0
kampala_malaba,80,40.25,0.0,0.012,0.005,0.0,0.0,0.0,0.0,0.0,0.0,0.0,0.016,0.007,0.0,0.0,0.0,0.0,0.0,0.0
kampala_malaba,81,40.75,0.0,0.003,0.005,0.0,0.0,0.0,0.0,0.0,0.0,0.0,0.004,0.007,0.0,0.0,0.0,0.0,0.0,0.0
kampala_malaba,82,41.25,0.0,0.115,0.007,0.0,0.0,0.0,0.0,0.0,0.0,0.0,0.023,0.009,0.0,0.0,0.0,0.0,0.0,0.0
kampala_malaba,83,41.75,0.054,0.0,0.0,0.0,0.133,0.0,0.0,0.0,0.0,0.0,0.101,0.042,0.0,0.2,0.0,0.0,0.0,0.0
kampala_malaba,84,42.25,0.0,0.158,0.023,0.0,0.0,0.0,0.0,0.0,0.0,0.0,0.203,0.029,0.0,0.0,0.0,0.0,0.0,0.0
kampala_malaba,85,42.75,0.0,0.201,0.06,0.0,0.0,0.0,0.0,0.0,0.0,0.0,0.0,0.0,0.0,0.0,0.0,0.0,0.122,0.0
kampala_malaba,86,43.25,0.036,0.0,0.0,0.0,0.133,0.0,0.0,0.0,0.0,0.0,0.0,0.0,0.0,0.2,0.0,0.0,0.066,0.0
kampala_malaba,87,43.75,0.0,0.003,0.003,0.0,0.133,0.0,0.0,0.0,0.0,0.0,0.176,0.116,0.0,0.2,0.0,0.0,0.0,0.0
kampala_malaba,88,44.25,0.1,0.0,0.0,0.0,0.133,0.0,0.0,0.0,0.0,0.0,0.047,0.047,0.0,0.2,0.0,0.0,0.0,0.0
kampala_malaba,89,44.75,0.0,0.07,0.006,0.0,0.0,0.0,0.0,0.0,0.0,0.0,0.09,0.008,0.0,0.0,0.0,0.0,0.0,0.0
kampala_malaba,90,45.25,0.0,0.002,0.0,0.0,0.0,0.0,0.0,0.0,0.0,0.0,0.003,0.0,0.0,0.0,0.0,0.0,0.0,0.0
kampala_malaba,91,45.75,0.0,0.0,0.005,0.0,0.0,0.0,0.0,0.0,0.0,0.0,0.0,0.007,0.0,0.0,0.0,0.0,0.0,0.0
kampala_malaba,92,46.25,0.0,0.002,0.01,0.0,0.0,0.0,0.0,0.0,0.0,0.0,0.003,0.013,0.0,0.0,0.0,0.0,0.0,0.0
kampala_malaba,93,46.75,0.0,0.013,0.016,0.0,0.0,0.0,0.0,0.0,0.0,0.0,0.0,0.0,0.0,0.0,0.0,0.0,0.04,0.0
kampala_malaba,94,47.25,0.0,0.067,0.012,0.0,0.0,0.0,0.0,0.0,0.0,0.0,0.0,0.0,0.0,0.0,0.0,0.0,0.181,0.0
kampala_malaba,95,47.75,0.0,0.182,0.008,0.0,0.0,0.0,0.0,0.0,0.0,0.0,0.0,0.0,0.0,0.0,0.0,0.0,0.053,0.0
kampala_malaba,96,48.25,0.0,0.179,0.0,0.0,0.0,0.0,0.0,0.0,0.0,0.0,0.083,0.0,0.0,0.0,0.0,0.0,0.0,0.0
kampala_malaba,97,48.75,0.0,0.182,0.008,0.0,0.0,0.0,0.0,0.0,0.0,0.0,0.234,0.01,0.0,0.0,0.0,0.0,0.0,0.0
kampala_malaba,98,49.25,0.0,0.102,0.007,0.0,0.0,0.0,0.0,0.0,0.0,0.0,0.132,0.008,0.0,0.0,0.0,0.0,0.0,0.0
kampala_malaba,99,49.75,0.0,0.051,0.0,0.0,0.0,0.0,0.0,0.0,0.0,0.0,0.0,0.0,0.0,0.0,0.0,0.0,0.167,0.0
kampala_malaba,100,50.25,0.0,0.014,0.0,0.0,0.0,0.0,0.0,0.0,0.0,0.0,0.0,0.0,0.0,0.0,0.0,0.0,0.036,0.0
kampala_malaba,101,50.75,0.0,0.0,0.0,0.0,0.0,0.0,0.0,0.0,0.0,0.0,0.0,0.0,0.0,0.0,0.0,0.0,0.0,0.0
kampala_malaba,102,51.25,0.0,0.0,0.0,0.0,0.0,0.0,0.0,0.0,0.0,0.0,0.0,0.0,0.0,0.0,0.0,0.0,0.041,0.0
kampala_malaba,103,51.75,0.0,0.004,0.0,0.0,0.0,0.0,0.0,0.0,0.0,0.0,0.0,0.0,0.0,0.0,0.0,0.0,0.017,0.0
kampala_malaba,104,52.25,0.0,0.037,0.006,0.0,0.0,0.0,0.0,0.0,0.0,0.0,0.0,0.0,0.0,0.0,0.0,0.0,0.263,0.0
kampala_malaba,105,52.75,0.063,0.0,0.0,0.0,0.133,0.0,0.0,0.0,0.0,0.0,0.0,0.0,0.0,0.2,0.0,0.0,0.021,0.0
kampala_malaba,106,53.25,0.0,0.079,0.0,0.0,0.0,0.0,0.0,0.0,0.0,0.0,0.101,0.0,0.0,0.0,0.0,0.0,0.0,0.0
kampala_malaba,107,53.75,0.0,0.001,0.0,0.0,0.0,0.0,0.0,0.0,0.0,0.0,0.001,0.0,0.0,0.0,0.0,0.0,0.0,0.0
kampala_malaba,108,54.25,0.0,0.0,0.0,0.0,0.0,0.0,0.0,0.0,0.0,0.0,0.0,0.0,0.0,0.0,0.0,0.0,0.0,0.0
kampala_malaba,109,54.75,0.0,0.0,0.005,0.0,0.0,0.0,0.0,0.0,0.0,0.0,0.0,0.007,0.0,0.0,0.0,0.0,0.0,0.0
kampala_malaba,110,55.25,0.0,0.0,0.0,0.0,0.0,0.0,0.0,0.0,0.0,0.0,0.001,0.0,0.0,0.0,0.0,0.0,0.0,0.0
kampala_malaba,111,55.75,0.0,0.0,0.0,0.0,0.0,0.0,0.0,0.0,0.0,0.0,0.0,0.0,0.0,0.0,0.0,0.0,0.049,0.0
kampala_malaba,112,56.25,0.0,0.0,0.0,0.0,0.0,0.0,0.0,0.0,0.0,0.0,0.0,0.0,0.0,0.0,0.0,0.0,0.248,0.0
kampala_malaba,113,56.75,0.0,0.011,0.0,0.0,0.0,0.0,0.0,0.0,0.0,0.0,0.014,0.0,0.0,0.0,0.0,0.0,0.0,0.0
kampala_malaba,114,57.25,0.0,0.0,0.0,0.0,0.0,0.0,0.0,0.0,0.0,0.0,0.001,0.0,0.0,0.0,0.0,0.0,0.0,0.0
kampala_malaba,115,57.75,0.0,0.0,0.005,0.0,0.0,0.0,0.0,0.0,0.0,0.0,0.0,0.0,0.0,0.0,0.0,0.0,0.557,0.0
kampala_malaba,116,58.25,0.0,0.0,0.0,0.0,0.0,0.0,0.0,0.0,0.0,0.0,0.0,0.0,0.0,0.0,0.0,0.0,0.203,0.0
kampala_malaba,117,58.75,0.0,0.0,0.0,0.0,0.0,0.0,0.0,0.0,0.0,0.0,0.0,0.0,0.0,0.0,0.0,0.0,0.081,0.0
kampala_malaba,118,59.25,0.0,0.0,0.005,0.0,0.0,0.0,0.0,0.0,0.0,0.0,0.001,0.007,0.0,0.0,0.0,0.0,0.0,0.0
kampala_malaba,119,59.75,0.0,0.0,0.0,0.0,0.0,0.0,0.0,0.0,0.0,0.0,0.0,0.0,0.0,0.0,0.0,0.0,0.0,0.0
kampala_malaba,120,60.25,0.0,0.0,0.0,0.0,0.0,0.0,0.0,0.0,0.0,0.0,0.0,0.0,0.0,0.0,0.0,0.0,0.0,0.0
kampala_malaba,121,60.75,0.0,0.001,0.0,0.0,0.0,0.0,0.0,0.0,0.0,0.0,0.0,0.0,0.0,0.0,0.0,0.0,0.071,0.0
kampala_malaba,122,61.25,0.0,0.002,0.005,0.0,0.0,0.0,0.0,0.0,0.0,0.0,0.0,0.0,0.0,0.0,0.0,0.0,0.162,0.0
kampala_malaba,123,61.75,0.0,0.0,0.01,0.0,0.0,0.0,0.0,0.0,0.0,0.0,0.0,0.013,0.0,0.0,0.0,0.0,0.0,0.0
kampala_malaba,124,62.25,0.0,0.003,0.01,0.0,0.0,0.0,0.0,0.0,0.0,0.0,0.004,0.013,0.0,0.0,0.0,0.0,0.0,0.0
kampala_malaba,125,62.75,0.0,0.0,0.0,0.0,0.0,0.0,0.0,0.0,0.0,0.0,0.0,0.0,0.0,0.0,0.0,0.0,0.0,0.0
kampala_malaba,126,63.25,0.0,0.001,0.0,0.0,0.0,0.0,0.0,0.0,0.0,0.0,0.001,0.0,0.0,0.0,0.0,0.0,0.0,0.0
kampala_malaba,127,63.75,0.0,0.0,0.005,0.0,0.0,0.0,0.0,0.0,0.0,0.0,0.0,0.007,0.0,0.0,0.0,0.0,0.0,0.0
kampala_malaba,128,64.25,0.0,0.016,0.005,0.0,0.0,0.0,0.0,0.0,0.0,0.0,0.0,0.0,0.0,0.0,0.0,0.0,0.48,0.0
kampala_malaba,129,64.75,0.0,0.056,0.006,0.0,0.0,0.0,0.0,0.0,0.0,0.0,0.0,0.0,0.0,0.0,0.0,0.0,0.049,0.0
kampala_malaba,130,65.25,0.0,0.05,0.0,0.0,0.0,0.0,0.0,0.0,0.0,0.0,0.056,0.0,0.0,0.0,0.0,0.0,0.0,0.0
kampala_malaba,131,65.75,0.0,0.087,0.0,0.0,0.0,0.0,0.0,0.0,0.0,0.0,0.0,0.0,0.0,0.0,0.0,0.0,0.036,0.0
kampala_malaba,132,66.25,0.0,0.191,0.033,0.0,0.0,0.0,0.0,0.0,0.0,0.0,0.245,0.042,0.0,0.0,0.0,0.0,0.0,0.0
kampala_malaba,133,66.75,0.0,0.182,0.008,0.0,0.0,0.0,0.0,0.0,0.0,0.0,0.234,0.01,0.0,0.0,0.0,0.0,0.0,0.0
kampala_malaba,134,67.25,0.0,0.185,0.016,0.0,0.0,0.0,0.0,0.0,0.0,0.0,0.238,0.02,0.0,0.0,0.0,0.0,0.0,0.0
kampala_malaba,135,67.75,0.0,0.065,0.012,0.0,0.0,0.0,0.0,0.0,0.0,0.0,0.084,0.016,0.0,0.0,0.0,0.0,0.0,0.0
kampala_malaba,136,68.25,0.0,0.182,0.008,0.0,0.0,0.0,0.0,0.0,0.0,0.0,0.0,0.0,0.0,0.0,0.0,0.0,0.202,0.0
kampala_malaba,137,68.75,0.017,0.0,0.0,0.0,0.133,0.0,0.0,0.0,0.0,0.0,0.149,0.09,0.0,0.2,0.0,0.0,0.0,0.0
kampala_malaba,138,69.25,0.0,0.188,0.024,0.0,0.0,0.0,0.0,0.0,0.0,0.0,0.242,0.031,0.0,0.0,0.0,0.0,0.0,0.0
kampala_malaba,139,69.75,0.027,0.0,0.0,0.0,0.133,0.0,0.0,0.0,0.0,0.0,0.137,0.077,0.0,0.2,0.0,0.0,0.0,0.0
kampala_malaba,140,70.25,0.0,0.191,0.033,0.0,0.0,0.0,0.0,0.0,0.0,0.0,0.245,0.042,0.0,0.0,0.0,0.0,0.0,0.0
kampala_malaba,141,70.75,0.046,0.0,0.0,0.0,0.133,0.0,0.0,0.0,0.0,0.0,0.113,0.053,0.0,0.2,0.0,0.0,0.0,0.0
kampala_malaba,142,71.25,0.0,0.188,0.024,0.0,0.0,0.0,0.0,0.0,0.0,0.0,0.242,0.031,0.0,0.0,0.0,0.0,0.0,0.0
kampala_malaba,143,71.75,0.0,0.185,0.016,0.0,0.0,0.0,0.0,0.0,0.0,0.0,0.238,0.02,0.0,0.0,0.0,0.0,0.0,0.0
kampala_malaba,144,72.25,0.09,0.0,0.0,0.0,0.133,0.0,0.0,0.0,0.0,0.0,0.056,0.039,0.0,0.2,0.0,0.0,0.0,0.0
kampala_malaba,145,72.75,0.0,0.017,0.005,0.0,0.0,0.0,0.0,0.0,0.0,0.0,0.021,0.007,0.0,0.0,0.0,0.0,0.0,0.0
kampala_malaba,146,73.25,0.0,0.05,0.006,0.0,0.0,0.0,0.0,0.0,0.0,0.0,0.065,0.007,0.0,0.0,0.0,0.0,0.0,0.0
kampala_malaba,147,73.75,0.169,0.0,0.0,0.0,0.133,0.0,0.0,0.0,0.0,0.0,0.015,0.015,0.0,0.2,0.0,0.0,0.0,0.0
kampala_malaba,148,74.25,0.167,0.0,0.0,0.0,0.133,0.0,0.0,0.0,0.0,0.0,0.018,0.018,0.0,0.2,0.0,0.0,0.0,0.0
kampala_malaba,149,74.75,0.0,0.0,0.0,0.133,0.0,0.0,0.0,0.0,0.159,0.0,0.0,0.0,0.133,0.0,0.0,0.0,0.0,0.112
kampala_malaba,150,75.25,0.0,0.012,0.01,0.0,0.0,0.0,0.0,0.0,0.0,0.0,0.018,0.014,0.0,0.0,0.0,0.0,0.0,0.0
kampala_malaba,151,75.75,0.0,0.022,0.02,0.0,0.0,0.0,0.0,0.0,0.0,0.0,0.031,0.029,0.0,0.0,0.0,0.0,0.0,0.0
kampala_malaba,152,76.25,0.244,0.0,0.0,0.0,0.133,0.0,0.0,0.0,0.0,0.076,0.0,0.0,0.0,0.2,0.0,0.0,0.0,0.0
kampala_malaba,153,76.75,0.1,0.0,0.0,0.0,0.133,0.0,0.0,0.0,0.0,0.0,0.0,0.0,0.0,0.2,0.0,0.0,0.0,0.0
kampala_malaba,154,77.25,0.0,0.012,0.005,0.0,0.0,0.0,0.0,0.0,0.0,0.0,0.0,0.0,0.0,0.0,0.0,0.0,0.114,0.0
kampala_malaba,155,77.75,0.0,0.017,0.0,0.0,0.0,0.0,0.0,0.0,0.0,0.0,0.0,0.0,0.0,0.0,0.0,0.0,0.051,0.0
kampala_malaba,156,78.25,0.1,0.0,0.0,0.0,0.133,0.0,0.0,0.0,0.0,0.0,0.0,0.0,0.0,0.2,0.0,0.0,0.0,0.0
kampala_malaba,157,78.75,0.0,0.081,0.006,0.0,0.0,0.0,0.0,0.0,0.0,0.0,0.116,0.008,0.0,0.0,0.0,0.0,0.0,0.0
kampala_malaba,158,79.25,0.0,0.041,0.016,0.0,0.0,0.0,0.0,0.0,0.0,0.0,0.059,0.023,0.0,0.0,0.0,0.0,0.0,0.0
kampala_malaba,159,79.75,0.221,0.0,0.0,0.0,0.133,0.0,0.0,0.0,0.0,0.059,0.0,0.0,0.0,0.2,0.0,0.0,0.0,0.0
kampala_malaba,160,80.25,0.084,0.0,0.0,0.0,0.133,0.0,0.0,0.0,0.0,0.0,0.137,0.077,0.0,0.2,0.0,0.0,0.0,0.0
kampala_malaba,161,80.75,0.0,0.069,0.011,0.5,0.0,0.0,0.0,0.0,0.0,0.0,0.098,0.016,0.5,0.0,0.0,0.0,0.0,0.0
kampala_malaba,162,81.25,0.0,0.013,0.015,0.0,0.0,0.0,0.0,0.0,0.0,0.0,0.019,0.021,0.0,0.0,0.0,0.0,0.0,0.0
kampala_malaba,163,81.75,0.212,0.0,0.0,0.0,0.133,0.0,0.0,0.0,0.0,0.046,0.0,0.0,0.0,0.2,0.0,0.0,0.0,0.0
kampala_malaba,164,82.25,0.117,0.0,0.0,0.0,0.133,0.0,0.0,0.0,0.0,0.0,0.0,0.0,0.0,0.2,0.0,0.0,0.049,0.0
kampala_malaba,165,82.75,0.109,0.0,0.0,0.0,0.133,0.0,0.0,0.0,0.0,0.0,0.101,0.042,0.0,0.2,0.0,0.0,0.0,0.0
kampala_malaba,166,83.25,0.101,0.0,0.0,0.0,0.133,0.0,0.0,0.0,0.0,0.0,0.113,0.053,0.0,0.2,0.0,0.0,0.0,0.0
kampala_malaba,167,83.75,0.117,0.0,0.0,0.0,0.133,0.0,0.0,0.0,0.0,0.0,0.09,0.031,0.0,0.2,0.0,0.0,0.0,0.0
kampala_malaba,168,84.25,0.0,0.178,0.046,0.0,0.0,0.0,0.0,0.0,0.0,0.0,0.254,0.065,0.0,0.0,0.0,0.0,0.0,0.0
kampala_malaba,169,84.75,0.0,0.175,0.037,0.0,0.0,0.0,0.0,0.0,0.0,0.0,0.249,0.053,0.0,0.0,0.0,0.0,0.0,0.0
kampala_malaba,170,85.25,0.0,0.121,0.013,0.0,0.0,0.0,0.0,0.0,0.0,0.0,0.173,0.018,0.0,0.0,0.0,0.0,0.0,0.0
kampala_malaba,171,85.75,0.124,0.0,0.0,0.0,0.133,0.0,0.0,0.0,0.0,0.0,0.08,0.02,0.0,0.2,0.0,0.0,0.0,0.0
kampala_malaba,172,86.25,0.199,0.0,0.0,0.0,0.133,0.0,0.0,0.0,0.0,0.011,0.0,0.0,0.0,0.2,0.0,0.0,0.0,0.0
kampala_malaba,173,86.75,0.0,0.02,0.005,0.0,0.0,0.0,0.0,0.0,0.0,0.0,0.011,0.007,0.0,0.0,0.0,0.0,0.0,0.0
kampala_malaba,174,87.25,0.0,0.027,0.032,0.0,0.0,0.0,0.0,0.0,0.0,0.0,0.039,0.046,0.0,0.0,0.0,0.0,0.0,0.0
kampala_malaba,175,87.75,0.0,0.0,0.0,0.0,0.0,0.0,0.0,0.0,0.0,0.0,0.001,0.0,0.0,0.0,0.0,0.0,0.0,0.0
kampala_malaba,176,88.25,0.0,0.0,0.03,0.0,0.0,0.0,0.0,0.0,0.0,0.0,0.0,0.042,0.0,0.0,0.0,0.0,0.0,0.0
kampala_malaba,177,88.75,0.0,0.0,0.0,0.0,0.0,0.0,0.0,0.0,0.0,0.0,0.0,0.0,0.0,0.0,0.0,0.0,0.28,0.0
kampala_malaba,178,89.25,0.0,0.01,0.011,0.0,0.0,0.0,0.0,0.0,0.0,0.0,0.0,0.0,0.0,0.0,0.0,0.0,0.147,0.0
kampala_malaba,179,89.75,0.0,0.006,0.005,0.0,0.0,0.0,0.0,0.0,0.0,0.0,0.008,0.007,0.0,0.0,0.0,0.0,0.0,0.0
kampala_malaba,180,90.25,0.0,0.0,0.0,0.0,0.0,0.0,0.0,0.0,0.0,0.0,0.0,0.0,0.0,0.0,0.0,0.0,0.0,0.0
kampala_malaba,181,90.75,0.0,0.0,0.005,0.0,0.0,0.0,0.0,0.0,0.0,0.0,0.0,0.0,0.0,0.0,0.0,0.0,0.277,0.0
kampala_malaba,182,91.25,0.0,0.0,0.016,0.0,0.0,0.0,0.0,0.0,0.0,0.0,0.001,0.02,0.0,0.0,0.0,0.0,0.0,0.0
kampala_malaba,183,91.75,0.0,0.0,0.0,0.0,0.0,0.0,0.0,0.0,0.0,0.0,0.0,0.0,0.0,0.0,0.0,0.0,0.0,0.0
kampala_malaba,184,92.25,0.0,0.003,0.0,0.0,0.0,0.0,0.0,0.0,0.0,0.0,0.0,0.0,0.0,0.0,0.0,0.0,0.411,0.0
kampala_malaba,185,92.75,0.0,0.007,0.011,0.0,0.0,0.0,0.0,0.0,0.0,0.0,0.0,0.0,0.0,0.0,0.0,0.0,0.1,0.0
kampala_malaba,186,93.25,0.0,0.0,0.021,0.0,0.0,0.0,0.0,0.0,0.0,0.0,0.0,0.0,0.0,0.0,0.0,0.0,0.048,0.0
kampala_malaba,187,93.75,0.0,0.131,0.014,0.0,0.0,0.0,0.0,0.0,0.0,0.0,0.168,0.018,0.0,0.0,0.0,0.0,0.0,0.0
kampala_malaba,188,94.25,0.0,0.081,0.019,0.0,0.0,0.0,0.0,0.0,0.0,0.0,0.105,0.025,0.0,0.0,0.0,0.0,0.0,0.0
kampala_malaba,189,94.75,0.0,0.056,0.0,0.0,0.0,0.0,0.0,0.0,0.0,0.0,0.072,0.0,0.0,0.0,0.0,0.0,0.0,0.0
kampala_malaba,190,95.25,0.0,0.076,0.019,0.0,0.0,0.0,0.0,0.0,0.0,0.0,0.0,0.0,0.0,0.0,0.0,0.0,0.064,0.0
kampala_malaba,191,95.75,0.071,0.0,0.0,0.0,0.133,0.0,0.0,0.0,0.0,0.0,0.08,0.02,0.0,0.2,0.0,0.0,0.0,0.0
kampala_malaba,192,96.25,0.071,0.0,0.0,0.0,0.133,0.0,0.0,0.0,0.0,0.0,0.08,0.02,0.0,0.2,0.0,0.0,0.0,0.0
kampala_malaba,193,96.75,0.152,0.0,0.0,0.0,0.133,0.0,0.0,0.0,0.0,0.024,0.0,0.0,0.0,0.2,0.0,0.0,0.0,0.0
kampala_malaba,194,97.25,0.0,0.039,0.0,0.0,0.0,0.0,0.0,0.0,0.0,0.0,0.05,0.0,0.0,0.0,0.0,0.0,0.0,0.0
kampala_malaba,195,97.75,0.0,0.073,0.012,0.0,0.0,0.0,0.0,0.0,0.0,0.0,0.094,0.016,0.0,0.0,0.0,0.0,0.0,0.0
kampala_malaba,196,98.25,0.0,0.031,0.0,0.0,0.0,0.167,0.0,0.0,0.0,0.0,0.039,0.0,0.0,0.0,1.0,0.0,0.0,0.0
kampala_malaba,197,98.75,0.0,0.014,0.011,0.0,0.0,0.167,0.0,0.0,0.0,0.0,0.018,0.014,0.0,0.0,1.0,0.0,0.0,0.0
kampala_malaba,198,99.25,0.0,0.044,0.024,0.0,0.0,0.0,0.0,0.0,0.0,0.0,0.044,0.031,0.0,0.0,0.0,10.0,0.0,0.0
kampala_malaba,199,99.75,0.0,0.042,0.018,0.0,0.0,0.0,0.0,0.0,0.0,0.0,0.055,0.023,0.0,0.0,0.0,0.0,0.0,0.0
kampala_malaba,200,100.25,0.0,0.117,0.007,0.0,0.0,0.0,0.0,0.0,0.0,0.0,0.059,0.009,0.0,0.0,0.0,0.0,0.0,0.0
kampala_malaba,201,100.75,0.017,0.0,0.0,0.0,0.133,0.0,0.0,0.0,0.0,0.0,0.149,0.09,0.0,0.2,0.0,0.0,0.0,0.0
kampala_malaba,202,101.25,0.0,0.086,0.026,0.0,0.0,0.0,0.0,0.0,0.0,0.0,0.111,0.034,0.0,0.0,0.0,0.0,0.0,0.0
kampala_malaba,203,101.75,0.0,0.064,0.012,0.0,0.0,0.0,0.0,0.0,0.0,0.0,0.0,0.0,0.0,0.0,0.0,0.0,0.057,0.0
kampala_malaba,204,102.25,0.0,0.037,0.006,0.0,0.0,0.0,0.0,0.0,0.0,0.0,0.048,0.007,0.0,0.0,0.0,0.0,0.0,0.0
kampala_malaba,205,102.75,0.0,0.03,0.023,0.0,0.0,0.0,0.0,0.0,0.0,0.0,0.0,0.0,0.0,0.0,0.0,0.0,0.163,0.0
kampala_malaba,206,103.25,0.116,0.0,0.0,0.0,0.133,0.0,0.0,0.0,0.0,0.0,0.022,0.022,0.0,0.2,0.0,0.0,0.0,0.0
kampala_malaba,207,103.75,0.126,0.0,0.0,0.0,0.133,0.0,0.0,0.0,0.0,0.0,0.009,0.009,0.0,0.2,0.0,0.0,0.0,0.0
kampala_malaba,208,104.25,0.0,0.046,0.006,0.0,0.0,0.0,0.0,0.0,0.0,0.0,0.059,0.007,0.0,0.0,0.0,0.0,0.0,0.0
kampala_malaba,209,104.75,0.147,0.0,0.0,0.0,0.133,0.0,0.0,0.0,0.0,0.018,0.0,0.0,0.0,0.2,0.0,0.0,0.0,0.0
kampala_malaba,210,105.25,0.0,0.106,0.013,0.0,0.0,0.0,0.0,0.0,0.0,0.0,0.136,0.017,0.0,0.0,0.0,0.0,0.0,0.0
kampala_malaba,211,105.75,0.063,0.0,0.0,0.0,0.133,0.0,0.0,0.0,0.0,0.0,0.09,0.031,0.0,0.2,0.0,0.0,0.0,0.0
kampala_malaba,212,106.25,0.111,0.0,0.0,0.0,0.133,0.0,0.0,0.0,0.0,0.0,0.029,0.029,0.0,0.2,0.0,0.0,0.0,0.0
kampala_malaba,213,106.75,0.0,0.027,0.011,0.0,0.0,0.0,0.0,0.0,0.0,0.0,0.034,0.014,0.0,0.0,0.0,0.0,0.0,0.0
kampala_malaba,214,107.25,0.0,0.007,0.005,0.0,0.0,0.0,0.0,0.0,0.0,0.0,0.009,0.007,0.0,0.0,0.0,0.0,0.0,0.0
kampala_malaba,215,107.75,0.0,0.053,0.006,0.0,0.0,0.0,0.0,0.0,0.0,0.0,0.022,0.008,0.0,0.0,0.0,0.0,0.0,0.0
kampala_malaba,216,108.25,0.0,0.025,0.0,0.0,0.0,0.0,0.0,0.0,0.0,0.0,0.032,0.0,0.0,0.0,0.0,0.0,0.0,0.0
kampala_malaba,217,108.75,0.0,0.012,0.005,0.0,0.0,0.0,0.0,0.0,0.0,0.0,0.015,0.007,0.0,0.0,0.0,0.0,0.0,0.0
kampala_malaba,218,109.25,0.0,0.006,0.01,0.0,0.0,0.0,0.0,0.0,0.0,0.0,0.008,0.013,0.0,0.0,0.0,0.0,0.0,0.0
kampala_malaba,219,109.75,0.0,0.026,0.017,0.0,0.0,0.0,0.0,0.0,0.0,0.0,0.034,0.022,0.0,0.0,0.0,0.0,0.0,0.0
kampala_malaba,220,110.25,0.0,0.034,0.006,0.0,0.0,0.0,0.0,0.0,0.0,0.0,0.007,0.007,0.0,0.0,0.0,0.0,0.0,0.0
kampala_malaba,221,110.75,0.0,0.067,0.019,0.0,0.0,0.0,0.0,0.0,0.0,0.0,0.082,0.024,0.0,0.0,0.0,0.0,0.0,0.0
kampala_malaba,222,111.25,0.0,0.027,0.011,0.0,0.0,0.0,0.0,0.0,0.0,0.0,0.034,0.014,0.0,0.0,0.0,0.0,0.0,0.0
kampala_malaba,223,111.75,0.0,0.064,0.019,0.0,0.0,0.0,0.0,0.0,0.0,0.0,0.0,0.0,0.0,0.0,0.0,0.0,0.131,0.0
kampala_malaba,224,112.25,0.0,0.164,0.039,0.0,0.0,0.0,0.0,0.0,0.0,0.0,0.211,0.051,0.0,0.0,0.0,0.0,0.0,0.0
kampala_malaba,225,112.75,0.0,0.096,0.027,0.0,0.0,0.0,0.0,0.0,0.0,0.0,0.124,0.035,0.0,0.0,0.0,0.0,0.0,0.0
kampala_malaba,226,113.25,0.0,0.064,0.019,0.0,0.0,0.0,0.0,0.0,0.0,0.0,0.082,0.024,0.0,0.0,0.0,0.0,0.0,0.0
kampala_malaba,227,113.75,0.209,0.0,0.0,0.0,0.133,0.0,0.0,0.0,0.0,0.097,0.0,0.0,0.0,0.2,0.0,0.0,0.0,0.0
kampala_malaba,228,114.25,0.036,0.0,0.0,0.133,0.133,0.0,0.0,0.0,0.0,0.0,0.04,0.04,0.133,0.2,0.0,0.0,0.0,0.0
kampala_malaba,229,114.75,0.046,0.0,0.0,0.167,0.133,0.0,0.0,0.0,0.0,0.0,0.113,0.053,0.167,0.2,0.0,0.0,0.0,0.0
kampala_malaba,230,115.25,0.0,0.003,0.003,0.0,0.133,0.0,0.0,0.0,0.0,0.0,0.176,0.116,0.0,0.2,0.0,0.0,0.0,0.0
kampala_malaba,231,115.75,0.084,0.0,0.0,0.0,0.133,0.0,0.0,0.0,0.0,0.0,0.137,0.077,0.0,0.2,0.0,0.0,0.0,0.0
kampala_malaba,232,116.25,0.094,0.0,0.0,0.0,0.133,0.0,0.0,0.0,0.0,0.0,0.05,0.05,0.0,0.2,0.0,0.0,0.0,0.0
kampala_malaba,233,116.75,0.0,0.188,0.024,0.0,0.0,0.0,0.0,0.0,0.0,0.0,0.0,0.0,0.0,0.0,0.0,0.0,0.008,0.0
kampala_malaba,234,117.25,0.027,0.0,0.0,0.0,0.133,0.0,0.0,0.0,0.0,0.0,0.137,0.077,0.0,0.2,0.0,0.0,0.0,0.0
kampala_malaba,235,117.75,0.106,0.0,0.0,0.0,0.133,0.0,0.0,0.0,0.0,0.0,0.035,0.035,0.0,0.2,0.0,0.0,0.0,0.0
kampala_malaba,236,118.25,0.0,0.074,0.006,0.0,0.0,0.0,0.0,0.0,0.0,0.0,0.095,0.008,0.0,0.0,0.0,0.0,0.0,0.0
kampala_malaba,237,118.75,0.0,0.017,0.005,0.0,0.0,0.0,0.0,0.0,0.0,0.0,0.022,0.007,0.0,0.0,0.0,0.0,0.0,0.0
kampala_malaba,238,119.25,0.0,0.002,0.005,0.0,0.0,0.0,0.0,0.0,0.0,0.0,0.003,0.007,0.0,0.0,0.0,0.0,0.0,0.0
kampala_malaba,239,119.75,0.129,0.0,0.0,0.0,0.133,0.0,0.0,0.0,0.0,0.0,0.005,0.005,0.0,0.2,0.0,0.0,0.0,0.0
kampala_malaba,240,120.25,0.076,0.0,0.0,0.0,0.133,0.0,0.0,0.0,0.0,0.0,0.149,0.09,0.0,0.2,0.0,0.0,0.0,0.0
kampala_malaba,241,120.75,0.0,0.058,0.031,0.0,0.0,0.0,0.0,0.0,0.0,0.0,0.074,0.04,0.0,0.0,0.0,0.0,0.0,0.0
kampala_malaba,242,121.25,0.0,0.009,0.011,0.0,0.0,0.0,0.0,0.0,0.0,0.0,0.012,0.014,0.0,0.0,0.0,0.0,0.0,0.0
kampala_malaba,243,121.75,0.0,0.0,0.0,0.0,0.0,0.0,0.0,0.0,0.0,0.0,0.0,0.0,0.0,0.0,0.0,0.0,0.0,0.0
kampala_malaba,244,122.25,0.0,0.002,0.005,0.0,0.0,0.0,0.0,0.0,0.0,0.0,0.002,0.007,0.0,0.0,0.0,0.0,0.0,0.0
kampala_malaba,245,122.75,0.0,0.013,0.011,0.0,0.0,0.0,0.0,0.0,0.0,0.0,0.017,0.014,0.0,0.0,0.0,0.0,0.0,0.0
kampala_malaba,246,123.25,0.0,0.029,0.006,0.0,0.0,0.0,0.0,0.0,0.0,0.0,0.037,0.007,0.0,0.0,0.0,0.0,0.0,0.0
kampala_malaba,247,123.75,0.0,0.014,0.016,0.0,0.0,0.0,0.0,0.0,0.0,0.0,0.018,0.021,0.0,0.0,0.0,0.0,0.0,0.0
kampala_malaba,248,124.25,0.0,0.008,0.0,0.0,0.0,0.0,0.0,0.0,0.0,0.0,0.01,0.0,0.0,0.0,0.0,0.0,0.0,0.0
kampala_malaba,249,124.75,0.0,0.0,0.005,0.0,0.0,0.0,0.0,0.0,0.0,0.0,0.001,0.007,0.0,0.0,0.0,0.0,0.0,0.0
kampala_malaba,250,125.25,0.0,0.002,0.005,0.0,0.0,0.0,0.0,0.0,0.0,0.0,0.0,0.0,0.0,0.0,0.0,0.0,0.025,0.0
kampala_malaba,251,125.75,0.0,0.031,0.0,0.0,0.0,0.0,0.0,0.0,0.0,0.0,0.0,0.0,0.0,0.0,0.0,0.0,0.14,0.0
kampala_malaba,252,126.25,0.0,0.185,0.016,0.0,0.0,0.0,0.0,0.0,0.0,0.0,0.0,0.0,0.0,0.0,0.0,0.0,0.024,0.0
kampala_malaba,253,126.75,0.0,0.045,0.012,0.0,0.0,0.0,0.0,0.0,0.0,0.0,0.058,0.015,0.0,0.0,0.0,0.0,0.0,0.0
kampala_malaba,254,127.25,0.0,0.016,0.0,0.0,0.0,0.0,0.0,0.0,0.0,0.0,0.02,0.0,0.0,0.0,0.0,0.0,0.0,0.0
kampala_malaba,255,127.75,0.0,0.002,0.0,0.0,0.0,0.0,0.0,0.0,0.0,0.0,0.002,0.0,0.0,0.0,0.0,0.0,0.0,0.0
kampala_malaba,256,128.25,0.0,0.027,0.0,0.0,0.0,0.0,0.0,0.0,0.0,0.0,0.0,0.0,0.0,0.0,0.0,0.0,0.068,0.0
kampala_malaba,257,128.75,0.0,0.013,0.005,0.0,0.0,0.0,0.0,0.0,0.0,0.0,0.0,0.0,0.0,0.0,0.0,0.0,0.171,0.0
kampala_malaba,258,129.25,0.0,0.16,0.007,0.0,0.0,0.0,0.0,0.0,0.0,0.0,0.004,0.004,0.0,0.0,0.0,0.0,0.0,0.0
kampala_malaba,259,129.75,0.0,0.051,0.0,0.0,0.0,0.0,0.0,0.0,0.0,0.0,0.0,0.0,0.0,0.0,0.0,0.0,0.003,0.0
kampala_malaba,260,130.25,0.0,0.09,0.0,0.0,0.0,0.0,0.0,0.0,0.0,0.0,0.116,0.0,0.0,0.0,0.0,0.0,0.0,0.0
kampala_malaba,261,130.75,0.0,0.081,0.013,0.0,0.0,0.0,0.0,0.0,0.0,0.0,0.105,0.016,0.0,0.0,0.0,0.0,0.0,0.0
kampala_malaba,262,131.25,0.0,0.154,0.023,0.0,0.0,0.0,0.0,0.0,0.0,0.0,0.198,0.029,0.0,0.0,0.0,0.0,0.0,0.0
kampala_malaba,263,131.75,0.0,0.191,0.033,0.0,0.0,0.0,0.0,0.0,0.0,0.0,0.245,0.042,0.0,0.0,0.0,0.0,0.0,0.0
kampala_malaba,264,132.25,0.054,0.0,0.0,0.0,0.133,0.0,0.0,0.0,0.0,0.0,0.101,0.042,0.0,0.2,0.0,0.0,0.0,0.0
kampala_malaba,265,132.75,0.0,0.152,0.0,0.0,0.0,0.0,0.0,0.0,0.0,0.0,0.196,0.0,0.0,0.0,0.0,0.0,0.0,0.0
kampala_malaba,266,133.25,0.0,0.039,0.006,0.0,0.0,0.0,0.0,0.0,0.0,0.0,0.05,0.007,0.0,0.0,0.0,0.0,0.0,0.0
kampala_malaba,267,133.75,0.0,0.057,0.006,0.0,0.0,0.0,0.0,0.0,0.0,0.0,0.073,0.008,0.0,0.0,0.0,0.0,0.0,0.0
kampala_malaba,268,134.25,0.0,0.06,0.0,0.0,0.0,0.0,0.0,0.0,0.0,0.0,0.077,0.0,0.0,0.0,0.0,0.0,0.0,0.0
kampala_malaba,269,134.75,0.0,0.101,0.007,0.0,0.0,0.0,0.0,0.0,0.0,0.0,0.13,0.008,0.0,0.0,0.0,0.0,0.0,0.0
kampala_malaba,270,135.25,0.0,0.128,0.014,0.0,0.0,0.0,0.0,0.0,0.0,0.0,0.165,0.018,0.0,0.0,0.0,0.0,0.0,0.0
kampala_malaba,271,135.75,0.0,0.042,0.0,0.0,0.0,0.0,0.0,0.0,0.0,0.0,0.054,0.0,0.0,0.0,0.0,0.0,0.0,0.0
kampala_malaba,272,136.25,0.0,0.053,0.006,0.0,0.0,0.0,0.0,0.0,0.0,0.0,0.068,0.008,0.0,0.0,0.0,0.0,0.0,0.0
kampala_malaba,273,136.75,0.0,0.03,0.006,0.0,0.0,0.0,0.0,0.0,0.0,0.0,0.039,0.007,0.0,0.0,0.0,0.0,0.0,0.0
kampala_malaba,274,137.25,0.0,0.0,0.0,0.0,0.0,0.0,0.0,0.0,0.0,0.0,0.0,0.0,0.0,0.0,0.0,0.0,0.0,0.0
kampala_malaba,275,137.75,0.0,0.0,0.0,0.0,0.0,0.0,0.0,0.0,0.0,0.0,0.0,0.0,0.0,0.0,0.0,0.0,0.0,0.0
kampala_malaba,276,138.25,0.0,0.016,0.005,0.0,0.0,0.0,0.0,0.0,0.0,0.0,0.0,0.0,0.0,0.0,0.0,0.0,0.007,0.0
kampala_malaba,277,138.75,0.0,0.046,0.0,0.0,0.0,0.0,0.0,0.0,0.0,0.0,0.013,0.0,0.0,0.0,0.0,0.0,0.0,0.0
kampala_malaba,278,139.25,0.0,0.129,0.0,0.0,0.0,0.0,0.0,0.0,0.0,0.0,0.158,0.0,0.0,0.0,0.0,0.0,0.0,0.0
kampala_malaba,279,139.75,0.0,0.182,0.008,0.0,0.0,0.0,0.0,0.0,0.0,0.0,0.234,0.01,0.0,0.0,0.0,0.0,0.0,0.0
kampala_malaba,280,140.25,0.0,0.179,0.0,0.0,0.0,0.0,0.0,0.0,0.0,0.0,0.231,0.0,0.0,0.0,0.0,0.0,0.0,0.0
kampala_malaba,281,140.75,0.0,0.068,0.006,0.0,0.0,0.0,0.0,0.0,0.0,0.0,0.088,0.008,0.0,0.0,0.0,0.0,0.0,0.0
kampala_malaba,282,141.25,0.0,0.013,0.0,0.0,0.0,0.0,0.0,0.0,0.0,0.0,0.016,0.0,0.0,0.0,0.0,0.0,0.0,0.0
kampala_malaba,283,141.75,0.0,0.022,0.0,0.0,0.0,0.0,0.0,0.0,0.0,0.0,0.029,0.0,0.0,0.0,0.0,0.0,0.0,0.0
kampala_malaba,284,142.25,0.0,0.04,0.006,0.0,0.0,0.0,0.0,0.0,0.0,0.0,0.051,0.007,0.0,0.0,0.0,0.0,0.0,0.0
kampala_malaba,285,142.75,0.0,0.005,0.0,0.0,0.0,0.0,0.0,0.0,0.0,0.0,0.006,0.0,0.0,0.0,0.0,0.0,0.0,0.0
kampala_malaba,286,143.25,0.0,0.006,0.0,0.0,0.0,0.0,0.0,0.0,0.0,0.0,0.008,0.0,0.0,0.0,0.0,0.0,0.0,0.0
kampala_malaba,287,143.75,0.0,0.052,0.0,0.0,0.0,0.0,0.0,0.0,0.0,0.0,0.034,0.0,0.0,0.0,0.0,0.0,0.0,0.0
kampala_malaba,288,144.25,0.0,0.087,0.006,0.0,0.0,0.0,0.0,0.0,0.0,0.0,0.062,0.008,0.0,0.0,0.0,0.0,0.0,0.0
kampala_malaba,289,144.75,0.0,0.05,0.0,0.0,0.0,0.0,0.0,0.0,0.0,0.0,0.0,0.0,0.0,0.0,0.0,0.0,0.028,0.0
kampala_malaba,290,145.25,0.0,0.06,0.012,0.0,0.0,0.0,0.0,0.0,0.0,0.0,0.008,0.008,0.0,0.0,0.0,0.0,0.0,0.0
kampala_malaba,291,145.75,0.0,0.094,0.006,0.0,0.0,0.0,0.0,0.0,0.0,0.0,0.121,0.008,0.0,0.0,0.0,0.0,0.0,0.0
kampala_malaba,292,146.25,0.0,0.112,0.014,0.0,0.0,0.0,0.0,0.0,0.0,0.0,0.144,0.018,0.0,0.0,0.0,0.0,0.0,0.0
kampala_malaba,293,146.75,0.0,0.197,0.051,0.0,0.0,0.0,0.0,0.0,0.0,0.0,0.254,0.065,0.0,0.0,0.0,0.0,0.0,0.0
kampala_malaba,294,147.25,0.0,0.182,0.008,0.0,0.0,0.0,0.0,0.0,0.0,0.0,0.234,0.01,0.0,0.0,0.0,0.0,0.0,0.0
kampala_malaba,295,147.75,0.063,0.0,0.0,0.0,0.133,0.0,0.0,0.0,0.0,0.0,0.09,0.031,0.0,0.2,0.0,0.0,0.0,0.0
kampala_malaba,296,148.25,0.063,0.0,0.0,0.0,0.133,0.0,0.0,0.0,0.0,0.0,0.09,0.031,0.0,0.2,0.0,0.0,0.0,0.0
kampala_malaba,297,148.75,0.0,0.072,0.026,0.0,0.0,0.0,0.0,0.0,0.0,0.0,0.082,0.033,0.0,0.0,0.0,0.0,0.0,0.0
kampala_malaba,298,149.25,0.0,0.112,0.028,0.0,0.0,0.0,0.0,0.0,0.0,0.0,0.0,0.0,0.0,0.0,0.0,0.0,0.119,0.0
kampala_malaba,299,149.75,0.0,0.188,0.024,0.0,0.0,0.0,0.0,0.0,0.0,0.0,0.194,0.031,0.0,0.0,0.0,0.0,0.0,0.0
kampala_malaba,300,150.25,0.0,0.188,0.024,0.0,0.0,0.0,0.0,0.0,0.0,0.0,0.242,0.031,0.0,0.0,0.0,0.0,0.0,0.0
kampala_malaba,301,150.75,0.0,0.021,0.005,0.0,0.0,0.0,0.0,0.0,0.0,0.0,0.026,0.007,0.0,0.0,0.0,0.0,0.0,0.0
kampala_malaba,302,151.25,0.0,0.003,0.005,0.0,0.0,0.0,0.0,0.0,0.0,0.0,0.004,0.007,0.0,0.0,0.0,0.0,0.0,0.0
kampala_malaba,303,151.75,0.0,0.021,0.0,0.0,0.0,0.0,0.0,0.0,0.0,0.0,0.027,0.0,0.0,0.0,0.0,0.0,0.0,0.0
kampala_malaba,304,152.25,0.0,0.051,0.0,0.0,0.0,0.0,0.0,0.0,0.0,0.0,0.065,0.0,0.0,0.0,0.0,0.0,0.0,0.0
kampala_malaba,305,152.75,0.0,0.033,0.0,0.0,0.0,0.0,0.0,0.0,0.0,0.0,0.043,0.0,0.0,0.0,0.0,0.0,0.0,0.0
kampala_malaba,306,153.25,0.0,0.014,0.0,0.0,0.0,0.0,0.0,0.0,0.0,0.0,0.018,0.0,0.0,0.0,0.0,0.0,0.0,0.0
kampala_malaba,307,153.75,0.0,0.0,0.0,0.0,0.0,0.0,0.0,0.0,0.0,0.0,0.001,0.0,0.0,0.0,0.0,0.0,0.0,0.0
kampala_malaba,308,154.25,0.0,0.024,0.0,0.0,0.0,0.0,0.0,0.0,0.0,0.0,0.0,0.0,0.0,0.0,0.0,0.0,0.077,0.0
kampala_malaba,309,154.75,0.0,0.053,0.012,0.0,0.0,0.0,0.0,0.0,0.0,0.0,0.068,0.015,0.0,0.0,0.0,0.0,0.0,0.0
kampala_malaba,310,155.25,0.0,0.102,0.0,0.0,0.0,0.0,0.0,0.0,0.0,0.0,0.131,0.0,0.0,0.0,0.0,0.0,0.0,0.0
kampala_malaba,311,155.75,0.0,0.185,0.016,0.0,0.0,0.0,0.0,0.0,0.0,0.0,0.238,0.02,0.0,0.0,0.0,0.0,0.0,0.0
kampala_malaba,312,156.25,0.0,0.165,0.015,0.0,0.0,0.0,0.0,0.0,0.0,0.0,0.212,0.02,0.0,0.0,0.0,0.0,0.0,0.0
kampala_malaba,313,156.75,0.0,0.062,0.0,0.0,0.0,0.0,0.0,0.0,0.0,0.0,0.079,0.0,0.0,0.0,0.0,0.0,0.0,0.0
kampala_malaba,314,157.25,0.0,0.056,0.006,0.0,0.0,0.0,0.0,0.0,0.0,0.0,0.072,0.008,0.0,0.0,0.0,0.0,0.0,0.0
kampala_malaba,315,157.75,0.0,0.022,0.0,0.0,0.0,0.0,0.0,0.0,0.0,0.0,0.028,0.0,0.0,0.0,0.0,0.0,0.0,0.0
kampala_malaba,316,158.25,0.0,0.003,0.0,0.0,0.0,0.0,0.0,0.0,0.0,0.0,0.004,0.0,0.0,0.0,0.0,0.0,0.0,0.0
kampala_malaba,317,158.75,0.0,0.001,0.005,0.0,0.0,0.0,0.0,0.0,0.0,0.0,0.002,0.007,0.0,0.0,0.0,0.0,0.0,0.0
kampala_malaba,318,159.25,0.0,0.006,0.0,0.0,0.0,0.0,0.0,0.0,0.0,0.0,0.007,0.0,0.0,0.0,0.0,0.0,0.0,0.0
kampala_malaba,319,159.75,0.0,0.104,0.007,0.0,0.0,0.0,0.0,0.0,0.0,0.0,0.134,0.009,0.0,0.0,0.0,0.0,0.0,0.0
kampala_malaba,320,160.25,0.0,0.079,0.006,0.0,0.0,0.0,0.0,0.0,0.0,0.0,0.102,0.008,0.0,0.0,0.0,0.0,0.0,0.0
kampala_malaba,321,160.75,0.0,0.052,0.0,0.0,0.0,0.0,0.0,0.0,0.0,0.0,0.067,0.0,0.0,0.0,0.0,0.0,0.0,0.0
kampala_malaba,322,161.25,0.0,0.062,0.0,0.0,0.0,0.0,0.0,0.0,0.0,0.0,0.079,0.0,0.0,0.0,0.0,0.0,0.0,0.0
kampala_malaba,323,161.75,0.0,0.037,0.006,0.0,0.0,0.0,0.0,0.0,0.0,0.0,0.045,0.007,0.0,0.0,0.0,0.0,0.0,0.0
kampala_malaba,324,162.25,0.0,0.027,0.005,0.0,0.0,0.0,0.0,0.0,0.0,0.0,0.035,0.007,0.0,0.0,0.0,0.0,0.0,0.0
kampala_malaba,325,162.75,0.0,0.185,0.016,0.0,0.0,0.0,0.0,0.0,0.0,0.0,0.238,0.02,0.0,0.0,0.0,0.0,0.0,0.0
kampala_malaba,326,163.25,0.0,0.182,0.008,0.0,0.0,0.0,0.0,0.0,0.0,0.0,0.234,0.01,0.0,0.0,0.0,0.0,0.0,0.0
kampala_malaba,327,163.75,0.0,0.171,0.008,0.0,0.0,0.0,0.0,0.0,0.0,0.0,0.22,0.01,0.0,0.0,0.0,0.0,0.0,0.0
kampala_malaba,328,164.25,0.0,0.078,0.0,0.0,0.0,0.0,0.0,0.0,0.0,0.0,0.1,0.0,0.0,0.0,0.0,0.0,0.0,0.0
kampala_malaba,329,164.75,0.0,0.013,0.005,0.0,0.0,0.0,0.0,0.0,0.0,0.0,0.016,0.007,0.0,0.0,0.0,0.0,0.0,0.0
kampala_malaba,330,165.25,0.0,0.0,0.0,0.0,0.0,0.0,0.0,0.0,0.0,0.0,0.0,0.0,0.0,0.0,0.0,0.0,0.0,0.0
kampala_malaba,331,165.75,0.0,0.0,0.0,0.0,0.0,0.0,0.0,0.0,0.0,0.0,0.0,0.0,0.0,0.0,0.0,0.0,0.0,0.0
kampala_malaba,332,166.25,0.0,0.002,0.005,0.0,0.0,0.0,0.0,0.0,0.0,0.0,0.002,0.007,0.0,0.0,0.0,0.0,0.0,0.0
kampala_malaba,333,166.75,0.0,0.002,0.0,0.0,0.0,0.0,0.0,0.0,0.0,0.0,0.0,0.0,0.0,0.0,0.0,0.0,0.042,0.0
kampala_malaba,334,167.25,0.0,0.012,0.0,0.0,0.0,0.0,0.0,0.0,0.0,0.0,0.016,0.0,0.0,0.0,0.0,0.0,0.0,0.0
kampala_malaba,335,167.75,0.0,0.014,0.005,0.0,0.0,0.0,0.0,0.0,0.0,0.0,0.017,0.007,0.0,0.0,0.0,0.0,0.0,0.0
kampala_malaba,336,168.25,0.0,0.03,0.006,0.0,0.0,0.0,0.0,0.0,0.0,0.0,0.032,0.007,0.0,0.0,0.0,0.0,0.0,0.0
kampala_malaba,337,168.75,0.0,0.064,0.006,0.0,0.0,0.0,0.0,0.0,0.0,0.0,0.023,0.008,0.0,0.0,0.0,0.0,0.0,0.0
kampala_malaba,338,169.25,0.0,0.034,0.006,0.0,0.0,0.0,0.0,0.0,0.0,0.0,0.044,0.007,0.0,0.0,0.0,0.0,0.0,0.0
kampala_malaba,339,169.75,0.0,0.047,0.012,0.0,0.0,0.0,0.0,0.0,0.0,0.0,0.06,0.015,0.0,0.0,0.0,0.0,0.0,0.0
kampala_malaba,340,170.25,0.0,0.083,0.0,0.0,0.0,0.0,0.0,0.0,0.0,0.0,0.107,0.0,0.0,0.0,0.0,0.0,0.0,0.0
kampala_malaba,341,170.75,0.0,0.188,0.024,0.0,0.0,0.0,0.0,0.0,0.0,0.0,0.215,0.031,0.0,0.0,0.0,0.0,0.0,0.0
kampala_malaba,342,171.25,0.0,0.059,0.052,0.0,0.0,0.0,0.0,0.0,0.0,0.0,0.075,0.067,0.0,0.0,0.0,0.0,0.0,0.0
kampala_malaba,343,171.75,0.0,0.005,0.016,0.0,0.0,0.0,0.0,0.0,0.0,0.0,0.006,0.02,0.0,0.0,0.0,0.0,0.0,0.0
kampala_malaba,344,172.25,0.0,0.033,0.043,0.0,0.0,0.0,0.0,0.0,0.0,0.0,0.0,0.0,0.0,0.0,0.0,0.0,0.209,0.0
kampala_malaba,345,172.75,0.0,0.061,0.025,0.0,0.0,0.0,0.0,0.0,0.0,0.0,0.0,0.0,0.0,0.0,0.0,0.0,0.076,0.0
kampala_malaba,346,173.25,0.0,0.001,0.0,0.0,0.0,0.0,0.0,0.0,0.0,0.0,0.0,0.0,0.0,0.0,0.0,0.0,0.066,0.0
kampala_malaba,347,173.75,0.0,0.001,0.005,0.0,0.0,0.0,0.0,0.0,0.0,0.0,0.001,0.007,0.0,0.0,0.0,0.0,0.0,0.0
kampala_malaba,348,174.25,0.0,0.0,0.0,0.0,0.0,0.0,0.0,0.0,0.0,0.0,0.001,0.0,0.0,0.0,0.0,0.0,0.0,0.0
kampala_malaba,349,174.75,0.0,0.009,0.005,0.133,0.0,0.0,0.0,0.0,0.0,0.0,0.012,0.007,0.133,0.0,0.0,10.0,0.0,0.0
kampala_malaba,350,175.25,0.21,0.0,0.0,0.267,0.133,0.0,0.0,0.0,0.0,0.098,0.0,0.0,0.267,0.2,0.0,0.0,0.0,0.0
kampala_malaba,351,175.75,0.0,0.0,0.033,0.0,0.0,0.0,0.0,0.0,0.0,0.0,0.0,0.042,0.0,0.0,0.0,0.0,0.0,0.0
kampala_malaba,352,176.25,0.0,0.0,0.0,0.0,0.0,0.0,0.0,0.0,0.0,0.0,0.0,0.0,0.0,0.0,0.0,0.0,0.0,0.0
kampala_malaba,353,176.75,0.0,0.0,0.01,0.0,0.0,0.0,0.0,0.0,0.0,0.0,0.0,0.013,0.0,0.0,0.0,0.0,0.0,0.0
kampala_malaba,354,177.25,0.0,0.0,0.0,0.0,0.0,0.0,0.0,0.0,0.0,0.0,0.0,0.0,0.0,0.0,0.0,0.0,0.04,0.0
kampala_malaba,355,177.75,0.0,0.0,0.0,0.0,0.0,0.0,0.0,0.0,0.0,0.0,0.0,0.0,0.0,0.0,0.0,0.0,0.0,0.0
kampala_malaba,356,178.25,0.0,0.0,0.0,0.0,0.0,0.0,0.0,0.0,0.0,0.0,0.0,0.0,0.0,0.0,0.0,0.0,0.0,0.0
kampala_malaba,357,178.75,0.0,0.0,0.0,0.0,0.0,0.0,0.0,0.0,0.0,0.0,0.0,0.0,0.0,0.0,0.0,0.0,0.0,0.0
kampala_malaba,358,179.25,0.0,0.0,0.0,0.0,0.0,0.0,0.0,0.0,0.0,0.0,0.0,0.0,0.0,0.0,0.0,0.0,0.0,0.0
kampala_malaba,359,179.75,0.0,0.0,0.0,0.0,0.0,0.0,0.0,0.0,0.0,0.0,0.0,0.0,0.0,0.0,0.0,0.0,0.0,0.0
kampala_malaba,360,180.25,0.0,0.0,0.0,0.0,0.0,0.0,0.0,0.0,0.0,0.0,0.0,0.0,0.0,0.0,0.0,0.0,0.09,0.0
kampala_malaba,361,180.75,0.0,0.002,0.005,0.0,0.0,0.0,0.0,0.0,0.0,0.0,0.0,0.0,0.0,0.0,0.0,0.0,0.128,0.0
kampala_malaba,362,181.25,0.0,0.002,0.01,0.0,0.0,0.0,0.0,0.0,0.0,0.0,0.003,0.013,0.0,0.0,0.0,0.0,0.0,0.0
kampala_malaba,363,181.75,0.0,0.002,0.005,0.0,0.0,0.0,0.0,0.0,0.0,0.0,0.003,0.007,0.0,0.0,0.0,0.0,0.0,0.0
kampala_malaba,364,182.25,0.0,0.0,0.0,0.0,0.0,0.0,0.0,0.0,0.0,0.0,0.001,0.0,0.0,0.0,0.0,0.0,0.0,0.0
kampala_malaba,365,182.75,0.0,0.033,0.03,0.0,0.0,0.0,0.0,0.0,0.0,0.0,0.042,0.038,0.0,0.0,0.0,0.0,0.0,0.0
kampala_malaba,366,183.25,0.093,0.0,0.0,0.133,0.133,0.0,0.0,0.0,0.0,0.0,0.052,0.052,0.133,0.2,0.0,0.0,0.0,0.0
kampala_malaba,367,183.75,0.0,0.015,0.016,0.133,0.0,0.0,0.0,0.0,0.0,0.0,0.019,0.021,0.133,0.0,0.0,0.0,0.0,0.0
kampala_malaba,368,184.25,0.0,0.021,0.005,0.0,0.0,0.0,0.0,0.0,0.0,0.0,0.0,0.0,0.0,0.0,0.0,0.0,0.088,0.0
kampala_malaba,369,184.75,0.0,0.024,0.0,0.0,0.0,0.0,0.0,0.0,0.0,0.0,0.031,0.0,0.0,0.0,0.0,0.0,0.0,0.0
kampala_malaba,370,185.25,0.0,0.078,0.013,0.0,0.0,0.0,0.0,0.0,0.0,0.0,0.1,0.016,0.0,0.0,0.0,0.0,0.0,0.0
kampala_malaba,371,185.75,0.0,0.076,0.006,0.0,0.0,0.0,0.0,0.0,0.0,0.0,0.098,0.008,0.0,0.0,0.0,0.0,0.0,0.0
kampala_malaba,372,186.25,0.0,0.022,0.0,0.0,0.0,0.0,0.0,0.0,0.0,0.0,0.028,0.0,0.0,0.0,0.0,0.0,0.0,0.0
kampala_malaba,373,186.75,0.0,0.007,0.0,0.0,0.0,0.0,0.0,0.0,0.0,0.0,0.009,0.0,0.0,0.0,0.0,0.0,0.0,0.0
kampala_malaba,374,187.25,0.0,0.001,0.005,0.0,0.0,0.0,0.0,0.0,0.0,0.0,0.002,0.007,0.0,0.0,0.0,0.0,0.0,0.0
kampala_malaba,375,187.75,0.0,0.0,0.0,0.0,0.0,0.0,0.0,0.0,0.0,0.0,0.0,0.0,0.0,0.0,0.0,0.0,0.0,0.0
kampala_malaba,376,188.25,0.0,0.0,0.0,0.0,0.0,0.0,0.0,0.0,0.0,0.0,0.0,0.0,0.0,0.0,0.0,0.0,0.004,0.0
kampala_malaba,377,188.75,0.0,0.025,0.0,0.0,0.0,0.0,0.0,0.0,0.0,0.0,0.018,0.0,0.0,0.0,0.0,0.0,0.0,0.0
kampala_malaba,378,189.25,0.0,0.057,0.006,0.0,0.0,0.0,0.0,0.0,0.0,0.0,0.074,0.008,0.0,0.0,0.0,0.0,0.0,0.0
kampala_malaba,379,189.75,0.0,0.013,0.0,0.0,0.0,0.0,0.0,0.0,0.0,0.0,0.009,0.0,0.0,0.0,0.0,0.0,0.0,0.0
kampala_malaba,380,190.25,0.0,0.012,0.0,0.0,0.0,0.0,0.0,0.0,0.0,0.0,0.0,0.0,0.0,0.0,0.0,0.0,0.024,0.0
kampala_malaba,381,190.75,0.0,0.019,0.011,0.0,0.0,0.0,0.0,0.0,0.0,0.0,0.024,0.014,0.0,0.0,0.0,0.0,0.0,0.0
kampala_malaba,382,191.25,0.0,0.007,0.005,0.0,0.0,0.0,0.0,0.0,0.0,0.0,0.009,0.007,0.0,0.0,0.0,0.0,0.0,0.0
kampala_malaba,383,191.75,0.0,0.0,0.0,0.0,0.0,0.0,0.0,0.0,0.0,0.0,0.0,0.0,0.0,0.0,0.0,0.0,0.0,0.0
kampala_malaba,384,192.25,0.0,0.0,0.005,0.0,0.0,0.0,0.0,0.0,0.0,0.0,0.0,0.0,0.0,0.0,0.0,0.0,0.016,0.0
kampala_malaba,385,192.75,0.0,0.0,0.0,0.0,0.0,0.0,0.0,0.0,0.0,0.0,0.001,0.0,0.0,0.0,0.0,0.0,0.0,0.0
kampala_malaba,386,193.25,0.0,0.009,0.0,0.0,0.0,0.0,0.0,0.0,0.0,0.0,0.0,0.0,0.0,0.0,0.0,0.0,0.103,0.0
kampala_malaba,387,193.75,0.0,0.155,0.023,0.0,0.0,0.0,0.0,0.0,0.0,0.0,0.151,0.029,0.0,0.0,0.0,0.0,0.0,0.0
kampala_malaba,388,194.25,0.0,0.048,0.006,0.0,0.0,0.0,0.0,0.0,0.0,0.0,0.061,0.007,0.0,0.0,0.0,0.0,0.0,0.0
kampala_malaba,389,194.75,0.0,0.028,0.0,0.0,0.0,0.0,0.0,0.0,0.0,0.0,0.036,0.0,0.0,0.0,0.0,0.0,0.0,0.0
kampala_malaba,390,195.25,0.0,0.01,0.0,0.0,0.0,0.0,0.0,0.0,0.0,0.0,0.012,0.0,0.0,0.0,0.0,0.0,0.0,0.0
kampala_malaba,391,195.75,0.0,0.012,0.011,0.0,0.0,0.0,0.0,0.0,0.0,0.0,0.0,0.0,0.0,0.0,0.0,0.0,0.1,0.0
kampala_malaba,392,196.25,0.0,0.033,0.023,0.0,0.0,0.0,0.0,0.0,0.0,0.0,0.0,0.0,0.0,0.0,0.0,0.0,0.024,0.0
kampala_malaba,393,196.75,0.0,0.018,0.017,0.0,0.0,0.0,0.0,0.0,0.0,0.0,0.017,0.017,0.0,0.0,0.0,0.0,0.0,0.0
kampala_malaba,394,197.25,0.0,0.013,0.011,0.0,0.0,0.0,0.0,0.0,0.0,0.0,0.0,0.0,0.0,0.0,0.0,0.0,0.0,0.0
kampala_malaba,395,197.75,0.0,0.045,0.0,0.0,0.0,0.0,0.0,0.0,0.0,0.0,0.057,0.0,0.0,0.0,0.0,0.0,0.0,0.0
kampala_malaba,396,198.25,0.0,0.073,0.012,0.0,0.0,0.0,0.0,0.0,0.0,0.0,0.094,0.016,0.0,0.0,0.0,0.0,0.0,0.0
kampala_malaba,397,198.75,0.0,0.023,0.005,0.0,0.0,0.0,0.0,0.0,0.0,0.0,0.029,0.007,0.0,0.0,0.0,0.0,0.0,0.0
kampala_malaba,398,199.25,0.0,0.014,0.0,0.0,0.0,0.0,0.0,0.0,0.0,0.0,0.018,0.0,0.0,0.0,0.0,0.0,0.0,0.0
kampala_malaba,399,199.75,0.0,0.007,0.0,0.0,0.0,0.0,0.0,0.0,0.0,0.0,0.0,0.0,0.0,0.0,0.0,0.0,0.176,0.0
kampala_malaba,400,200.25,0.0,0.027,0.011,0.0,0.0,0.0,0.0,0.0,0.0,0.0,0.0,0.0,0.0,0.0,0.0,0.0,0.065,0.0
kampala_malaba,401,200.75,0.0,0.106,0.007,0.0,0.0,0.0,0.0,0.0,0.0,0.0,0.136,0.009,0.0,0.0,0.0,0.0,0.0,0.0
kampala_malaba,402,201.25,0.0,0.185,0.016,0.0,0.0,0.0,0.0,0.0,0.0,0.0,0.238,0.02,0.0,0.0,0.0,0.0,0.0,0.0
kampala_malaba,403,201.75,0.0,0.109,0.0,0.0,0.0,0.0,0.0,0.0,0.0,0.0,0.14,0.0,0.0,0.0,0.0,0.0,0.0,0.0
kampala_malaba,404,202.25,0.0,0.17,0.008,0.0,0.0,0.0,0.0,0.0,0.0,0.0,0.219,0.01,0.0,0.0,0.0,0.0,0.0,0.0
kampala_malaba,405,202.75,0.0,0.049,0.006,0.25,0.0,0.0,0.0,0.0,0.0,0.0,0.063,0.007,0.25,0.0,0.0,0.0,0.0,0.0
kampala_malaba,406,203.25,0.068,0.0,0.0,0.0,0.133,0.0,0.0,0.0,0.0,0.0,0.084,0.041,0.0,0.2,0.0,0.0,0.0,0.0
kampala_malaba,407,203.75,0.0,0.109,0.021,0.0,0.0,0.0,0.0,0.0,0.0,0.0,0.14,0.027,0.0,0.0,0.0,0.0,0.0,0.0
kampala_malaba,408,204.25,0.0,0.067,0.012,0.0,0.0,0.0,0.0,0.0,0.0,0.0,0.0,0.0,0.0,0.0,0.0,0.0,0.032,0.0
kampala_malaba,409,204.75,0.0,0.027,0.011,0.0,0.0,0.0,0.0,0.0,0.0,0.0,0.0,0.0,0.0,0.0,0.0,0.0,0.155,0.0
kampala_malaba,410,205.25,0.0,0.011,0.011,0.0,0.0,0.0,0.0,0.0,0.0,0.0,0.0,0.0,0.0,0.0,0.0,0.0,0.232,0.0
kampala_malaba,411,205.75,0.0,0.083,0.033,0.0,0.0,0.0,0.0,0.0,0.0,0.0,0.107,0.043,0.0,0.0,0.0,0.0,0.0,0.0
kampala_malaba,412,206.25,0.0,0.058,0.025,0.0,0.0,0.0,0.0,0.0,0.0,0.0,0.074,0.032,0.0,0.0,0.0,0.0,0.0,0.0
kampala_malaba,413,206.75,0.0,0.018,0.0,0.0,0.0,0.0,0.0,0.0,0.0,0.0,0.023,0.0,0.0,0.0,0.0,0.0,0.0,0.0
kampala_malaba,414,207.25,0.0,0.016,0.011,0.0,0.0,0.0,0.0,0.0,0.0,0.0,0.02,0.014,0.0,0.0,0.0,0.0,0.0,0.0
kampala_malaba,415,207.75,0.0,0.0,0.0,0.0,0.0,0.0,0.0,0.0,0.0,0.0,0.001,0.0,0.0,0.0,0.0,0.0,0.0,0.0
kampala_malaba,416,208.25,0.0,0.0,0.01,0.0,0.0,0.0,0.0,0.0,0.0,0.0,0.001,0.013,0.0,0.0,0.0,0.0,0.0,0.0
kampala_malaba,417,208.75,0.0,0.021,0.005,0.0,0.0,0.0,0.0,0.0,0.0,0.0,0.0,0.0,0.0,0.0,0.0,0.0,0.091,0.0
kampala_malaba,418,209.25,0.0,0.049,0.006,0.0,0.0,0.0,0.0,0.0,0.0,0.0,0.02,0.007,0.0,0.0,0.0,0.0,0.0,0.0
kampala_malaba,419,209.75,0.0,0.016,0.005,0.0,0.0,0.0,0.0,0.0,0.0,0.0,0.02,0.007,0.0,0.0,0.0,0.0,0.0,0.0
kampala_malaba,420,210.25,0.0,0.004,0.0,0.0,0.0,0.0,0.0,0.0,0.0,0.0,0.006,0.0,0.0,0.0,0.0,0.0,0.0,0.0
kampala_malaba,421,210.75,0.0,0.006,0.005,0.0,0.0,0.0,0.0,0.0,0.0,0.0,0.008,0.007,0.0,0.0,0.0,0.0,0.0,0.0
kampala_malaba,422,211.25,0.0,0.018,0.005,0.0,0.0,0.0,0.0,0.0,0.0,0.0,0.024,0.007,0.0,0.0,0.0,0.0,0.0,0.0
kampala_malaba,423,211.75,0.0,0.083,0.026,0.0,0.0,0.0,0.0,0.0,0.0,0.0,0.035,0.034,0.0,0.0,0.0,0.0,0.0,0.0
kampala_malaba,424,212.25,0.0,0.034,0.011,0.0,0.0,0.0,0.0,0.0,0.0,0.0,0.044,0.015,0.0,0.0,0.0,0.0,0.0,0.0
kampala_malaba,425,212.75,0.0,0.052,0.018,0.0,0.0,0.0,0.0,0.0,0.0,0.0,0.067,0.023,0.0,0.0,0.0,0.0,0.0,0.0
kampala_malaba,426,213.25,0.193,0.0,0.0,0.0,0.133,0.0,0.0,0.0,0.0,0.077,0.0,0.0,0.0,0.2,0.0,0.0,0.0,0.0
kampala_malaba,427,213.75,0.0,0.067,0.012,0.0,0.0,0.0,0.0,0.0,0.0,0.0,0.086,0.016,0.0,0.0,0.0,0.0,0.0,0.0
kampala_malaba,428,214.25,0.1,0.0,0.0,0.25,0.133,0.0,0.0,0.0,0.0,0.0,0.0,0.0,0.25,0.2,0.0,0.0,0.0,0.0
kampala_malaba,429,214.75,0.1,0.0,0.0,0.0,0.133,0.333,0.0,0.0,0.0,0.0,0.0,0.0,0.0,0.2,2.0,0.0,0.0,0.0
kampala_malaba,430,215.25,0.1,0.0,0.0,0.0,0.133,0.0,0.0,0.0,0.0,0.0,0.003,0.003,0.0,0.2,0.0,0.0,0.0,0.0
kampala_malaba,431,215.54290306534605,0.0,0.035,0.005,0.0,0.0,0.0,0.0,0.0,0.0,0.0,0.05,0.007,0.0,0.0,0.0,0.0,0.0,0.0
